ID,Target
ID_ED91AC7A28,0.5
ID_29975A9C7E,0.5
ID_F59CE25650,0.5
ID_E875F68D1A,0.5
ID_2902B1C0D0,0.5
ID_8C3311150A,0.5
ID_E7E3D1F707,0.5
ID_0883F8130C,0.5
ID_E6D3162C31,0.5
ID_0E8F96135D,0.5
ID_A1CCA8B42F,0.5
ID_73C5D07F71,0.5
ID_FD558F6981,0.5
ID_4CBE0C3ED4,0.5
ID_DA7937D406,0.5
ID_5C5E622827,0.5
ID_B443191D19,0.5
ID_C677C4339F,0.5
ID_7030A34902,0.5
ID_383118FB7C,0.5
ID_78642510AF,0.5
ID_133E1C78F8,0.5
ID_E499CE39F8,0.5
ID_5F35203464,0.5
ID_88FCEA0F1E,0.5
ID_F02AEB66C3,0.5
ID_6DDC595C39,0.5
ID_5140ED1C47,0.5
ID_A1CF053F7A,0.5
ID_B2338E13D4,0.5
ID_5E4FEFC8CE,0.5
ID_C8FFF95929,0.5
ID_2980745F43,0.5
ID_61CD72F6CE,0.5
ID_F010EF7A8A,0.5
ID_715BE137A6,0.5
ID_0177953F20,0.5
ID_42F7F2CE0F,0.5
ID_BAD7D54489,0.5
ID_4469CD3953,0.5
ID_4D18EE25F6,0.5
ID_54F726CC26,0.5
ID_76FFCF186A,0.5
ID_843D804F8C,0.5
ID_BB84B1EE82,0.5
ID_5BF679D81C,0.5
ID_15508CE449,0.5
ID_8D9F2F7ACC,0.5
ID_27B963FB0B,0.5
ID_D8A0C7E8F0,0.5
ID_94D06A1758,0.5
ID_5356F4FFFE,0.5
ID_66C8E9A655,0.5
ID_DA216AD1EE,0.5
ID_161B2E5C48,0.5
ID_810E109705,0.5
ID_0B25D90862,0.5
ID_5DFBD5885C,0.5
ID_A1EDC813CA,0.5
ID_BC28FF4AAC,0.5
ID_0612AB3FC8,0.5
ID_4FDAF4B6B2,0.5
ID_F5F2B40225,0.5
ID_B3944EA4A3,0.5
ID_B0C729F568,0.5
ID_2C527E3FD9,0.5
ID_02B554B1DC,0.5
ID_53029D4C63,0.5
ID_D74B51178D,0.5
ID_CF15ABFA69,0.5
ID_9453C6900E,0.5
ID_09B7701406,0.5
ID_98820A4FD2,0.5
ID_9AE57AECF7,0.5
ID_060438A1F9,0.5
ID_CC328499E0,0.5
ID_4EAFEA1700,0.5
ID_7A19F1A76D,0.5
ID_90ADBE8D44,0.5
ID_7A4A4B6116,0.5
ID_21E3195C83,0.5
ID_BA507E2751,0.5
ID_B911E5C8BD,0.5
ID_E541DD22C2,0.5
ID_7326C068A9,0.5
ID_82FB85B65C,0.5
ID_83550B0F44,0.5
ID_828206AAAF,0.5
ID_338365D4FF,0.5
ID_CB565D8E46,0.5
ID_810711A3B8,0.5
ID_780636EE11,0.5
ID_9394F8D191,0.5
ID_C3716DB5AA,0.5
ID_D30ACD86D5,0.5
ID_FBF0F75EF5,0.5
ID_B8875E9981,0.5
ID_A477311ABA,0.5
ID_ABD047D25C,0.5
ID_A641EFA0D7,0.5
ID_2896538B2A,0.5
ID_53FB896932,0.5
ID_B1F8C2732A,0.5
ID_B9D27E11E5,0.5
ID_2A8D7A4074,0.5
ID_DE27AFD718,0.5
ID_E6891D3C1F,0.5
ID_FF307F65DA,0.5
ID_28A21F4554,0.5
ID_0BB0D2AE60,0.5
ID_2DCBE0E7C5,0.5
ID_2CD100257F,0.5
ID_21F588C8AF,0.5
ID_83A9163982,0.5
ID_FDBD846185,0.5
ID_654F715819,0.5
ID_DD2DBD626F,0.5
ID_420B4D02AC,0.5
ID_E1A0CEEB22,0.5
ID_026498CC7E,0.5
ID_8E0E47419F,0.5
ID_A0743B0083,0.5
ID_DFBD40412C,0.5
ID_A7C967B5FA,0.5
ID_FF7ECDE559,0.5
ID_54BB9BA620,0.5
ID_0332D69317,0.5
ID_E6FD2848EC,0.5
ID_6ABD0D8686,0.5
ID_6988700787,0.5
ID_9699ED5669,0.5
ID_F57899D81A,0.5
ID_97041A0807,0.5
ID_547F29C830,0.5
ID_9CA23B3E46,0.5
ID_F3539E8DC8,0.5
ID_44B57254CF,0.5
ID_CC55E62D1A,0.5
ID_D0761A2909,0.5
ID_F6BD8E6437,0.5
ID_234183D9C5,0.5
ID_3EE2E602F0,0.5
ID_BDA82CA136,0.5
ID_5311EF65A8,0.5
ID_310292BC83,0.5
ID_E694F1FFCB,0.5
ID_8BB403F176,0.5
ID_D27D8AA7B3,0.5
ID_54DD2AE999,0.5
ID_2E2B72C380,0.5
ID_2190646794,0.5
ID_9DF3A5E6D7,0.5
ID_901552F1D4,0.5
ID_8C023167F3,0.5
ID_80B205A60C,0.5
ID_93179938E8,0.5
ID_2A55B9FF44,0.5
ID_E8B7ED3EF8,0.5
ID_56EF3948D4,0.5
ID_CD0C3D285A,0.5
ID_E41B4292CA,0.5
ID_85F985654B,0.5
ID_3A816244FA,0.5
ID_566CA30EA5,0.5
ID_C0FBA88BBD,0.5
ID_A2F39AE73F,0.5
ID_F37A0A951A,0.5
ID_C677F28B1D,0.5
ID_9717049B45,0.5
ID_49DC95D845,0.5
ID_196DB06A31,0.5
ID_196DE26C5B,0.5
ID_7A4EFF5311,0.5
ID_76329C22FC,0.5
ID_04754FAA2E,0.5
ID_B089D5A3FF,0.5
ID_9FB4F711C6,0.5
ID_04C96A023B,0.5
ID_027A3A0D01,0.5
ID_B01F892381,0.5
ID_32B05116F2,0.5
ID_0F7DA0DD9A,0.5
ID_AF16DC8CB3,0.5
ID_59C91CE47A,0.5
ID_A27815981B,0.5
ID_F6848899A5,0.5
ID_49F18FEFE2,0.5
ID_DA13AA59D8,0.5
ID_938DC017FB,0.5
ID_194255034A,0.5
ID_083421011D,0.5
ID_53F1DC7294,0.5
ID_1FAC89DD22,0.5
ID_F859B8AFCF,0.5
ID_252E38584D,0.5
ID_498474B8EB,0.5
ID_E9576D2992,0.5
ID_F409C78862,0.5
ID_5CAAE6D2F1,0.5
ID_4D7DE606A5,0.5
ID_B357CEF640,0.5
ID_79D3AC740C,0.5
ID_A74600D60A,0.5
ID_D737733AD7,0.5
ID_09EF00A230,0.5
ID_69CF5C9E52,0.5
ID_37FA7846F8,0.5
ID_76B3E9055D,0.5
ID_09348B1ACD,0.5
ID_275D4B2B0C,0.5
ID_C26312BFCF,0.5
ID_A809102FE2,0.5
ID_4B6135F106,0.5
ID_CFB1C88770,0.5
ID_BD5E8630DC,0.5
ID_8E029FDC70,0.5
ID_F9488F3703,0.5
ID_5EC6B807EC,0.5
ID_E75DBD4CAE,0.5
ID_9C88E5CE38,0.5
ID_3C5BAE072A,0.5
ID_10E9B4D3FA,0.5
ID_60FA4340AF,0.5
ID_B0D5C70969,0.5
ID_51EF8A40B5,0.5
ID_C61FC509C0,0.5
ID_1B8BA0B6DB,0.5
ID_C2BFF2D829,0.5
ID_C9BE91F034,0.5
ID_211FF50D09,0.5
ID_319DB9183A,0.5
ID_DBCEF9DCA0,0.5
ID_F488C5FA0F,0.5
ID_A2D2E7528F,0.5
ID_C16E77A418,0.5
ID_6390A5A9D8,0.5
ID_6463DB7B2A,0.5
ID_9F7C5E0C5E,0.5
ID_FEFCE88362,0.5
ID_C2257C5339,0.5
ID_7905A343E4,0.5
ID_C4A7141BFB,0.5
ID_999E78F090,0.5
ID_82B1A3FC59,0.5
ID_CDE7AD55E4,0.5
ID_56490280E5,0.5
ID_3C17228FC4,0.5
ID_98D6ED6B3C,0.5
ID_3FFE502806,0.5
ID_8F89F25228,0.5
ID_0666F6F2C9,0.5
ID_917F77B43C,0.5
ID_172FB90330,0.5
ID_9AA0D55EB3,0.5
ID_0F75706CEE,0.5
ID_0A6905D898,0.5
ID_7109B6F2F2,0.5
ID_BBD353E5BD,0.5
ID_9D6C4FDB42,0.5
ID_C75DFF60AC,0.5
ID_2137B7882E,0.5
ID_9B3BEB4F02,0.5
ID_85E468BC8A,0.5
ID_00ABF260DA,0.5
ID_30E89F23A0,0.5
ID_7C4C2CDF87,0.5
ID_4AA11252F3,0.5
ID_E3D83070B9,0.5
ID_0EBF267C14,0.5
ID_77C53BC9E9,0.5
ID_A699693439,0.5
ID_27DD380B11,0.5
ID_C398C973C6,0.5
ID_3A147ED22B,0.5
ID_1A8B3E4193,0.5
ID_0894955C06,0.5
ID_2F88FB3077,0.5
ID_14F128AAE4,0.5
ID_7809A29BDB,0.5
ID_A5F65A4901,0.5
ID_5338DA2A11,0.5
ID_26D29C2717,0.5
ID_8A879D9128,0.5
ID_4F9A45158B,0.5
ID_BA141EADC9,0.5
ID_874FBDDDD5,0.5
ID_AC23BEC6F5,0.5
ID_BC3F711BB5,0.5
ID_8E8B92017F,0.5
ID_8EBADE5B86,0.5
ID_64177DCE23,0.5
ID_9FF6FD957F,0.5
ID_1864F7B24D,0.5
ID_CC492301B2,0.5
ID_F7FE1BF33F,0.5
ID_472EB7EC67,0.5
ID_57CA70C165,0.5
ID_35E2B45E39,0.5
ID_BC3ABE5037,0.5
ID_6B5A9A11EF,0.5
ID_CF0CB6D9B6,0.5
ID_F165B491BB,0.5
ID_7C5EB3AC05,0.5
ID_A3139354EB,0.5
ID_FA87AAF78F,0.5
ID_9278EF1906,0.5
ID_1DA8AA45E6,0.5
ID_E0712012ED,0.5
ID_4D63BBBBCB,0.5
ID_D2B9E7BB9D,0.5
ID_BA4CD91CDE,0.5
ID_25CA40537B,0.5
ID_A29554F16E,0.5
ID_802FC9A5B7,0.5
ID_F633EBCC0A,0.5
ID_5AEE42539F,0.5
ID_6A8847072A,0.5
ID_62EF54BBEA,0.5
ID_4CC0BC6B15,0.5
ID_78F1E6D0BF,0.5
ID_E5A07BD659,0.5
ID_8A01982951,0.5
ID_DF1D757D6C,0.5
ID_5F825B336D,0.5
ID_A08C4FD715,0.5
ID_61A3EF8DE2,0.5
ID_71732A3A08,0.5
ID_3CFBC73F5A,0.5
ID_F1509A4555,0.5
ID_5D89F52F67,0.5
ID_1BD5A884E5,0.5
ID_D48CD23F33,0.5
ID_3020A53E79,0.5
ID_87880F364E,0.5
ID_BC0A803662,0.5
ID_2CC066017A,0.5
ID_D0142FBB23,0.5
ID_09AFB973C1,0.5
ID_5279950374,0.5
ID_3D77342F81,0.5
ID_0D7E5BEAB6,0.5
ID_7A9C8C5463,0.5
ID_71BCCE3533,0.5
ID_A3A24C9783,0.5
ID_6F05CC901E,0.5
ID_127CA12CB7,0.5
ID_CB51C49E57,0.5
ID_A923433217,0.5
ID_1813CFA30F,0.5
ID_64246F76D9,0.5
ID_CA1912D47B,0.5
ID_F98AB7E9F1,0.5
ID_4937D1D92D,0.5
ID_04BA00A83B,0.5
ID_F43FCF3FA0,0.5
ID_C755C9B083,0.5
ID_4417BFA26D,0.5
ID_8729C38399,0.5
ID_70526CBEC5,0.5
ID_3678A51EAF,0.5
ID_F434F82047,0.5
ID_E3D24CE540,0.5
ID_945158EEC2,0.5
ID_4C42F1AC69,0.5
ID_C15CA07ADA,0.5
ID_03E0AC2908,0.5
ID_E4D5B4B707,0.5
ID_46CF59AA8A,0.5
ID_42F5E9A3F2,0.5
ID_44AD6F00DE,0.5
ID_52EDDA24F7,0.5
ID_2E1BCBFCBF,0.5
ID_9F4E938A47,0.5
ID_A709DA2F2A,0.5
ID_79012B6B68,0.5
ID_C8F14C44DC,0.5
ID_27410ED324,0.5
ID_97253B9438,0.5
ID_B7FA87299F,0.5
ID_D52E2CAC31,0.5
ID_4963C35B2F,0.5
ID_347072F87D,0.5
ID_6B4D3CEDFC,0.5
ID_9FB3C581D3,0.5
ID_C0F3F4F77D,0.5
ID_175619B48C,0.5
ID_77C773AF74,0.5
ID_B73250FC09,0.5
ID_57A2238465,0.5
ID_AECF43CD18,0.5
ID_D89C4ED3A0,0.5
ID_1D0F6CAEEB,0.5
ID_94F06F580C,0.5
ID_4481861595,0.5
ID_84124ACEA1,0.5
ID_E848D43658,0.5
ID_BF64CD38FE,0.5
ID_71C0483C2B,0.5
ID_9F26AEC5B8,0.5
ID_6D809D966A,0.5
ID_AA5B85A96D,0.5
ID_F386B8CD27,0.5
ID_2B5C018F75,0.5
ID_858C001E32,0.5
ID_C643F9E3C1,0.5
ID_640706B33B,0.5
ID_572E5F5420,0.5
ID_DCB8D91836,0.5
ID_0BD32B363E,0.5
ID_F6FF3FF5FF,0.5
ID_F2039AEC86,0.5
ID_6FC47ACC56,0.5
ID_70EF9E9181,0.5
ID_46414D2928,0.5
ID_575C275559,0.5
ID_82A611612B,0.5
ID_98C836852E,0.5
ID_15EBF82D5A,0.5
ID_798AA21A00,0.5
ID_38D8F23CF1,0.5
ID_8C80CDE4E3,0.5
ID_984C40E884,0.5
ID_2050D997F3,0.5
ID_3BE0582BD6,0.5
ID_2196838129,0.5
ID_A537B777B0,0.5
ID_81329889DC,0.5
ID_E4DD0FC91C,0.5
ID_404CC3B26C,0.5
ID_424FD558A2,0.5
ID_4E63094C74,0.5
ID_32C812B15B,0.5
ID_DE095153EB,0.5
ID_68096A5F84,0.5
ID_197D523201,0.5
ID_E243F639DE,0.5
ID_987A4B6708,0.5
ID_1A69617272,0.5
ID_0EAC9EF34F,0.5
ID_1053704AAD,0.5
ID_8DD821FBA1,0.5
ID_1AD5663772,0.5
ID_B0D994DB07,0.5
ID_9B66F0A90F,0.5
ID_D41408D94C,0.5
ID_511B2A0F97,0.5
ID_9C6648E8D7,0.5
ID_4DC86FFBDF,0.5
ID_D4C99E6431,0.5
ID_566F4CBF81,0.5
ID_74B9020B71,0.5
ID_62FDC0B07B,0.5
ID_65A11C2DDA,0.5
ID_75433F2F56,0.5
ID_6A38FE9ECB,0.5
ID_120282AF13,0.5
ID_1F189EDA3B,0.5
ID_799F416351,0.5
ID_1C34E6FEF6,0.5
ID_B5B3F31BB9,0.5
ID_64E591FD87,0.5
ID_C2DD7405D4,0.5
ID_A3D7E0FF04,0.5
ID_71BC6B2101,0.5
ID_E28EBC778C,0.5
ID_A152EA8FB0,0.5
ID_3D634BE010,0.5
ID_E8EAFA5544,0.5
ID_2F4B0D1B15,0.5
ID_92DAF4559D,0.5
ID_07AFFAE135,0.5
ID_4E34992F92,0.5
ID_5F89821A28,0.5
ID_A8958E8BC2,0.5
ID_0819393943,0.5
ID_ED6A1D744A,0.5
ID_2408FC58DA,0.5
ID_05DAA60254,0.5
ID_2A8E1A5F3A,0.5
ID_BB86DD90EA,0.5
ID_72B080F26E,0.5
ID_27E4F17A1A,0.5
ID_0AEE8EDD3A,0.5
ID_E4D428F51C,0.5
ID_053D6F7ADE,0.5
ID_B1151547BE,0.5
ID_8545A01D87,0.5
ID_F977469997,0.5
ID_16DD0AD1E2,0.5
ID_790880D09D,0.5
ID_A0B6A0D606,0.5
ID_F656DB4428,0.5
ID_71E590CF7F,0.5
ID_EDFF55E23C,0.5
ID_9675CE4111,0.5
ID_B37D9C90EB,0.5
ID_03AA80585D,0.5
ID_3AB580B11B,0.5
ID_1291F42C5B,0.5
ID_E588BE5422,0.5
ID_A3B49300E7,0.5
ID_DB75BF38AA,0.5
ID_978D7D8285,0.5
ID_699C2472A9,0.5
ID_F1915093E0,0.5
ID_1AFAF6E1F6,0.5
ID_2A1FA16FD3,0.5
ID_2A1BFCC677,0.5
ID_26DEAF9775,0.5
ID_A167784F20,0.5
ID_94BBBA0754,0.5
ID_AABFD480EE,0.5
ID_CB30F5E058,0.5
ID_6891EF295E,0.5
ID_11E304E2A2,0.5
ID_988100103A,0.5
ID_C68862EDE4,0.5
ID_EE4F1939F5,0.5
ID_72109C90BE,0.5
ID_BD6F75A060,0.5
ID_7A8B090F94,0.5
ID_9F6F07ECAD,0.5
ID_A9243666C6,0.5
ID_62FEBECE7E,0.5
ID_60F0B9C1EE,0.5
ID_E1E5781E72,0.5
ID_9ABFC225C5,0.5
ID_4E1C0BD281,0.5
ID_E0D481451B,0.5
ID_A6B7AE7B1D,0.5
ID_44B36B65FF,0.5
ID_42F1E1D472,0.5
ID_6C5D2B0B09,0.5
ID_9AF99F474A,0.5
ID_2D4AE88253,0.5
ID_6977F62B61,0.5
ID_8623AE961F,0.5
ID_0C65793EC1,0.5
ID_6B6E92E46D,0.5
ID_F2E19F8255,0.5
ID_3B4D52339C,0.5
ID_D952D54057,0.5
ID_273290F5CE,0.5
ID_87687562F1,0.5
ID_53A1C26145,0.5
ID_B2175805E9,0.5
ID_A7DFFA13A3,0.5
ID_5F454AFEEC,0.5
ID_6F3D6506C1,0.5
ID_C36FF7BC84,0.5
ID_1B3EDD54C6,0.5
ID_19FC5AC7DF,0.5
ID_06FC5C269E,0.5
ID_8E68A0BB79,0.5
ID_CE5EFD292B,0.5
ID_FC4AD0CE44,0.5
ID_FDD49085AF,0.5
ID_D1FC5B9EC1,0.5
ID_76102A1F13,0.5
ID_F842C5A6DE,0.5
ID_E2E0BE0DB2,0.5
ID_5D7F0C1FAB,0.5
ID_CB9A95F038,0.5
ID_B8275EB7F7,0.5
ID_4BF5977E91,0.5
ID_189CA145DC,0.5
ID_FEE146CA0D,0.5
ID_2DA23C5D62,0.5
ID_7D29BFC947,0.5
ID_55B7BF40C6,0.5
ID_0D4FACA6F9,0.5
ID_98795B8F0E,0.5
ID_038DDE7499,0.5
ID_008E59067E,0.5
ID_9DDEB8040E,0.5
ID_FF0B9654EA,0.5
ID_A4EEEA8F37,0.5
ID_78A2653D80,0.5
ID_C8F06EE830,0.5
ID_3542CF84EB,0.5
ID_6FB222A9C7,0.5
ID_39F936DEB1,0.5
ID_F06717BDE1,0.5
ID_60E352D15C,0.5
ID_212F7D221B,0.5
ID_E1F8F9482E,0.5
ID_4545898ADE,0.5
ID_E71D7B786C,0.5
ID_BBC947D6DE,0.5
ID_D8933BB149,0.5
ID_3F60E56CB0,0.5
ID_270F43AFB5,0.5
ID_7D1FA5AD8D,0.5
ID_C76382FDE5,0.5
ID_F2DAB33FA0,0.5
ID_22E13643D3,0.5
ID_7CC71BB362,0.5
ID_DD5C725EEF,0.5
ID_099B4A9C49,0.5
ID_38714A1AFE,0.5
ID_1815E11E58,0.5
ID_5A633BD178,0.5
ID_83487CED81,0.5
ID_9FAC390DDC,0.5
ID_74E0E4221A,0.5
ID_433C7EEA23,0.5
ID_911915507B,0.5
ID_CB9FF59F99,0.5
ID_94D69BE2CF,0.5
ID_2ED0869357,0.5
ID_E616E9555E,0.5
ID_48A1E7E4BD,0.5
ID_6B8BF7C759,0.5
ID_EB675EBFCB,0.5
ID_656D4EBBE3,0.5
ID_ADC9C02050,0.5
ID_89CC15C6EE,0.5
ID_75EAF42E5B,0.5
ID_91F05A4FD1,0.5
ID_61C0ABC86A,0.5
ID_423F6845A2,0.5
ID_80D705E47D,0.5
ID_94DCB638B9,0.5
ID_EAFB652BEF,0.5
ID_E7DB325133,0.5
ID_6D63B96397,0.5
ID_E26898A09A,0.5
ID_E908CBEC97,0.5
ID_89128F7FB5,0.5
ID_C4D7EF7592,0.5
ID_434A3BE41B,0.5
ID_7C76D60DA9,0.5
ID_C3B86D0B55,0.5
ID_C0F8604BC9,0.5
ID_1C91C0C34F,0.5
ID_92984C6C47,0.5
ID_04DD3910AA,0.5
ID_07F090C730,0.5
ID_E98A4ECA06,0.5
ID_549C83BA79,0.5
ID_DD440D76A1,0.5
ID_8524230229,0.5
ID_1C8AEFE9ED,0.5
ID_7CD3715792,0.5
ID_61C7269EE9,0.5
ID_E55E29AF4F,0.5
ID_45E3F7AF6F,0.5
ID_5AE8B391CD,0.5
ID_A81E504DAF,0.5
ID_5C7FF61A01,0.5
ID_92D1307D35,0.5
ID_5DC9093082,0.5
ID_862AE6928B,0.5
ID_D50BE8E9D1,0.5
ID_F109D3B881,0.5
ID_680474DABB,0.5
ID_16E3F07FB3,0.5
ID_15FB1945BF,0.5
ID_8D83647EF9,0.5
ID_17B198F553,0.5
ID_1098D5EE65,0.5
ID_338422A949,0.5
ID_CEEAC21BB4,0.5
ID_45AB85ECD9,0.5
ID_F464676895,0.5
ID_8F7A1245FD,0.5
ID_12CC5D682D,0.5
ID_4447B17CE5,0.5
ID_4A5577B600,0.5
ID_4112DFA918,0.5
ID_47A57FFE5A,0.5
ID_1A6CF7B240,0.5
ID_68E1FDA309,0.5
ID_EF9A4A7023,0.5
ID_EC719E0F45,0.5
ID_65BD0147DA,0.5
ID_464636B76C,0.5
ID_7088D5718D,0.5
ID_0B494BDA7B,0.5
ID_BF6B359DD0,0.5
ID_70B9A35B53,0.5
ID_52E5771F0C,0.5
ID_5F0DDB2F95,0.5
ID_46328769BB,0.5
ID_DE03C0EC2A,0.5
ID_DF615F024E,0.5
ID_7B80AE6541,0.5
ID_DEB67BA523,0.5
ID_8809172B0F,0.5
ID_BEBA14EFC2,0.5
ID_0777D04FF8,0.5
ID_5831F66E22,0.5
ID_5CAC5C337E,0.5
ID_D5E8C8E2E7,0.5
ID_DFBF4A8550,0.5
ID_48088F1E32,0.5
ID_2BD0BCBD9F,0.5
ID_308F96CCDF,0.5
ID_EFD4B2E54C,0.5
ID_D8371BACF3,0.5
ID_E9D82F63C5,0.5
ID_2A579A27D6,0.5
ID_F199BF5FE6,0.5
ID_F3CEC27834,0.5
ID_9418A1F2CF,0.5
ID_C527159B73,0.5
ID_5D0D692674,0.5
ID_758C3FA504,0.5
ID_C3AD31CA4F,0.5
ID_FABB3AE626,0.5
ID_21DCC2F417,0.5
ID_AD396CCA06,0.5
ID_4EDCB2C2D3,0.5
ID_DB3475580F,0.5
ID_76C90C9970,0.5
ID_C3E195E1BE,0.5
ID_2981DEAC50,0.5
ID_15BB5D6F75,0.5
ID_F8559C98A1,0.5
ID_76951ADE22,0.5
ID_D6E9D660B7,0.5
ID_EF7D329BEF,0.5
ID_1EF3279FA5,0.5
ID_9F6146BBE5,0.5
ID_0168E3E3B0,0.5
ID_28098C7B77,0.5
ID_C390275471,0.5
ID_438F1E9905,0.5
ID_ECB62E165E,0.5
ID_7AD8373F12,0.5
ID_B17E58677E,0.5
ID_C1AF0FCACC,0.5
ID_16AA1F79A3,0.5
ID_80C457D29A,0.5
ID_D41D8C06D9,0.5
ID_D48833FE0B,0.5
ID_4D5BEDBD67,0.5
ID_E0115B3B53,0.5
ID_FB76742289,0.5
ID_B1266450A6,0.5
ID_A19106DA4C,0.5
ID_3C82198D48,0.5
ID_95DE9D865D,0.5
ID_AF8532787D,0.5
ID_E2E8B1CC85,0.5
ID_97E381B35D,0.5
ID_8B59DA3CBB,0.5
ID_A7C293C49E,0.5
ID_DDE1735E58,0.5
ID_F3B49BC871,0.5
ID_47656CC552,0.5
ID_3390D23124,0.5
ID_FAEE723ECF,0.5
ID_34C2F40918,0.5
ID_D7B8EDC08F,0.5
ID_F4E33DE9F8,0.5
ID_32F2BDFAA4,0.5
ID_B16F0B0000,0.5
ID_D8D29BE0F1,0.5
ID_A927CED840,0.5
ID_05EE4B0A34,0.5
ID_317F325ECB,0.5
ID_71A068327C,0.5
ID_FBDD11A17E,0.5
ID_EC805F6607,0.5
ID_4B80CC7481,0.5
ID_822BAC220B,0.5
ID_2B2EDE282C,0.5
ID_4E26BA2582,0.5
ID_2D738274EC,0.5
ID_E9D2735DAF,0.5
ID_5BC126ACBE,0.5
ID_456658BA11,0.5
ID_30B97A9F21,0.5
ID_9C32DD49F9,0.5
ID_6F2391556C,0.5
ID_23B18EB500,0.5
ID_8995786474,0.5
ID_96D2FBD664,0.5
ID_23AA9EEA91,0.5
ID_B9280D808A,0.5
ID_C0196D1BAC,0.5
ID_3B1DC5B537,0.5
ID_EEE16A908C,0.5
ID_B3B49A66E7,0.5
ID_E209A8E6AA,0.5
ID_B712C9DD81,0.5
ID_BE1DF79F02,0.5
ID_F4B6ECCB94,0.5
ID_EE7A552C15,0.5
ID_80C01A1692,0.5
ID_88E1830749,0.5
ID_D4DA5FD550,0.5
ID_6CC7F799AE,0.5
ID_6FDFBCD6CF,0.5
ID_75AEE853FC,0.5
ID_09AAF3E7B5,0.5
ID_A4F452FD57,0.5
ID_AA1FC3C0D9,0.5
ID_32A7C02D45,0.5
ID_191EF60169,0.5
ID_0E8D165C3B,0.5
ID_9314487EEE,0.5
ID_365E198DD9,0.5
ID_EABF8FEFBC,0.5
ID_231DB3DE9A,0.5
ID_76E43CCA6B,0.5
ID_13928B4E29,0.5
ID_14D5AB2DDA,0.5
ID_FB2992CCE1,0.5
ID_48B272D3AA,0.5
ID_38C65E038B,0.5
ID_3C322509C6,0.5
ID_F10262E9ED,0.5
ID_05D1C14D54,0.5
ID_64CE17FEB2,0.5
ID_974FCB1AFE,0.5
ID_B09F6CFA43,0.5
ID_EB8CC10E1E,0.5
ID_6EB6D4BA0C,0.5
ID_DCE7121B9B,0.5
ID_5546CCB7A1,0.5
ID_48DDD83A00,0.5
ID_CD0F3512E9,0.5
ID_226C6601F6,0.5
ID_5AD536B176,0.5
ID_B98A62AC0B,0.5
ID_087809F771,0.5
ID_5F312AE7AA,0.5
ID_1985C07425,0.5
ID_9943A29621,0.5
ID_91E8C42C44,0.5
ID_A4C6CC0866,0.5
ID_59535708F5,0.5
ID_443744F312,0.5
ID_BA0A28F390,0.5
ID_F3FDC144EF,0.5
ID_62DAED282A,0.5
ID_1CC7DD709D,0.5
ID_24EF6AA6EA,0.5
ID_47D9D2EDE6,0.5
ID_BFC979BFEB,0.5
ID_395C8F6F43,0.5
ID_01A46C6E76,0.5
ID_D194AF5EFF,0.5
ID_C9DD052BB4,0.5
ID_F21E1E07D1,0.5
ID_907E6CA2B1,0.5
ID_941658BD8B,0.5
ID_2587174C9E,0.5
ID_167FE85E00,0.5
ID_741E100DD0,0.5
ID_18FFF9B833,0.5
ID_F7DBA7164B,0.5
ID_B3A493F2CA,0.5
ID_9A8AC906D7,0.5
ID_C7BCD36A0A,0.5
ID_C0815B58A0,0.5
ID_66B9FDE69D,0.5
ID_7722A92807,0.5
ID_F06C119427,0.5
ID_6AA2BAED51,0.5
ID_149B0A7EB3,0.5
ID_7663730D33,0.5
ID_AFD17EA674,0.5
ID_03BF87480D,0.5
ID_8932E191BD,0.5
ID_DD1FE361EB,0.5
ID_82B6F4E7BE,0.5
ID_015E847AF6,0.5
ID_55355066C0,0.5
ID_04C90D10E3,0.5
ID_0DBD165345,0.5
ID_2F18A54170,0.5
ID_DB2CF90209,0.5
ID_7B098B4E5E,0.5
ID_1545BF943C,0.5
ID_D0BA88B104,0.5
ID_D3F187D8DB,0.5
ID_5EF941E454,0.5
ID_537EBD5941,0.5
ID_F6B70B6BA5,0.5
ID_CA715D8154,0.5
ID_C818F71BEA,0.5
ID_6FC14AE10F,0.5
ID_845BC0B25F,0.5
ID_17F4D8EEC4,0.5
ID_E1048E993D,0.5
ID_36346B4D65,0.5
ID_62CF39575A,0.5
ID_DEF9F434F9,0.5
ID_9E4F66ABC5,0.5
ID_662373DE41,0.5
ID_09186CD066,0.5
ID_E355DEA981,0.5
ID_176C4ED554,0.5
ID_DCA798C5E4,0.5
ID_C095604A9B,0.5
ID_39F422FD45,0.5
ID_33B33CDFE8,0.5
ID_6B97531189,0.5
ID_F6AEA010EA,0.5
ID_5342F00491,0.5
ID_1C469F06F4,0.5
ID_0E97DF66B2,0.5
ID_CC06B8B586,0.5
ID_DFE3E2E0C0,0.5
ID_C34EE7980C,0.5
ID_6056B4261F,0.5
ID_BCF00AAE45,0.5
ID_8E415CD135,0.5
ID_5F44F131E5,0.5
ID_56CD8BA2E3,0.5
ID_6E0C0907AB,0.5
ID_C0743BACF6,0.5
ID_EA11B50836,0.5
ID_9D1C994C19,0.5
ID_D3BA6CAD00,0.5
ID_F554C56099,0.5
ID_87AD0872A0,0.5
ID_81525211FE,0.5
ID_926AE9D43A,0.5
ID_016709B22E,0.5
ID_FC1EDD7D27,0.5
ID_56756689D1,0.5
ID_FDB4AC5501,0.5
ID_2C591D9C0E,0.5
ID_73D573EAE0,0.5
ID_991FC56EBB,0.5
ID_40E9EB089C,0.5
ID_38C3F89FCC,0.5
ID_293B9F2DEB,0.5
ID_46E8F3E3F7,0.5
ID_36F716DD2D,0.5
ID_F84299B48F,0.5
ID_E7537463D8,0.5
ID_B6F7CB9223,0.5
ID_EF5DA40587,0.5
ID_784F4CB536,0.5
ID_BD2E4D757B,0.5
ID_B6F8D90CAA,0.5
ID_FFC0DC736B,0.5
ID_7BDE8DC698,0.5
ID_FF2D329D40,0.5
ID_0223FD9FCF,0.5
ID_DA4B010721,0.5
ID_75A5BF2EE0,0.5
ID_3356279A4C,0.5
ID_4B6D2500B0,0.5
ID_EA6D2B4D8A,0.5
ID_1EAC39ECB7,0.5
ID_C6FE2BDED3,0.5
ID_3C015F1759,0.5
ID_91FAF65F50,0.5
ID_3D2EE387C9,0.5
ID_668547E218,0.5
ID_EDE448FDE9,0.5
ID_C3F068FD44,0.5
ID_D8EE9732CA,0.5
ID_770A15673E,0.5
ID_D14D5A102D,0.5
ID_D165DC9D9C,0.5
ID_6F9A05B97A,0.5
ID_E7E5E978AC,0.5
ID_E2C891B82A,0.5
ID_DC2B642A32,0.5
ID_03E775DFE4,0.5
ID_467C59C0DD,0.5
ID_106AE9A19B,0.5
ID_5007A8D008,0.5
ID_C1785E036D,0.5
ID_3D7A5CB5BC,0.5
ID_A1AB34E3AE,0.5
ID_82F88BCED1,0.5
ID_AAABB5C5FA,0.5
ID_E67C5F3899,0.5
ID_8F8AA643DC,0.5
ID_99E80AC2B5,0.5
ID_B8D19BDAB4,0.5
ID_AFCA78578B,0.5
ID_27C2015F58,0.5
ID_5FDBE2C18D,0.5
ID_BAF1E7C3CA,0.5
ID_222A49186B,0.5
ID_13089A2EC7,0.5
ID_D9627402FD,0.5
ID_4F3C193242,0.5
ID_2D65F30807,0.5
ID_E0F1D336C6,0.5
ID_AEA04E5743,0.5
ID_AF1F1540BB,0.5
ID_3B76444D69,0.5
ID_D1DFE5BA19,0.5
ID_F4D9FF7F66,0.5
ID_A9A4EB7B8D,0.5
ID_51C9CB88B2,0.5
ID_CB6A1A9D79,0.5
ID_A8EE5804E0,0.5
ID_3A4068AABE,0.5
ID_87DF99EF84,0.5
ID_71F0BDAAAE,0.5
ID_9CBE7B4070,0.5
ID_392FF25B70,0.5
ID_12699EE509,0.5
ID_DF29190A0D,0.5
ID_210C06142D,0.5
ID_62D400A854,0.5
ID_F34C2BD8B0,0.5
ID_9BD1B974F6,0.5
ID_AE71CAAB5E,0.5
ID_6860B85955,0.5
ID_B856125995,0.5
ID_99A87DFEEE,0.5
ID_7CF7C0A5BA,0.5
ID_F27B0D0DCC,0.5
ID_18971D2804,0.5
ID_6B2811BC91,0.5
ID_316B84EDE6,0.5
ID_70BC02DA6E,0.5
ID_8831DE1779,0.5
ID_C60703174A,0.5
ID_725E350586,0.5
ID_790BDF639E,0.5
ID_C64050306F,0.5
ID_78DEA1440D,0.5
ID_22BF20BDAE,0.5
ID_B8BEE5112B,0.5
ID_993098415A,0.5
ID_CFAA1ED639,0.5
ID_AA3BE1BC32,0.5
ID_2D5A0D4509,0.5
ID_CC57B645FE,0.5
ID_F91FDE1011,0.5
ID_8A8EB0A72D,0.5
ID_283EE42D37,0.5
ID_348FF3EDC4,0.5
ID_176014A66E,0.5
ID_22AD4A75A9,0.5
ID_08D45A8008,0.5
ID_E1E6847897,0.5
ID_7C139ACF40,0.5
ID_7418F908BA,0.5
ID_09922E3F86,0.5
ID_8E79384176,0.5
ID_D66E68C874,0.5
ID_1A17278639,0.5
ID_BAA89ABC4E,0.5
ID_393FB9DAA5,0.5
ID_6B7C8269B0,0.5
ID_F927AB8012,0.5
ID_AAF4697C9C,0.5
ID_6E4FDE842C,0.5
ID_FD87CEA32A,0.5
ID_E40A35A49D,0.5
ID_8D4B3863A8,0.5
ID_D5228462E5,0.5
ID_72EC22D122,0.5
ID_AE4FACEF19,0.5
ID_5DAA422544,0.5
ID_8A5C84A2D4,0.5
ID_B055161CCA,0.5
ID_BEEE59B7D7,0.5
ID_EA37D4BED6,0.5
ID_A5FCCA5C17,0.5
ID_1A61DB95BA,0.5
ID_D6FCF01568,0.5
ID_801F85DBC6,0.5
ID_89C8196C0A,0.5
ID_ECB3C1B028,0.5
ID_6479CD3848,0.5
ID_BB6E4B5E95,0.5
ID_F60C17DF55,0.5
ID_1621F12255,0.5
ID_A5716BD5FA,0.5
ID_E67CEF03ED,0.5
ID_AE728B0539,0.5
ID_6D9C58BA2E,0.5
ID_88A94D7FCB,0.5
ID_41539F056F,0.5
ID_930715B1B6,0.5
ID_7028ECFD30,0.5
ID_4A13B0C242,0.5
ID_C0CD132706,0.5
ID_6FF8CF5745,0.5
ID_D9FA061960,0.5
ID_0247D4C794,0.5
ID_6EA315059A,0.5
ID_257912B624,0.5
ID_A794EBF7AE,0.5
ID_1DD8D565BC,0.5
ID_A0CFED343D,0.5
ID_C1A97C13A1,0.5
ID_4456AF84B1,0.5
ID_E2BAF495AF,0.5
ID_AF66107D5F,0.5
ID_9AD432D19B,0.5
ID_AC9BFD8AFF,0.5
ID_343FD94C77,0.5
ID_D1C8B3C5D3,0.5
ID_8F1304466E,0.5
ID_D8589B0754,0.5
ID_B40A04DA8E,0.5
ID_7A51D112CF,0.5
ID_31E7AD0512,0.5
ID_48B953CA94,0.5
ID_22A780CEA2,0.5
ID_56EAF0D0F8,0.5
ID_3DDC7FDC4F,0.5
ID_B3CB7E7175,0.5
ID_5E910B22D2,0.5
ID_CB9B775CB3,0.5
ID_62CB149954,0.5
ID_65FB85D137,0.5
ID_A458391A18,0.5
ID_9FD5A9B90C,0.5
ID_E1245860A5,0.5
ID_53C9926DD5,0.5
ID_66511B56A1,0.5
ID_8B9B8CCEB8,0.5
ID_8891D112B6,0.5
ID_1E9395370B,0.5
ID_4E04454F92,0.5
ID_6641C8699B,0.5
ID_70657EB812,0.5
ID_7ECE82E108,0.5
ID_5611175936,0.5
ID_2D4CD5AE86,0.5
ID_4E4CD7CE49,0.5
ID_010104C54C,0.5
ID_CD37AEAAFB,0.5
ID_A6EDB87325,0.5
ID_4013740705,0.5
ID_A36A69A78E,0.5
ID_BD0100C2FD,0.5
ID_F92FA76A39,0.5
ID_71D711C84D,0.5
ID_AFE910D7F0,0.5
ID_EB4CB06681,0.5
ID_7B3663DD7B,0.5
ID_C40402735B,0.5
ID_FC1BCDF1D7,0.5
ID_DCFFE7A6BF,0.5
ID_8A03851DF2,0.5
ID_EDCCB3971E,0.5
ID_CE8613EF08,0.5
ID_9B53A3FD05,0.5
ID_9E5AC5F76F,0.5
ID_BDA13635EF,0.5
ID_0BD2E9382D,0.5
ID_BBF6B74AF8,0.5
ID_F8A5BB2E39,0.5
ID_3E0E37B987,0.5
ID_B439778BE4,0.5
ID_926ABDF05E,0.5
ID_9FDD78E308,0.5
ID_B3E724AF1F,0.5
ID_FAA6348B58,0.5
ID_E135416144,0.5
ID_A09BDD4346,0.5
ID_71E5F53500,0.5
ID_3F84E48EED,0.5
ID_910B62E159,0.5
ID_D7DE031370,0.5
ID_F06B9B9166,0.5
ID_016508978C,0.5
ID_D2A2D3D6EA,0.5
ID_8A468046A7,0.5
ID_A3558AE86B,0.5
ID_9B95E2DD49,0.5
ID_7C9776FC34,0.5
ID_D90F14B5F2,0.5
ID_94AEB61F82,0.5
ID_901B0A9874,0.5
ID_0692157D64,0.5
ID_087A74CDDC,0.5
ID_D5BEB7923E,0.5
ID_AE0986F8B4,0.5
ID_FBD8DD7AEF,0.5
ID_5BB5EBD92A,0.5
ID_0B20EDEF7E,0.5
ID_F9FA0CC86F,0.5
ID_13722F6C79,0.5
ID_924D03E7C4,0.5
ID_EAB48C4664,0.5
ID_BB63551784,0.5
ID_7DEF7D7236,0.5
ID_13D7777683,0.5
ID_AC6DCAECC7,0.5
ID_107B71773D,0.5
ID_10DB2DF35F,0.5
ID_86E81E35D7,0.5
ID_A31AECC11D,0.5
ID_9850306CBA,0.5
ID_573CB1F2CB,0.5
ID_1EA0473BA7,0.5
ID_1E15D99E97,0.5
ID_E56320D701,0.5
ID_4136D951DC,0.5
ID_018F65DE25,0.5
ID_A9A3E9AF95,0.5
ID_4E6821D8FE,0.5
ID_523464AF11,0.5
ID_8BFF12E64B,0.5
ID_19155D8351,0.5
ID_C56A895BC8,0.5
ID_BB6C058F70,0.5
ID_371248D615,0.5
ID_2861C3400C,0.5
ID_5F48053FB7,0.5
ID_1587591A5A,0.5
ID_38C9D1A732,0.5
ID_9D16896BBE,0.5
ID_9136C49AAA,0.5
ID_FA4EEF2C79,0.5
ID_7243D0717A,0.5
ID_94D187A95D,0.5
ID_38E037A063,0.5
ID_9FC40B66CB,0.5
ID_78E6DBA4C3,0.5
ID_A46BDEFD1D,0.5
ID_8AEB4DD311,0.5
ID_0F4AF6CA81,0.5
ID_D8C139344F,0.5
ID_9495D66141,0.5
ID_307A07B5BD,0.5
ID_D92D997A66,0.5
ID_11D2A0FEF0,0.5
ID_B5B4ACB7D7,0.5
ID_41A56E7383,0.5
ID_9F2C17B47F,0.5
ID_8EF2A6CB13,0.5
ID_B591F718BE,0.5
ID_181B8A865F,0.5
ID_660C5AF0CE,0.5
ID_4EA1275E35,0.5
ID_91848774D8,0.5
ID_6AF1EEA1C9,0.5
ID_0EA038F766,0.5
ID_E180C9311B,0.5
ID_E32AC219AF,0.5
ID_B43E6476F4,0.5
ID_F0AB3CBE51,0.5
ID_7CDBCEB831,0.5
ID_6596C59179,0.5
ID_1ED2722DA8,0.5
ID_384A9D0D6E,0.5
ID_9A530318F7,0.5
ID_F073300DB2,0.5
ID_A6846BB9B6,0.5
ID_C699F1D454,0.5
ID_057854FF33,0.5
ID_3285F432C8,0.5
ID_C83B8370D2,0.5
ID_57BE03E447,0.5
ID_7B5481C37B,0.5
ID_280ED77D5C,0.5
ID_B66304CF3F,0.5
ID_F37B68AA19,0.5
ID_483709C561,0.5
ID_540C69E987,0.5
ID_FF02253D2A,0.5
ID_17163EF9D9,0.5
ID_FEAAEE663A,0.5
ID_2EB8E24959,0.5
ID_B5BD82A17C,0.5
ID_D3E8716FFD,0.5
ID_EEAF880320,0.5
ID_249ABBFD35,0.5
ID_7F75877F01,0.5
ID_334EB80E25,0.5
ID_B01F394D30,0.5
ID_0CF78FBBEA,0.5
ID_5E8A0CC524,0.5
ID_C6AEB4E5A3,0.5
ID_FC7B30ECC8,0.5
ID_6335855505,0.5
ID_28DF4A67F7,0.5
ID_7ECFD32E84,0.5
ID_3646954793,0.5
ID_AC90A046D5,0.5
ID_3A1DF3CFBC,0.5
ID_122B960931,0.5
ID_9A26FFA0E3,0.5
ID_68C0C393C0,0.5
ID_70DEB8DFDD,0.5
ID_0A8EAE06C0,0.5
ID_B835010050,0.5
ID_069FB48BC4,0.5
ID_F61282AF96,0.5
ID_1AB542D928,0.5
ID_030965927E,0.5
ID_20A7051D6D,0.5
ID_F842CDED98,0.5
ID_8AE672B53C,0.5
ID_E42B07B460,0.5
ID_CEF249F4C6,0.5
ID_88BC756082,0.5
ID_4AFEF8CA8D,0.5
ID_65D90B9105,0.5
ID_135AD603CF,0.5
ID_377117593E,0.5
ID_157A467F2C,0.5
ID_6590754CA4,0.5
ID_50EFBA030F,0.5
ID_E9F5121325,0.5
ID_EA7346A742,0.5
ID_B55826AC4F,0.5
ID_BC081889E7,0.5
ID_97A29C1D39,0.5
ID_EA810750B7,0.5
ID_698468F4F9,0.5
ID_7A3BFFF0A1,0.5
ID_242253EB17,0.5
ID_5C533B1DA1,0.5
ID_741D471682,0.5
ID_2EAF54E977,0.5
ID_C8FAE5BB1D,0.5
ID_2C82B1CE28,0.5
ID_6911CE5EBD,0.5
ID_083DABB1F3,0.5
ID_3D448DAD4E,0.5
ID_7F098BF652,0.5
ID_3DF0204CDF,0.5
ID_C3BD8DC90F,0.5
ID_4E09E4F761,0.5
ID_B7879FC4A5,0.5
ID_331267FAB6,0.5
ID_2111892878,0.5
ID_A287A93CEB,0.5
ID_4D1145C236,0.5
ID_486760373E,0.5
ID_47ABE52AEB,0.5
ID_3D0CDE0393,0.5
ID_E6C83B9A61,0.5
ID_8DFCFADF60,0.5
ID_FF8432FFDE,0.5
ID_6B4B980D52,0.5
ID_0C54A3A4FA,0.5
ID_F749295D5C,0.5
ID_8D57BE298D,0.5
ID_BEFB7801E0,0.5
ID_03D01D76DB,0.5
ID_8FFA48B3E1,0.5
ID_B57A8F6F9D,0.5
ID_17D6B7BAAB,0.5
ID_FBB63442D6,0.5
ID_D8FF8E2375,0.5
ID_705A8E0019,0.5
ID_ECF496CA13,0.5
ID_B3CF2CEAE2,0.5
ID_1B0BC87EF7,0.5
ID_A7012273EF,0.5
ID_FB731FFED8,0.5
ID_D3F3A5E035,0.5
ID_CAB326F6DE,0.5
ID_9D634A59EE,0.5
ID_69FAAB509A,0.5
ID_D6B6AAF070,0.5
ID_064B4A13D0,0.5
ID_FC6126D8E4,0.5
ID_F7169480E1,0.5
ID_5D63BA6CA0,0.5
ID_BD359F7FC3,0.5
ID_DE49F1AC32,0.5
ID_AA5C91B7DC,0.5
ID_0A8EAE57B6,0.5
ID_EFE8A214FB,0.5
ID_E40ED9695C,0.5
ID_66A2EEFA22,0.5
ID_7F34E89F32,0.5
ID_14BA53BC8E,0.5
ID_6F223BE9E0,0.5
ID_CBD0996A40,0.5
ID_911452D5FE,0.5
ID_43376DC64B,0.5
ID_11582FD439,0.5
ID_2919684D39,0.5
ID_E1A8ADE733,0.5
ID_C8CE09B771,0.5
ID_55123C98F8,0.5
ID_544D930105,0.5
ID_0572351C96,0.5
ID_4BFCD59A65,0.5
ID_A72FC97332,0.5
ID_EC641DFBF5,0.5
ID_33803B2B76,0.5
ID_0AA59DAF7F,0.5
ID_3F1FF10C90,0.5
ID_AA9054FD9F,0.5
ID_5F5A67FAB0,0.5
ID_37A4177311,0.5
ID_8CA201F2A3,0.5
ID_E73876ACAC,0.5
ID_840E4B2BC1,0.5
ID_DFEC10A68D,0.5
ID_966C2CEE96,0.5
ID_5E8BE87C21,0.5
ID_8454A65BDB,0.5
ID_F479EBD626,0.5
ID_C3A9B9EC76,0.5
ID_7CD4CB5C46,0.5
ID_ABAB81405E,0.5
ID_1234298A94,0.5
ID_6BC94F527F,0.5
ID_FD4148C41F,0.5
ID_798FAD52CC,0.5
ID_FA50B04A1E,0.5
ID_83D40EAF12,0.5
ID_F8F5A0F60A,0.5
ID_FFC7DF234F,0.5
ID_8AA4B5A159,0.5
ID_B2E4CFFA80,0.5
ID_1CABA01C02,0.5
ID_E259130197,0.5
ID_2AD04F42EF,0.5
ID_FD27C82934,0.5
ID_944C361582,0.5
ID_57FF0BC022,0.5
ID_558570DC95,0.5
ID_AEF018ED10,0.5
ID_77C97B9BD8,0.5
ID_967A516A6E,0.5
ID_8C97D39015,0.5
ID_51A64226F8,0.5
ID_04326B7833,0.5
ID_6E0649C196,0.5
ID_90DE3D2A86,0.5
ID_5E8395D739,0.5
ID_8A983D3A71,0.5
ID_B1FC6BB09E,0.5
ID_C8DC0AD4C0,0.5
ID_89861D0D17,0.5
ID_07899E7EF1,0.5
ID_612DDF608F,0.5
ID_8F59B38CF3,0.5
ID_83CFB5DAED,0.5
ID_428457C606,0.5
ID_C2735E033A,0.5
ID_251BD4902C,0.5
ID_09C95077A0,0.5
ID_62ECFDD4F6,0.5
ID_AD2E86B08B,0.5
ID_6C4456AAE9,0.5
ID_1110EE3D2D,0.5
ID_970E10CB69,0.5
ID_9B00454E25,0.5
ID_36325A15F8,0.5
ID_2494B7DAE3,0.5
ID_873107DABB,0.5
ID_E20D1DD76B,0.5
ID_F8E31889E3,0.5
ID_2AF707CB2D,0.5
ID_8D16F64C07,0.5
ID_8C7245C670,0.5
ID_2F90F9EA81,0.5
ID_E6C15ABBEE,0.5
ID_2F7E442B88,0.5
ID_4F7180695D,0.5
ID_34E4897CDE,0.5
ID_7AA78A6887,0.5
ID_39BB119420,0.5
ID_CCF99C7AED,0.5
ID_BE2873662F,0.5
ID_D03DCCF838,0.5
ID_0981BCEC09,0.5
ID_78BD9CBAC1,0.5
ID_DB2A3FC584,0.5
ID_D03271519D,0.5
ID_941C1889B3,0.5
ID_69EC480D90,0.5
ID_248F98BB02,0.5
ID_183B10AB17,0.5
ID_3612FE823C,0.5
ID_123DE96FAB,0.5
ID_27B57D05D3,0.5
ID_3D29C52380,0.5
ID_FBFB77BD39,0.5
ID_2B0C3AD304,0.5
ID_9A5C07BD4C,0.5
ID_EC65710C3F,0.5
ID_47FD66EBBE,0.5
ID_D8CCBF5536,0.5
ID_0CC47E4CA5,0.5
ID_BE59A68A0D,0.5
ID_DD680B8435,0.5
ID_5D570CED6A,0.5
ID_89463C64DB,0.5
ID_3325570CD6,0.5
ID_98359FEA55,0.5
ID_8C63B5A70D,0.5
ID_05FB2EEBA5,0.5
ID_D0A59AD359,0.5
ID_85CC86EF53,0.5
ID_488ECA442F,0.5
ID_0E865CEB43,0.5
ID_A5CA2B64C2,0.5
ID_6194F1B2F2,0.5
ID_35067D1922,0.5
ID_4EF16D532E,0.5
ID_C3F110788E,0.5
ID_4586BE3D23,0.5
ID_597F7F4010,0.5
ID_30E27F5C93,0.5
ID_12FE743DE1,0.5
ID_D77C489293,0.5
ID_85D1876DE2,0.5
ID_89A9CF5952,0.5
ID_7B9E4749A8,0.5
ID_4580CF978F,0.5
ID_C117F9429D,0.5
ID_194F20E2DE,0.5
ID_F0042F4897,0.5
ID_F73279789A,0.5
ID_E2A1D388F6,0.5
ID_1CCAE00DED,0.5
ID_2E6F4DB1BD,0.5
ID_613EC98210,0.5
ID_AC4665FDA0,0.5
ID_ABB3297AF6,0.5
ID_CD89C2D199,0.5
ID_EA4EC5DD8A,0.5
ID_7E943358C3,0.5
ID_13DB7A62DF,0.5
ID_4AF66855C4,0.5
ID_B441ACFCAF,0.5
ID_64A3EE9BE7,0.5
ID_48CC310CB2,0.5
ID_C70B2DFD2E,0.5
ID_76737B728B,0.5
ID_4538EBE37B,0.5
ID_498702FB2A,0.5
ID_3E2E484831,0.5
ID_B5FA620097,0.5
ID_E765ECD5C8,0.5
ID_2FFDC5322B,0.5
ID_5C3483B5E8,0.5
ID_82F9F677D6,0.5
ID_A1C79801C5,0.5
ID_451A5A9D47,0.5
ID_C58FA69B51,0.5
ID_31A49FEB26,0.5
ID_521E74F92F,0.5
ID_DAF13DDED5,0.5
ID_07F2EE9B31,0.5
ID_B1CD6F349A,0.5
ID_22B4FA6370,0.5
ID_F6D28EEA3A,0.5
ID_A0A5D48922,0.5
ID_D28DE96832,0.5
ID_DAFE4E7B2A,0.5
ID_71A449E880,0.5
ID_61DA3866EE,0.5
ID_FA812C2328,0.5
ID_0D21CBFBB0,0.5
ID_3213B6DAA3,0.5
ID_6B0C479C38,0.5
ID_BAD7D2AD47,0.5
ID_E2E05A0C7F,0.5
ID_DC72429428,0.5
ID_DDA3E7B7F5,0.5
ID_6E1C7BF83A,0.5
ID_81798487DD,0.5
ID_05BD9C79A8,0.5
ID_D24596AEAF,0.5
ID_DEF4B1208E,0.5
ID_2C1BFEFCF4,0.5
ID_F2302DF84E,0.5
ID_3EA3437ADD,0.5
ID_2F3552F042,0.5
ID_435B4285D2,0.5
ID_35F2CC3DE9,0.5
ID_40CA7C4FA5,0.5
ID_81C42A3606,0.5
ID_A5E4C085C5,0.5
ID_7D1FF33F71,0.5
ID_59F440185F,0.5
ID_85BB1D49D3,0.5
ID_DB29103808,0.5
ID_B8A77D585B,0.5
ID_2C495DFA4D,0.5
ID_B7422D5C8A,0.5
ID_EF74EB6912,0.5
ID_B9F207FDD9,0.5
ID_533C367AE2,0.5
ID_F28816EFFF,0.5
ID_EFD472A6CC,0.5
ID_52A45D8C2C,0.5
ID_6324CFED6D,0.5
ID_079369155C,0.5
ID_98422D2C38,0.5
ID_2577CC96FC,0.5
ID_182BBAE6D6,0.5
ID_129842F8ED,0.5
ID_5511FB3865,0.5
ID_0EE7D48982,0.5
ID_A0959354F6,0.5
ID_F7E5AD97B2,0.5
ID_43CF34E6D2,0.5
ID_FC0FE7BF6F,0.5
ID_527D20E3EE,0.5
ID_504C63AE04,0.5
ID_7F41FCBA76,0.5
ID_E7A21CD65E,0.5
ID_AC804E1261,0.5
ID_14A0955505,0.5
ID_6263624BA2,0.5
ID_50E4A2C591,0.5
ID_1295DD4D73,0.5
ID_E22A0F10E8,0.5
ID_844F7F9DE7,0.5
ID_B35FF9C7DE,0.5
ID_83080BB568,0.5
ID_59A92BFA9E,0.5
ID_F83112A9A7,0.5
ID_FD6B32920A,0.5
ID_F2F0A0B370,0.5
ID_037818276F,0.5
ID_11B000B9C1,0.5
ID_5ED41EB5D5,0.5
ID_6267DBA4EA,0.5
ID_CD8A852AA3,0.5
ID_7F8C217334,0.5
ID_5C13B09C43,0.5
ID_3CFC3E32A4,0.5
ID_CFC6182E2D,0.5
ID_0494D63CBC,0.5
ID_FAD3F32692,0.5
ID_02FF621D16,0.5
ID_C77E8C7B23,0.5
ID_DA7D0A5532,0.5
ID_C48D2632CF,0.5
ID_4DFE572E6F,0.5
ID_3AB76379D6,0.5
ID_BEB205F35D,0.5
ID_6DDDAB7E42,0.5
ID_931E1A0D39,0.5
ID_373808060F,0.5
ID_A84FF1CEF4,0.5
ID_DC6B7152D8,0.5
ID_5BC15A1A63,0.5
ID_FE32635629,0.5
ID_DF4DB5704B,0.5
ID_5A105CE08A,0.5
ID_73A05357D9,0.5
ID_0255C9F8A8,0.5
ID_AEF714A31D,0.5
ID_F45ACBC72C,0.5
ID_4925F242AA,0.5
ID_31F774A0D6,0.5
ID_71B0B10D4C,0.5
ID_1EEA3FC177,0.5
ID_0F53754324,0.5
ID_E4B3D6B009,0.5
ID_757348971E,0.5
ID_2CA3266476,0.5
ID_E7F9E76A69,0.5
ID_1C67489BA5,0.5
ID_B044851DC7,0.5
ID_E6D483C732,0.5
ID_0AE784F3A0,0.5
ID_6900DC495F,0.5
ID_DB030F107B,0.5
ID_AB3A3E35A3,0.5
ID_6EBE37A319,0.5
ID_C249AFA8BC,0.5
ID_A8EF033451,0.5
ID_7DBE8CCCD5,0.5
ID_801BE65D5D,0.5
ID_4ACF62117F,0.5
ID_2E0BA4F139,0.5
ID_AEA34D0BDB,0.5
ID_F64CF1696F,0.5
ID_32D85DFF96,0.5
ID_3501AE4633,0.5
ID_2E15A08C7D,0.5
ID_FC576E4979,0.5
ID_CB2FC9D93A,0.5
ID_342FAA14D9,0.5
ID_E14C398761,0.5
ID_219DBB5D80,0.5
ID_91EB990E02,0.5
ID_D6E49266EA,0.5
ID_E311885CB5,0.5
ID_A39D2ED016,0.5
ID_EFC986559C,0.5
ID_C601914C21,0.5
ID_1C4882CBAB,0.5
ID_B2D6C8FCBE,0.5
ID_349387A037,0.5
ID_BCBB99FB22,0.5
ID_C1BE07DAF8,0.5
ID_8A21F0F36F,0.5
ID_59986069A8,0.5
ID_A685A2D651,0.5
ID_F1D2669714,0.5
ID_2F14D7BD4C,0.5
ID_0FB13528C6,0.5
ID_0A21336BF6,0.5
ID_9ECBCB38EF,0.5
ID_1AD1848611,0.5
ID_EB4449DC27,0.5
ID_9BF53DF27A,0.5
ID_CFC52D7F5C,0.5
ID_9AE29C1494,0.5
ID_2D6F4D6A30,0.5
ID_2C014EDC52,0.5
ID_71F1F4500F,0.5
ID_5E0DC46A15,0.5
ID_B5E1E20343,0.5
ID_2E9947382F,0.5
ID_BB0AD0B5B7,0.5
ID_A762BE3F0B,0.5
ID_E4982680D5,0.5
ID_DB664A9EEA,0.5
ID_A3EEBD2F04,0.5
ID_2F7E676B50,0.5
ID_AE2E8D09FF,0.5
ID_FECBBD56B0,0.5
ID_AF3F7AC71F,0.5
ID_33A60EC959,0.5
ID_6FAF5625BE,0.5
ID_E0ED58E869,0.5
ID_B041B33F72,0.5
ID_1255AE424A,0.5
ID_A6643F68AA,0.5
ID_D53C433E48,0.5
ID_B8003CCE71,0.5
ID_B124B24CF1,0.5
ID_CE22B99640,0.5
ID_2002864798,0.5
ID_833C6AA644,0.5
ID_BFAF30823A,0.5
ID_511CEA4957,0.5
ID_CC25674F37,0.5
ID_80E0B6350B,0.5
ID_ABF3B7B75F,0.5
ID_EB345F140F,0.5
ID_9B6CC9BB64,0.5
ID_3B9E9D3F61,0.5
ID_5209155091,0.5
ID_CBC54D1256,0.5
ID_7204E5331E,0.5
ID_BA2A997E9E,0.5
ID_1846B93DE2,0.5
ID_59B75FEC94,0.5
ID_DB0D0D1957,0.5
ID_55E823469E,0.5
ID_6D13E026B8,0.5
ID_C157512177,0.5
ID_D571B86F01,0.5
ID_BA55704DB5,0.5
ID_85FCC2435F,0.5
ID_D934E436B9,0.5
ID_BFE612AD76,0.5
ID_926C5C4373,0.5
ID_1D1A4329C5,0.5
ID_06CD908A31,0.5
ID_48FAFFADDF,0.5
ID_0D7782B0AF,0.5
ID_3213700826,0.5
ID_65E8002611,0.5
ID_BAC43F6119,0.5
ID_D26BE7AC89,0.5
ID_59C7C00C06,0.5
ID_32EE4D58F6,0.5
ID_192DCFC72A,0.5
ID_0983F1B487,0.5
ID_146AD67CFC,0.5
ID_7560EA1AE0,0.5
ID_BADDB546CE,0.5
ID_DC430215F7,0.5
ID_9A8FE268AE,0.5
ID_246C10BFD2,0.5
ID_0D9D15000F,0.5
ID_33A20FCFBE,0.5
ID_04E0070FC6,0.5
ID_0D7B454F9F,0.5
ID_F1D7A86D08,0.5
ID_3D6FD11DF5,0.5
ID_F9ABC10DFF,0.5
ID_3238669517,0.5
ID_DFDDF2C8A5,0.5
ID_2C1AE290A2,0.5
ID_56D651CBE1,0.5
ID_45F38E55CE,0.5
ID_2BF09D6A56,0.5
ID_AD5404B4BC,0.5
ID_8295C036E9,0.5
ID_29C68B7EAC,0.5
ID_C748733D70,0.5
ID_3726D5A90D,0.5
ID_C64C7F4BD7,0.5
ID_73D1940D16,0.5
ID_66EFA31DEB,0.5
ID_8A62051F13,0.5
ID_969405EDAD,0.5
ID_0F5650A257,0.5
ID_A7DE5D1993,0.5
ID_22CAE35050,0.5
ID_94C58973A8,0.5
ID_CD689C8B86,0.5
ID_9895B31924,0.5
ID_CC5587D193,0.5
ID_DD71D5B9C7,0.5
ID_4874E9EE11,0.5
ID_A3D7EBD787,0.5
ID_51C64C977B,0.5
ID_F52203063F,0.5
ID_F9A7C58FB9,0.5
ID_2B6325386E,0.5
ID_0DB910B89C,0.5
ID_05E3250876,0.5
ID_1A03821908,0.5
ID_D4ADF79F6F,0.5
ID_4E5D0293D6,0.5
ID_7C3A92C80C,0.5
ID_FA1645D48B,0.5
ID_DFBD655EB8,0.5
ID_DF56D4708D,0.5
ID_9D380D32AD,0.5
ID_E002BCDA75,0.5
ID_AA3AA2E851,0.5
ID_0E53F2E2E0,0.5
ID_E307AAE371,0.5
ID_8210561AE9,0.5
ID_10A5A4741B,0.5
ID_1B3321E1C1,0.5
ID_C6A3C0E50A,0.5
ID_9FA985DE44,0.5
ID_55DC70CCF0,0.5
ID_B99C287BFC,0.5
ID_39520D11DC,0.5
ID_7AAE0B35CE,0.5
ID_40A6C3DA06,0.5
ID_81AECF5FA9,0.5
ID_509DEA3019,0.5
ID_D589FACA3C,0.5
ID_5668B75047,0.5
ID_9028FA12F5,0.5
ID_04A6C26823,0.5
ID_D9D47C6A5C,0.5
ID_85A3C3A986,0.5
ID_EFAA34C882,0.5
ID_A68D023904,0.5
ID_63FDBBCF41,0.5
ID_AB3AD8EF9E,0.5
ID_DA29FD9349,0.5
ID_295257B748,0.5
ID_36C87ED2B1,0.5
ID_D3A66EC4FE,0.5
ID_D95F6C4043,0.5
ID_1801D0399A,0.5
ID_609278B40E,0.5
ID_EF2003C234,0.5
ID_07DC955A4B,0.5
ID_91D5BEF1AE,0.5
ID_DA452F0423,0.5
ID_BC5ADC0A37,0.5
ID_E5A8F614C6,0.5
ID_6FBC2987C9,0.5
ID_396C12A48E,0.5
ID_C8A38FDFEF,0.5
ID_DFE995D2C1,0.5
ID_1252840ED3,0.5
ID_1621FF86E7,0.5
ID_E7531041EF,0.5
ID_8D86683C4F,0.5
ID_E727C0E564,0.5
ID_B6F622B3AF,0.5
ID_EC3A03E74E,0.5
ID_92D1367AB6,0.5
ID_E8C4AFC960,0.5
ID_2D3B0C66EA,0.5
ID_A4F6222DD6,0.5
ID_7BE1556444,0.5
ID_9BECF441E0,0.5
ID_F91D783700,0.5
ID_712593B307,0.5
ID_82CD0FF5B1,0.5
ID_63A273CD9F,0.5
ID_38062B2332,0.5
ID_9C371C8A62,0.5
ID_56086C909A,0.5
ID_947DAA753B,0.5
ID_CCAF663616,0.5
ID_FF73A3FA04,0.5
ID_224F729BEC,0.5
ID_FD6FE7086F,0.5
ID_11C8D35E4F,0.5
ID_B40FCD896B,0.5
ID_B02792F954,0.5
ID_B6308DDCD4,0.5
ID_FAE67CE224,0.5
ID_41FDD5E760,0.5
ID_17CEFF07C0,0.5
ID_C170C00C0D,0.5
ID_A3EBA43649,0.5
ID_6CE8319E6C,0.5
ID_46C4DD42C5,0.5
ID_6BA27051D5,0.5
ID_D2FF620565,0.5
ID_A1285038B3,0.5
ID_B2524C0A97,0.5
ID_7CECD05043,0.5
ID_30F30EF7B1,0.5
ID_77928FC4E7,0.5
ID_6F2CEDEB3C,0.5
ID_E6D76B1E24,0.5
ID_12DFDABCF7,0.5
ID_FDB1DC76FE,0.5
ID_0466C490BE,0.5
ID_08F5F84D72,0.5
ID_A8119913D1,0.5
ID_17332E69FE,0.5
ID_41F1418E7C,0.5
ID_EB20C44C30,0.5
ID_38EB8C8BBB,0.5
ID_2EFF14D04A,0.5
ID_5EBA59A95E,0.5
ID_201D140EDB,0.5
ID_B928A716CF,0.5
ID_4759132FCF,0.5
ID_80869649A3,0.5
ID_283B0283D0,0.5
ID_74C7F2C0A6,0.5
ID_F658141048,0.5
ID_779279255F,0.5
ID_DA2B05BCAC,0.5
ID_38FE1CE23A,0.5
ID_3364DF0566,0.5
ID_73F23342DF,0.5
ID_8619D21306,0.5
ID_A1E6076807,0.5
ID_4EBA2D08D5,0.5
ID_E0990E836A,0.5
ID_BD638B149A,0.5
ID_CB88464734,0.5
ID_0C4C660909,0.5
ID_DB4A785E11,0.5
ID_9E4E57B221,0.5
ID_822EC3EEE9,0.5
ID_4448A16746,0.5
ID_D277D46759,0.5
ID_E292F07200,0.5
ID_00B98745BE,0.5
ID_F2C7457DC1,0.5
ID_62E8B0605D,0.5
ID_9FE2C406D1,0.5
ID_4CAC353088,0.5
ID_AFFEF4E65F,0.5
ID_9F6CEFE158,0.5
ID_5A29A955B4,0.5
ID_3BBFC7BF2A,0.5
ID_DAAAF3B9C8,0.5
ID_6FD9C71B3C,0.5
ID_7B9311EDDA,0.5
ID_19FCFC3473,0.5
ID_25B3E3A052,0.5
ID_9780687305,0.5
ID_EA339AB18C,0.5
ID_0C2C24499D,0.5
ID_97BBBD206E,0.5
ID_C6AB4FF410,0.5
ID_14203351C4,0.5
ID_557FF301F9,0.5
ID_BF24D24ACD,0.5
ID_2F3C9FCE50,0.5
ID_674A9533C8,0.5
ID_2C9B092A10,0.5
ID_AAD5538623,0.5
ID_AAF71FA0E3,0.5
ID_6FC5F02D28,0.5
ID_284C157AB3,0.5
ID_1C82502EF7,0.5
ID_D09C5F8100,0.5
ID_6DE32419B8,0.5
ID_E7121EB5C5,0.5
ID_4E69053450,0.5
ID_B0EF54EA77,0.5
ID_F86D3F96BF,0.5
ID_FAA2A2F754,0.5
ID_0B079EFCF7,0.5
ID_A07B28B240,0.5
ID_A30FB87F93,0.5
ID_A59D1561C2,0.5
ID_B942A0E2DE,0.5
ID_831B8F54DF,0.5
ID_F2E05192D9,0.5
ID_0398019F63,0.5
ID_44977015BD,0.5
ID_6F4A6DCD91,0.5
ID_EFF0E08EED,0.5
ID_C23FA15B36,0.5
ID_970F276F3E,0.5
ID_6D69BF9497,0.5
ID_2AF6D64104,0.5
ID_01710E8DFF,0.5
ID_F7B153FF1B,0.5
ID_108AAB6890,0.5
ID_8415FF3B08,0.5
ID_FC4C74D689,0.5
ID_F2FABF6C2A,0.5
ID_7FFCF1762A,0.5
ID_456848FFD2,0.5
ID_24A8E6D652,0.5
ID_27C1C9EC0C,0.5
ID_3F9A5DE16B,0.5
ID_BE0571A001,0.5
ID_5D4B0D4871,0.5
ID_923FEB0B1E,0.5
ID_4A311B00AB,0.5
ID_7303BF3B72,0.5
ID_B9B1FB4E9B,0.5
ID_BAB11E7759,0.5
ID_9114F209D1,0.5
ID_E1C18BB55A,0.5
ID_A7A6F45135,0.5
ID_D2BF396801,0.5
ID_CB688FF6C5,0.5
ID_2C1400D879,0.5
ID_9B87560B73,0.5
ID_EC764B82FD,0.5
ID_41DD97D70F,0.5
ID_EF6F267B8C,0.5
ID_2F1E9CF1FF,0.5
ID_4338F36C94,0.5
ID_30278B7850,0.5
ID_2EB2AEB389,0.5
ID_8E85EF41B1,0.5
ID_64C52F53AA,0.5
ID_0BD150AB2F,0.5
ID_99989D108F,0.5
ID_210DB50ED2,0.5
ID_B75D573AEA,0.5
ID_C12EB8B272,0.5
ID_D3E4B03C68,0.5
ID_83453F35BE,0.5
ID_0FD918D6A9,0.5
ID_66A10C9234,0.5
ID_B16F7C22B8,0.5
ID_6F01456692,0.5
ID_9B0C8E562E,0.5
ID_0165779187,0.5
ID_2E38CF1B10,0.5
ID_CDBF83578E,0.5
ID_0379970339,0.5
ID_3175E180F9,0.5
ID_D4E2427F1B,0.5
ID_D060747D4C,0.5
ID_E0934B686E,0.5
ID_FFC00DB990,0.5
ID_D9A0F747C6,0.5
ID_A538C83954,0.5
ID_CDCDA54CC4,0.5
ID_93E1CFA5FD,0.5
ID_269F0FC650,0.5
ID_D70841A03E,0.5
ID_DD4F93FE46,0.5
ID_B11EB36C78,0.5
ID_DE7253E8A6,0.5
ID_050AA3C1BB,0.5
ID_5E79E0BD58,0.5
ID_E6735A8240,0.5
ID_5A233ABEA1,0.5
ID_32E5EDDAFB,0.5
ID_581E2C06E7,0.5
ID_0731903F8F,0.5
ID_B7A3CF192C,0.5
ID_3F80FF57E3,0.5
ID_52407DB937,0.5
ID_B332AC2F1D,0.5
ID_D39D7CCAAD,0.5
ID_D9BA8F4757,0.5
ID_7704644311,0.5
ID_8FE5FC1A2A,0.5
ID_716F318E1F,0.5
ID_42B99943BC,0.5
ID_C5D987DF8F,0.5
ID_F9CF107493,0.5
ID_1A57820078,0.5
ID_9BD0EEE11A,0.5
ID_49320847E8,0.5
ID_575EFA8586,0.5
ID_ED4E2ECFA3,0.5
ID_EE60FD9EA0,0.5
ID_D990DFAEFD,0.5
ID_BDBA81FB4F,0.5
ID_F97223D247,0.5
ID_7BCE51804C,0.5
ID_DF59ACA7B1,0.5
ID_415F3CDA24,0.5
ID_053B05E2D7,0.5
ID_7AB7877505,0.5
ID_AF47991950,0.5
ID_B9EF278617,0.5
ID_36764941D8,0.5
ID_4519368C0B,0.5
ID_2C22E27FF6,0.5
ID_9A251F5DFE,0.5
ID_DC019B8C3D,0.5
ID_1E970B09E0,0.5
ID_3BF3D9AC79,0.5
ID_C833E078A9,0.5
ID_B072B69B16,0.5
ID_C9F042090A,0.5
ID_2DA76C62D6,0.5
ID_23A7B553EA,0.5
ID_CAE8597510,0.5
ID_04A4A09091,0.5
ID_5F7CBED754,0.5
ID_AA941E86A0,0.5
ID_F56F31AD18,0.5
ID_2BE971AA49,0.5
ID_D88BB17E3D,0.5
ID_135C234520,0.5
ID_E36E8B65A4,0.5
ID_05101E8EB5,0.5
ID_4E757FA669,0.5
ID_649AA37B54,0.5
ID_DAEB562D90,0.5
ID_7FCC02038E,0.5
ID_52E958B9C0,0.5
ID_F17381EB43,0.5
ID_F4AD510217,0.5
ID_D8BAAA4CC9,0.5
ID_BC58F353AA,0.5
ID_FE74E234F4,0.5
ID_00645341D6,0.5
ID_B491C50628,0.5
ID_DE0A7847E2,0.5
ID_2710625392,0.5
ID_B74F878ABC,0.5
ID_722572CB4B,0.5
ID_A06C600D05,0.5
ID_F95E81C9F7,0.5
ID_3F24907D85,0.5
ID_14B2F3BD4C,0.5
ID_F27632B298,0.5
ID_F3B28761C3,0.5
ID_9E2FCE3EEE,0.5
ID_24E1DAC2F4,0.5
ID_F4BA70EA19,0.5
ID_0A07ABDB09,0.5
ID_8EED9F6622,0.5
ID_ED5BA0A794,0.5
ID_7DE2F78194,0.5
ID_C44C3C509B,0.5
ID_B3737DB52A,0.5
ID_C7281FE087,0.5
ID_C3FB7CAEA1,0.5
ID_ACF8E37D1A,0.5
ID_7054E94F08,0.5
ID_A84F95A9BA,0.5
ID_BBAB908307,0.5
ID_4996394B69,0.5
ID_9E82419408,0.5
ID_0E772B4108,0.5
ID_335AC9183C,0.5
ID_DFB48A4AFB,0.5
ID_4106EB34D0,0.5
ID_CF50DAD766,0.5
ID_31C835ABA2,0.5
ID_0317BFB518,0.5
ID_444FBC8197,0.5
ID_99CB66D32F,0.5
ID_4949815AA8,0.5
ID_F435268F6D,0.5
ID_05041AE35B,0.5
ID_0B1D0E60A8,0.5
ID_42E3C665A8,0.5
ID_EEE5404361,0.5
ID_3C92FF1B98,0.5
ID_990398B9F6,0.5
ID_B7ED10700C,0.5
ID_215387B540,0.5
ID_CE2D0BD6C0,0.5
ID_5E9560FBE6,0.5
ID_660F7A1BD1,0.5
ID_E149B2F419,0.5
ID_7E3E205393,0.5
ID_235E8CE08F,0.5
ID_EB8904B157,0.5
ID_38AA2CDB04,0.5
ID_97838B27DC,0.5
ID_56282E0057,0.5
ID_2B5967897B,0.5
ID_C4EAB1F2DF,0.5
ID_C42264CEEC,0.5
ID_16E6C538B2,0.5
ID_6E38641A56,0.5
ID_6FBE9FED18,0.5
ID_EE441994D6,0.5
ID_FB032731C2,0.5
ID_4C52F440B3,0.5
ID_21C8835864,0.5
ID_E411713F8B,0.5
ID_74CD7BE89E,0.5
ID_4C66D73CC4,0.5
ID_908F3C5E61,0.5
ID_F664ADF3FE,0.5
ID_34A4330707,0.5
ID_FB02CBC6CA,0.5
ID_6BC606EAE7,0.5
ID_0EA0733E26,0.5
ID_4CB98825A4,0.5
ID_5DDF48BB06,0.5
ID_F64DE1B075,0.5
ID_5914C3A988,0.5
ID_2490640571,0.5
ID_F3C544D0D6,0.5
ID_5577900013,0.5
ID_D577FE03E5,0.5
ID_F09DC590AF,0.5
ID_5A1AB47B9A,0.5
ID_3CEFF38248,0.5
ID_81DC30D866,0.5
ID_6F87220853,0.5
ID_BAC5EF4D51,0.5
ID_1DA70AB6C8,0.5
ID_5A7C733AE0,0.5
ID_2FB1C94B99,0.5
ID_E31D3654B1,0.5
ID_BC1EC3A83C,0.5
ID_2E4E0BE62E,0.5
ID_39B4748D2E,0.5
ID_5AA91E5A33,0.5
ID_804B261BA3,0.5
ID_AC4146E7B7,0.5
ID_01D4A41450,0.5
ID_C6F2EA5221,0.5
ID_3432C96348,0.5
ID_CC03818E36,0.5
ID_06569DEEEC,0.5
ID_95DDF514DD,0.5
ID_560C9CED6B,0.5
ID_2451FB923C,0.5
ID_5CB77E69B9,0.5
ID_BF1DE741A4,0.5
ID_F6BCF5D2BF,0.5
ID_5C2999A56F,0.5
ID_CE798FC335,0.5
ID_936C934E96,0.5
ID_E28370B967,0.5
ID_6EC52C616A,0.5
ID_22E2F0CA82,0.5
ID_9BE89BA247,0.5
ID_36CF0F2234,0.5
ID_96F4327631,0.5
ID_C2D73FF25B,0.5
ID_15D5AF7522,0.5
ID_908C8A1310,0.5
ID_A5079E6913,0.5
ID_9A1DDD989C,0.5
ID_89322AAFE8,0.5
ID_EEF1F49D30,0.5
ID_3A303FB2DC,0.5
ID_0FC5DF6BF0,0.5
ID_C898696BF4,0.5
ID_40A24419B5,0.5
ID_42C09FA8FB,0.5
ID_AF76F02703,0.5
ID_968D118019,0.5
ID_FBB0E7A2CF,0.5
ID_9728F6B3A5,0.5
ID_7DEDD5C3F8,0.5
ID_38B2B71182,0.5
ID_CBF6464C23,0.5
ID_FC0DF18E3B,0.5
ID_63FBDDBC0E,0.5
ID_9281201BAA,0.5
ID_539653D373,0.5
ID_C7B5EC77C4,0.5
ID_5611496E9F,0.5
ID_0FA50785DC,0.5
ID_C9D58FF66D,0.5
ID_6996056B1A,0.5
ID_ABFB80FD35,0.5
ID_8C3A556246,0.5
ID_CD03B395B7,0.5
ID_B4A1E2087C,0.5
ID_694F657D0F,0.5
ID_2B976F0E3C,0.5
ID_85723C74E6,0.5
ID_D143E24F8B,0.5
ID_56B0BF0AB7,0.5
ID_6F60406EEF,0.5
ID_4F17A9DE66,0.5
ID_3442BD3852,0.5
ID_3BC1C636CA,0.5
ID_99F795C4E7,0.5
ID_CE55E2CB7C,0.5
ID_9E0A5A3F72,0.5
ID_D5FF89C8DA,0.5
ID_9935FC8880,0.5
ID_15D57C400C,0.5
ID_BD252FC007,0.5
ID_1616786C8D,0.5
ID_98F7961BF7,0.5
ID_2FF885053E,0.5
ID_87C6B177E4,0.5
ID_4C98FFB6A5,0.5
ID_769B8E3177,0.5
ID_B4B25A2168,0.5
ID_D093500D33,0.5
ID_B67640CB85,0.5
ID_05CE2181CF,0.5
ID_90CBC00605,0.5
ID_389A50A35C,0.5
ID_09B12CDCCC,0.5
ID_64567BB6F6,0.5
ID_88CD3DA480,0.5
ID_E1BE47F0A6,0.5
ID_0F8EC2A194,0.5
ID_8D67436D36,0.5
ID_F00F1694D9,0.5
ID_5C51275496,0.5
ID_5D379A7CBC,0.5
ID_E66C4CD68F,0.5
ID_748CA6F011,0.5
ID_5028C55065,0.5
ID_2DF9240B54,0.5
ID_0419764396,0.5
ID_631E0FF829,0.5
ID_B62FFE2AFE,0.5
ID_A74F8225CE,0.5
ID_B6E6862998,0.5
ID_F76DDCC1FC,0.5
ID_1C7072A436,0.5
ID_B0A625852B,0.5
ID_00148C5F6D,0.5
ID_25CE3A3394,0.5
ID_E4FBA9C7B4,0.5
ID_DD44E69085,0.5
ID_00E24B34C5,0.5
ID_35EF5D1CA8,0.5
ID_58A1F7BE09,0.5
ID_4FD80EE95D,0.5
ID_1792D64ECC,0.5
ID_532F80622C,0.5
ID_92ACB5147D,0.5
ID_74A5CCB3F4,0.5
ID_74686CF8BD,0.5
ID_9EF7A22F75,0.5
ID_10F4FF6D03,0.5
ID_918BF02884,0.5
ID_F79E6E0FF1,0.5
ID_6B60733A51,0.5
ID_344D005076,0.5
ID_480B5D8A78,0.5
ID_BA1FF1A1EA,0.5
ID_0463C59B7A,0.5
ID_789609ADA7,0.5
ID_DEF313A76D,0.5
ID_EA85986C9C,0.5
ID_A28BB39739,0.5
ID_70BCB5607C,0.5
ID_CB98817BEC,0.5
ID_6F80BF1FCF,0.5
ID_82AA8003D7,0.5
ID_13D5E97F65,0.5
ID_BF2E0F7C94,0.5
ID_57E94924A4,0.5
ID_A5CDAC3CE2,0.5
ID_76209D47F1,0.5
ID_7DDA90FF42,0.5
ID_7BD533ED1A,0.5
ID_B476EB1B82,0.5
ID_02C2FE932E,0.5
ID_86AAF02DC5,0.5
ID_98BF59EDAE,0.5
ID_6143B01ADF,0.5
ID_7A4F43F74B,0.5
ID_79E2932F89,0.5
ID_797416EAA6,0.5
ID_0458739676,0.5
ID_50A536D6F3,0.5
ID_C7B9A4A8CE,0.5
ID_8A3C769D1B,0.5
ID_333A0D556A,0.5
ID_B85F4B4333,0.5
ID_D63DD272FC,0.5
ID_2AFFE28766,0.5
ID_710F46435A,0.5
ID_6F84681DA8,0.5
ID_234AABF434,0.5
ID_5383427CE9,0.5
ID_AB0A100AEA,0.5
ID_17FE086A9C,0.5
ID_494D659DA2,0.5
ID_13E0084404,0.5
ID_9FD130212A,0.5
ID_C89E450C31,0.5
ID_1EAAA5C185,0.5
ID_76FE3A4890,0.5
ID_79D738174D,0.5
ID_05F4339C07,0.5
ID_9D4AF233CC,0.5
ID_BA538E6354,0.5
ID_790E4B380A,0.5
ID_7DC8CDE642,0.5
ID_4A3E1C93DC,0.5
ID_7B11859AD0,0.5
ID_3CF8B1660D,0.5
ID_7A363537A0,0.5
ID_86C17399BF,0.5
ID_9B9D9E296B,0.5
ID_A454025EA4,0.5
ID_84920BDEA0,0.5
ID_F7E81559BD,0.5
ID_658295667E,0.5
ID_F25BB27CF5,0.5
ID_462D2355FD,0.5
ID_B3D63EFB5B,0.5
ID_7FAACF7EB9,0.5
ID_956FA8F2DA,0.5
ID_0E7FDAB599,0.5
ID_6FA26FC295,0.5
ID_4F142A7501,0.5
ID_9CB1637F2E,0.5
ID_0CBCAA188F,0.5
ID_40F3F45719,0.5
ID_3A5F0A4FA2,0.5
ID_A3F72FDFC1,0.5
ID_1E691AB65E,0.5
ID_3511005D7E,0.5
ID_A7505761A6,0.5
ID_8704DFC173,0.5
ID_A91ECAE73F,0.5
ID_F534B93497,0.5
ID_4C4BFCA65F,0.5
ID_923C922CCD,0.5
ID_6BB67425A9,0.5
ID_F2D1B9FBB1,0.5
ID_A48862B2C5,0.5
ID_FF14F07B6A,0.5
ID_2446A3A1F0,0.5
ID_AB67BB12C4,0.5
ID_899F2A4BCE,0.5
ID_414122665C,0.5
ID_2A078D4A7E,0.5
ID_78C63A25C9,0.5
ID_EF214B6E84,0.5
ID_858932325A,0.5
ID_B544337EAB,0.5
ID_B1AB22BFFB,0.5
ID_50A770825A,0.5
ID_24992678C0,0.5
ID_A7BE5CCEA6,0.5
ID_5F8C61D072,0.5
ID_26458E4BE1,0.5
ID_4E706B0672,0.5
ID_D8BF368676,0.5
ID_FFC2298CD3,0.5
ID_82B3F920D3,0.5
ID_1E48F6F096,0.5
ID_A4822BB76D,0.5
ID_3A5AC9D2B3,0.5
ID_A7B8975F46,0.5
ID_FE503DA825,0.5
ID_C837FE82B6,0.5
ID_3846AFB6D2,0.5
ID_3C0383CE09,0.5
ID_4E6560B637,0.5
ID_036D6C78DA,0.5
ID_D65C0EFBA0,0.5
ID_A8EF598E3A,0.5
ID_A7F6DE2003,0.5
ID_A1A71EC285,0.5
ID_5A28C33795,0.5
ID_CCC51C768D,0.5
ID_112C23C80D,0.5
ID_DDD4E293B8,0.5
ID_53F8093176,0.5
ID_4A2EA7B1A9,0.5
ID_4976BDE25F,0.5
ID_1D87C6FB9B,0.5
ID_AB68E86D86,0.5
ID_AB4D42A094,0.5
ID_C2EB67DA25,0.5
ID_D860DDC7F5,0.5
ID_86694980BF,0.5
ID_C49CE5DD55,0.5
ID_8276D8E817,0.5
ID_E27C9D8EA6,0.5
ID_784CC8843F,0.5
ID_D1C6A3A871,0.5
ID_D039C40666,0.5
ID_51E0B48603,0.5
ID_5297A024A9,0.5
ID_2DC16FA2FD,0.5
ID_0830AE8624,0.5
ID_E827F99668,0.5
ID_9362F34965,0.5
ID_77A353CB29,0.5
ID_59ED77E42F,0.5
ID_36BF9DEC2F,0.5
ID_3FF3234D15,0.5
ID_3A9BA332B5,0.5
ID_8720951803,0.5
ID_8049D1E759,0.5
ID_FF05365B9A,0.5
ID_0BFB0757F0,0.5
ID_F64C393EB1,0.5
ID_7BB220A0D0,0.5
ID_CB95B47E18,0.5
ID_1175069F93,0.5
ID_D5EC6CAB01,0.5
ID_94D760D3D8,0.5
ID_58039B8FF4,0.5
ID_A6FCC425FB,0.5
ID_B3F22C1A9E,0.5
ID_1566F00CE2,0.5
ID_58778C5DE9,0.5
ID_2E2D73EDC1,0.5
ID_F09F9380E5,0.5
ID_A6FC4E3211,0.5
ID_9F887FED6C,0.5
ID_BF272E55C0,0.5
ID_238136AB75,0.5
ID_665DB8016F,0.5
ID_9A1BA2A0C5,0.5
ID_63D0CC13B1,0.5
ID_1805F28246,0.5
ID_2F2464EC88,0.5
ID_A2164A5548,0.5
ID_93A185FE29,0.5
ID_D6F2A35481,0.5
ID_61962B5876,0.5
ID_1162079273,0.5
ID_BA2FC8D2C3,0.5
ID_82321F252D,0.5
ID_6AF3F5BC59,0.5
ID_F700924546,0.5
ID_1BD6A9DFE3,0.5
ID_3446E3EE5B,0.5
ID_A8C83F7EBD,0.5
ID_A5A63B2D1D,0.5
ID_CC02B47819,0.5
ID_4A586F351C,0.5
ID_BCC2D4CABA,0.5
ID_5F7E5B231E,0.5
ID_FECB188C54,0.5
ID_B2118A5A59,0.5
ID_5C27BB949B,0.5
ID_8BCB3B93EE,0.5
ID_857FA8492F,0.5
ID_907C758425,0.5
ID_BD6601B532,0.5
ID_F4EF007B59,0.5
ID_337E9A23FD,0.5
ID_B04468F8E9,0.5
ID_6FD4562D86,0.5
ID_F0CB51B440,0.5
ID_50900B5D2A,0.5
ID_62CBB3C314,0.5
ID_9BB9FAA350,0.5
ID_267E8CD813,0.5
ID_E6605E8151,0.5
ID_B8123353D3,0.5
ID_01E872E54C,0.5
ID_B58DCF5A4F,0.5
ID_0139AE043B,0.5
ID_17A1BF8D87,0.5
ID_F2CD2A01E3,0.5
ID_E7F22382B3,0.5
ID_0DCF415DF4,0.5
ID_8C4B15B677,0.5
ID_2E0D73F0C3,0.5
ID_B6210452EB,0.5
ID_CA8E8FEBB5,0.5
ID_E92EF22E79,0.5
ID_68EF85D753,0.5
ID_7F57840D7A,0.5
ID_D179937DCA,0.5
ID_DEC1F70FC5,0.5
ID_FAF1C5F687,0.5
ID_C710BCDC4F,0.5
ID_75CDE5BA54,0.5
ID_E9BF93FD42,0.5
ID_EB387FF170,0.5
ID_2A43ABA201,0.5
ID_0DE65FF5F9,0.5
ID_57E37CFCD4,0.5
ID_4182BC77EC,0.5
ID_329951440C,0.5
ID_0BFE88D6F2,0.5
ID_5C345DD870,0.5
ID_0A0535D3FC,0.5
ID_1DB163504C,0.5
ID_B253861A4E,0.5
ID_FC05CE9A27,0.5
ID_ACA3C6A844,0.5
ID_501DEA986A,0.5
ID_810343CF2A,0.5
ID_1F6152F64A,0.5
ID_6E860A6635,0.5
ID_2B7908CA2B,0.5
ID_999BE82E12,0.5
ID_A05CDD6A74,0.5
ID_22F85AF1CD,0.5
ID_CE0EAA6AAD,0.5
ID_785F7D06AF,0.5
ID_481F23FE21,0.5
ID_6415073E70,0.5
ID_EA37576349,0.5
ID_EA79818D47,0.5
ID_C2920ADDDF,0.5
ID_BDCACAADF9,0.5
ID_E5C0075F6C,0.5
ID_538D26477A,0.5
ID_747A61E115,0.5
ID_01FEF3885C,0.5
ID_A291156651,0.5
ID_9516014213,0.5
ID_D9E719B612,0.5
ID_296629C24E,0.5
ID_DB4D48D52C,0.5
ID_65E5378AE4,0.5
ID_5484C92544,0.5
ID_7B43F30FFA,0.5
ID_7642C9953E,0.5
ID_D4FA08B02F,0.5
ID_8DD0B7F5AD,0.5
ID_B01FB5CF88,0.5
ID_A7DA0CEDDF,0.5
ID_D8717CBCB3,0.5
ID_BDE6578563,0.5
ID_E2B2630F52,0.5
ID_5F6D74616F,0.5
ID_AF7D84687A,0.5
ID_ABFED3B5E2,0.5
ID_350CDBF0D5,0.5
ID_CC11AA39E1,0.5
ID_4CF07C3C7C,0.5
ID_00E05D9A54,0.5
ID_DD5B401A86,0.5
ID_EF758C63F7,0.5
ID_5472621A52,0.5
ID_77BFE5B247,0.5
ID_F0A9DA59E2,0.5
ID_B727A12CFB,0.5
ID_99A4608F8E,0.5
ID_FABE111158,0.5
ID_F4D75451A2,0.5
ID_F2C7CB521B,0.5
ID_9E795393CB,0.5
ID_9A2EEA48E2,0.5
ID_2DA99FC4D9,0.5
ID_443357E72F,0.5
ID_4DD182AF91,0.5
ID_3F9FDC0F3F,0.5
ID_6100193D26,0.5
ID_69893767D8,0.5
ID_6025B8DFB8,0.5
ID_372BFB643F,0.5
ID_927CE2C07F,0.5
ID_9600B20897,0.5
ID_28DB832620,0.5
ID_46310A04D0,0.5
ID_19F814B670,0.5
ID_68149B69E0,0.5
ID_D57467FE06,0.5
ID_FCECD41B4E,0.5
ID_2327D86634,0.5
ID_C97801703A,0.5
ID_D5F2B3F222,0.5
ID_75724C9D8C,0.5
ID_4C31244CC6,0.5
ID_0EFE43EB27,0.5
ID_2C68B1638A,0.5
ID_A4761121CC,0.5
ID_0CDC334452,0.5
ID_C35B84DD46,0.5
ID_DF8EEEC13B,0.5
ID_267931F80A,0.5
ID_1DA9D6955F,0.5
ID_083B4E9920,0.5
ID_B887DE8011,0.5
ID_8BD4F5242E,0.5
ID_5ABADDAC72,0.5
ID_925C358A8C,0.5
ID_A64BFC6CFF,0.5
ID_49FBCD24EC,0.5
ID_48E36096C5,0.5
ID_2CF659F77D,0.5
ID_EA65263DBF,0.5
ID_AD7ED7B272,0.5
ID_3BB05D0EEA,0.5
ID_5943645662,0.5
ID_39CDF54FB3,0.5
ID_D6085D10BD,0.5
ID_D0379368E9,0.5
ID_4D0EB91A81,0.5
ID_D289E9C688,0.5
ID_DF904506CA,0.5
ID_39269CADD8,0.5
ID_8335E600A7,0.5
ID_2C9063D855,0.5
ID_32643FE235,0.5
ID_85B0A9148B,0.5
ID_2D0DF94C85,0.5
ID_013DE399E5,0.5
ID_635F428FFA,0.5
ID_C1C98F8CFB,0.5
ID_5D785CC7F8,0.5
ID_927D889AD8,0.5
ID_23EF28563C,0.5
ID_5210B49E80,0.5
ID_B73BEB0D82,0.5
ID_057C4A7FC6,0.5
ID_1873C12BE1,0.5
ID_DBD3467D65,0.5
ID_7AFC7B73E5,0.5
ID_371A0E720E,0.5
ID_C8FC713A9A,0.5
ID_1A8CE8CDAE,0.5
ID_EFB84AAFAB,0.5
ID_A108BC67BE,0.5
ID_EC8851385A,0.5
ID_79553754C3,0.5
ID_B1412F955B,0.5
ID_3A185DD29A,0.5
ID_86F2285C98,0.5
ID_E03EA9868B,0.5
ID_C5418EB688,0.5
ID_D35EF95368,0.5
ID_FC7F41D0AB,0.5
ID_54773A1C7D,0.5
ID_1B194A9433,0.5
ID_C5728D20FE,0.5
ID_4DCA9254D7,0.5
ID_27C8E18913,0.5
ID_31219ECF0F,0.5
ID_D125868786,0.5
ID_B8776DEC68,0.5
ID_4BD510A32B,0.5
ID_F92CBEB4D9,0.5
ID_A5310CBC4B,0.5
ID_BEC4BC5843,0.5
ID_80CB232172,0.5
ID_6B421F179A,0.5
ID_89F4FDA7F0,0.5
ID_E59DA0D9B8,0.5
ID_4305E72661,0.5
ID_355A9DB78A,0.5
ID_9AC6F1E9E5,0.5
ID_F1E923AA1F,0.5
ID_BC60727EF3,0.5
ID_DFB969E72E,0.5
ID_8F793925CA,0.5
ID_1E881BF37B,0.5
ID_4C3ECC544C,0.5
ID_278CF6CB06,0.5
ID_3856774AB9,0.5
ID_855B247DF3,0.5
ID_AF3820C7DB,0.5
ID_1223141142,0.5
ID_067C7071E3,0.5
ID_5F883D612F,0.5
ID_F4325558B1,0.5
ID_7B423815B9,0.5
ID_FEB564895E,0.5
ID_B61223AD94,0.5
ID_2C6AE6BA3C,0.5
ID_3274159384,0.5
ID_59A8E9939B,0.5
ID_A6592C89F1,0.5
ID_20FF9A71AC,0.5
ID_2970D1F1E6,0.5
ID_7881AB5498,0.5
ID_027CAE2248,0.5
ID_F2B3F7F0D9,0.5
ID_5AAC000BE4,0.5
ID_E3D2BFF86C,0.5
ID_C839032514,0.5
ID_1DDF6895F0,0.5
ID_6E365CCA0E,0.5
ID_410800CEBE,0.5
ID_8B80CEB4F5,0.5
ID_C3D129E150,0.5
ID_42CE22E6F8,0.5
ID_8A7021AE30,0.5
ID_B27E812135,0.5
ID_74B86CBA16,0.5
ID_C129493472,0.5
ID_8F9006136F,0.5
ID_4D580DB116,0.5
ID_A3693FAF17,0.5
ID_246FF76049,0.5
ID_B510989BC2,0.5
ID_A44D5851FC,0.5
ID_C9346F833B,0.5
ID_AEDCDE16A6,0.5
ID_1FAAF586CF,0.5
ID_DBDD3D58DF,0.5
ID_E7D5CDCA62,0.5
ID_359B3FCEB9,0.5
ID_7271144B72,0.5
ID_8FE616CF58,0.5
ID_BD8BB812F3,0.5
ID_4AC95D41AE,0.5
ID_14B93B677F,0.5
ID_A1BDCC7B9A,0.5
ID_76E65613D1,0.5
ID_476280E840,0.5
ID_14A742F397,0.5
ID_6E64368EC8,0.5
ID_F570C04925,0.5
ID_D26CF5CC5B,0.5
ID_9C01F7CA7C,0.5
ID_E08C9FFC97,0.5
ID_15F8446E53,0.5
ID_D52A5048F8,0.5
ID_5BC7F6FBB1,0.5
ID_B37D3187AA,0.5
ID_CE47E27B86,0.5
ID_28ADBB04C9,0.5
ID_9B2DCFBAA9,0.5
ID_082E18DF2C,0.5
ID_47B935703B,0.5
ID_77175A9A1B,0.5
ID_EF1A11AE22,0.5
ID_FA9D324D35,0.5
ID_3B5E84A040,0.5
ID_2F145653D0,0.5
ID_92B100A319,0.5
ID_CE48B78E83,0.5
ID_72729DA950,0.5
ID_528D575E81,0.5
ID_4FD6B878FA,0.5
ID_9A297D8D95,0.5
ID_EF2079A7F4,0.5
ID_49FB863F98,0.5
ID_E36FED500B,0.5
ID_2FD9C0DA77,0.5
ID_FB734F8098,0.5
ID_325C42F7C9,0.5
ID_E59802BFCA,0.5
ID_4064EC5671,0.5
ID_82039756A6,0.5
ID_A5159FA196,0.5
ID_DB50747443,0.5
ID_DF7CC7B6D4,0.5
ID_4DF45BFA89,0.5
ID_6BEFACAF3C,0.5
ID_542A72BB11,0.5
ID_663C5A0820,0.5
ID_0BD4FD81D5,0.5
ID_AF7F283758,0.5
ID_CBB7B02FBC,0.5
ID_B4F3AB792A,0.5
ID_6DF425BE81,0.5
ID_2AD7D638D3,0.5
ID_26F8F7B772,0.5
ID_6157D1F429,0.5
ID_4415292983,0.5
ID_89AABF19D9,0.5
ID_66684412B7,0.5
ID_B9E28A59F4,0.5
ID_44D3C96031,0.5
ID_D38A64F03A,0.5
ID_7FF0CD4EF8,0.5
ID_B5161DF084,0.5
ID_347D839EF8,0.5
ID_652BF1AABA,0.5
ID_A4E796533E,0.5
ID_8B7C426DA9,0.5
ID_1943BC6967,0.5
ID_192D0A6AFE,0.5
ID_730B777712,0.5
ID_803E14F082,0.5
ID_B924E534D5,0.5
ID_33A785371C,0.5
ID_AD4FD51168,0.5
ID_5B52D1BE46,0.5
ID_8A28D2CD56,0.5
ID_1E2CBCEC12,0.5
ID_1C618009D4,0.5
ID_1E25F7DC52,0.5
ID_5EFA4D4278,0.5
ID_8A4FE04927,0.5
ID_546541A21E,0.5
ID_0BF5327204,0.5
ID_4FB48A677F,0.5
ID_D99C222D90,0.5
ID_7D318A31BF,0.5
ID_6206EA9E7E,0.5
ID_77FD0FDCDC,0.5
ID_B4D12221C8,0.5
ID_AD2691BC88,0.5
ID_D9030D32A6,0.5
ID_41340856ED,0.5
ID_E9375ECD9C,0.5
ID_C97C70899D,0.5
ID_C571DE2E0E,0.5
ID_E0AB461B3A,0.5
ID_79672C9CB3,0.5
ID_CBB09FD971,0.5
ID_4A0D905636,0.5
ID_D02430405D,0.5
ID_92D6AD1BDA,0.5
ID_D820B07FE6,0.5
ID_8D28D57A74,0.5
ID_D6DB804D90,0.5
ID_50C54BE00C,0.5
ID_1EFC12F4E9,0.5
ID_41D2B7903F,0.5
ID_1F0AD25DA1,0.5
ID_9315C289B0,0.5
ID_B0A0B830FF,0.5
ID_CA8D8C0170,0.5
ID_25F6FED7E9,0.5
ID_07AD696348,0.5
ID_5BA358B54E,0.5
ID_C08DE0320A,0.5
ID_B2D9EAFF79,0.5
ID_43DE0690A1,0.5
ID_B49EC79AD0,0.5
ID_54AFDEA3FC,0.5
ID_C0BC4F7AD8,0.5
ID_B8641FC389,0.5
ID_BB2A41D5B6,0.5
ID_4CFCE78949,0.5
ID_6AE1D0B4F4,0.5
ID_AA3B9229BD,0.5
ID_B709D8D02C,0.5
ID_E97A236CEB,0.5
ID_772B74EAE8,0.5
ID_E43930AFE3,0.5
ID_850F38299D,0.5
ID_ADA9AA7B1E,0.5
ID_9422D5D8B6,0.5
ID_352FE84A29,0.5
ID_87B187A6EE,0.5
ID_32DF875D05,0.5
ID_05C0D65B7B,0.5
ID_9047215F86,0.5
ID_BE047D40EE,0.5
ID_07152E31D7,0.5
ID_53A4EC10ED,0.5
ID_66574684B6,0.5
ID_4337174C68,0.5
ID_839D0FD476,0.5
ID_5757549A90,0.5
ID_F047EA4B38,0.5
ID_286F4DBE20,0.5
ID_16E90C8458,0.5
ID_E8ED79CF53,0.5
ID_720D7BF855,0.5
ID_E29611C0E2,0.5
ID_003FAE2763,0.5
ID_2DAC6C4C5D,0.5
ID_BD6CF60654,0.5
ID_F6298996D2,0.5
ID_D9089908E5,0.5
ID_420FD00DC6,0.5
ID_3896971030,0.5
ID_8071129583,0.5
ID_20288E41D1,0.5
ID_FCE049FA20,0.5
ID_35BBD6EB4F,0.5
ID_246F8D7758,0.5
ID_54E5F92895,0.5
ID_914464A9DC,0.5
ID_2F7B3ECDF0,0.5
ID_0935F63106,0.5
ID_9BCAE14B83,0.5
ID_503B180D33,0.5
ID_2E5980AD5B,0.5
ID_C4BFBC32CC,0.5
ID_563361EDCA,0.5
ID_AF17D17AFF,0.5
ID_5B43C5E0B5,0.5
ID_9DE107E8FB,0.5
ID_FFFD657A4E,0.5
ID_47CD1D013A,0.5
ID_AA283B57E1,0.5
ID_872810C688,0.5
ID_B6BDA697AA,0.5
ID_024B9C2E66,0.5
ID_14B431B5CB,0.5
ID_669F4D188F,0.5
ID_5187B50951,0.5
ID_A537B16345,0.5
ID_555420583E,0.5
ID_E896A33D41,0.5
ID_12A6F6457F,0.5
ID_31EFD2DC97,0.5
ID_740FAB62C2,0.5
ID_F955DAC374,0.5
ID_60469D389F,0.5
ID_5B00240871,0.5
ID_A8B5BBF3E2,0.5
ID_B2BAF3161B,0.5
ID_F7F41399E8,0.5
ID_8006DB831F,0.5
ID_FE7641E40B,0.5
ID_D6F24A215A,0.5
ID_E82C89F297,0.5
ID_E380553DEF,0.5
ID_0B70103D93,0.5
ID_CAE3E10AE8,0.5
ID_8E7E1AA4B2,0.5
ID_D28AB20F03,0.5
ID_362F740281,0.5
ID_00A4AA3911,0.5
ID_7D593FAB00,0.5
ID_DD507F6BDF,0.5
ID_1954617238,0.5
ID_B834032AC7,0.5
ID_545FD8FAEF,0.5
ID_B1F42C39C4,0.5
ID_893BE0EBBF,0.5
ID_A9FC58B195,0.5
ID_E348C497DC,0.5
ID_4F1068C68C,0.5
ID_7C644AFD1F,0.5
ID_A094FC28AA,0.5
ID_C347A24B5C,0.5
ID_599111186F,0.5
ID_64AFD64784,0.5
ID_102E8A6A3C,0.5
ID_C066345D5F,0.5
ID_26FC2CDCDD,0.5
ID_ABFB70575E,0.5
ID_8FD5F20278,0.5
ID_0BCF5AF88D,0.5
ID_900218ADA0,0.5
ID_B869085EF8,0.5
ID_31AE7A5872,0.5
ID_6E659CF1BB,0.5
ID_AC9A190B75,0.5
ID_E8FFA4D894,0.5
ID_77E9977597,0.5
ID_2C427BA3F7,0.5
ID_87A4C160DD,0.5
ID_9639973730,0.5
ID_E3EE43C337,0.5
ID_25A2C32CE3,0.5
ID_34E999487A,0.5
ID_BAD03531EF,0.5
ID_D519D8B98C,0.5
ID_CAE0DCD560,0.5
ID_B973A0FEA2,0.5
ID_7F3659B0E0,0.5
ID_04F9161C09,0.5
ID_490B48B402,0.5
ID_2046150E2B,0.5
ID_D8F8D49F02,0.5
ID_0FEFE56CCD,0.5
ID_81524246F6,0.5
ID_BBBB934450,0.5
ID_0510AB0AE6,0.5
ID_9D55352CF3,0.5
ID_E62352026E,0.5
ID_A2586EC489,0.5
ID_7DF590A0B2,0.5
ID_75546FC503,0.5
ID_0B79926C93,0.5
ID_3EFC0BE40C,0.5
ID_A76E792AC4,0.5
ID_8A7F08B68F,0.5
ID_C8A80B4B30,0.5
ID_570EFB3939,0.5
ID_79DC38E521,0.5
ID_F8F8A64306,0.5
ID_6B6704D5CD,0.5
ID_D594E3B595,0.5
ID_6A90D3B406,0.5
ID_E8BB420DDC,0.5
ID_38EFC1B09D,0.5
ID_19BE968400,0.5
ID_28362FAA1B,0.5
ID_BAEA2345C9,0.5
ID_F104455C43,0.5
ID_674F895035,0.5
ID_37EAECD035,0.5
ID_A43A3E6EFF,0.5
ID_A3A743C70E,0.5
ID_15C08B772A,0.5
ID_F76BDB7281,0.5
ID_9A2A2F0E4C,0.5
ID_E3FFDDFB4E,0.5
ID_3B15647388,0.5
ID_4B9F99C60C,0.5
ID_2A3C285CF4,0.5
ID_CBCEA15834,0.5
ID_9AF722F847,0.5
ID_94D7A2F2DF,0.5
ID_28A2F9EC4F,0.5
ID_7BA40A1704,0.5
ID_AFF63E16A2,0.5
ID_7910F034B5,0.5
ID_804BD23B1F,0.5
ID_0206343FD7,0.5
ID_0C08FC0076,0.5
ID_08D9E84AC2,0.5
ID_47B6EBE550,0.5
ID_33C4FCAC97,0.5
ID_09504D8496,0.5
ID_55FA63B8B5,0.5
ID_8616F741E4,0.5
ID_C6FF14817B,0.5
ID_D1EF688B62,0.5
ID_239A7B793B,0.5
ID_447F2499FB,0.5
ID_268CE99C85,0.5
ID_6471C36333,0.5
ID_3CBA508097,0.5
ID_1F34D6B6F3,0.5
ID_22E3E3BF23,0.5
ID_BEE6DD784D,0.5
ID_96DDD1E68B,0.5
ID_F3E41C5835,0.5
ID_A860337459,0.5
ID_2C8B5BF7C9,0.5
ID_F92DBB5706,0.5
ID_B236BB6A7B,0.5
ID_488AE2E55D,0.5
ID_3B85AC39F4,0.5
ID_506D029F03,0.5
ID_05D7B9BC5D,0.5
ID_1AB6911981,0.5
ID_54B666D551,0.5
ID_1F89E5AD09,0.5
ID_07F9C063A9,0.5
ID_34BD6E5E95,0.5
ID_BB4EA87B85,0.5
ID_A77816B04A,0.5
ID_E002DA7062,0.5
ID_C574737AF2,0.5
ID_A3807A2D10,0.5
ID_7821943F12,0.5
ID_433846BE1D,0.5
ID_C1972DB286,0.5
ID_E1C75B663B,0.5
ID_9DF4E0622C,0.5
ID_9B59B831EA,0.5
ID_ABF8E97E1B,0.5
ID_32660D01A4,0.5
ID_D8A9553743,0.5
ID_787D5DBBD3,0.5
ID_350D075766,0.5
ID_840DB95FA9,0.5
ID_DCB0F4D1B9,0.5
ID_E2ADF5C544,0.5
ID_5BBAAE2E49,0.5
ID_7EBC24EFCA,0.5
ID_2D803AAC62,0.5
ID_0DA0D03187,0.5
ID_8480E89E69,0.5
ID_DA338F302D,0.5
ID_D345D23BCD,0.5
ID_8D8F32B410,0.5
ID_84A868D8C6,0.5
ID_A8C52D97C6,0.5
ID_75A46AC096,0.5
ID_691A54C318,0.5
ID_C0B31D9278,0.5
ID_3F292D1DFA,0.5
ID_4B1E713743,0.5
ID_A0C9DD0AFE,0.5
ID_1D45761611,0.5
ID_87CE80972D,0.5
ID_09911AC6C0,0.5
ID_34466E7B42,0.5
ID_6D6C196B4A,0.5
ID_8EDA8D2929,0.5
ID_C81ADD554C,0.5
ID_553CD51E5E,0.5
ID_D7A666D5A2,0.5
ID_59832DBC7D,0.5
ID_AAD46EE359,0.5
ID_A15395DAC7,0.5
ID_317B79612A,0.5
ID_1DFE517931,0.5
ID_8986A513EB,0.5
ID_2B175B8EE1,0.5
ID_7733A6C0D9,0.5
ID_95A60AF982,0.5
ID_FC47F6CFD0,0.5
ID_7A7AD1C366,0.5
ID_731B2C4CE8,0.5
ID_B6ECB4113F,0.5
ID_26956AAEEC,0.5
ID_02A5595B55,0.5
ID_6A56A9F549,0.5
ID_4E200F01B6,0.5
ID_73F64626FD,0.5
ID_25926B9062,0.5
ID_1CDBE1F504,0.5
ID_3FB6D169B2,0.5
ID_3E14E3A15B,0.5
ID_CD576609EB,0.5
ID_052846C0BF,0.5
ID_3DF8210FAC,0.5
ID_67085F9B23,0.5
ID_33F2EE8EB1,0.5
ID_64AA1F0497,0.5
ID_899C4A27B7,0.5
ID_A84B10154A,0.5
ID_3A2B90ECD3,0.5
ID_6C18EE3173,0.5
ID_06045EB6F8,0.5
ID_964544E952,0.5
ID_7DF4F9BF73,0.5
ID_A8AFD868C2,0.5
ID_DC3B4514BA,0.5
ID_4BED89C087,0.5
ID_89C6ED2E33,0.5
ID_94503BFD48,0.5
ID_8B614BB609,0.5
ID_00EEC539D6,0.5
ID_098B36B5E7,0.5
ID_AC8E7F8F0B,0.5
ID_D30F176FF0,0.5
ID_2103657306,0.5
ID_9A5517A493,0.5
ID_A32679117A,0.5
ID_7A12EECFB1,0.5
ID_CE0742B2CF,0.5
ID_0910F42602,0.5
ID_009765E05C,0.5
ID_3C7D833E5E,0.5
ID_457315A70B,0.5
ID_480812042F,0.5
ID_EEC3F9FCFD,0.5
ID_DAD6D95C4F,0.5
ID_6FF2E0884B,0.5
ID_DF221EE87A,0.5
ID_1ACDE2877C,0.5
ID_ED0EDD4F13,0.5
ID_FAF85DBB27,0.5
ID_DB271CFB51,0.5
ID_02E30DC451,0.5
ID_CE703B2987,0.5
ID_D1E599E9F4,0.5
ID_425D30A59D,0.5
ID_8DDD47485C,0.5
ID_C0DE53A544,0.5
ID_4F8EDECC4B,0.5
ID_A173A7C5A7,0.5
ID_B96B4EDE71,0.5
ID_D54FBDD595,0.5
ID_DF266671AB,0.5
ID_3AFC58CDF4,0.5
ID_F20739778C,0.5
ID_67456156C7,0.5
ID_F4953AA379,0.5
ID_5EAC1068E0,0.5
ID_AE7B9759E4,0.5
ID_A2161E85D3,0.5
ID_BC75D623FA,0.5
ID_40AA0A17F1,0.5
ID_D2CAA96CB5,0.5
ID_AD9AAA2FEF,0.5
ID_A67A50C41C,0.5
ID_026EFC67AA,0.5
ID_18891C878A,0.5
ID_E651FA1AC5,0.5
ID_974918A119,0.5
ID_C77FF41219,0.5
ID_3E936EF175,0.5
ID_B63B5A0701,0.5
ID_8CCB67F7B1,0.5
ID_E9EA5546FB,0.5
ID_E9C1023FF0,0.5
ID_9B90A7B4EA,0.5
ID_2262F07F85,0.5
ID_66AA2B624D,0.5
ID_E242F11B60,0.5
ID_EBCE8D8FFB,0.5
ID_D311BCB057,0.5
ID_0388FA8C2F,0.5
ID_4AFEFA0C6A,0.5
ID_0FDCB28120,0.5
ID_BD289228AC,0.5
ID_CA109BDA5B,0.5
ID_C1B7D29602,0.5
ID_02671BA061,0.5
ID_AF7CC3F4A2,0.5
ID_C8F8B97B4E,0.5
ID_5464B92B94,0.5
ID_7C9F53DE22,0.5
ID_EE15D891D7,0.5
ID_8F47554119,0.5
ID_6FA32F9F5F,0.5
ID_CFC6529F3A,0.5
ID_0488B76AFC,0.5
ID_1602AADCC9,0.5
ID_4789A78D31,0.5
ID_23C1165F5D,0.5
ID_5554AF425C,0.5
ID_B2CC5A437F,0.5
ID_6D39152768,0.5
ID_76830F5154,0.5
ID_5018C7403C,0.5
ID_F29A7D2FD2,0.5
ID_E4BA075F1F,0.5
ID_290553B739,0.5
ID_CCEA2815B9,0.5
ID_AE4399F2BA,0.5
ID_B82BDEC8B8,0.5
ID_2657C41BA5,0.5
ID_1C40FBEC2F,0.5
ID_9A08777BE5,0.5
ID_3AEA623E3E,0.5
ID_CC7BBD9C1B,0.5
ID_D88C4ABFB9,0.5
ID_C7A709E852,0.5
ID_86E850B3C6,0.5
ID_31079916CF,0.5
ID_D2B384369C,0.5
ID_45AE6D51E3,0.5
ID_5D6A76D56F,0.5
ID_5142D8D4DB,0.5
ID_8AC82D8E47,0.5
ID_895B1F8DF6,0.5
ID_C44558946F,0.5
ID_8E97EC8893,0.5
ID_0D04630AE6,0.5
ID_F039631CC1,0.5
ID_255CAA6323,0.5
ID_EC0232AAB6,0.5
ID_EF82AF1B36,0.5
ID_A19B549229,0.5
ID_8CF18DF292,0.5
ID_F6854AB4BD,0.5
ID_3802D2C0BF,0.5
ID_C23D6571AE,0.5
ID_3126C79C21,0.5
ID_327B791BA4,0.5
ID_3E155D69AA,0.5
ID_85CFEA962C,0.5
ID_9D1549C70D,0.5
ID_C966435BCD,0.5
ID_62A36726C6,0.5
ID_F2B02668BF,0.5
ID_E9BDF1B549,0.5
ID_45C77599EF,0.5
ID_98A8C5C61A,0.5
ID_9613190D6E,0.5
ID_D8404DE008,0.5
ID_BF6DD0258A,0.5
ID_292C1AAD7A,0.5
ID_C0B04E4A5E,0.5
ID_12018CD5A5,0.5
ID_43FD21D785,0.5
ID_831D49AFDC,0.5
ID_6AF59B474B,0.5
ID_3C93CD69B3,0.5
ID_70076D993A,0.5
ID_3D9F53324E,0.5
ID_B67FA84B69,0.5
ID_F3E3B6214A,0.5
ID_0C932ACC62,0.5
ID_9FD7B66C95,0.5
ID_7787792C7D,0.5
ID_DD0E4C3461,0.5
ID_5E3B3DDE0E,0.5
ID_B4FB1EBF97,0.5
ID_2D305FEC62,0.5
ID_0522E71720,0.5
ID_28CCAEE2E4,0.5
ID_D0115A4954,0.5
ID_7D8F60B191,0.5
ID_90ED583659,0.5
ID_C68E9CD333,0.5
ID_48C9DBA1BE,0.5
ID_B4F0CFCA71,0.5
ID_E5FBB4359A,0.5
ID_B1EC5B1A02,0.5
ID_F310F25407,0.5
ID_6BC2B10727,0.5
ID_0017E9F236,0.5
ID_CA1EEC915E,0.5
ID_38ED1BD6A2,0.5
ID_24E3B0094A,0.5
ID_8C784EA778,0.5
ID_A2718479E0,0.5
ID_BB287A301E,0.5
ID_A743C7AB37,0.5
ID_8E44EC7B30,0.5
ID_15F5C36CB7,0.5
ID_FC74F65545,0.5
ID_FCCB05DAD2,0.5
ID_0C4F6A6F64,0.5
ID_4278913B70,0.5
ID_9BCBD2BF80,0.5
ID_6EF0B55EA1,0.5
ID_E06229A71A,0.5
ID_716612F873,0.5
ID_8657243A74,0.5
ID_A7C37F2EA3,0.5
ID_81D6E31B44,0.5
ID_98CF9EB7E3,0.5
ID_7A20749A3A,0.5
ID_68046769E3,0.5
ID_AF6D547AEE,0.5
ID_546284D116,0.5
ID_B6EF9510F0,0.5
ID_9F52E7D814,0.5
ID_5E42534A08,0.5
ID_0F79B1D05F,0.5
ID_60794D6B7F,0.5
ID_8396074B86,0.5
ID_B115068BFC,0.5
ID_6BE6979BEA,0.5
ID_97FB68351F,0.5
ID_99BE8BA945,0.5
ID_EE1B490969,0.5
ID_8B8D520279,0.5
ID_CC1E778640,0.5
ID_AD22692E88,0.5
ID_0D0E9F7982,0.5
ID_B97EACE897,0.5
ID_CFF284D6AA,0.5
ID_D4D455E1EE,0.5
ID_5D5D101753,0.5
ID_0A51BF37A0,0.5
ID_A9C3E84971,0.5
ID_35CEACEFDA,0.5
ID_D325711CC3,0.5
ID_B4DEA65BCD,0.5
ID_8C6D9C8EA5,0.5
ID_F8668F3AC8,0.5
ID_A2946AB9DB,0.5
ID_66CE05CFBD,0.5
ID_797F6F40BC,0.5
ID_A442ACB186,0.5
ID_F076AE9CBE,0.5
ID_E567ADFAF1,0.5
ID_67E1554067,0.5
ID_C1D9BE71A8,0.5
ID_882D5D1C72,0.5
ID_895D1A81E8,0.5
ID_2526A31600,0.5
ID_47C0D2A847,0.5
ID_8D85EDAF2E,0.5
ID_27C6D81A7D,0.5
ID_110BA7EDBF,0.5
ID_5F3DC87EAC,0.5
ID_2232E0BF59,0.5
ID_511946AC7E,0.5
ID_4AD9482F08,0.5
ID_D75FB37D77,0.5
ID_6B40DDB5F8,0.5
ID_86E7D7B6E1,0.5
ID_D081916011,0.5
ID_5A674F0E96,0.5
ID_573E924269,0.5
ID_DC0A7A7BFA,0.5
ID_642D7FF6E7,0.5
ID_6DD797FA2C,0.5
ID_C1FFE48254,0.5
ID_8124A45BEB,0.5
ID_95A07EF252,0.5
ID_FBF54AE45F,0.5
ID_ECD34ECE7C,0.5
ID_CACF3DA4BC,0.5
ID_1A4D810CAE,0.5
ID_1A8CD59629,0.5
ID_DBAB1EC888,0.5
ID_F716142970,0.5
ID_B529E6D9BB,0.5
ID_76A09D8EA5,0.5
ID_49AD599A3A,0.5
ID_F13F08DA75,0.5
ID_8F3D514C34,0.5
ID_ED50CDE79F,0.5
ID_86816351B5,0.5
ID_863B6A2A79,0.5
ID_F7CD2C7A70,0.5
ID_7C8357D0E7,0.5
ID_B8FA5FDDC8,0.5
ID_474C961CB3,0.5
ID_3E1698ABB4,0.5
ID_B16B4BA1A7,0.5
ID_5B5EF9C6D0,0.5
ID_92E04AFFAC,0.5
ID_6580C0018A,0.5
ID_7A9772CFD7,0.5
ID_33EF45DDDF,0.5
ID_E35BF3BF67,0.5
ID_AF2D8F41F1,0.5
ID_2FE869222E,0.5
ID_9A44DB05EE,0.5
ID_3E8DE89A19,0.5
ID_2E77689EB2,0.5
ID_4775D90665,0.5
ID_437348E744,0.5
ID_22897F2CD2,0.5
ID_0987C51CF5,0.5
ID_EF432FA808,0.5
ID_1CC16E6F51,0.5
ID_20C93428CD,0.5
ID_ADE3B6BE9E,0.5
ID_F2C00F96AE,0.5
ID_AA14DD3D6D,0.5
ID_B6B3C7BD56,0.5
ID_2CE1763856,0.5
ID_D04A6BC554,0.5
ID_A818C4248F,0.5
ID_6EBA79D880,0.5
ID_D88FC56B44,0.5
ID_FAA27C0F34,0.5
ID_FB29133A69,0.5
ID_A465FBE913,0.5
ID_5392117861,0.5
ID_B8922EC936,0.5
ID_62CAEA1DAE,0.5
ID_47E5F55F40,0.5
ID_1CD4BA75E4,0.5
ID_9DBF4D3DFE,0.5
ID_E7B2E87618,0.5
ID_72CDE5142C,0.5
ID_F5FECD4667,0.5
ID_C980FADB43,0.5
ID_4F4F66B4A8,0.5
ID_0E39885124,0.5
ID_719DBCF209,0.5
ID_7F8145E5E9,0.5
ID_47FF1F280B,0.5
ID_8190157073,0.5
ID_37274CF6B0,0.5
ID_F8C6432405,0.5
ID_CEAF9416A7,0.5
ID_D0C8170705,0.5
ID_A70B86D313,0.5
ID_3924DF68CB,0.5
ID_EE4EF742EB,0.5
ID_E5117EBAB2,0.5
ID_DF61CF19B7,0.5
ID_A5647CAC38,0.5
ID_A7C870A550,0.5
ID_4A93E2BBEE,0.5
ID_7126354496,0.5
ID_C735B7AD00,0.5
ID_4D209775ED,0.5
ID_6119DFD8EB,0.5
ID_8F4BE1D47B,0.5
ID_77823DC2E7,0.5
ID_39E305D19F,0.5
ID_F873354B3A,0.5
ID_9191A35120,0.5
ID_529F8F29F6,0.5
ID_3F8ECAB4D4,0.5
ID_F9AD1CB7D6,0.5
ID_C6B6BB3D98,0.5
ID_DC169B6F99,0.5
ID_7C7FA01BDB,0.5
ID_6B11789643,0.5
ID_70E5F70DF8,0.5
ID_B5140C617C,0.5
ID_2BD16E7CCC,0.5
ID_79B8B9E5BB,0.5
ID_5CC8927381,0.5
ID_65C92319BC,0.5
ID_5F71D760C7,0.5
ID_20A623C1FB,0.5
ID_F6D352C9CE,0.5
ID_640238C0FF,0.5
ID_2893025739,0.5
ID_963A5ED1EC,0.5
ID_79E18BD79B,0.5
ID_60F4F4FCAD,0.5
ID_92411BFC22,0.5
ID_E984A2135D,0.5
ID_40FA1BB2F6,0.5
ID_4E62ACA663,0.5
ID_D61E5431D1,0.5
ID_97269E3763,0.5
ID_B11F186134,0.5
ID_468D278F73,0.5
ID_186778A035,0.5
ID_A4E1AC6AB2,0.5
ID_1F1E54524F,0.5
ID_7758EBFAFF,0.5
ID_2B995C4ECD,0.5
ID_577BAA1F36,0.5
ID_E7B532AEEC,0.5
ID_CF7819D593,0.5
ID_C677EFED1F,0.5
ID_FFCF7F9F60,0.5
ID_5E079FA9A6,0.5
ID_3A92B99C99,0.5
ID_B5214AA1D8,0.5
ID_9B93A008E5,0.5
ID_B0DCF3C513,0.5
ID_64D9CFC7CF,0.5
ID_BD83B5A9C1,0.5
ID_65D7622B06,0.5
ID_F5FDD26C06,0.5
ID_D2B3571B9B,0.5
ID_B9CB0C4C24,0.5
ID_BBF39F5CF8,0.5
ID_CD5D004712,0.5
ID_2776FEDCAD,0.5
ID_72CB38F9B3,0.5
ID_DE7A3683CF,0.5
ID_4317B1067B,0.5
ID_268FB2B96D,0.5
ID_8FAD943775,0.5
ID_015474C3B0,0.5
ID_EC0D3A9A80,0.5
ID_1DB3B42880,0.5
ID_C2CA25D43A,0.5
ID_A725DA3426,0.5
ID_86D3A7EC8C,0.5
ID_9AAE6DB018,0.5
ID_747DC3A549,0.5
ID_3C767126AD,0.5
ID_8032F9F89E,0.5
ID_840361BF31,0.5
ID_BC7871F5D4,0.5
ID_19B5D1BBAF,0.5
ID_DAA5E9241A,0.5
ID_1F3A9FE852,0.5
ID_6E83ADC7E9,0.5
ID_43DEA48776,0.5
ID_074D951E56,0.5
ID_0C31E1C019,0.5
ID_1CD3DF17ED,0.5
ID_2CCB305BA4,0.5
ID_E949365353,0.5
ID_9212C813AD,0.5
ID_350F06CBFE,0.5
ID_4D1D49F05A,0.5
ID_45910C6605,0.5
ID_F9B926C0E0,0.5
ID_D0E3D683F1,0.5
ID_6EBDBD70B0,0.5
ID_B58188960D,0.5
ID_CDB652D630,0.5
ID_AD5A394CAB,0.5
ID_B79224A662,0.5
ID_F62E18A8AB,0.5
ID_B7E03AC9E4,0.5
ID_168085C71F,0.5
ID_62DB7ED0C0,0.5
ID_8A089DD228,0.5
ID_E9BA9B285B,0.5
ID_02AF2D303B,0.5
ID_2369067386,0.5
ID_6111C9F578,0.5
ID_3BFF67563F,0.5
ID_7CEECB24A0,0.5
ID_77B8FB8B31,0.5
ID_3FA535D06C,0.5
ID_DB3FB698A1,0.5
ID_43132A1B74,0.5
ID_FB6BA7149E,0.5
ID_CE191783D0,0.5
ID_EFC69B8AB2,0.5
ID_5FA0C6E868,0.5
ID_E60632C56A,0.5
ID_6AC7A10A9C,0.5
ID_3F9F8C368C,0.5
ID_F092338883,0.5
ID_EE70D86A08,0.5
ID_EC0D887E88,0.5
ID_A6895FC485,0.5
ID_FE537AFC18,0.5
ID_D63F0AF9DB,0.5
ID_A58F3F67FC,0.5
ID_A0ECC5FEEB,0.5
ID_7A6F369ECC,0.5
ID_6168E8E080,0.5
ID_25C3AFF4DF,0.5
ID_02339B520A,0.5
ID_C61A1E233B,0.5
ID_1FA4962FF4,0.5
ID_730F8CF312,0.5
ID_3ECE30C14A,0.5
ID_AC9F83BF68,0.5
ID_16592ADB7E,0.5
ID_3B5D1C6927,0.5
ID_22EA5F60A9,0.5
ID_173A5E7487,0.5
ID_2A3D7CF30C,0.5
ID_C88E984740,0.5
ID_6A1CDAC489,0.5
ID_8AC2BDE279,0.5
ID_0A7352A79C,0.5
ID_5FD6BFDD0E,0.5
ID_56C37FB0A5,0.5
ID_DF34F68FE8,0.5
ID_463A7C8FAD,0.5
ID_E07DB5B79F,0.5
ID_74703C516D,0.5
ID_AC149F1438,0.5
ID_EDC76C7684,0.5
ID_C69AFBE531,0.5
ID_A0D3417D39,0.5
ID_4A1A73BBD5,0.5
ID_9A0F78D177,0.5
ID_4B20C44B7B,0.5
ID_EE07765A38,0.5
ID_0C7754F59E,0.5
ID_0C56C9189F,0.5
ID_F8691CEA7D,0.5
ID_F54DEE2B5A,0.5
ID_A9A4649610,0.5
ID_C01254CEB1,0.5
ID_793FD41FCB,0.5
ID_82DA1D4A72,0.5
ID_5D0AE1B517,0.5
ID_B2DB06922A,0.5
ID_B2D9AD85D0,0.5
ID_FA49615102,0.5
ID_7CE8C588E3,0.5
ID_DA7DEC19B2,0.5
ID_1EE4AAE038,0.5
ID_4F5453B96E,0.5
ID_72EA5072C3,0.5
ID_A6E1982DBD,0.5
ID_46C1504C2A,0.5
ID_58F155A03C,0.5
ID_B303EC39E2,0.5
ID_4575266226,0.5
ID_D07535D4EF,0.5
ID_24CFCAAD94,0.5
ID_BAD071D7FE,0.5
ID_7FB5DF9FD8,0.5
ID_D3526D88C3,0.5
ID_10740CB58E,0.5
ID_8D32A9A44B,0.5
ID_84DD5C52D3,0.5
ID_9E37CD5C3E,0.5
ID_270C629DFA,0.5
ID_295C3153FF,0.5
ID_A53C823110,0.5
ID_02AD2880BB,0.5
ID_01D4E77404,0.5
ID_A6D235CA4C,0.5
ID_97958B7B48,0.5
ID_73AA3B646E,0.5
ID_22A00945A8,0.5
ID_ED3EA81D7E,0.5
ID_0657F2BD79,0.5
ID_73D590B1F6,0.5
ID_AA903FE1F1,0.5
ID_61BC6BA24E,0.5
ID_96D82EE716,0.5
ID_CE0E8A135D,0.5
ID_27DEF94338,0.5
ID_25E627C3D6,0.5
ID_CAC40A75EC,0.5
ID_2A04C4F2BB,0.5
ID_314B4B661B,0.5
ID_1C52E41601,0.5
ID_0C46576628,0.5
ID_F6AA0062BD,0.5
ID_557FC4A8CB,0.5
ID_01F4A8EF5F,0.5
ID_B67AADCD40,0.5
ID_10CC255E9F,0.5
ID_DE5B22313C,0.5
ID_063DE5143F,0.5
ID_89ECABAD6E,0.5
ID_7B663EAB28,0.5
ID_6268864A2F,0.5
ID_AAD2753923,0.5
ID_9E42DD3256,0.5
ID_8BA33CABA2,0.5
ID_88D8371E44,0.5
ID_BEBEAA3F87,0.5
ID_FE2B535194,0.5
ID_20B74AD27A,0.5
ID_A0ADF65617,0.5
ID_3DB5728511,0.5
ID_57794F076C,0.5
ID_EAB1B24BFB,0.5
ID_197D64AEC4,0.5
ID_2BE6C0D25E,0.5
ID_96F7449ABA,0.5
ID_EC3DEC974F,0.5
ID_39AA171C48,0.5
ID_E72D4CAA81,0.5
ID_AC7E7388B2,0.5
ID_802E755C04,0.5
ID_E7EA2F919F,0.5
ID_C1F9ED83BB,0.5
ID_1B472FB415,0.5
ID_069DE16F02,0.5
ID_D103AC47D6,0.5
ID_85D06B26F7,0.5
ID_AD89A02AEC,0.5
ID_3E58CBC711,0.5
ID_75A26DF4A4,0.5
ID_8809678A9B,0.5
ID_5438A4926E,0.5
ID_97FC81D3DD,0.5
ID_DFE9830E06,0.5
ID_06635D5486,0.5
ID_90B859D9CC,0.5
ID_D9116C85A4,0.5
ID_6FE11DAF33,0.5
ID_AA70151A91,0.5
ID_3DD683127B,0.5
ID_EE7583E165,0.5
ID_A4B1076A77,0.5
ID_3DC35A06E0,0.5
ID_BE49BBAB3A,0.5
ID_AA7B05EBC9,0.5
ID_20FD86B408,0.5
ID_9930755470,0.5
ID_50D9887BFC,0.5
ID_2C20892358,0.5
ID_62BCEEDA5D,0.5
ID_B80176E05F,0.5
ID_4C2A317E17,0.5
ID_41C303347A,0.5
ID_27BE727E69,0.5
ID_5605ECE9A7,0.5
ID_5662914B22,0.5
ID_17C3BB2ABA,0.5
ID_397DD36940,0.5
ID_10F3F7F7CD,0.5
ID_9AF6358D43,0.5
ID_05DCEC622B,0.5
ID_8AF60B6827,0.5
ID_7FE9DB386B,0.5
ID_7C8D3B79B6,0.5
ID_D895E957D5,0.5
ID_FE8A3FD4EA,0.5
ID_EED434FA63,0.5
ID_BEB2BF599D,0.5
ID_442D0093B7,0.5
ID_3493DE3E1C,0.5
ID_E0B66A6106,0.5
ID_546ED3905A,0.5
ID_5A93D64EC9,0.5
ID_2690B0CEED,0.5
ID_3D85EBF8A8,0.5
ID_3CA4792E37,0.5
ID_A1D705335D,0.5
ID_17B4924D1A,0.5
ID_E2DE22D5F1,0.5
ID_D555293C4C,0.5
ID_B67D6AE9A7,0.5
ID_E5DE584C3A,0.5
ID_A440E526AC,0.5
ID_3302A579C4,0.5
ID_3487F5D5D2,0.5
ID_7953A9E394,0.5
ID_F8A00E2EEB,0.5
ID_55CBBEA4D7,0.5
ID_072943A9D5,0.5
ID_65868D0D74,0.5
ID_3B70870E79,0.5
ID_83E1E6577F,0.5
ID_2B0F53C065,0.5
ID_9044DCBE55,0.5
ID_C39B3113D9,0.5
ID_7406D85AFE,0.5
ID_E747BAEC0C,0.5
ID_4E28328CC4,0.5
ID_85AF37D119,0.5
ID_2D82003515,0.5
ID_97DDB966DB,0.5
ID_DDEB7716B3,0.5
ID_686DB81D18,0.5
ID_A1D9D04B32,0.5
ID_57D43EF502,0.5
ID_3BE93FD164,0.5
ID_18C8484F98,0.5
ID_8C6465CD74,0.5
ID_007D904220,0.5
ID_36450DDF31,0.5
ID_1B687259A2,0.5
ID_AF67F0672B,0.5
ID_6657DA1B1A,0.5
ID_87A772E0B0,0.5
ID_3C10B5FECC,0.5
ID_43FCBD6635,0.5
ID_A0ECA6150A,0.5
ID_5A3BFA4C5E,0.5
ID_45B4D410F9,0.5
ID_C1F67B2B55,0.5
ID_1665B6F25A,0.5
ID_EF31C80DC3,0.5
ID_31FE098598,0.5
ID_1CA900F7FC,0.5
ID_36AC1C03F9,0.5
ID_CC5BEDA0A3,0.5
ID_5C941330A8,0.5
ID_D6C871533A,0.5
ID_941CB5E9F1,0.5
ID_68B47E8BBB,0.5
ID_0DC8538303,0.5
ID_85D4539798,0.5
ID_C8DC2F3CED,0.5
ID_984710342D,0.5
ID_F556480D9D,0.5
ID_0819C1353B,0.5
ID_B47FE27076,0.5
ID_BADB9C6497,0.5
ID_C517F68E4A,0.5
ID_9A454F67AC,0.5
ID_022C72E44F,0.5
ID_3CF1ED1842,0.5
ID_B8938695F3,0.5
ID_82074F5EB0,0.5
ID_690D045063,0.5
ID_E9787FDC7B,0.5
ID_4696E967DF,0.5
ID_B2CB22D8D5,0.5
ID_C3ABF43374,0.5
ID_AC7294BD23,0.5
ID_44EB034AFA,0.5
ID_130036FACB,0.5
ID_686B4299A6,0.5
ID_DC07FD3458,0.5
ID_9EF9F06115,0.5
ID_2B11D81FD2,0.5
ID_75205D58C6,0.5
ID_74372CA93E,0.5
ID_3A3990C126,0.5
ID_CF8F681BA0,0.5
ID_C081628296,0.5
ID_5AF9400EE3,0.5
ID_B60C71831D,0.5
ID_F8C1FA0A77,0.5
ID_D2FF292740,0.5
ID_989E6A010A,0.5
ID_48A804F294,0.5
ID_B499AD37DE,0.5
ID_B152A37A1D,0.5
ID_B90D19419D,0.5
ID_8F7593FAA1,0.5
ID_0C86B8C619,0.5
ID_D2B546ADED,0.5
ID_ABB0CD4441,0.5
ID_8B383EF94F,0.5
ID_319BEC2A64,0.5
ID_333D01ECBE,0.5
ID_10B3A6FC71,0.5
ID_35762BA7FB,0.5
ID_980658CE36,0.5
ID_CF69D97560,0.5
ID_43DF0C66EF,0.5
ID_6182003A63,0.5
ID_2EDD93300C,0.5
ID_7ED26984B0,0.5
ID_03B488B9BD,0.5
ID_4BE7BF2E3E,0.5
ID_2EC6D71850,0.5
ID_3FA7FDED9A,0.5
ID_D0AE8F3F87,0.5
ID_7910C0BCFB,0.5
ID_620620FABD,0.5
ID_0EF2708D74,0.5
ID_A91C0D9C00,0.5
ID_859D1C0695,0.5
ID_60C5849000,0.5
ID_473FB3D462,0.5
ID_11945504B3,0.5
ID_3BEFC9A729,0.5
ID_58D4A8E527,0.5
ID_EDE2DBFBAD,0.5
ID_560B1B54E0,0.5
ID_9C7CAA83A3,0.5
ID_41F9F2D72C,0.5
ID_1FC457B8EF,0.5
ID_9C551CE2DA,0.5
ID_032F215E1F,0.5
ID_40E04C39C8,0.5
ID_33308A0313,0.5
ID_D1C614EFD7,0.5
ID_CE3FC6424F,0.5
ID_64526970DB,0.5
ID_BE8537A354,0.5
ID_8E9BF1A01F,0.5
ID_E0CAD02CE5,0.5
ID_47E8D893F3,0.5
ID_E4CDE4B773,0.5
ID_AFC6A4B02E,0.5
ID_8B048D2700,0.5
ID_FC5E96D8C8,0.5
ID_DB1D9FBDBE,0.5
ID_BEA1D764B4,0.5
ID_63377A4CD6,0.5
ID_4365578F13,0.5
ID_CA01511786,0.5
ID_CE7D8D56DC,0.5
ID_27AB4C3983,0.5
ID_78F7F22CE8,0.5
ID_13C9C60299,0.5
ID_195725EB51,0.5
ID_E9F3C9D680,0.5
ID_8EAF4AD5DE,0.5
ID_4F4147A180,0.5
ID_F57AD5049C,0.5
ID_D749C85779,0.5
ID_1130A161DF,0.5
ID_A591F26A84,0.5
ID_FE34CA4D98,0.5
ID_12EE3181BD,0.5
ID_C931015DC5,0.5
ID_D3FFAA75E9,0.5
ID_13447BEC08,0.5
ID_7704FF43F4,0.5
ID_66646A86C2,0.5
ID_8393017799,0.5
ID_DDCDA84677,0.5
ID_1895A54302,0.5
ID_C2ACA55178,0.5
ID_1CBE0EAEAB,0.5
ID_B2ABB54416,0.5
ID_F796F1022E,0.5
ID_9C30268C73,0.5
ID_F9BB4C10F6,0.5
ID_490A7C9F2D,0.5
ID_244A032C51,0.5
ID_3AB1E18859,0.5
ID_46A8925550,0.5
ID_8A483EC635,0.5
ID_1D2E422ECF,0.5
ID_1329C977B0,0.5
ID_F4E1935EE7,0.5
ID_3428D8FECA,0.5
ID_58777202D0,0.5
ID_ED3399EA1F,0.5
ID_3130969D90,0.5
ID_6815BDDDA4,0.5
ID_5FBBB4F05E,0.5
ID_D1A6864D62,0.5
ID_0F5F818A7D,0.5
ID_CA80D88147,0.5
ID_B18747F477,0.5
ID_9042F2AE51,0.5
ID_F84732362C,0.5
ID_85D73A48CC,0.5
ID_352EC618EF,0.5
ID_04E34CDA06,0.5
ID_DE7D1A46C3,0.5
ID_C60D66030C,0.5
ID_E329506077,0.5
ID_E1537C94F4,0.5
ID_649ED88388,0.5
ID_1C42801E17,0.5
ID_F990FC3225,0.5
ID_17FDFFE5B6,0.5
ID_340D429D40,0.5
ID_B707ECA4A1,0.5
ID_E488FDEDB0,0.5
ID_FC8F015C68,0.5
ID_0F7D2B5422,0.5
ID_2801A9DB9A,0.5
ID_336475544D,0.5
ID_80E7190DD6,0.5
ID_88161D2CBF,0.5
ID_71D7E4697E,0.5
ID_4602B2B2F0,0.5
ID_72F6393A73,0.5
ID_C8A1455C68,0.5
ID_A7113B7D97,0.5
ID_04C0A57784,0.5
ID_83CBB90A23,0.5
ID_9D89632FF2,0.5
ID_359BE9C9B3,0.5
ID_E21A7B436C,0.5
ID_BA3630F9E8,0.5
ID_547F5BFC7A,0.5
ID_5FCC369759,0.5
ID_2C7F93F29C,0.5
ID_95DDC56355,0.5
ID_25D5BEF570,0.5
ID_0F3B38CFC6,0.5
ID_09FDDD33AC,0.5
ID_5F9A629EBA,0.5
ID_10E7944B06,0.5
ID_3BA801BDA7,0.5
ID_8DA10C434E,0.5
ID_38A0B9472F,0.5
ID_EA2AF4EB80,0.5
ID_9459ACEB54,0.5
ID_0274B355F3,0.5
ID_C34CD0EEF9,0.5
ID_71FB7A4144,0.5
ID_A87BF47A0D,0.5
ID_4F9A14BEF2,0.5
ID_49158222A4,0.5
ID_8CF62B2A35,0.5
ID_139FB0AA10,0.5
ID_243A5EC629,0.5
ID_07ED1DE038,0.5
ID_7F6CDC734C,0.5
ID_79325B56F3,0.5
ID_12E5D007A6,0.5
ID_87E6761036,0.5
ID_8077D06C25,0.5
ID_46895B330F,0.5
ID_820950E606,0.5
ID_EE38CCCDC8,0.5
ID_5AD95ACD8D,0.5
ID_18AEC6097D,0.5
ID_B56079C223,0.5
ID_33F13238D1,0.5
ID_02EDAAC898,0.5
ID_BB3CD556E8,0.5
ID_597D52E801,0.5
ID_99F9BDAAC8,0.5
ID_4B7FABBB5C,0.5
ID_3E896AC3D2,0.5
ID_435B0C7D0D,0.5
ID_FC167F3E24,0.5
ID_494E42933B,0.5
ID_C9F108B3DE,0.5
ID_A39D0A4A5C,0.5
ID_EE6E3509ED,0.5
ID_575A93C80A,0.5
ID_B01097C60A,0.5
ID_E4D2CB1803,0.5
ID_BDA29589EC,0.5
ID_930A48B65F,0.5
ID_69CDCE4293,0.5
ID_08564E25DC,0.5
ID_5B482C003E,0.5
ID_BEC469F17C,0.5
ID_103455E202,0.5
ID_801C4B4BD0,0.5
ID_B5685CA074,0.5
ID_19603E29FE,0.5
ID_4DBD7DA8F5,0.5
ID_F1A1ADA15F,0.5
ID_BC74808389,0.5
ID_AB3D85E6E6,0.5
ID_7551C76A63,0.5
ID_D1B1E42435,0.5
ID_1E09192A36,0.5
ID_58DD95CA38,0.5
ID_80BA49DCB3,0.5
ID_7B834D1810,0.5
ID_8A1E379B52,0.5
ID_ABB2F38CEC,0.5
ID_F103C2D804,0.5
ID_AA004A66AE,0.5
ID_8DD4799E6E,0.5
ID_A4B253AF1B,0.5
ID_259E836403,0.5
ID_B8C7B42812,0.5
ID_F9837B1F6C,0.5
ID_30F5A5B7CD,0.5
ID_4F9E72FF49,0.5
ID_5D237A57A5,0.5
ID_E7D16D30DF,0.5
ID_E661171277,0.5
ID_A223B1F714,0.5
ID_36BFC1C90E,0.5
ID_A18481264A,0.5
ID_98536B0F25,0.5
ID_DD71CB6E18,0.5
ID_7B15A0528C,0.5
ID_72B9A1C41A,0.5
ID_310C0F8EB1,0.5
ID_ECE541B513,0.5
ID_BA9FB94DF7,0.5
ID_320A6840E2,0.5
ID_EB5B8C83FA,0.5
ID_B390E86DF3,0.5
ID_8C925AA98D,0.5
ID_FDBD25C263,0.5
ID_537D98129F,0.5
ID_8F63190B25,0.5
ID_7E6DFC02EB,0.5
ID_AFB7DFB627,0.5
ID_5485FC340C,0.5
ID_8887A4F9DE,0.5
ID_60823905EC,0.5
ID_E5E3618B05,0.5
ID_2634CA2D27,0.5
ID_08485DB943,0.5
ID_3952DC4D94,0.5
ID_D72648023A,0.5
ID_CA03D5F9E6,0.5
ID_DB37ACB9F4,0.5
ID_341DEAD906,0.5
ID_4B282296E5,0.5
ID_43891B3FBC,0.5
ID_E209A54280,0.5
ID_BFBC98A00C,0.5
ID_C0DD98F903,0.5
ID_FD6D57C218,0.5
ID_7BFFEDA54A,0.5
ID_44A1C8BEE3,0.5
ID_FCAC9C5B42,0.5
ID_5DBBF8B112,0.5
ID_2164B85646,0.5
ID_A851E44DF5,0.5
ID_0D1F318B99,0.5
ID_B101AA2FA0,0.5
ID_DCD1FAF039,0.5
ID_A671FAC1B6,0.5
ID_C34BEDA2B7,0.5
ID_F045E4C83F,0.5
ID_78E904FABB,0.5
ID_5557289272,0.5
ID_7398AAF8E8,0.5
ID_DE128CBAC4,0.5
ID_C3083E4913,0.5
ID_211BF165FB,0.5
ID_39808BFAB5,0.5
ID_1C91C2EFE8,0.5
ID_8140783600,0.5
ID_50DA34BCA9,0.5
ID_2CC76A9B2C,0.5
ID_8188150131,0.5
ID_01EE1FE748,0.5
ID_65E14810A2,0.5
ID_4CC1AD89E0,0.5
ID_9D65354535,0.5
ID_ED39B2C5B4,0.5
ID_D14FD58981,0.5
ID_FF71B060FC,0.5
ID_428F79178A,0.5
ID_04A36581B0,0.5
ID_1148D32E83,0.5
ID_4BDE8E5C46,0.5
ID_596681AA45,0.5
ID_89A93C9684,0.5
ID_5D9C67092D,0.5
ID_2632E5E22D,0.5
ID_2ED5E6FFA3,0.5
ID_E3F2302B21,0.5
ID_60D070AF5F,0.5
ID_21E26FEC9F,0.5
ID_BA8E35BEE7,0.5
ID_CC76482231,0.5
ID_45C5EEEC74,0.5
ID_A347EA11CA,0.5
ID_2CCBB95DCC,0.5
ID_94E29E68E7,0.5
ID_6AFF28261F,0.5
ID_04BA07F5F2,0.5
ID_99C764200F,0.5
ID_AF1C21A6C8,0.5
ID_B2FC404443,0.5
ID_09806A87B3,0.5
ID_4CE04C5D3C,0.5
ID_8E3950C052,0.5
ID_E318F49644,0.5
ID_AC479A912A,0.5
ID_8517A58065,0.5
ID_410EFA4903,0.5
ID_C55AF1A779,0.5
ID_91D4FB3C5E,0.5
ID_92F9146876,0.5
ID_89C3A07DB8,0.5
ID_92F9BD2964,0.5
ID_B643A9B0DC,0.5
ID_016B377A61,0.5
ID_599C75A372,0.5
ID_515178AE14,0.5
ID_66249F7BE3,0.5
ID_1F14EF7B16,0.5
ID_E8970149EC,0.5
ID_0B33AC88D4,0.5
ID_6D0E12A443,0.5
ID_2CE1F0AB25,0.5
ID_21A0F3F98B,0.5
ID_3A8460138C,0.5
ID_32AB5C784B,0.5
ID_A29AFA950D,0.5
ID_67EF2268A2,0.5
ID_0534966BB4,0.5
ID_9C94819E43,0.5
ID_6D2A568ED6,0.5
ID_051C081548,0.5
ID_8B71E018DD,0.5
ID_E89FD8210A,0.5
ID_E974ABBE86,0.5
ID_9E9B04516B,0.5
ID_9180A43959,0.5
ID_6D878D230E,0.5
ID_9290E96C07,0.5
ID_75E9C1EBCA,0.5
ID_EA82E5BB7F,0.5
ID_DD1BE137D3,0.5
ID_00AF590EC4,0.5
ID_5EB1404518,0.5
ID_EF50AEC3E1,0.5
ID_E058EC0627,0.5
ID_F35E509AC1,0.5
ID_D60DE75ED0,0.5
ID_6EC67132EF,0.5
ID_D2755B43D4,0.5
ID_74237EDF3B,0.5
ID_0326E715AF,0.5
ID_F7210364A1,0.5
ID_CD167B85AA,0.5
ID_2BE09D7EFF,0.5
ID_03757D558F,0.5
ID_F444CF54FE,0.5
ID_A2AF7CD5D6,0.5
ID_300671122B,0.5
ID_82496FBB9D,0.5
ID_D91094A057,0.5
ID_9FC5F9827F,0.5
ID_B20F5543C5,0.5
ID_0FE76F04E1,0.5
ID_5C349ABB8B,0.5
ID_249ADECA74,0.5
ID_F2A10EA6B9,0.5
ID_5FFEDAC26F,0.5
ID_1F7F7FD693,0.5
ID_FCC0FCCE2C,0.5
ID_F6E94AA597,0.5
ID_19E533CAD3,0.5
ID_EE730539EA,0.5
ID_87833D44DC,0.5
ID_2AE3ABF75E,0.5
ID_DF2018F5D6,0.5
ID_C0067EE079,0.5
ID_718A96100A,0.5
ID_3D96E628BC,0.5
ID_7982ECD3E7,0.5
ID_F0F71892E3,0.5
ID_FC0D70E8D2,0.5
ID_6357576724,0.5
ID_120DAA24D4,0.5
ID_1864B44E64,0.5
ID_E2282C27D1,0.5
ID_8A8A780C67,0.5
ID_1BD8B214A9,0.5
ID_B7E8D0A21C,0.5
ID_A3BB39AD79,0.5
ID_48FC9A0156,0.5
ID_A9A89BC3A3,0.5
ID_5F1AA26461,0.5
ID_0B6E69903F,0.5
ID_40D0E89845,0.5
ID_E03AFD5528,0.5
ID_38CF21C4B0,0.5
ID_DD4BD4F9E8,0.5
ID_FA7DF909B8,0.5
ID_3D3EDC9810,0.5
ID_0373E4D387,0.5
ID_1316E660AD,0.5
ID_2A60F4A902,0.5
ID_8870CF2394,0.5
ID_BD33C8BB92,0.5
ID_2EA158FC12,0.5
ID_E89295FAEB,0.5
ID_605B567E93,0.5
ID_2F67A719A1,0.5
ID_BC899C2E84,0.5
ID_C4CCD4467F,0.5
ID_2AF22558CF,0.5
ID_A31DADC19B,0.5
ID_7220AB10B9,0.5
ID_148E60B825,0.5
ID_0942407790,0.5
ID_4F243BF5B3,0.5
ID_26BE297789,0.5
ID_B3217ED103,0.5
ID_D50BBAEBE8,0.5
ID_768FC8831C,0.5
ID_B568A158D3,0.5
ID_44879F8B17,0.5
ID_315F05242C,0.5
ID_90E0D6AFB3,0.5
ID_A6017C01D4,0.5
ID_4448F4BC52,0.5
ID_1351609D2C,0.5
ID_DBE27DF317,0.5
ID_5E7F1DA7A7,0.5
ID_C809BB6F02,0.5
ID_64D2E1F050,0.5
ID_33AD997085,0.5
ID_C1457FB5ED,0.5
ID_270D0B8A0B,0.5
ID_9984F3B580,0.5
ID_D04636B8D4,0.5
ID_21E7BE9A8C,0.5
ID_EC87AF22D0,0.5
ID_8D56440AFC,0.5
ID_183F4396A5,0.5
ID_F281E3FF8D,0.5
ID_477A18D9CC,0.5
ID_5A9ECBB0FB,0.5
ID_EFBF8E6D11,0.5
ID_C0A243010D,0.5
ID_001D4C77F5,0.5
ID_51CB7B686E,0.5
ID_5E501539C1,0.5
ID_F8AC0DD148,0.5
ID_259DADC4E7,0.5
ID_8837C98AEA,0.5
ID_5E7C6C9331,0.5
ID_F844747293,0.5
ID_DAE7297F0E,0.5
ID_9E7E3A0B92,0.5
ID_A7A9FEEA04,0.5
ID_4144E17137,0.5
ID_428902C47E,0.5
ID_4FE130C66D,0.5
ID_2CAA3A7FFA,0.5
ID_0E0B2EB3F3,0.5
ID_19CD64ED25,0.5
ID_C6D602475D,0.5
ID_3FA1FAF316,0.5
ID_44F2185FA9,0.5
ID_7A5276F02F,0.5
ID_3AE2DD184A,0.5
ID_DC46DD9182,0.5
ID_E1CC910AA3,0.5
ID_2607F0426F,0.5
ID_E7653F3064,0.5
ID_0F104D2129,0.5
ID_A44AAAF145,0.5
ID_7D5A37B1C9,0.5
ID_D86CA65DB6,0.5
ID_43AFE33632,0.5
ID_A2813E571D,0.5
ID_AE8A9F6188,0.5
ID_D247BBA75E,0.5
ID_D188CCA472,0.5
ID_0AF18AED1B,0.5
ID_84F603E5FA,0.5
ID_B65351796E,0.5
ID_61EB0A93C0,0.5
ID_237852F439,0.5
ID_AC1BA4674E,0.5
ID_B06FDECDA6,0.5
ID_E4CD94393F,0.5
ID_D50983A7E2,0.5
ID_670F000649,0.5
ID_65B4D7EBA4,0.5
ID_BFC9376BDD,0.5
ID_5F19BB889C,0.5
ID_DA96B5A8D4,0.5
ID_5D4BFAC74F,0.5
ID_B51E749AFA,0.5
ID_3582EC26FF,0.5
ID_E1E50B83EE,0.5
ID_9C1300C13A,0.5
ID_2976026EA8,0.5
ID_3A24B25DCE,0.5
ID_7564E229C5,0.5
ID_CAA03E6E0F,0.5
ID_C24939CCD8,0.5
ID_2758E75E83,0.5
ID_728716A2E0,0.5
ID_A475D96ECC,0.5
ID_633AA30062,0.5
ID_681A9A91CF,0.5
ID_2ECAF15056,0.5
ID_FDC9F7E434,0.5
ID_EE623EBFB7,0.5
ID_DC441BADDB,0.5
ID_E4AF01A39B,0.5
ID_70CA99CCEC,0.5
ID_1F1EB77DCA,0.5
ID_CD6A5DB14E,0.5
ID_8A9E4EC37A,0.5
ID_72478B8468,0.5
ID_25EDCDBF02,0.5
ID_A9592534FF,0.5
ID_09E7EC1615,0.5
ID_C0034CF12F,0.5
ID_541EE5A0E2,0.5
ID_75135C358A,0.5
ID_DF375BE54D,0.5
ID_49E02BECCB,0.5
ID_5C50E3DAE2,0.5
ID_6D9F1418B9,0.5
ID_913461DAC9,0.5
ID_820B89BE82,0.5
ID_B410EFE85F,0.5
ID_B848ED54B8,0.5
ID_2A736967EF,0.5
ID_3C8585470C,0.5
ID_6B0DDF1DEC,0.5
ID_DCDD751962,0.5
ID_908E7C3EBF,0.5
ID_ECF7A47EB5,0.5
ID_206702524C,0.5
ID_F0993FCFA1,0.5
ID_46230D8EF4,0.5
ID_51940153EA,0.5
ID_31ABB0354C,0.5
ID_87F11E8249,0.5
ID_CEFD41EAFB,0.5
ID_ECA4D6B703,0.5
ID_6430148C91,0.5
ID_183F86EB93,0.5
ID_8A65C9F15F,0.5
ID_ABDF229531,0.5
ID_86B6F75751,0.5
ID_749DBAB1FF,0.5
ID_6CCCE97950,0.5
ID_5BD7A3DDFF,0.5
ID_AE974239CF,0.5
ID_380A6E97A6,0.5
ID_096625FC83,0.5
ID_EF1BF43B8E,0.5
ID_379EF63A62,0.5
ID_C40CA8A6FA,0.5
ID_15CBAE7821,0.5
ID_0EC6FD321B,0.5
ID_6C0C572553,0.5
ID_52757BF266,0.5
ID_D768FC3266,0.5
ID_E195302612,0.5
ID_099C56969D,0.5
ID_61568D8621,0.5
ID_2812FC240C,0.5
ID_B82DFC1DC9,0.5
ID_53FA56942B,0.5
ID_E1D91710C1,0.5
ID_B565740566,0.5
ID_0EDA8B26C8,0.5
ID_7FC24A8567,0.5
ID_38A662B5E3,0.5
ID_AA00D4B9D0,0.5
ID_B109E26919,0.5
ID_90E9C5A200,0.5
ID_66F594C854,0.5
ID_856736D82A,0.5
ID_94033D7881,0.5
ID_81BC7F486E,0.5
ID_834FD9F76B,0.5
ID_7B3A0A9D7C,0.5
ID_558299A6F9,0.5
ID_734C09F33B,0.5
ID_BFB117B5A5,0.5
ID_9881B97C2A,0.5
ID_33F8A67658,0.5
ID_482C30F6E8,0.5
ID_B27BFB83A8,0.5
ID_FEC8711C05,0.5
ID_706CEFFBAD,0.5
ID_EAEDFC624C,0.5
ID_6DE8D28566,0.5
ID_4F15F19970,0.5
ID_A62B168FA7,0.5
ID_67A4456300,0.5
ID_53A296B06F,0.5
ID_F0792A13C7,0.5
ID_F760195923,0.5
ID_FC46D8981E,0.5
ID_DC98918B51,0.5
ID_3217159153,0.5
ID_5EC470B978,0.5
ID_D52B9A5243,0.5
ID_F6E2578B64,0.5
ID_BDF3DAF6CD,0.5
ID_7BE3DF9464,0.5
ID_DA510607C1,0.5
ID_9E178EEFDF,0.5
ID_CAFFFAAE9B,0.5
ID_5D31485503,0.5
ID_5363FFA9CE,0.5
ID_BE619D7F8E,0.5
ID_E6E4BA9443,0.5
ID_CE152EDBC7,0.5
ID_B8C759C625,0.5
ID_5A140D16B8,0.5
ID_6E3FB1B469,0.5
ID_091910169C,0.5
ID_8699AC6052,0.5
ID_8B37B8B6D5,0.5
ID_D39A6E8310,0.5
ID_387EF0E63D,0.5
ID_F5B624EB43,0.5
ID_570C7351ED,0.5
ID_262030525F,0.5
ID_8F1B8E15D6,0.5
ID_ACCE4CEF80,0.5
ID_DD33106A5C,0.5
ID_09526F3C10,0.5
ID_EE6D159143,0.5
ID_2C49C706E5,0.5
ID_DB77B54E80,0.5
ID_9F62D02FCB,0.5
ID_78EA98F1A5,0.5
ID_07972B25DE,0.5
ID_A334D93D20,0.5
ID_F46FAB66D0,0.5
ID_4E224F73D1,0.5
ID_C6E6508D76,0.5
ID_E73F16E0AE,0.5
ID_064D19A69B,0.5
ID_0B8AF6A3B7,0.5
ID_637112ECA5,0.5
ID_10C7C8570D,0.5
ID_93EF87FC92,0.5
ID_2959D38716,0.5
ID_FEAC6203D2,0.5
ID_25BD50708B,0.5
ID_DA5990F8F0,0.5
ID_0F3C1A353C,0.5
ID_7767504BB9,0.5
ID_82CE326B03,0.5
ID_92575FF83E,0.5
ID_9580772281,0.5
ID_FB8E1E5E14,0.5
ID_69D5DD1697,0.5
ID_A5F232EDC0,0.5
ID_3514278F28,0.5
ID_68794F5348,0.5
ID_C3D99B2BB7,0.5
ID_8E36C64ECF,0.5
ID_FBF46B8EA7,0.5
ID_D4772AB85C,0.5
ID_B5C10B18C5,0.5
ID_B5F9B8E92D,0.5
ID_DEB9094935,0.5
ID_D8AAF2843F,0.5
ID_059FD20608,0.5
ID_CEA59552DF,0.5
ID_AAD88EC1D2,0.5
ID_43F4129A19,0.5
ID_F6B84B7B3A,0.5
ID_C4AFB47315,0.5
ID_8F0C273D8E,0.5
ID_2251DFFDCC,0.5
ID_7CB6F3EBFF,0.5
ID_30D2ACDE16,0.5
ID_12CA8FB734,0.5
ID_C3DEF0E980,0.5
ID_B9FDA9BEBE,0.5
ID_DAA86A94A4,0.5
ID_A2DB850C3C,0.5
ID_2A9BF62517,0.5
ID_E843C40EB1,0.5
ID_ABDD9AFF58,0.5
ID_5F709D1D61,0.5
ID_22E16F7311,0.5
ID_436456FCE5,0.5
ID_6E83178494,0.5
ID_488BB08E3B,0.5
ID_01330FC77F,0.5
ID_1F6AAC5B72,0.5
ID_0B0A4102C5,0.5
ID_5D039C707C,0.5
ID_EC79F2E7B5,0.5
ID_1B63844D16,0.5
ID_D74C0EF1E2,0.5
ID_0482F462A0,0.5
ID_B09422A845,0.5
ID_D3E25A7C66,0.5
ID_A416750F06,0.5
ID_C599E5D232,0.5
ID_A3700DA5D6,0.5
ID_B291051DAB,0.5
ID_68403B19D9,0.5
ID_457185F4F4,0.5
ID_E18C236D02,0.5
ID_9EE1528E69,0.5
ID_3F93F83BE0,0.5
ID_48D42F8796,0.5
ID_9995ACA9AF,0.5
ID_0CF36761ED,0.5
ID_719D311723,0.5
ID_283104DCCC,0.5
ID_B2D39DF33F,0.5
ID_B2B0962B30,0.5
ID_B593D7BFEB,0.5
ID_E04C4CF18E,0.5
ID_2462723BF9,0.5
ID_282134FAB2,0.5
ID_167993B846,0.5
ID_A1BC9E4D90,0.5
ID_D21818B581,0.5
ID_727677C6C2,0.5
ID_59B8D678C7,0.5
ID_E106EFA38A,0.5
ID_E0D3031B25,0.5
ID_578FC77209,0.5
ID_F34CF76F16,0.5
ID_4ADD914BEE,0.5
ID_927A98814D,0.5
ID_645E7474B6,0.5
ID_C56B6AFDA8,0.5
ID_D5151CB01D,0.5
ID_710C7F6694,0.5
ID_AF7DAD63D5,0.5
ID_C256DD6150,0.5
ID_2230F542DE,0.5
ID_986B4D61AF,0.5
ID_2620A97ADF,0.5
ID_9BD053EA7C,0.5
ID_6C16B0EBC6,0.5
ID_4798F1CF22,0.5
ID_6D9E718AEB,0.5
ID_728EA79C0A,0.5
ID_64CAE8F8ED,0.5
ID_63514D06E5,0.5
ID_587D92FA80,0.5
ID_E075719EB8,0.5
ID_E3B09418B4,0.5
ID_3827D3C368,0.5
ID_9E6054587F,0.5
ID_E912493460,0.5
ID_FD70416BB2,0.5
ID_B72D920542,0.5
ID_80B29EF48C,0.5
ID_629B7C97FC,0.5
ID_224C9ECAF2,0.5
ID_76993BA74E,0.5
ID_08E13F8E57,0.5
ID_51275941C5,0.5
ID_888009BDD6,0.5
ID_292595020C,0.5
ID_A48529E3DF,0.5
ID_E61305F766,0.5
ID_B52AE78ABC,0.5
ID_F0D925BAAF,0.5
ID_DA6C872F69,0.5
ID_B573AA8DC0,0.5
ID_BC079E5FD6,0.5
ID_4C5606E44F,0.5
ID_4C88131D60,0.5
ID_CC8B892855,0.5
ID_6F5F5DE426,0.5
ID_3E62D93500,0.5
ID_87DDC8AFA6,0.5
ID_3EEB217171,0.5
ID_4F3A646EC1,0.5
ID_B37A8A4EE4,0.5
ID_A371BED305,0.5
ID_6C846C8495,0.5
ID_8F61D136C5,0.5
ID_898F0EE39A,0.5
ID_87D534A1A8,0.5
ID_D60CBC9B84,0.5
ID_333855508D,0.5
ID_E2FB6B97B3,0.5
ID_FADD734007,0.5
ID_A44277C030,0.5
ID_5CE216F259,0.5
ID_4E875E481E,0.5
ID_DBBF353D21,0.5
ID_5D487AAA97,0.5
ID_864B0AE389,0.5
ID_E332259890,0.5
ID_714F8FAFCF,0.5
ID_D73A7AA8FC,0.5
ID_D5D4FA0737,0.5
ID_F4140588A4,0.5
ID_9F6A29330A,0.5
ID_9D06E6FBAC,0.5
ID_00453BE0B7,0.5
ID_D1C0766D8A,0.5
ID_2932B627AC,0.5
ID_F66997A853,0.5
ID_48C5191D63,0.5
ID_834CBF9A49,0.5
ID_729C967136,0.5
ID_C0BFD28355,0.5
ID_369ED8AE66,0.5
ID_7B32F2E3D8,0.5
ID_5C926B8041,0.5
ID_4ABF960B48,0.5
ID_D50C97ECF2,0.5
ID_A6396651D0,0.5
ID_B955AC496A,0.5
ID_232FD0639E,0.5
ID_54B1590848,0.5
ID_D8AFB220A0,0.5
ID_7A465E1AAF,0.5
ID_1ED5F8D346,0.5
ID_3D14128A19,0.5
ID_B862A7ED01,0.5
ID_A352E5C85D,0.5
ID_9E49F406F1,0.5
ID_9841839EE7,0.5
ID_76653FCE57,0.5
ID_CA45F52D24,0.5
ID_6054542168,0.5
ID_FBF2D4FC7D,0.5
ID_1EEA121604,0.5
ID_0407F2AC74,0.5
ID_582748484E,0.5
ID_9158009A38,0.5
ID_0AEFB1F120,0.5
ID_1562E77B86,0.5
ID_C5B059E225,0.5
ID_0CB33230C9,0.5
ID_39B58369DC,0.5
ID_1C6AB45EBA,0.5
ID_1AFB2A69D6,0.5
ID_8138C8F9FB,0.5
ID_A97A08ABC1,0.5
ID_5B5E8BC3EB,0.5
ID_7E18FE8966,0.5
ID_01184FA6E0,0.5
ID_AA9AEFD513,0.5
ID_D084F24BC5,0.5
ID_8E002B9E14,0.5
ID_104894FD03,0.5
ID_93F1A7A002,0.5
ID_F9B396CB82,0.5
ID_BA486835B6,0.5
ID_BCB2B47286,0.5
ID_A40C1E66BD,0.5
ID_72553A4FEB,0.5
ID_5ECAF6F96D,0.5
ID_8BA7A262B9,0.5
ID_38A88D92D8,0.5
ID_4176A1167C,0.5
ID_B056D6B9A1,0.5
ID_9213F06021,0.5
ID_D32CF190D3,0.5
ID_597ADC1A14,0.5
ID_C853EA2872,0.5
ID_B97ED814C5,0.5
ID_CB413A265A,0.5
ID_5A20A8195B,0.5
ID_DEF683509F,0.5
ID_86FCB4392C,0.5
ID_0742B50BAD,0.5
ID_517DDFD73C,0.5
ID_36C9C910D9,0.5
ID_AEEA659328,0.5
ID_5DC118EF4C,0.5
ID_E27BAABDC2,0.5
ID_43D3098223,0.5
ID_C5DFCCA01F,0.5
ID_6B7C63618E,0.5
ID_F9EFAD64EE,0.5
ID_0CB1AFEABA,0.5
ID_95B8B7ADFF,0.5
ID_6F1CBA9CAC,0.5
ID_0D9FF59946,0.5
ID_24E48D6C20,0.5
ID_25EC70FA09,0.5
ID_07955C6073,0.5
ID_E02C98D643,0.5
ID_868C6FC0A6,0.5
ID_F60C307D7E,0.5
ID_934C5C6FFF,0.5
ID_6A7FB1C4E4,0.5
ID_6EC3B06990,0.5
ID_DED49ACE99,0.5
ID_E6A4642A22,0.5
ID_5FD9A8AB24,0.5
ID_DC8E385DCE,0.5
ID_21C24C2C73,0.5
ID_CCE14FF62D,0.5
ID_0E374E370F,0.5
ID_EBB9CC36B5,0.5
ID_186B9D7A52,0.5
ID_AA1B7B2BCB,0.5
ID_029A470F93,0.5
ID_6E673A4663,0.5
ID_E90DA27D17,0.5
ID_466320D905,0.5
ID_0ED3EE8155,0.5
ID_1EE0305536,0.5
ID_A8DEDE734D,0.5
ID_0CD72FB7C5,0.5
ID_C4A3947E2A,0.5
ID_67A6F6D511,0.5
ID_1784081E8A,0.5
ID_73A3911855,0.5
ID_480F569573,0.5
ID_5A978D8766,0.5
ID_5B85A7B541,0.5
ID_010B6850A5,0.5
ID_7AA061B15F,0.5
ID_EB575E00BB,0.5
ID_34EFB19FF7,0.5
ID_4AC64A661E,0.5
ID_952FB5E45A,0.5
ID_C926EBE1CC,0.5
ID_3BDE682995,0.5
ID_1D6E8EED3F,0.5
ID_57A1CFD4A6,0.5
ID_B9B4C19BEF,0.5
ID_910930391F,0.5
ID_C14C5504AC,0.5
ID_DDBDCAB833,0.5
ID_2BE09FF4B3,0.5
ID_60ED6AB1E8,0.5
ID_4DEADE3E92,0.5
ID_40EC8D0391,0.5
ID_CEC409D812,0.5
ID_B95E1A3981,0.5
ID_E71D701DC1,0.5
ID_A420A87591,0.5
ID_F759E07078,0.5
ID_6EC21D1B66,0.5
ID_48CA7FF59D,0.5
ID_3C8FDAA982,0.5
ID_026DB95C26,0.5
ID_AAA546B9BF,0.5
ID_870208DEE9,0.5
ID_0C8ABF0F8A,0.5
ID_88FED98B57,0.5
ID_8C624221CC,0.5
ID_6E8F1EA584,0.5
ID_8AE7322317,0.5
ID_9D3DBFA0B0,0.5
ID_0E9E5B7E38,0.5
ID_17D53C9147,0.5
ID_D857A3BE4E,0.5
ID_D6A0D075F6,0.5
ID_D6CD5B99E9,0.5
ID_A1DDFAEDD3,0.5
ID_80D056295B,0.5
ID_BB9B3E388F,0.5
ID_E699C0CC58,0.5
ID_4ABDE0E1DE,0.5
ID_C0A7FAE030,0.5
ID_EE9F5D92E7,0.5
ID_5C57CEFEC0,0.5
ID_E56E851C72,0.5
ID_514BE7063F,0.5
ID_94B51DB1A3,0.5
ID_FCD2D4087C,0.5
ID_0ACB3E3D86,0.5
ID_15FEA75B4F,0.5
ID_3A70B9E819,0.5
ID_57F213547A,0.5
ID_70E7B23389,0.5
ID_F98BDF9ED7,0.5
ID_52AE39FDE1,0.5
ID_89DC1B4B10,0.5
ID_B274DB4E62,0.5
ID_7230E65D6C,0.5
ID_FA7810A874,0.5
ID_64EB5868D0,0.5
ID_C6C2F62747,0.5
ID_B6FDFF8278,0.5
ID_B38BC1343E,0.5
ID_0B209106BD,0.5
ID_C94FD09A9F,0.5
ID_F67517AB2D,0.5
ID_7D1292AFFD,0.5
ID_7177B8B2CB,0.5
ID_C8EBAA03D6,0.5
ID_363A339419,0.5
ID_D8A8F8892C,0.5
ID_A57F16486D,0.5
ID_B5AA87EE25,0.5
ID_5DCCE665DE,0.5
ID_BCA37B1441,0.5
ID_D86C245387,0.5
ID_CA469406B8,0.5
ID_42EEA21A52,0.5
ID_75379C109A,0.5
ID_7ADEC881B3,0.5
ID_5F5EA36013,0.5
ID_0F9B8652AA,0.5
ID_E803505247,0.5
ID_FBACD612D0,0.5
ID_86AC80B420,0.5
ID_99AD55C250,0.5
ID_9330A9044F,0.5
ID_3F19AC566F,0.5
ID_D2D6827AEB,0.5
ID_4F9A27F27E,0.5
ID_27572509EB,0.5
ID_F457B48881,0.5
ID_16A6F55B9A,0.5
ID_128AAA01FA,0.5
ID_BF5DAE7004,0.5
ID_B6C8F594D0,0.5
ID_6B788FC6B1,0.5
ID_53A492411E,0.5
ID_4D4291B20E,0.5
ID_1296BE7F72,0.5
ID_C60C770558,0.5
ID_60209C2AF6,0.5
ID_11D65AF74D,0.5
ID_3D7F4870A5,0.5
ID_338BAC31A9,0.5
ID_878AD6B2DC,0.5
ID_978CF69139,0.5
ID_CF7F0D4184,0.5
ID_69BE89362B,0.5
ID_419540E2C7,0.5
ID_054FEC1080,0.5
ID_D8BEAD971B,0.5
ID_47B731D96F,0.5
ID_5F36EE9DBE,0.5
ID_C8A6EF7648,0.5
ID_1C1B369CE2,0.5
ID_71086D3CA8,0.5
ID_116DD6DD96,0.5
ID_938CB133F8,0.5
ID_375B93F9BA,0.5
ID_80412162CD,0.5
ID_811187A849,0.5
ID_D34696E2E3,0.5
ID_B54E4FCFB0,0.5
ID_EF0E8E3C40,0.5
ID_67BF05E2F8,0.5
ID_942CB66C7F,0.5
ID_F8180E9F4A,0.5
ID_AC03DE4F59,0.5
ID_EB9ED36FA1,0.5
ID_CC7BC9D62B,0.5
ID_0FEC401A94,0.5
ID_24F16C5DC7,0.5
ID_81D2D82FC3,0.5
ID_B2EC1E953A,0.5
ID_C241D4EAB9,0.5
ID_9BBB2173AD,0.5
ID_7D30BEBD32,0.5
ID_C9C0587412,0.5
ID_61CE0F92E9,0.5
ID_EACD188BD0,0.5
ID_7D6F792F19,0.5
ID_5532DBB738,0.5
ID_BAF68C91D0,0.5
ID_FF6A9C8CBC,0.5
ID_A496F6200C,0.5
ID_15BD0525B7,0.5
ID_33E197C10B,0.5
ID_222C312C84,0.5
ID_C300C6275C,0.5
ID_92751DCFDA,0.5
ID_87C43B8604,0.5
ID_D2AD2D7C79,0.5
ID_0D299BEF65,0.5
ID_6DE0D7B61B,0.5
ID_790D6A7C61,0.5
ID_95D4DD54EC,0.5
ID_8C5D77EB48,0.5
ID_F4F7D0095D,0.5
ID_DDF7021899,0.5
ID_F95BA0F380,0.5
ID_3BD0F16780,0.5
ID_9E966EA0F1,0.5
ID_9AA34CE83C,0.5
ID_8321E35074,0.5
ID_61EA1D9008,0.5
ID_797437FA46,0.5
ID_6F3EB3468E,0.5
ID_85930D268F,0.5
ID_0C7E0D6315,0.5
ID_A84FCB6459,0.5
ID_67CDAF1531,0.5
ID_020EACFD30,0.5
ID_7252BBAF75,0.5
ID_238BAB2A20,0.5
ID_BB7A6070FC,0.5
ID_D84BAAEEF1,0.5
ID_3EA58BC5BA,0.5
ID_DF888D06E1,0.5
ID_6F2F16F808,0.5
ID_C63CDBBDE7,0.5
ID_4932A9C1D3,0.5
ID_12EF01C7C6,0.5
ID_6344646C35,0.5
ID_B58C10B5C5,0.5
ID_3487069946,0.5
ID_E476D21D84,0.5
ID_5B7250BCAF,0.5
ID_CBCCB5624A,0.5
ID_854752CE89,0.5
ID_B9F261756C,0.5
ID_25F12700D4,0.5
ID_F31AD176E3,0.5
ID_7773DBF0F9,0.5
ID_0BFD274EA0,0.5
ID_B061CD4CB6,0.5
ID_FA81B732F1,0.5
ID_35BAE7EB3C,0.5
ID_99B4F188AA,0.5
ID_4B8DF64430,0.5
ID_61DEB44F32,0.5
ID_D8EA1165D4,0.5
ID_2D9FCFA8D6,0.5
ID_1054C29109,0.5
ID_2270E4872A,0.5
ID_D9D6A5E47E,0.5
ID_3EA1B486E7,0.5
ID_44434FA4A5,0.5
ID_464E474CAB,0.5
ID_DFB3C097FD,0.5
ID_C59BA86300,0.5
ID_639734F4C6,0.5
ID_25AD9A489D,0.5
ID_EB240281FE,0.5
ID_B489AAFADD,0.5
ID_8B5F63CDE3,0.5
ID_836A4206B1,0.5
ID_92A19F33B0,0.5
ID_E76CB6F966,0.5
ID_1D5F6961C6,0.5
ID_D2A3086162,0.5
ID_14DFE5574E,0.5
ID_F6597671D0,0.5
ID_FD1D68C7FA,0.5
ID_773A9D3F9D,0.5
ID_9FB5F0067A,0.5
ID_C8231614E7,0.5
ID_AAE650BBD8,0.5
ID_49FFEA01BC,0.5
ID_123F99E2FA,0.5
ID_5EB5FE3F3A,0.5
ID_90D394755A,0.5
ID_BC6749EDB1,0.5
ID_15F167F515,0.5
ID_55B173DD9A,0.5
ID_62B6345722,0.5
ID_B38270968F,0.5
ID_F2D6E121AC,0.5
ID_E1A9068F83,0.5
ID_08A9AA08FF,0.5
ID_A303A93A2F,0.5
ID_32940CD9FF,0.5
ID_B966670BA0,0.5
ID_ADA8C0F1B5,0.5
ID_9C72960964,0.5
ID_D8BF7EC295,0.5
ID_458DC0DBC3,0.5
ID_1D9FC4C2FC,0.5
ID_165BD22AA0,0.5
ID_A905AB66B7,0.5
ID_E92A5C0A05,0.5
ID_4719AE76FE,0.5
ID_8E771C4D73,0.5
ID_064AE6441B,0.5
ID_05D2FB3EA4,0.5
ID_A72582A17A,0.5
ID_31A926F2B9,0.5
ID_0828682870,0.5
ID_4A24045ABF,0.5
ID_1442CC745D,0.5
ID_902FDE0B44,0.5
ID_08F91DCE43,0.5
ID_836FE4C93D,0.5
ID_981DB1EF92,0.5
ID_A194CE7E7C,0.5
ID_6955B55502,0.5
ID_2C242FA989,0.5
ID_D0CDD6B891,0.5
ID_5DF5526E9C,0.5
ID_9E06675BED,0.5
ID_F66FDDC84F,0.5
ID_4216B1556E,0.5
ID_17A45661B1,0.5
ID_2D2D4CE911,0.5
ID_92C693A4DD,0.5
ID_FB4F58B1C7,0.5
ID_4C453DB30E,0.5
ID_FDADE66A17,0.5
ID_6977411C84,0.5
ID_1536B29B83,0.5
ID_6D1DF1C5A4,0.5
ID_3501999504,0.5
ID_7CEFB1621F,0.5
ID_94A3F667C9,0.5
ID_ACA5FB468B,0.5
ID_31F42FCBE9,0.5
ID_1B0854177B,0.5
ID_7DC51F759B,0.5
ID_C7FFC372BE,0.5
ID_E1365FBAC9,0.5
ID_CA6CA9EF14,0.5
ID_48C14991A7,0.5
ID_775BC9498D,0.5
ID_DECF930F9A,0.5
ID_9A2735C096,0.5
ID_A5DBFAE64F,0.5
ID_04543BE021,0.5
ID_CA185589F0,0.5
ID_E1BD6FFC87,0.5
ID_91CB5D7ED2,0.5
ID_59BDEFE816,0.5
ID_7CEE2CF332,0.5
ID_DF7B037FD9,0.5
ID_A8712E8E54,0.5
ID_6D6A9A9E3E,0.5
ID_819C33BF4B,0.5
ID_57882B01EA,0.5
ID_EF5A0868DA,0.5
ID_D0483CF208,0.5
ID_CF33AD433C,0.5
ID_293109B820,0.5
ID_76E1B03E8C,0.5
ID_B08730D695,0.5
ID_762D944A36,0.5
ID_B0102EE760,0.5
ID_D36E753630,0.5
ID_B6705A9799,0.5
ID_502F8A55D4,0.5
ID_0AB1508AFB,0.5
ID_25F037808D,0.5
ID_D42A29834A,0.5
ID_2E824DA095,0.5
ID_51E7C530FC,0.5
ID_0DB3C8E7B4,0.5
ID_2F7F7568B8,0.5
ID_D869A0157B,0.5
ID_3761AD8ACB,0.5
ID_A127CA664E,0.5
ID_66E0516029,0.5
ID_F558293CF4,0.5
ID_1DAB1D52E4,0.5
ID_31A070D66B,0.5
ID_1C26E4972C,0.5
ID_A804FD984D,0.5
ID_9971E7588F,0.5
ID_4E518C0F12,0.5
ID_D8391CBE3F,0.5
ID_6DC5E2487B,0.5
ID_CDD25B1A4E,0.5
ID_C17E09246D,0.5
ID_79879E0F5C,0.5
ID_73923DB75C,0.5
ID_34595103DC,0.5
ID_5BEDF4D148,0.5
ID_720B34DAE1,0.5
ID_8CC077F758,0.5
ID_28680F7D4A,0.5
ID_EA7B946DA4,0.5
ID_AD27952FCD,0.5
ID_77C9627D79,0.5
ID_A58837A6DB,0.5
ID_BFDBA98959,0.5
ID_3B3997A70D,0.5
ID_BC77308D23,0.5
ID_561DD1718F,0.5
ID_51C0050460,0.5
ID_9B5F14FD2C,0.5
ID_D652F8C017,0.5
ID_D86D260634,0.5
ID_171F433D93,0.5
ID_036856B8F0,0.5
ID_1FD0CD9435,0.5
ID_1EDA1E9A38,0.5
ID_D28D525DB4,0.5
ID_F11CEA498D,0.5
ID_5E1F05D370,0.5
ID_C1DEC6D219,0.5
ID_372C624916,0.5
ID_BF0A160FBF,0.5
ID_51E8B21A06,0.5
ID_0CAC6C2902,0.5
ID_EB853DF97C,0.5
ID_0A6831D2E5,0.5
ID_DC346C68EE,0.5
ID_08F0CAE90F,0.5
ID_B31E890F4D,0.5
ID_025B15E15E,0.5
ID_74D8BC3DB9,0.5
ID_4724BEB856,0.5
ID_BACB8B36F6,0.5
ID_CDA9B6C3BF,0.5
ID_C14A1F6961,0.5
ID_2370AFAABF,0.5
ID_20BC08EB0E,0.5
ID_85E1E1F1DD,0.5
ID_766CADC276,0.5
ID_E5CC4F8B88,0.5
ID_05E21B2BDF,0.5
ID_41CED4A1D9,0.5
ID_990F9B771C,0.5
ID_DA7B8347C8,0.5
ID_C75EF6C0E6,0.5
ID_FBDDFF3D46,0.5
ID_6A7CFBF98D,0.5
ID_2FEF4D0017,0.5
ID_F2A72B2BB6,0.5
ID_A7EEE3FFEA,0.5
ID_57385B2BE5,0.5
ID_E8AADA7560,0.5
ID_207FDD8B4A,0.5
ID_B2F4950B19,0.5
ID_E7502CF42B,0.5
ID_9A2EB022FA,0.5
ID_E88024FBFF,0.5
ID_98D5B5225B,0.5
ID_4381731B49,0.5
ID_C1CACDD448,0.5
ID_3219D6ECD0,0.5
ID_835734110E,0.5
ID_4AA5B5303C,0.5
ID_5A20D701BE,0.5
ID_B7354FA88F,0.5
ID_33248111AC,0.5
ID_4D23009522,0.5
ID_B3D84C998F,0.5
ID_08045E3440,0.5
ID_5C22BAEE90,0.5
ID_13EDFEA33E,0.5
ID_001B59BD5B,0.5
ID_55DA5DA1C8,0.5
ID_DF1A0F40D3,0.5
ID_2625D5DBB5,0.5
ID_E76A8E1C6C,0.5
ID_71537F8D4E,0.5
ID_AD7EEA3F36,0.5
ID_715C2CE46F,0.5
ID_C9B56B5CE3,0.5
ID_9762F69369,0.5
ID_C3FFEE106B,0.5
ID_CEF8D13B74,0.5
ID_EC44978410,0.5
ID_245500AA14,0.5
ID_86D776A64C,0.5
ID_0011C70C96,0.5
ID_668F767D6F,0.5
ID_28580AC593,0.5
ID_A92AF0D7B4,0.5
ID_7FEB1F034E,0.5
ID_90396F7760,0.5
ID_8D8BDC749F,0.5
ID_005834AA31,0.5
ID_37C9436B19,0.5
ID_0F41A52338,0.5
ID_7D1F92885A,0.5
ID_37289683A8,0.5
ID_EAC7BD112C,0.5
ID_9F28CDECB6,0.5
ID_C55B2F9CD1,0.5
ID_969B10D1CC,0.5
ID_F094EE2A03,0.5
ID_388C5E4FD3,0.5
ID_76609AA50A,0.5
ID_EDBC3053C9,0.5
ID_0B328A4CBB,0.5
ID_A44FC5859C,0.5
ID_094E2282FE,0.5
ID_89467DEFD0,0.5
ID_0401424C10,0.5
ID_031625501D,0.5
ID_A1F775DF0A,0.5
ID_C1F494691A,0.5
ID_43088D59C4,0.5
ID_5D5C71FFC6,0.5
ID_6C8739DD44,0.5
ID_7F5068FD5A,0.5
ID_5D3306FDE8,0.5
ID_B1223C043B,0.5
ID_AFE11C6614,0.5
ID_45E4313E5B,0.5
ID_7ABE6656FA,0.5
ID_8933BBF5DB,0.5
ID_54023770CE,0.5
ID_FAA7D7D5A6,0.5
ID_31DC2F0EE0,0.5
ID_F81E5F8557,0.5
ID_E96EC977C3,0.5
ID_0C0CE3547D,0.5
ID_2BF21E7A05,0.5
ID_6253B1C691,0.5
ID_A45AE3C56F,0.5
ID_1D21F0495E,0.5
ID_5125D09342,0.5
ID_53D54EC28F,0.5
ID_7888E7AE0E,0.5
ID_D17D795195,0.5
ID_75DD15DA89,0.5
ID_E34D1588AC,0.5
ID_CA1603B68D,0.5
ID_2DE75C7C21,0.5
ID_E83FE94244,0.5
ID_E66468D871,0.5
ID_67A5C43AB0,0.5
ID_1A832E151E,0.5
ID_06487A054F,0.5
ID_AE611A7049,0.5
ID_F7FD6A15A5,0.5
ID_4FBB478997,0.5
ID_5F9918B03F,0.5
ID_3AEE527EB4,0.5
ID_8307BC041E,0.5
ID_457B5B1DC6,0.5
ID_E89A2D49D8,0.5
ID_999EEE5A54,0.5
ID_D8E6B41EB0,0.5
ID_9388810A2C,0.5
ID_31A7AA9E09,0.5
ID_8589C7D2EF,0.5
ID_0558BFA806,0.5
ID_E3B0804C87,0.5
ID_FBE26D9091,0.5
ID_9008918BFC,0.5
ID_5B72502499,0.5
ID_7F3DE1F870,0.5
ID_D2E414EDDE,0.5
ID_03A65521B0,0.5
ID_855EDC63A2,0.5
ID_489F834EFA,0.5
ID_8683F703A5,0.5
ID_A96951B26F,0.5
ID_B47BF5FBD8,0.5
ID_CC05434E07,0.5
ID_0487D7B3A5,0.5
ID_0C6751F483,0.5
ID_AFF07D8097,0.5
ID_DA6894C8A9,0.5
ID_9362FD8CFB,0.5
ID_3190ED14E0,0.5
ID_D842C649BD,0.5
ID_496F8000D5,0.5
ID_D6BB3F68BF,0.5
ID_16650B0A29,0.5
ID_C084A63820,0.5
ID_C2413C490A,0.5
ID_9B9D4FF441,0.5
ID_44A6FF7BD7,0.5
ID_5EEC6D15C1,0.5
ID_F327692DA0,0.5
ID_C8021AA89E,0.5
ID_FBB6A52115,0.5
ID_F77B5901F6,0.5
ID_877A011B31,0.5
ID_64431C37CE,0.5
ID_BC4409DC79,0.5
ID_68DF86D9D4,0.5
ID_5EA403BDF6,0.5
ID_4E7D4B1737,0.5
ID_8C51D51CF9,0.5
ID_A3A70F34D9,0.5
ID_14EC83FEA5,0.5
ID_9459ADF898,0.5
ID_2A066EE96F,0.5
ID_ED6D09F8A7,0.5
ID_1109B80C35,0.5
ID_3A77327731,0.5
ID_CE69CF59EE,0.5
ID_4B174452D4,0.5
ID_ADBD749244,0.5
ID_A1FEB2A752,0.5
ID_0A518F5EC9,0.5
ID_62CE2DE8CD,0.5
ID_DB2BF908E4,0.5
ID_367916B052,0.5
ID_9035F4B486,0.5
ID_E16DBE6A75,0.5
ID_ACC3C4BD72,0.5
ID_12C2680CD6,0.5
ID_552EE11245,0.5
ID_447C731FFB,0.5
ID_055230125A,0.5
ID_1314F3400B,0.5
ID_76B434CEBC,0.5
ID_E11794308D,0.5
ID_A91714D494,0.5
ID_58CAF1E387,0.5
ID_FFAB7177CE,0.5
ID_408ABB2348,0.5
ID_3983ABB1E4,0.5
ID_AE329E8FA5,0.5
ID_4050A96FCA,0.5
ID_4C4DB7FA90,0.5
ID_488D178104,0.5
ID_2B5BA98552,0.5
ID_F15178CE48,0.5
ID_84DA457393,0.5
ID_5A6AB9BDD0,0.5
ID_56EF400F0C,0.5
ID_ED2636E841,0.5
ID_CDF71FDE1D,0.5
ID_0E291EC2C7,0.5
ID_60272009E2,0.5
ID_80B34C6FB2,0.5
ID_88E5C78E26,0.5
ID_A015F75776,0.5
ID_3CD3FE3114,0.5
ID_8C97861251,0.5
ID_DEAC11D9D1,0.5
ID_940028C77D,0.5
ID_7FF890FEC0,0.5
ID_668DB4BF98,0.5
ID_2723009A07,0.5
ID_B0C6F58B80,0.5
ID_4414CBB35A,0.5
ID_4C71F9B82F,0.5
ID_DE6DBB0BA1,0.5
ID_7E607F12BC,0.5
ID_9E7DF68010,0.5
ID_3403B014A3,0.5
ID_49E711C980,0.5
ID_61F88C4389,0.5
ID_FC49535732,0.5
ID_4A8011075D,0.5
ID_E9CDA25C82,0.5
ID_A58F79F395,0.5
ID_020EF45FFC,0.5
ID_57F36AD345,0.5
ID_E3C9784AF0,0.5
ID_CDE00EA176,0.5
ID_51125FC129,0.5
ID_B908957964,0.5
ID_E57E0DE72A,0.5
ID_FAA79D7A3D,0.5
ID_792601514F,0.5
ID_C647AFD624,0.5
ID_CC20844C80,0.5
ID_E8ADAF74A8,0.5
ID_AA1E175B73,0.5
ID_38923F1EBD,0.5
ID_667D5C77D1,0.5
ID_76F15B4D9A,0.5
ID_D4B5AE5D37,0.5
ID_F31F1F1329,0.5
ID_4E5E3430FB,0.5
ID_5DF2173762,0.5
ID_7D81325D74,0.5
ID_5F0A2A5DA3,0.5
ID_CCB6F6E655,0.5
ID_EE896DECD8,0.5
ID_37B6003353,0.5
ID_8135A81F56,0.5
ID_7333C1E547,0.5
ID_265E47304B,0.5
ID_32FB6E919B,0.5
ID_F21CC55C62,0.5
ID_CA263DE6C3,0.5
ID_B9EEF051A9,0.5
ID_958A1DBDC8,0.5
ID_60459BD7CC,0.5
ID_9438511580,0.5
ID_9442125B51,0.5
ID_CA67BAEB63,0.5
ID_B9922D2359,0.5
ID_EA8E026BA9,0.5
ID_47B4DB9EF1,0.5
ID_A90ECD2C01,0.5
ID_E9A05D2E05,0.5
ID_F3E52DE54F,0.5
ID_B22379F33D,0.5
ID_4C535BD8FB,0.5
ID_5B3ECAC2DB,0.5
ID_7442517099,0.5
ID_F88BD73319,0.5
ID_2AEB54DF89,0.5
ID_AEABB2F37B,0.5
ID_7260A2AF04,0.5
ID_89131BE200,0.5
ID_486A7E64EB,0.5
ID_82DD6B547A,0.5
ID_52B56F27C2,0.5
ID_CE08A32421,0.5
ID_9D84D3155D,0.5
ID_A4040C56AB,0.5
ID_438E99E606,0.5
ID_35A85AB99A,0.5
ID_E3BD9862A7,0.5
ID_CF88B6A6FD,0.5
ID_24421328EC,0.5
ID_0396F11DA7,0.5
ID_B8D4F9E2E4,0.5
ID_926DD49C8C,0.5
ID_0B4C66BA8F,0.5
ID_8D781B8EBB,0.5
ID_65C787829E,0.5
ID_8A84802D25,0.5
ID_5B5BB67033,0.5
ID_96F252C86C,0.5
ID_6F9AA3FDBA,0.5
ID_673B6CBE7C,0.5
ID_E9BBF75932,0.5
ID_2154056F10,0.5
ID_65EBEDC5D4,0.5
ID_A4A2737F18,0.5
ID_DC46E7744D,0.5
ID_7D6C30DFC0,0.5
ID_BCDA1A1C65,0.5
ID_C6238CBC7E,0.5
ID_31722DCAC6,0.5
ID_2F21B7E305,0.5
ID_9D9DBB9362,0.5
ID_5D6CC41B31,0.5
ID_199BAF171B,0.5
ID_3A1DF33EB5,0.5
ID_10A425E65B,0.5
ID_F0B4B8E734,0.5
ID_6D6A9F4BD7,0.5
ID_2F8CA15959,0.5
ID_51389EA88A,0.5
ID_CF9FE62501,0.5
ID_6F4BB81C60,0.5
ID_F42C34B40F,0.5
ID_EF1BE190AC,0.5
ID_F651C2714E,0.5
ID_B5902F477C,0.5
ID_02C1995B27,0.5
ID_5BD43B6DE0,0.5
ID_229FC9FEDD,0.5
ID_869DB27AE3,0.5
ID_0F65336942,0.5
ID_9BC3D85752,0.5
ID_D38B94F52E,0.5
ID_E72576A282,0.5
ID_053E566B33,0.5
ID_71F21B28E5,0.5
ID_E33DDC5252,0.5
ID_351BA2E586,0.5
ID_705753B536,0.5
ID_F555D2F26D,0.5
ID_8590A8DDE6,0.5
ID_49E80716C6,0.5
ID_1A14358CBE,0.5
ID_A8B5F9C74C,0.5
ID_7404E32DDC,0.5
ID_8BB8E57FDF,0.5
ID_88D3F73C65,0.5
ID_CEE5F79E03,0.5
ID_C5C75C06CB,0.5
ID_C24AD4E558,0.5
ID_8067691950,0.5
ID_387512C4D0,0.5
ID_82540F0F53,0.5
ID_DC0DD0B9CB,0.5
ID_D53BE1DDA2,0.5
ID_64B8674C4D,0.5
ID_19CB520043,0.5
ID_7B9C2FF7C9,0.5
ID_C37B3FEAC4,0.5
ID_F6AA86A5C9,0.5
ID_258FB97E59,0.5
ID_AE1A59AD98,0.5
ID_51BDA28544,0.5
ID_214F429C85,0.5
ID_0D72AB597A,0.5
ID_AB66B4406C,0.5
ID_70EE5AF696,0.5
ID_7FC8AFE91F,0.5
ID_72E077E6DE,0.5
ID_5EA671FA21,0.5
ID_87716D8389,0.5
ID_613327474E,0.5
ID_D9F424F167,0.5
ID_9859174D2E,0.5
ID_5211ECB6AA,0.5
ID_FDBD556B82,0.5
ID_44339E23AF,0.5
ID_F6B4B8021D,0.5
ID_A538E3E506,0.5
ID_0A12A825C2,0.5
ID_34E088C50C,0.5
ID_FCF30AF437,0.5
ID_04FDCF9DFA,0.5
ID_D854E24DDD,0.5
ID_CBAF8C4B6F,0.5
ID_BB81DE13BC,0.5
ID_33867C373A,0.5
ID_179E1A7449,0.5
ID_15FECD6776,0.5
ID_908B9C9374,0.5
ID_436C76D1C2,0.5
ID_1D06574407,0.5
ID_1E2825A619,0.5
ID_FB575A1CC6,0.5
ID_91265F0229,0.5
ID_554581155B,0.5
ID_49140BEB1D,0.5
ID_09F158FB83,0.5
ID_A42B7C4EB2,0.5
ID_537C0E9EE6,0.5
ID_3A4D351368,0.5
ID_5EF23AAA48,0.5
ID_7CD38A100A,0.5
ID_1EE2FE941C,0.5
ID_DA3E1698DC,0.5
ID_93F10FF13D,0.5
ID_507B42438F,0.5
ID_9A96528B06,0.5
ID_87383D3E7F,0.5
ID_AB4AF194AC,0.5
ID_74F9C1D9DD,0.5
ID_05430DD834,0.5
ID_613D29FCBC,0.5
ID_54942F8FD3,0.5
ID_D8BF5A6F54,0.5
ID_4C40746444,0.5
ID_15A1E0BF14,0.5
ID_7EC3C1354F,0.5
ID_8F84EAC309,0.5
ID_02EBFBB730,0.5
ID_E8B4272F68,0.5
ID_5AE8777DA7,0.5
ID_738E4CFA8B,0.5
ID_32DB75DEAA,0.5
ID_CC91B935EC,0.5
ID_D2A2F65C2E,0.5
ID_D11445DDE7,0.5
ID_C087794DB1,0.5
ID_5A00C625CD,0.5
ID_1D04A12C7B,0.5
ID_9A096F1E2E,0.5
ID_4C87C5A654,0.5
ID_89660BCB14,0.5
ID_A76F45F888,0.5
ID_15E10443EC,0.5
ID_DAF3C697ED,0.5
ID_19E52A8A2D,0.5
ID_C7A83B4480,0.5
ID_CC6F097694,0.5
ID_1FB76EFDC4,0.5
ID_E24E2A3426,0.5
ID_A1C7162102,0.5
ID_77958125FB,0.5
ID_45ACDADD8A,0.5
ID_A494291B44,0.5
ID_C5277DB26B,0.5
ID_E2AF2298CF,0.5
ID_7524CB1523,0.5
ID_391C5B859F,0.5
ID_7AFC806097,0.5
ID_01839AC068,0.5
ID_06A2EBB9DA,0.5
ID_4794D67B95,0.5
ID_7705338477,0.5
ID_C7AD383C7F,0.5
ID_849C863F7F,0.5
ID_97F18CD8BE,0.5
ID_965342CAD5,0.5
ID_80E87948E8,0.5
ID_344B5470B7,0.5
ID_1787586E3C,0.5
ID_261ED66F28,0.5
ID_C02F4CCB87,0.5
ID_1EF9E335DB,0.5
ID_6D3E10972F,0.5
ID_3CFC99E71F,0.5
ID_F9EB94D0E6,0.5
ID_A799D1E889,0.5
ID_B34B521CED,0.5
ID_472A51D440,0.5
ID_AD3C1451B4,0.5
ID_E8A9C8F46E,0.5
ID_580303795F,0.5
ID_AFF5A51D31,0.5
ID_6BA47F49AF,0.5
ID_7C8C1DE51B,0.5
ID_94307E700F,0.5
ID_AB7F43C7AF,0.5
ID_AB10D2EA54,0.5
ID_CD3CB8BEA7,0.5
ID_985A705F87,0.5
ID_1EDA68AF9B,0.5
ID_C5119288A4,0.5
ID_0202C4F803,0.5
ID_DD63AF6DD1,0.5
ID_15E3F3CE1D,0.5
ID_00232113A5,0.5
ID_8194EDB38A,0.5
ID_89B80C095C,0.5
ID_406ED53779,0.5
ID_A0E23565DD,0.5
ID_34C6E108CB,0.5
ID_BB07FA7B83,0.5
ID_F2E4056C12,0.5
ID_E74DD0DC37,0.5
ID_0E57CA912C,0.5
ID_74F5BF24D9,0.5
ID_159F674735,0.5
ID_BA395D3DCD,0.5
ID_DB7F91091B,0.5
ID_190E881FD9,0.5
ID_257DA4F7A7,0.5
ID_F3DA43EF8D,0.5
ID_026C74C2CA,0.5
ID_1EF2A503D3,0.5
ID_89EE3F502A,0.5
ID_0FCC8E66DB,0.5
ID_F7AF8D3249,0.5
ID_E8F2E35E88,0.5
ID_3206641CE1,0.5
ID_81EB3D0A34,0.5
ID_E963DC3498,0.5
ID_7E7F2211F7,0.5
ID_FCEF994241,0.5
ID_FE299CE39A,0.5
ID_E7BC8FBB04,0.5
ID_DBE3ED438E,0.5
ID_EEE285A3AD,0.5
ID_B904138623,0.5
ID_BB63C5EE79,0.5
ID_6554F36702,0.5
ID_526C995485,0.5
ID_15EF4C949E,0.5
ID_768F1B929D,0.5
ID_F28C43C2CD,0.5
ID_4D65953100,0.5
ID_3CC88E1048,0.5
ID_3A8BF7557F,0.5
ID_0775E44A31,0.5
ID_873F538E55,0.5
ID_49603773F2,0.5
ID_05356DF5FB,0.5
ID_1EEDC40B64,0.5
ID_4AE21DB42B,0.5
ID_E05F0869CC,0.5
ID_41E11391B1,0.5
ID_CB271C9BAA,0.5
ID_2E6CA2BAEC,0.5
ID_44758833AC,0.5
ID_059B229863,0.5
ID_2E7EC03E29,0.5
ID_9D99CD3414,0.5
ID_A811B3E3A6,0.5
ID_A425EE7C37,0.5
ID_5915AA9B2C,0.5
ID_5F3A502448,0.5
ID_6E28106B02,0.5
ID_8C665F63F7,0.5
ID_6C3024507A,0.5
ID_1FD03BE8D7,0.5
ID_E4D6435DED,0.5
ID_C669B415BA,0.5
ID_40777C5DE4,0.5
ID_7C161A4870,0.5
ID_75E10DC825,0.5
ID_367A34DC14,0.5
ID_4C57640701,0.5
ID_C028AF22BC,0.5
ID_24DBE6D101,0.5
ID_5E95064A91,0.5
ID_D4BFE2661F,0.5
ID_76C598DD51,0.5
ID_761A9C8DF4,0.5
ID_C25430AD84,0.5
ID_EE54116CD1,0.5
ID_05D5BC87A6,0.5
ID_E292CDC48C,0.5
ID_619FCE0BD6,0.5
ID_F8365F46BA,0.5
ID_EFA46D089B,0.5
ID_6452278BA9,0.5
ID_B86DD8B269,0.5
ID_623CD164D1,0.5
ID_F552C18B92,0.5
ID_AA54B61E66,0.5
ID_D397C91543,0.5
ID_F3820439EA,0.5
ID_DF7D79784C,0.5
ID_D7F274A35F,0.5
ID_C039993504,0.5
ID_5A7BA8FA37,0.5
ID_C8CD2F68F9,0.5
ID_431A37D1B4,0.5
ID_200151FD51,0.5
ID_7F1058E314,0.5
ID_8F874C1AAD,0.5
ID_6DCA8D646F,0.5
ID_00C39F5A68,0.5
ID_9CB1EA907C,0.5
ID_DD0F799A2B,0.5
ID_A45CE21CA8,0.5
ID_713FB7381E,0.5
ID_FE4E3F3CF2,0.5
ID_1C2805043C,0.5
ID_29E26CB9CF,0.5
ID_D7C082D664,0.5
ID_37BE82C507,0.5
ID_04C9B2594B,0.5
ID_EF1AA1BA2A,0.5
ID_7094B577D0,0.5
ID_BB1BD5172C,0.5
ID_937F9AC111,0.5
ID_3E90F6504A,0.5
ID_CBE363E230,0.5
ID_F20E0086A2,0.5
ID_46D99153B8,0.5
ID_C47C054EBB,0.5
ID_984D755A3F,0.5
ID_FE4F3B8AF3,0.5
ID_305CFF41D6,0.5
ID_6F8964730D,0.5
ID_A6CCD19FE3,0.5
ID_02093C7613,0.5
ID_4B5839B7DF,0.5
ID_CDEE9F10F9,0.5
ID_84727C8533,0.5
ID_222F85CC8C,0.5
ID_6383A723F8,0.5
ID_72AECC9FED,0.5
ID_C7740A44DC,0.5
ID_2DCDE686A2,0.5
ID_3AB04A69CD,0.5
ID_11D66172D1,0.5
ID_BCCB814D3E,0.5
ID_99047F213F,0.5
ID_C093DB7BDA,0.5
ID_E14F41E306,0.5
ID_174CD30E5F,0.5
ID_3C66F606D0,0.5
ID_85B5F13E08,0.5
ID_E01A0E7A5C,0.5
ID_AB7F96A1A1,0.5
ID_EC8177D38A,0.5
ID_EC11552E7A,0.5
ID_2B45311815,0.5
ID_F392C00877,0.5
ID_23CE9256E8,0.5
ID_7BF75BC562,0.5
ID_AAB407E84C,0.5
ID_74AF76146B,0.5
ID_363EF14219,0.5
ID_F398B67CCF,0.5
ID_89158051E3,0.5
ID_CE8CDEFB25,0.5
ID_785C22CDCC,0.5
ID_11EA650175,0.5
ID_FFFF01FAA1,0.5
ID_7D0F6187D2,0.5
ID_A433AB4B4B,0.5
ID_E66C5906BD,0.5
ID_CCB5768057,0.5
ID_F68D168614,0.5
ID_4C5CDE3634,0.5
ID_82014A4866,0.5
ID_EB3F7B0EFB,0.5
ID_B0605DFF71,0.5
ID_ADD97F40D6,0.5
ID_2B86B991C5,0.5
ID_FA82B15C29,0.5
ID_106C4F935D,0.5
ID_D97EFCE1F0,0.5
ID_E720824571,0.5
ID_389BD10E1A,0.5
ID_B1E40224E6,0.5
ID_A33C3597D9,0.5
ID_DD27783597,0.5
ID_40963245E4,0.5
ID_7CAEDFCD0A,0.5
ID_5F952D4EFF,0.5
ID_912DE94BEF,0.5
ID_C1F0DD5D20,0.5
ID_0E6940CC93,0.5
ID_5C837ED93E,0.5
ID_13D65CFAB8,0.5
ID_B0F7EDDAC4,0.5
ID_2405AC8B10,0.5
ID_B981BF99DF,0.5
ID_2F56EF432A,0.5
ID_A05D46C96C,0.5
ID_55CE10312B,0.5
ID_CD2F875A89,0.5
ID_2DB81907FB,0.5
ID_85EAE0EFAD,0.5
ID_7E4DE0ED60,0.5
ID_094D263ACE,0.5
ID_63B5431770,0.5
ID_FAC05E16DB,0.5
ID_2DB9321C0F,0.5
ID_4FF6CD8BAD,0.5
ID_F283E8928C,0.5
ID_7D8D2FD328,0.5
ID_E8FC484BB0,0.5
ID_200F22F6A9,0.5
ID_273F179C01,0.5
ID_F146858720,0.5
ID_12E2F21212,0.5
ID_C260837C74,0.5
ID_3EB86E0F38,0.5
ID_B038B85BEB,0.5
ID_A363BF3682,0.5
ID_6ADF01F1A7,0.5
ID_64F32510A4,0.5
ID_33B1E865B7,0.5
ID_FF7BB53D12,0.5
ID_F332BFEE60,0.5
ID_64395A050C,0.5
ID_DD87007E65,0.5
ID_9E627B71A4,0.5
ID_35497A3BD5,0.5
ID_5FAC406075,0.5
ID_53E62CA856,0.5
ID_00FC674A29,0.5
ID_5FDEF13DF6,0.5
ID_411FFA5BA7,0.5
ID_A739794A0A,0.5
ID_37273EA8D4,0.5
ID_203FDE2FFE,0.5
ID_B3AED491F8,0.5
ID_AB7F61D472,0.5
ID_D93895E7B8,0.5
ID_9DA20CC4C5,0.5
ID_67672B4834,0.5
ID_3AFDFB4934,0.5
ID_9D6E26D7A5,0.5
ID_FC566D75B2,0.5
ID_9DB8DE2EF4,0.5
ID_0E7AB9BC51,0.5
ID_47001E3FF3,0.5
ID_714FFD46A0,0.5
ID_1CBD64205D,0.5
ID_1E2080E94F,0.5
ID_F67F0DA165,0.5
ID_06B4C48E39,0.5
ID_DC78763D3F,0.5
ID_07A4976479,0.5
ID_8A890CC667,0.5
ID_8EA89B618B,0.5
ID_BCE9B7A231,0.5
ID_D117090BC5,0.5
ID_032D02215B,0.5
ID_128886EE5A,0.5
ID_6224620EB6,0.5
ID_FE5C5E4B3F,0.5
ID_C9B7B277D4,0.5
ID_B1D82BC671,0.5
ID_DC71589D56,0.5
ID_9445F3CF3E,0.5
ID_FEA17AB2EA,0.5
ID_7D0A3B3A7C,0.5
ID_023FE1F1B6,0.5
ID_0F5505C275,0.5
ID_8C6F87EE10,0.5
ID_9ECC2C4940,0.5
ID_DEA7B84012,0.5
ID_70D96366DC,0.5
ID_5C434820BD,0.5
ID_6B0E703E7A,0.5
ID_CA850BB007,0.5
ID_43C58775B2,0.5
ID_97AABEA377,0.5
ID_CE84F81491,0.5
ID_9C7CA33E95,0.5
ID_3789AA97B2,0.5
ID_13C8AE9497,0.5
ID_CF4B2A97C5,0.5
ID_FF9C384C9E,0.5
ID_0C77C5CA64,0.5
ID_C31C60D273,0.5
ID_C932FC7BEA,0.5
ID_60801193D0,0.5
ID_7856870EFE,0.5
ID_7820F70EC0,0.5
ID_2823867C1A,0.5
ID_959311D7AB,0.5
ID_E163B2B6A9,0.5
ID_80D173CCDA,0.5
ID_9CCDA270D6,0.5
ID_B0399922C0,0.5
ID_4C3C761936,0.5
ID_0A2E332512,0.5
ID_5980DBEC20,0.5
ID_E29329259E,0.5
ID_4916F759AC,0.5
ID_6FD56C5426,0.5
ID_F9DF76E8DB,0.5
ID_F75B06E12D,0.5
ID_F7A331BAF4,0.5
ID_C381ED2804,0.5
ID_AEE0CAD4C7,0.5
ID_5A66503F8A,0.5
ID_F4906F4A8D,0.5
ID_62BDFE9682,0.5
ID_49D40583CA,0.5
ID_2A8423D1D6,0.5
ID_C6792C4549,0.5
ID_0D69537D27,0.5
ID_10DDC8856B,0.5
ID_5D0C3C4B27,0.5
ID_9BC608B3B0,0.5
ID_D459726BE7,0.5
ID_B9DC35F87F,0.5
ID_0068B3ACF0,0.5
ID_A55C2AC640,0.5
ID_1D0D1148E4,0.5
ID_00C780D4C8,0.5
ID_2490F27511,0.5
ID_61726CCDC3,0.5
ID_2CC9294ECF,0.5
ID_BDA01F9010,0.5
ID_323D3BB057,0.5
ID_B9B4AFCA31,0.5
ID_E0379A651F,0.5
ID_75C268C48F,0.5
ID_ED1E96027B,0.5
ID_E64A21F183,0.5
ID_47C31DCAEF,0.5
ID_5B2AECD237,0.5
ID_043DB467D0,0.5
ID_3037B03EA9,0.5
ID_6E60C5DEF1,0.5
ID_CAC2488CF7,0.5
ID_CB7AF4F0BA,0.5
ID_448272D506,0.5
ID_59F8E374C0,0.5
ID_4A19F4C40A,0.5
ID_489BD228DC,0.5
ID_2A31C90AAA,0.5
ID_3D8CECE1B2,0.5
ID_C50F63F857,0.5
ID_F442790D23,0.5
ID_48293FD926,0.5
ID_9E37118376,0.5
ID_948D097F05,0.5
ID_FE24BCCEF0,0.5
ID_126F3C31A6,0.5
ID_24C58B2747,0.5
ID_CDF5D8D024,0.5
ID_C7F9847BF2,0.5
ID_E7865EE6A4,0.5
ID_AFFF0C21AE,0.5
ID_6B36122173,0.5
ID_6565F981D5,0.5
ID_D9A858AE46,0.5
ID_F126DB4D15,0.5
ID_422B5FD7B4,0.5
ID_56EDAB98CC,0.5
ID_129301A7EC,0.5
ID_7C25C809DD,0.5
ID_B14BA5194B,0.5
ID_AA36595314,0.5
ID_82CC2558BB,0.5
ID_743847DA8D,0.5
ID_7DBF19DC5B,0.5
ID_05B30B8505,0.5
ID_4973D30129,0.5
ID_8FA51EB6BE,0.5
ID_C9011FE9FB,0.5
ID_FA9F97672A,0.5
ID_C4196B38DD,0.5
ID_BE8A847F9B,0.5
ID_BF677C0061,0.5
ID_3E73BB6E31,0.5
ID_65F19B4847,0.5
ID_E59D8B2FDF,0.5
ID_859B383090,0.5
ID_287556AD17,0.5
ID_792D559FBE,0.5
ID_5B7E32F1D5,0.5
ID_376E612368,0.5
ID_1845F9C754,0.5
ID_89AE489955,0.5
ID_0694F08152,0.5
ID_CA0EDD04DF,0.5
ID_C5D715A536,0.5
ID_B701E135B0,0.5
ID_BF63A084A1,0.5
ID_D5B3D88F9A,0.5
ID_876105011A,0.5
ID_33F860CA52,0.5
ID_BC21EFE0ED,0.5
ID_D7079021C6,0.5
ID_0D1D94E01A,0.5
ID_D09833B574,0.5
ID_3A0060583E,0.5
ID_DB3C7BD3EE,0.5
ID_04136ECA66,0.5
ID_C06DD0DEB2,0.5
ID_ACE2D58573,0.5
ID_4539822B2E,0.5
ID_CEDB92F873,0.5
ID_346D192AC9,0.5
ID_725054A85D,0.5
ID_C17BA80F2C,0.5
ID_04BE582013,0.5
ID_66E9E3E88C,0.5
ID_F057A4DB47,0.5
ID_D55E1CFA03,0.5
ID_378370269C,0.5
ID_9248137598,0.5
ID_1B8477B13A,0.5
ID_B9AEEDFC60,0.5
ID_9D226B3E61,0.5
ID_3BDC60FB09,0.5
ID_C853BFE342,0.5
ID_8250FE8AEB,0.5
ID_B63D2B4368,0.5
ID_18B271786F,0.5
ID_53DD3F8556,0.5
ID_5ED1564B87,0.5
ID_04EB81B8D3,0.5
ID_9ACD280700,0.5
ID_0E186910D6,0.5
ID_D4B811BE75,0.5
ID_7E4A178C9F,0.5
ID_19638AB7B9,0.5
ID_6C4BED4F1A,0.5
ID_8707BEA99A,0.5
ID_8AFB72C4DD,0.5
ID_141C5CF6DF,0.5
ID_D9F14EB5EA,0.5
ID_F339248F22,0.5
ID_B26D2B1799,0.5
ID_CCD0582427,0.5
ID_B9A069A1FA,0.5
ID_892B8F7E43,0.5
ID_D938AADC42,0.5
ID_BDAE026EB8,0.5
ID_9C3582A12A,0.5
ID_690F5E2556,0.5
ID_82E8E79987,0.5
ID_CE2F47DE0C,0.5
ID_B5C3622964,0.5
ID_EA61246569,0.5
ID_8191AAE5D7,0.5
ID_8BBE59494F,0.5
ID_9F9B635CA4,0.5
ID_DDE6788E4D,0.5
ID_805346CB99,0.5
ID_89AF9B0282,0.5
ID_8805D1F4C6,0.5
ID_92514D8ECC,0.5
ID_29EA53DB5A,0.5
ID_D4CAA5BDFD,0.5
ID_FD9936D407,0.5
ID_61EA785A88,0.5
ID_3773E00C94,0.5
ID_8444B6D074,0.5
ID_313F29203D,0.5
ID_0E0E2F3166,0.5
ID_C2AE7FD9D1,0.5
ID_17725C22D8,0.5
ID_5845CE80F2,0.5
ID_8113CCBF49,0.5
ID_5A496321CB,0.5
ID_370FF0A9A5,0.5
ID_1B0EC10E20,0.5
ID_B6ADB889D9,0.5
ID_9C892C21D5,0.5
ID_D2CAFFD9D6,0.5
ID_DCE18D885A,0.5
ID_6C032E177F,0.5
ID_EE25F83933,0.5
ID_F28C04B532,0.5
ID_C61125EEB1,0.5
ID_8EFF2B1F02,0.5
ID_08CAE66F51,0.5
ID_D6D69B8200,0.5
ID_FEF33E9F20,0.5
ID_4CA8B6DEC6,0.5
ID_03EEA7CE62,0.5
ID_3CBCD8D873,0.5
ID_6C68F3745D,0.5
ID_7520FFF1E3,0.5
ID_5BE3F8BE6A,0.5
ID_677D3E295C,0.5
ID_BC062B4E0E,0.5
ID_D9DB24ADE1,0.5
ID_95567A4196,0.5
ID_279619B0FB,0.5
ID_2C33AA4DDB,0.5
ID_3C72AED9DA,0.5
ID_CD890074A2,0.5
ID_13D28AAE89,0.5
ID_25EECFD44A,0.5
ID_889BB111D7,0.5
ID_3A07CD62B7,0.5
ID_4A87D5B617,0.5
ID_FE4EE78C3B,0.5
ID_6AB04187C5,0.5
ID_0509C4239D,0.5
ID_D115B45BF9,0.5
ID_F84DCBB402,0.5
ID_15F4964832,0.5
ID_B2101CB31D,0.5
ID_C0A5B73043,0.5
ID_3CB08EC74B,0.5
ID_F72D1FCB9B,0.5
ID_CADB62470B,0.5
ID_A9110516F3,0.5
ID_47CD1C6418,0.5
ID_5462C06691,0.5
ID_85A32AA8C9,0.5
ID_7A2320D9B5,0.5
ID_E5A9402771,0.5
ID_007F9DFB32,0.5
ID_5AF4B6A79C,0.5
ID_F8192BFA41,0.5
ID_0C4B677E2C,0.5
ID_C72E25BE5F,0.5
ID_571DE38FA2,0.5
ID_E1B1697C1E,0.5
ID_7306AD5E3B,0.5
ID_8DC57560C3,0.5
ID_4255831039,0.5
ID_D4D26EF7C5,0.5
ID_DDEDD342F1,0.5
ID_2F63DAAA26,0.5
ID_25D2641E54,0.5
ID_C64E7E6700,0.5
ID_4B571D2583,0.5
ID_7328350BD6,0.5
ID_66C216DB20,0.5
ID_4619996273,0.5
ID_E4059DC64A,0.5
ID_062DEB6A63,0.5
ID_847DC37053,0.5
ID_3B232DAB9F,0.5
ID_3C49B53FE5,0.5
ID_7DF1305932,0.5
ID_0DAA7EB0C1,0.5
ID_ED4C70F397,0.5
ID_B78DD1637C,0.5
ID_A229C3755E,0.5
ID_D1C3CB6FDE,0.5
ID_AE62699115,0.5
ID_626F934AB9,0.5
ID_22F8FF0539,0.5
ID_0FDCF7255C,0.5
ID_B71F867188,0.5
ID_371126D919,0.5
ID_EA2D8AA4F8,0.5
ID_864DF0DB24,0.5
ID_4CDA139CB4,0.5
ID_1765F4F1A1,0.5
ID_87E9717CDF,0.5
ID_0BD22D1E97,0.5
ID_EA524B8DF2,0.5
ID_3C2CDE03EE,0.5
ID_0F27337B27,0.5
ID_F5824FE343,0.5
ID_4D1619679F,0.5
ID_399E0AB857,0.5
ID_CE10C69E73,0.5
ID_EC3419F0CA,0.5
ID_554AB122EE,0.5
ID_335158743B,0.5
ID_F436A78447,0.5
ID_F20D97A05C,0.5
ID_DF0B1FCEE7,0.5
ID_CA17FD5292,0.5
ID_2B8D0E041B,0.5
ID_12984544A3,0.5
ID_34A0C2D543,0.5
ID_93D4C07EE4,0.5
ID_3CD0579256,0.5
ID_0ACF324FDA,0.5
ID_7972B11377,0.5
ID_4147AD6D3C,0.5
ID_177C11AB14,0.5
ID_48DF42F4CC,0.5
ID_C92F895DF4,0.5
ID_EDFCCB5FE1,0.5
ID_AC4FD4AE25,0.5
ID_E86654CC45,0.5
ID_D48B2AF3C4,0.5
ID_71C93086DD,0.5
ID_F614A04C93,0.5
ID_CA8DAD5A38,0.5
ID_22F04A2B23,0.5
ID_7F88480F61,0.5
ID_6F3A2F753B,0.5
ID_3817753C06,0.5
ID_5FFB71C707,0.5
ID_7E765388CA,0.5
ID_2280A4301B,0.5
ID_EBC68DDF19,0.5
ID_24DE87BE1F,0.5
ID_3A277CFD19,0.5
ID_F52DAB054A,0.5
ID_040F0A9B44,0.5
ID_48A91C44DE,0.5
ID_D00DE95D3B,0.5
ID_09093BA7E8,0.5
ID_FEE575B318,0.5
ID_09962147DB,0.5
ID_C8F7A78FDE,0.5
ID_9D34762B49,0.5
ID_E0D0B5FBB5,0.5
ID_EF924B690F,0.5
ID_07BCCEEF3B,0.5
ID_632BD1D045,0.5
ID_7DB7ECE809,0.5
ID_85137862C3,0.5
ID_B1CC8026EA,0.5
ID_25D0CB48AD,0.5
ID_B4E2AF6BBC,0.5
ID_D62E764EB1,0.5
ID_C179A341E9,0.5
ID_B276C808E8,0.5
ID_CA5BD07BE8,0.5
ID_FF6AAEF9A1,0.5
ID_E58B5A87FB,0.5
ID_580447E2A5,0.5
ID_3550A1BE9A,0.5
ID_6A96E1A9F5,0.5
ID_9E476C5064,0.5
ID_DFEFED05E8,0.5
ID_E2D2206166,0.5
ID_325FBDAC9B,0.5
ID_883B0CC71F,0.5
ID_B2738DE37B,0.5
ID_0223AC0CBD,0.5
ID_078C8922B7,0.5
ID_A9B4F16376,0.5
ID_2678952CED,0.5
ID_9E0A8BCAED,0.5
ID_D99037FC77,0.5
ID_985FFD81A9,0.5
ID_CB03FAA2A2,0.5
ID_398515A5BF,0.5
ID_2DE1B92C1E,0.5
ID_A07DBB2C0A,0.5
ID_5E8D2FB9B3,0.5
ID_EF577639E7,0.5
ID_B4D7E52E2B,0.5
ID_39BB7D9D5D,0.5
ID_20A894B6D7,0.5
ID_57EB992711,0.5
ID_313E491C4F,0.5
ID_B5B2F566A2,0.5
ID_028E618B95,0.5
ID_1D1554D0D6,0.5
ID_C22E10A287,0.5
ID_B184195446,0.5
ID_FD38172B58,0.5
ID_D46003929B,0.5
ID_3930CF94FE,0.5
ID_9A0E27A288,0.5
ID_99D85F5706,0.5
ID_B458E79667,0.5
ID_1AFF17E561,0.5
ID_71DC4A97B8,0.5
ID_011DD4F578,0.5
ID_4CF150C073,0.5
ID_6FFED77533,0.5
ID_9D7F6A19E9,0.5
ID_96491A21E9,0.5
ID_77DC8B300C,0.5
ID_357DC6B38C,0.5
ID_BCD2D91DA2,0.5
ID_64CE01E329,0.5
ID_A26229A73E,0.5
ID_24387ADF60,0.5
ID_12D22AC748,0.5
ID_3D92FA813E,0.5
ID_851B0BD544,0.5
ID_A243758098,0.5
ID_9C0D0417DD,0.5
ID_AD1CC7C95A,0.5
ID_D07E892654,0.5
ID_DC79801A98,0.5
ID_3295D8FCE8,0.5
ID_CD9A4B95AF,0.5
ID_6FC99EB7EE,0.5
ID_AE05E2B3D9,0.5
ID_4853D41424,0.5
ID_5E6D3DF41F,0.5
ID_111CF3EB5A,0.5
ID_100D3EA2D7,0.5
ID_8233E9A48B,0.5
ID_5E04962240,0.5
ID_FFF82C3D82,0.5
ID_4E397BF38E,0.5
ID_E45257D7BB,0.5
ID_49B5BEF7D4,0.5
ID_ECD1322636,0.5
ID_6A73A2F339,0.5
ID_E46A865305,0.5
ID_B4D2F3059C,0.5
ID_F184877AFC,0.5
ID_5AF76FA264,0.5
ID_CDF7D0230D,0.5
ID_4D315C23C2,0.5
ID_75BD08F531,0.5
ID_711C206C03,0.5
ID_444E7CD6CC,0.5
ID_88F4AF3AB8,0.5
ID_1732B5175C,0.5
ID_FD93062140,0.5
ID_E35F7F0089,0.5
ID_FE0F745C82,0.5
ID_D02AB27357,0.5
ID_6A89BD1CCA,0.5
ID_31E8698029,0.5
ID_0D6ADC768F,0.5
ID_D9F88FF9A8,0.5
ID_F8605DABB2,0.5
ID_7E3A1049F2,0.5
ID_C0A1B2959C,0.5
ID_5A9AAC178E,0.5
ID_2E812BEA59,0.5
ID_EA5B605260,0.5
ID_52FCF92555,0.5
ID_48F64289F8,0.5
ID_CD8E50FF97,0.5
ID_6F3AC8B254,0.5
ID_ED9B05D89D,0.5
ID_A2FC66C528,0.5
ID_6B7F742B68,0.5
ID_9925DD75EC,0.5
ID_CB5D845864,0.5
ID_5436E905BA,0.5
ID_B7F6616B71,0.5
ID_AC2C386930,0.5
ID_7F1F100928,0.5
ID_02355E6186,0.5
ID_2AD0B52535,0.5
ID_F84F860C61,0.5
ID_A1E3B2AFA9,0.5
ID_27EA0C1000,0.5
ID_B6B5365E8D,0.5
ID_0AC5A66D01,0.5
ID_6673C3B372,0.5
ID_A3D1109A86,0.5
ID_95426735D1,0.5
ID_7E9CACD88F,0.5
ID_2D09E7F5EE,0.5
ID_CEC0456696,0.5
ID_858EDA119B,0.5
ID_9A30DAA33C,0.5
ID_88B659C18E,0.5
ID_274252AD5F,0.5
ID_9274AAD7F4,0.5
ID_F4C36277FB,0.5
ID_2AA7413EA9,0.5
ID_250009CB6A,0.5
ID_9C9C784717,0.5
ID_8B5219978F,0.5
ID_088241DF80,0.5
ID_1712B1C395,0.5
ID_F75DEBBDE9,0.5
ID_618B938864,0.5
ID_AC99B4F036,0.5
ID_57435C62EE,0.5
ID_F8D9ADD034,0.5
ID_16A90BC603,0.5
ID_2277FB9448,0.5
ID_68C8970C98,0.5
ID_F841722949,0.5
ID_68FA0E83AD,0.5
ID_BF14CD571B,0.5
ID_660F8E1B28,0.5
ID_E5E88D738D,0.5
ID_336F004FE8,0.5
ID_16175C1D4F,0.5
ID_A77F0567FE,0.5
ID_C8727F62E5,0.5
ID_0936C6A0B6,0.5
ID_D08DCA6D40,0.5
ID_E5129DF3F6,0.5
ID_CCE0DF3B23,0.5
ID_07E3E039C7,0.5
ID_FC5163F2FC,0.5
ID_B45604E2A9,0.5
ID_5F0AD9F486,0.5
ID_AB0D80F698,0.5
ID_6FBD220A25,0.5
ID_BB70D4ACDC,0.5
ID_04EF17A89F,0.5
ID_4701E05FB6,0.5
ID_37C00BF055,0.5
ID_357626B018,0.5
ID_DFC768B42D,0.5
ID_A0F32357DF,0.5
ID_ECB2C186A9,0.5
ID_E3001D5E41,0.5
ID_C60F2A4D60,0.5
ID_067630DC73,0.5
ID_7E23FBF60D,0.5
ID_7ACC566365,0.5
ID_9405B0175F,0.5
ID_D6004E1768,0.5
ID_1C300219C7,0.5
ID_D12B4AF09B,0.5
ID_9DC07EE00F,0.5
ID_FFAB623E47,0.5
ID_6330D6791B,0.5
ID_FEBED67B6F,0.5
ID_3D77DA5600,0.5
ID_792686335F,0.5
ID_CEE8D359DA,0.5
ID_F1D52DAAF5,0.5
ID_BAA2FFB885,0.5
ID_50F72D47AA,0.5
ID_92E7E1C3E0,0.5
ID_53B4019D14,0.5
ID_028ADE1B51,0.5
ID_75E5245AB9,0.5
ID_0217234916,0.5
ID_8A5804C6D3,0.5
ID_577517B868,0.5
ID_F6386F4CB6,0.5
ID_5D869D1C0B,0.5
ID_C7A78FA266,0.5
ID_7E5C1821EF,0.5
ID_6B0AB8AFA2,0.5
ID_0C4CA79361,0.5
ID_85FE7CA1F1,0.5
ID_EB65808BBA,0.5
ID_7DE2E2842F,0.5
ID_F972C36DAA,0.5
ID_17312C20EC,0.5
ID_7B874DBDE3,0.5
ID_BD324AB638,0.5
ID_EAE64107E5,0.5
ID_A4EFDE2EE4,0.5
ID_1078FB301E,0.5
ID_81A22B158E,0.5
ID_F5AD4B6E67,0.5
ID_B747BAE0EE,0.5
ID_4247E1F00C,0.5
ID_AA1E7CB741,0.5
ID_0BBC4BA3F3,0.5
ID_56912C2A3A,0.5
ID_839BB13B6B,0.5
ID_CA031ED86B,0.5
ID_8E4121E7AA,0.5
ID_E9CCDF87AD,0.5
ID_B1C4A381ED,0.5
ID_8CEC2F6F02,0.5
ID_FD80D1F7FE,0.5
ID_6621B23529,0.5
ID_3A9F170931,0.5
ID_2A5A120C8E,0.5
ID_25D37AB319,0.5
ID_C79F64283B,0.5
ID_DA3F5EFBE6,0.5
ID_E809288123,0.5
ID_2CB8F3FF3D,0.5
ID_193A54668A,0.5
ID_BD56EE29B0,0.5
ID_CFFD3E62EF,0.5
ID_08B86E10EE,0.5
ID_36016E213E,0.5
ID_236C9FEE4E,0.5
ID_0B6BD177A3,0.5
ID_ADB1C0E05A,0.5
ID_BD9C26C028,0.5
ID_54C2B4B29E,0.5
ID_5671E4EB29,0.5
ID_68D9F7A5AC,0.5
ID_8A39C321F2,0.5
ID_B11BEA9519,0.5
ID_011836ED3E,0.5
ID_27761242EB,0.5
ID_902C6C9F23,0.5
ID_E10FA71643,0.5
ID_64D01A49F6,0.5
ID_8CEA4DCEC1,0.5
ID_F20BE3C284,0.5
ID_60D62D0C75,0.5
ID_490CDA967C,0.5
ID_5597C3CC53,0.5
ID_F26F8E85AE,0.5
ID_B1DB6A5623,0.5
ID_923D51902A,0.5
ID_5D12A1A0B2,0.5
ID_4B2310671E,0.5
ID_76BB34AA56,0.5
ID_008012BA32,0.5
ID_D1CD59B4B0,0.5
ID_D375A92631,0.5
ID_D8787144EE,0.5
ID_BD73D10028,0.5
ID_AE815D7DBD,0.5
ID_F1923EB8D8,0.5
ID_668A8A7D36,0.5
ID_16B5D44D75,0.5
ID_DA33320B2E,0.5
ID_B580B4CD01,0.5
ID_FEFE756F5F,0.5
ID_549B0FD3D1,0.5
ID_E6792C46FD,0.5
ID_5BCACCF36F,0.5
ID_43945D8B2C,0.5
ID_1485F2970A,0.5
ID_7201D2B110,0.5
ID_A7A5349487,0.5
ID_609088902F,0.5
ID_2EB88278A1,0.5
ID_E3B330B829,0.5
ID_C49409D41D,0.5
ID_D6A886F6AB,0.5
ID_AE81C9EB9B,0.5
ID_A526A5428F,0.5
ID_91493B6290,0.5
ID_5A57A6C3A2,0.5
ID_9BD032C657,0.5
ID_62F7AD01B3,0.5
ID_4933AEF210,0.5
ID_A55ACB4BB8,0.5
ID_0EAC4F4AAA,0.5
ID_E0CB64B529,0.5
ID_FF15BBFE27,0.5
ID_82E267ED8B,0.5
ID_E4A5FF775C,0.5
ID_35A8F339F3,0.5
ID_F2DFDE8530,0.5
ID_6EA12F7F30,0.5
ID_C9481CDFD5,0.5
ID_6A8D9FB79D,0.5
ID_38F456DDAC,0.5
ID_59284ED3ED,0.5
ID_CADDA99555,0.5
ID_CC2EAEE326,0.5
ID_0922310AFA,0.5
ID_234FD7301B,0.5
ID_BAE9F0CE69,0.5
ID_DA35A8619A,0.5
ID_B523FCFD17,0.5
ID_1802135664,0.5
ID_12F5444DED,0.5
ID_AD78616E4D,0.5
ID_DDD52CA701,0.5
ID_933A6F967D,0.5
ID_A1A885627B,0.5
ID_483528016B,0.5
ID_9D6E989618,0.5
ID_C861B73E0E,0.5
ID_485EF8112B,0.5
ID_0866FFC641,0.5
ID_DF782AE78C,0.5
ID_199B8F72AA,0.5
ID_ECB6E0298D,0.5
ID_B132EDFF29,0.5
ID_31FFF94D35,0.5
ID_DFBBB60F14,0.5
ID_AD0D2EA292,0.5
ID_1DD3545466,0.5
ID_ACB491B0C9,0.5
ID_9312032EC3,0.5
ID_53178BAF0C,0.5
ID_283C263C67,0.5
ID_D7A9A29FD1,0.5
ID_BB722ED2AB,0.5
ID_F556FE77CD,0.5
ID_AEC77620AC,0.5
ID_F953E53180,0.5
ID_8247509F35,0.5
ID_98CC4723DE,0.5
ID_FEFFBB03F8,0.5
ID_50772FC13E,0.5
ID_84DB1B3247,0.5
ID_CEB7D2B6A7,0.5
ID_7513072894,0.5
ID_6B4541F735,0.5
ID_4E8908D0BA,0.5
ID_6DC611B139,0.5
ID_ED761543D5,0.5
ID_8BCA992A16,0.5
ID_4A9502F0EB,0.5
ID_FAF8304527,0.5
ID_1038F8E8D7,0.5
ID_2EEB5A4FC7,0.5
ID_4F70DA27D4,0.5
ID_FA59D283A1,0.5
ID_27FA2AA71A,0.5
ID_D39485EB6E,0.5
ID_F010837C1C,0.5
ID_085B4893B5,0.5
ID_63F4BE4390,0.5
ID_1C149DC40E,0.5
ID_E081A9F312,0.5
ID_4F73276AB1,0.5
ID_715A1DD3C5,0.5
ID_DD6C2627CD,0.5
ID_C0D0AC7D48,0.5
ID_B6E27B8775,0.5
ID_FD8B629100,0.5
ID_2054487178,0.5
ID_1B2EF5D147,0.5
ID_D36BD3B3C6,0.5
ID_251B9C3CED,0.5
ID_0CFA9C96F5,0.5
ID_0CA5B2DCBA,0.5
ID_F05D9158F5,0.5
ID_46C8237B4F,0.5
ID_9BB13813CE,0.5
ID_21E3EB4FF0,0.5
ID_DA439D84B8,0.5
ID_B57636559C,0.5
ID_3F924AF4D7,0.5
ID_5689971F0C,0.5
ID_44C62A8694,0.5
ID_8AFFE91D71,0.5
ID_24B457F4C9,0.5
ID_9E090451C2,0.5
ID_CA177ED704,0.5
ID_4B2FE9F407,0.5
ID_5553790527,0.5
ID_6DA2D274FD,0.5
ID_AFE3EFDBB6,0.5
ID_9C415CD706,0.5
ID_E95E3D3D85,0.5
ID_DF1226EB6C,0.5
ID_F36440C553,0.5
ID_A3CF77ABF5,0.5
ID_ABDAAB7BEB,0.5
ID_C39DCF30BC,0.5
ID_99CF73EB49,0.5
ID_0F3DBA2181,0.5
ID_42204AD237,0.5
ID_30C0BB40AF,0.5
ID_2812623D28,0.5
ID_22D021C6CC,0.5
ID_A7F9ECE5B2,0.5
ID_7A5BBC37C7,0.5
ID_30CC831FA9,0.5
ID_B99E3B8B0F,0.5
ID_BBE2C2247F,0.5
ID_69CCED7D68,0.5
ID_71272239BF,0.5
ID_C08F485452,0.5
ID_7A520912A8,0.5
ID_56A37EF19A,0.5
ID_F712C91511,0.5
ID_9DF03BDFC2,0.5
ID_14B4F6C04F,0.5
ID_516FB70625,0.5
ID_5FB08FCAE5,0.5
ID_B99A2DC364,0.5
ID_815D885DF0,0.5
ID_58DFC28AE7,0.5
ID_808822BF01,0.5
ID_99A590644B,0.5
ID_D03EAE73A9,0.5
ID_329F90C3B5,0.5
ID_8BA0BDA8A1,0.5
ID_4F2B05866C,0.5
ID_A81F1017AF,0.5
ID_DA7F946158,0.5
ID_34097D6302,0.5
ID_2AF7E8DEE5,0.5
ID_F1B6B7018C,0.5
ID_5A88D5B689,0.5
ID_00FEFAC954,0.5
ID_AA8BE6915B,0.5
ID_28217CDAE3,0.5
ID_4498208974,0.5
ID_C3D32A93C6,0.5
ID_66C36CBEB6,0.5
ID_02210CDE19,0.5
ID_9567EE3095,0.5
ID_06DAA6D21A,0.5
ID_F02C2BA2FB,0.5
ID_09F0DD4809,0.5
ID_28F0883078,0.5
ID_76D77C063B,0.5
ID_1F5E65ECFA,0.5
ID_94756CB050,0.5
ID_8442AEAE45,0.5
ID_3363C0A051,0.5
ID_5F24819877,0.5
ID_3B7C7F1E90,0.5
ID_8A9C33666B,0.5
ID_8E20901F87,0.5
ID_1D9F7463D3,0.5
ID_38B35A3454,0.5
ID_E174571B4A,0.5
ID_17889DD7BF,0.5
ID_DAE149FF11,0.5
ID_0D31937D74,0.5
ID_385BC00401,0.5
ID_F77EF1A1B2,0.5
ID_77AB775BCB,0.5
ID_CF5985ADB4,0.5
ID_C19837E51A,0.5
ID_B27FEF9795,0.5
ID_5F6E075FA8,0.5
ID_CE64720013,0.5
ID_5C5F582002,0.5
ID_568A6F8B3A,0.5
ID_5DE7E378FB,0.5
ID_9EB7FDFD6E,0.5
ID_F397C5A10D,0.5
ID_D126863889,0.5
ID_FB4BCCD040,0.5
ID_08758D0E48,0.5
ID_14095190DA,0.5
ID_0B6B826AFE,0.5
ID_6725CB3274,0.5
ID_1AB7576E82,0.5
ID_0022408788,0.5
ID_823F9F9889,0.5
ID_0BCC270B08,0.5
ID_8A49CB3247,0.5
ID_B2474D2764,0.5
ID_5BB5C2F331,0.5
ID_FEBC605F0A,0.5
ID_FCC1A58928,0.5
ID_BAED764D59,0.5
ID_ACF4075888,0.5
ID_993B5B0343,0.5
ID_35C44B91C0,0.5
ID_01AF592C35,0.5
ID_51CBA35C13,0.5
ID_364EB39482,0.5
ID_DAF0701BD5,0.5
ID_00AF6848BC,0.5
ID_98EFE4BC8F,0.5
ID_FB98FAEB45,0.5
ID_07E413598B,0.5
ID_9D123E3B15,0.5
ID_C7DF02ACED,0.5
ID_93A5AE6DF2,0.5
ID_AD418B693E,0.5
ID_E3D96BA635,0.5
ID_FBD9C0480B,0.5
ID_6807D071ED,0.5
ID_1FDDCE0719,0.5
ID_8DAACE2096,0.5
ID_1A9B14A140,0.5
ID_E21897128C,0.5
ID_D9B0C79310,0.5
ID_C00F418E2A,0.5
ID_5073ADD06D,0.5
ID_D1234DB450,0.5
ID_3D65E9A224,0.5
ID_6606FB3C61,0.5
ID_0CAB0E2D80,0.5
ID_9326A2BE0D,0.5
ID_642EFC8E10,0.5
ID_6EE7201E7C,0.5
ID_4C53D4D1E6,0.5
ID_0D16C094D2,0.5
ID_6AA8DDB264,0.5
ID_1F794EE2A0,0.5
ID_7CD48D9FB9,0.5
ID_3ED14739F7,0.5
ID_1237C2B25D,0.5
ID_5FFFD12289,0.5
ID_B5B4F672BF,0.5
ID_40BEC325CF,0.5
ID_69F073D94D,0.5
ID_EE46C05555,0.5
ID_E13831F7B8,0.5
ID_611D1EC3E2,0.5
ID_D39EEF4352,0.5
ID_A649D5B5EF,0.5
ID_CE693829C0,0.5
ID_9B69C2B455,0.5
ID_55F53AF250,0.5
ID_669A3FCE3D,0.5
ID_E5382A551B,0.5
ID_B3CAC587B7,0.5
ID_7D5F040376,0.5
ID_A5215EEEEC,0.5
ID_8509453C04,0.5
ID_AA598C729D,0.5
ID_1BA36419A6,0.5
ID_ACAE647252,0.5
ID_CBCA235C9A,0.5
ID_699669C148,0.5
ID_EC4FD74738,0.5
ID_CAD059AD4D,0.5
ID_200805254E,0.5
ID_36A3C10914,0.5
ID_94F9303884,0.5
ID_F5A425E55A,0.5
ID_8DC87BFDDA,0.5
ID_976B463000,0.5
ID_08A07BBDE7,0.5
ID_20A22F2276,0.5
ID_BFF85907A0,0.5
ID_0C1D784CF8,0.5
ID_ED8184E674,0.5
ID_36E79BF742,0.5
ID_D50EAF2768,0.5
ID_BA12506205,0.5
ID_3F95837D87,0.5
ID_DEC491080F,0.5
ID_B486629C3A,0.5
ID_460286159A,0.5
ID_BFD5E41FCC,0.5
ID_4958CA7418,0.5
ID_721B0441B8,0.5
ID_BD4A793253,0.5
ID_471D607DEB,0.5
ID_EF6F594821,0.5
ID_8CBDED2BE7,0.5
ID_4CA8698D06,0.5
ID_C66527AC80,0.5
ID_33BE37F2E0,0.5
ID_832F224535,0.5
ID_31F548CD48,0.5
ID_1C9B3A8B03,0.5
ID_34EA2D82AA,0.5
ID_164005701A,0.5
ID_9D361E31B9,0.5
ID_49C8C93AC3,0.5
ID_AD5D8EC87C,0.5
ID_48674C389C,0.5
ID_6E446C8D77,0.5
ID_C55D880964,0.5
ID_F687D788DB,0.5
ID_D4CF616048,0.5
ID_9112E57B32,0.5
ID_147B25474F,0.5
ID_07106BFC65,0.5
ID_3DA46BC37B,0.5
ID_D0292FAA44,0.5
ID_4C012DCE29,0.5
ID_19B8667B66,0.5
ID_DCFFB76EF5,0.5
ID_1C8EE4DC4C,0.5
ID_D2712F3B0A,0.5
ID_019E4EA3AA,0.5
ID_F6607308E4,0.5
ID_8887F4431C,0.5
ID_F513FF56ED,0.5
ID_56145F27AA,0.5
ID_2EB4639F63,0.5
ID_5E3001DB28,0.5
ID_B4586D2120,0.5
ID_ADB275D076,0.5
ID_CB300C207E,0.5
ID_58B8066852,0.5
ID_5B9EE17CD0,0.5
ID_AB0F6786FD,0.5
ID_9EE03D872F,0.5
ID_41FCC6E656,0.5
ID_FC08F0077B,0.5
ID_EC5C9AC37E,0.5
ID_34EADF730A,0.5
ID_20FFB7E9FC,0.5
ID_FC76740884,0.5
ID_02A69D320F,0.5
ID_FA20EE1D72,0.5
ID_D4D24C4834,0.5
ID_CEBFC58BB1,0.5
ID_8271590D37,0.5
ID_52FBB43DDB,0.5
ID_F409A9707D,0.5
ID_A00BAE4644,0.5
ID_0610B8B002,0.5
ID_9101CC7E3A,0.5
ID_1DF522F29D,0.5
ID_56A9ED1AD1,0.5
ID_9B8C5E4A90,0.5
ID_1123C5CCBE,0.5
ID_981DBB191D,0.5
ID_447784791B,0.5
ID_B1E67706B0,0.5
ID_C7D3944AC9,0.5
ID_930FA0DBD1,0.5
ID_92518A8836,0.5
ID_1866C1E76D,0.5
ID_94A082B6FC,0.5
ID_36BDD2367A,0.5
ID_5A8BF616B2,0.5
ID_8A8D4E1073,0.5
ID_5702AFE8F4,0.5
ID_C73810A202,0.5
ID_77146849E5,0.5
ID_685938F6B7,0.5
ID_8DB5CE7801,0.5
ID_BE74B6D1A7,0.5
ID_B9E19AD859,0.5
ID_ACF7ED1A8F,0.5
ID_11AE898DE6,0.5
ID_D5379AFD97,0.5
ID_72FFD157D3,0.5
ID_A204613352,0.5
ID_BBD2C9A5E9,0.5
ID_B507A4DF69,0.5
ID_CB1927D21A,0.5
ID_FB5A7E13F5,0.5
ID_F5E1FF9FDD,0.5
ID_83E4BFB9E3,0.5
ID_734F9343C8,0.5
ID_A12180B8F7,0.5
ID_B9DAFCBA46,0.5
ID_C6676EFC0C,0.5
ID_3B13304636,0.5
ID_66B2429799,0.5
ID_EA536D54DA,0.5
ID_9AE733D573,0.5
ID_713E646C5E,0.5
ID_E38CDC5881,0.5
ID_5AFECAD3B8,0.5
ID_F2667591FE,0.5
ID_71FCB5CEFD,0.5
ID_23EF40F572,0.5
ID_95D6D00BC1,0.5
ID_E0678567BD,0.5
ID_6EF669E8C7,0.5
ID_CC1B5550D3,0.5
ID_16175C0263,0.5
ID_F19930BE8F,0.5
ID_BBB7B3A4BE,0.5
ID_C2F1AADCE5,0.5
ID_C24EBA13AC,0.5
ID_ECCA866C53,0.5
ID_34608AF5A6,0.5
ID_BC73FDFBBC,0.5
ID_78B5DA8431,0.5
ID_75D5BC38BF,0.5
ID_C5E49F3A8A,0.5
ID_D6AD8E2CDA,0.5
ID_6E1C5FF1B6,0.5
ID_38E9276A1B,0.5
ID_79C8920B83,0.5
ID_82736DAB60,0.5
ID_FAA425798C,0.5
ID_ECCB475EA7,0.5
ID_62AA6BB983,0.5
ID_3C1354547D,0.5
ID_3FD21C6683,0.5
ID_48F12701C4,0.5
ID_28BDCE5DF0,0.5
ID_22DDBD66A1,0.5
ID_F874E77BE3,0.5
ID_6F0F4F516E,0.5
ID_9AF15D3AC6,0.5
ID_3012CC7C1D,0.5
ID_E8A7401190,0.5
ID_D51973108A,0.5
ID_F7C49A6B68,0.5
ID_6F1F4E050F,0.5
ID_F15837DA89,0.5
ID_F2ED7F9FE0,0.5
ID_AE236227FF,0.5
ID_D5E8913F69,0.5
ID_286921168B,0.5
ID_7EA8E8959A,0.5
ID_CAC7DFF46E,0.5
ID_1C87AAE307,0.5
ID_847D7D30F4,0.5
ID_15B5E64C70,0.5
ID_7CD7623057,0.5
ID_7F0DEF52F9,0.5
ID_A816B38C91,0.5
ID_F3E5B6F219,0.5
ID_4F9DE7A204,0.5
ID_EF9919A0C1,0.5
ID_F3D46A1275,0.5
ID_79396F6D44,0.5
ID_60A94E888F,0.5
ID_1A2DB7175B,0.5
ID_2B1569FE29,0.5
ID_FCA5398E61,0.5
ID_3DF778EB8D,0.5
ID_01CE96EBE6,0.5
ID_37651F0DF8,0.5
ID_EBC32EEC3A,0.5
ID_A7D713787F,0.5
ID_78B33F3BAE,0.5
ID_0506C63F7B,0.5
ID_0E6FC1B46D,0.5
ID_1844A2A34A,0.5
ID_BCFD32EFAB,0.5
ID_1D7A8A4057,0.5
ID_81617E6E8F,0.5
ID_989E9E42A6,0.5
ID_BA6264D84F,0.5
ID_564BD3733C,0.5
ID_63AC7ABD05,0.5
ID_5F476CBE32,0.5
ID_356D5E65DE,0.5
ID_0764799E60,0.5
ID_DBE9151F53,0.5
ID_4329A21992,0.5
ID_55FCD2DDD1,0.5
ID_45D0472A0D,0.5
ID_478A073219,0.5
ID_4AC34C0ECA,0.5
ID_CAC1BA8116,0.5
ID_CED119D5CF,0.5
ID_8FD34C373C,0.5
ID_07E7A5891C,0.5
ID_7347191EAF,0.5
ID_3F41256A4D,0.5
ID_E5A00D5158,0.5
ID_94CE9D3413,0.5
ID_E0620B3A65,0.5
ID_E378A90CEB,0.5
ID_0C9820A09D,0.5
ID_956BD9BA0C,0.5
ID_1AA695A6AA,0.5
ID_5E6A028324,0.5
ID_35B86BEFED,0.5
ID_8715DFBB5B,0.5
ID_850E52E95A,0.5
ID_F3AF11250C,0.5
ID_A76A627B1F,0.5
ID_9BB4AFE501,0.5
ID_3539E6A096,0.5
ID_CE0429F524,0.5
ID_5538D1F0E4,0.5
ID_6C64AB5968,0.5
ID_A152254467,0.5
ID_6A90AFB45E,0.5
ID_480FBD7B09,0.5
ID_5037E8B21D,0.5
ID_7935BB2922,0.5
ID_A5E3D15029,0.5
ID_F8FF42FB70,0.5
ID_641F943FB4,0.5
ID_A91882137B,0.5
ID_08A8469722,0.5
ID_20579BC77C,0.5
ID_D3446CA081,0.5
ID_BF95931DFE,0.5
ID_4F15D1AB3A,0.5
ID_E31426EBAD,0.5
ID_EBA944B91E,0.5
ID_76C47CE449,0.5
ID_4C47B8CD35,0.5
ID_B7E1033B37,0.5
ID_D341A32D23,0.5
ID_99DAF979C8,0.5
ID_905F4CB63F,0.5
ID_B9AC1ECA43,0.5
ID_7B0C804683,0.5
ID_8112FC1C34,0.5
ID_5C4581CF59,0.5
ID_FCE4FC7F3D,0.5
ID_F3A7A050FD,0.5
ID_F72958492A,0.5
ID_06D176F693,0.5
ID_0BE25DE148,0.5
ID_9E2938E923,0.5
ID_5A457E7526,0.5
ID_9210B6730F,0.5
ID_318657969E,0.5
ID_D44038C263,0.5
ID_6504311C41,0.5
ID_EE62FCF2E0,0.5
ID_732389BF33,0.5
ID_9109C659A6,0.5
ID_D70856BF49,0.5
ID_822B18D77A,0.5
ID_213A64DC50,0.5
ID_7EEC56A455,0.5
ID_F61903AE80,0.5
ID_3FF4E87AF4,0.5
ID_C0BABF8F7E,0.5
ID_CA2AA38D17,0.5
ID_08BCD830D4,0.5
ID_5E2B3F1BF2,0.5
ID_7AD72FA58D,0.5
ID_48016CFD26,0.5
ID_D0F9F5A21E,0.5
ID_6364652818,0.5
ID_726232C168,0.5
ID_28316F96A3,0.5
ID_07E15CFFE4,0.5
ID_F84391A105,0.5
ID_062DBB796F,0.5
ID_B67E1FEF44,0.5
ID_5F8303652E,0.5
ID_BC6DA80ED2,0.5
ID_221B146D36,0.5
ID_0333EBF142,0.5
ID_96AC65CD9A,0.5
ID_50D8841A4C,0.5
ID_6F7B6A2FC2,0.5
ID_06B83CC6D4,0.5
ID_7622F1EBDF,0.5
ID_773B554C55,0.5
ID_4D9495B525,0.5
ID_1D463031D2,0.5
ID_981FBBAF33,0.5
ID_F1E6604A7F,0.5
ID_456C7FEF7F,0.5
ID_1DD824DA20,0.5
ID_17000547DA,0.5
ID_C12AF1675D,0.5
ID_40081A01C8,0.5
ID_06EB9DF646,0.5
ID_0140DEC9DF,0.5
ID_C4E5029BC5,0.5
ID_75FEAF861B,0.5
ID_3B36399AB6,0.5
ID_A1DDF033F3,0.5
ID_E786DAA516,0.5
ID_D7CE20CD5A,0.5
ID_F8AB62B10E,0.5
ID_B13921A9CD,0.5
ID_86D1F106EE,0.5
ID_16A0492305,0.5
ID_B7CF432C87,0.5
ID_D43ADF3B59,0.5
ID_7B8E75607C,0.5
ID_56BB4463F3,0.5
ID_DF35C65741,0.5
ID_B7AC933587,0.5
ID_BD4F43D954,0.5
ID_F07420DA01,0.5
ID_7E5E4FE047,0.5
ID_A2590E78AC,0.5
ID_4E706BFD34,0.5
ID_30C758CC30,0.5
ID_698CA37036,0.5
ID_7E50AB269F,0.5
ID_BD2D7D189B,0.5
ID_58171FE47E,0.5
ID_FA6EA02651,0.5
ID_909D0C29D7,0.5
ID_8E26051494,0.5
ID_55986B4F4E,0.5
ID_5CF9543C58,0.5
ID_E145095325,0.5
ID_85B0B64C47,0.5
ID_29BCF53512,0.5
ID_D781480A0E,0.5
ID_7237F8D569,0.5
ID_0300D967BB,0.5
ID_E4FBE295C0,0.5
ID_66654FDC19,0.5
ID_D138D60E93,0.5
ID_D805CE9109,0.5
ID_84B2FE97F7,0.5
ID_EE7DC97C01,0.5
ID_4E75475E9E,0.5
ID_C367F500DB,0.5
ID_0DC6DB85DC,0.5
ID_20FF2D9684,0.5
ID_742CDBC1E8,0.5
ID_3F301206FC,0.5
ID_831CDBEABE,0.5
ID_2EA447C749,0.5
ID_ED76E5B297,0.5
ID_3421E47F4F,0.5
ID_12293C63B3,0.5
ID_D30332B90D,0.5
ID_247EE6CAA1,0.5
ID_D28EA4597C,0.5
ID_61297BC0F8,0.5
ID_37192C4C32,0.5
ID_E9155B3A35,0.5
ID_723208A2B8,0.5
ID_DDFB74B1EF,0.5
ID_98576D9D95,0.5
ID_C8AC8B0C25,0.5
ID_E32CD2F09B,0.5
ID_CD5F86641C,0.5
ID_4890B05DC2,0.5
ID_96850E88E1,0.5
ID_C5F59BC066,0.5
ID_A783A1CE2D,0.5
ID_2B5F702612,0.5
ID_D51B57CC20,0.5
ID_EF53B991CC,0.5
ID_54E08B889C,0.5
ID_489EC88211,0.5
ID_603F1FD510,0.5
ID_B736F14F4E,0.5
ID_F2555B0259,0.5
ID_E7BEEE469A,0.5
ID_3DA6DEA3D1,0.5
ID_443DF2A1E7,0.5
ID_C31899893C,0.5
ID_A6823CC48C,0.5
ID_5D6C0D1EFE,0.5
ID_F5DC2B2B78,0.5
ID_1DCD454080,0.5
ID_AE97BCEF75,0.5
ID_63786EF79F,0.5
ID_40BC9E32D7,0.5
ID_EA84D59B1E,0.5
ID_2C8EBE9EC5,0.5
ID_5DE8259852,0.5
ID_841E9FEDB7,0.5
ID_AA149DE6E7,0.5
ID_F9FFFFCA33,0.5
ID_ECEC699ED4,0.5
ID_7F50E649BB,0.5
ID_60F72F6E24,0.5
ID_37CED593B2,0.5
ID_903D7FC627,0.5
ID_C0B5AD943E,0.5
ID_BBA8B40682,0.5
ID_1133BF0215,0.5
ID_F3BE410529,0.5
ID_9C9BE302E0,0.5
ID_93748D7663,0.5
ID_251A7CF268,0.5
ID_759E6E4D3D,0.5
ID_98641306D1,0.5
ID_A07C5E83A0,0.5
ID_A0684F35CC,0.5
ID_852458F9A7,0.5
ID_5968E8432C,0.5
ID_956223DDE5,0.5
ID_B75CB93A20,0.5
ID_7983720151,0.5
ID_B90C1B1C11,0.5
ID_98FE47DEA7,0.5
ID_0E6B1143E2,0.5
ID_E1E65F843F,0.5
ID_CF15F432BC,0.5
ID_D445ABEC61,0.5
ID_7DF376A432,0.5
ID_C1231A8AE8,0.5
ID_32C7D5E4CE,0.5
ID_32DBAD2740,0.5
ID_7AB431FEFD,0.5
ID_93E7219E3F,0.5
ID_795E661B71,0.5
ID_CE731E1092,0.5
ID_D998203337,0.5
ID_3F07A77755,0.5
ID_A200C5C533,0.5
ID_9622B86292,0.5
ID_B3FFD580FE,0.5
ID_DDC5D7B95F,0.5
ID_230A6901F8,0.5
ID_4E0FA97DC2,0.5
ID_691EA4D618,0.5
ID_D4CA8DF68B,0.5
ID_68064B1FC7,0.5
ID_F5D4693C50,0.5
ID_72B2B984DE,0.5
ID_CC4558C110,0.5
ID_753ADCC305,0.5
ID_59404D8A38,0.5
ID_5CA0E5FB5F,0.5
ID_0633E61B34,0.5
ID_7E84D068FA,0.5
ID_3C94884E4F,0.5
ID_6EC440C052,0.5
ID_2F0DAC4808,0.5
ID_FEFF75EA02,0.5
ID_A028675B13,0.5
ID_3D46BDD9C7,0.5
ID_433C36075C,0.5
ID_C18B8B2F1E,0.5
ID_51C1A664D1,0.5
ID_AD15C29DC7,0.5
ID_FF00CE8EE4,0.5
ID_F4CFC552AF,0.5
ID_E5DEA985A0,0.5
ID_D173D58581,0.5
ID_1503882E61,0.5
ID_7BE5E89E55,0.5
ID_175BA7F1F2,0.5
ID_4D9BEAE5DD,0.5
ID_F5248BD9CB,0.5
ID_4AB343A31F,0.5
ID_26944079D8,0.5
ID_7E8174B2B3,0.5
ID_EC0EDE0AAE,0.5
ID_D0FF8363D6,0.5
ID_8AAA2E09D9,0.5
ID_1BD79C5141,0.5
ID_FDA7D281BF,0.5
ID_4D5BC16E3C,0.5
ID_D4CBE717DF,0.5
ID_17AD2352D8,0.5
ID_39675A64F5,0.5
ID_BE24E033E0,0.5
ID_8BAE421647,0.5
ID_29F3907119,0.5
ID_E6C0FFB5FF,0.5
ID_6FFD9C7387,0.5
ID_BD640A99E4,0.5
ID_22CD5D5888,0.5
ID_E4E0B683F0,0.5
ID_B9F1D4D9B2,0.5
ID_14401CE69D,0.5
ID_EF8D329369,0.5
ID_43839481DB,0.5
ID_3627EE631D,0.5
ID_395D2D1C3C,0.5
ID_D9A5FA8B5B,0.5
ID_41957A52EB,0.5
ID_4FDCD92F72,0.5
ID_FD2773EFE9,0.5
ID_3E72D93AD3,0.5
ID_202DEBE933,0.5
ID_D64BE93CE6,0.5
ID_EF15FBC5B4,0.5
ID_67BB2F5A6F,0.5
ID_5F57E412A0,0.5
ID_02DE54044D,0.5
ID_E92552DDB0,0.5
ID_A37093AFC1,0.5
ID_3285A5AD38,0.5
ID_ECC53362F8,0.5
ID_7246CD6D63,0.5
ID_4E31937E68,0.5
ID_56C26FE02C,0.5
ID_C172E194D7,0.5
ID_E1EB93194A,0.5
ID_ABBFCDEB79,0.5
ID_22B96776B6,0.5
ID_849A292323,0.5
ID_A6F3F23554,0.5
ID_893BA4A9F3,0.5
ID_0AFB604314,0.5
ID_9F935B8393,0.5
ID_C793128EA2,0.5
ID_EEF1784EB0,0.5
ID_ABB1F2591F,0.5
ID_304D1FB41D,0.5
ID_043A9AD574,0.5
ID_765652731E,0.5
ID_CA46995A73,0.5
ID_90088D1876,0.5
ID_3E298BBF65,0.5
ID_D6C64851B3,0.5
ID_AA186D1298,0.5
ID_3BFACAB662,0.5
ID_9A429AA260,0.5
ID_C01A2D85C5,0.5
ID_EE1CA43BD5,0.5
ID_6E56E8A74B,0.5
ID_A9424BA880,0.5
ID_17CFA5923F,0.5
ID_CBBE6C4299,0.5
ID_C7EE1067C5,0.5
ID_7AB9ED6CE4,0.5
ID_F138A9648A,0.5
ID_C90625FFD6,0.5
ID_A812737F65,0.5
ID_4DCF1D5F21,0.5
ID_87FF9424AA,0.5
ID_D1B4A2A8B5,0.5
ID_542587F81B,0.5
ID_E33067B1AA,0.5
ID_08D3611C7C,0.5
ID_7A5CCE3447,0.5
ID_A690EC3608,0.5
ID_AEEA579DD3,0.5
ID_9AC182F0AE,0.5
ID_00F668238C,0.5
ID_BFB192169A,0.5
ID_8D87FA5BC6,0.5
ID_7D60C864F7,0.5
ID_28762262F6,0.5
ID_ED8E9491FB,0.5
ID_14CCF2EE81,0.5
ID_5FFD229788,0.5
ID_5909CEFD68,0.5
ID_9DCA8D9AAE,0.5
ID_71B11A7D3A,0.5
ID_B7C43E73A9,0.5
ID_EFA0EC054B,0.5
ID_4CF77EF966,0.5
ID_1706C52A0D,0.5
ID_4FAFC166C8,0.5
ID_9CA8B3E330,0.5
ID_D66C6B1D74,0.5
ID_7A558A01B3,0.5
ID_6AA5FBBBD0,0.5
ID_39CC0495FA,0.5
ID_383B364B4C,0.5
ID_10B84AD690,0.5
ID_E97AEF8C99,0.5
ID_B77164E67C,0.5
ID_D6E51A0017,0.5
ID_497B46CC09,0.5
ID_35B016697C,0.5
ID_3087C592AF,0.5
ID_986226667F,0.5
ID_3B792D14F6,0.5
ID_9ABC5DF4AA,0.5
ID_2227B7433F,0.5
ID_0A82A2A1E7,0.5
ID_5C09A5BCBB,0.5
ID_262238F2A3,0.5
ID_894CFB7FEC,0.5
ID_6A3D7734C1,0.5
ID_FC218228D9,0.5
ID_5CE33B31F1,0.5
ID_899DD890EF,0.5
ID_4E0CDD4E38,0.5
ID_BB2DE225CC,0.5
ID_838FAD5623,0.5
ID_A0408FB203,0.5
ID_AA28CB26B3,0.5
ID_CD87DF1924,0.5
ID_F67E5D4A16,0.5
ID_E4C544BCF7,0.5
ID_D77C568F7C,0.5
ID_52C0093C55,0.5
ID_7B022666FA,0.5
ID_9A9B98F5A1,0.5
ID_74660531CA,0.5
ID_1C071B2F37,0.5
ID_689E190533,0.5
ID_CD5DF76FAB,0.5
ID_589B39ECD4,0.5
ID_B45BEF9027,0.5
ID_3CDD8E421D,0.5
ID_0D92A46CDE,0.5
ID_D8918879A8,0.5
ID_34F3C06313,0.5
ID_7FA0C0FA5E,0.5
ID_FAACD7D941,0.5
ID_6854F8BBC6,0.5
ID_71560EFB3F,0.5
ID_650C161E66,0.5
ID_C95B68D3EE,0.5
ID_FB7EA7A803,0.5
ID_433EAF4891,0.5
ID_9062BB9949,0.5
ID_88E9ACDF30,0.5
ID_D8EEA1FA29,0.5
ID_00783061BB,0.5
ID_A3C2899A4E,0.5
ID_0D3683987E,0.5
ID_35E2D98474,0.5
ID_95060551E7,0.5
ID_D22EA99A65,0.5
ID_12E5B8528D,0.5
ID_7C7E108558,0.5
ID_F1C235031F,0.5
ID_D62DDFD9F1,0.5
ID_A32EF1D9B5,0.5
ID_A6572C0563,0.5
ID_8918F145E1,0.5
ID_2952AB955A,0.5
ID_87C59B76F8,0.5
ID_2F97F847E5,0.5
ID_139E738D31,0.5
ID_1DA9138C42,0.5
ID_6F320B726E,0.5
ID_A12E2FFE12,0.5
ID_0EF38E7425,0.5
ID_9D8B00E2E1,0.5
ID_B4A5FC0845,0.5
ID_3F91797DBB,0.5
ID_E85234A360,0.5
ID_7BE53EEB7F,0.5
ID_5D961406CC,0.5
ID_97B3B9F529,0.5
ID_FF5231095B,0.5
ID_ED21CAAAB4,0.5
ID_DDEB312416,0.5
ID_A30F4732C9,0.5
ID_6D35212B22,0.5
ID_A244251876,0.5
ID_A7BF229B23,0.5
ID_9F03342018,0.5
ID_3526EA2893,0.5
ID_63A7CF4E7C,0.5
ID_F8C9307E35,0.5
ID_C34C94E64F,0.5
ID_A307526EF8,0.5
ID_77666351F4,0.5
ID_3EB44AE365,0.5
ID_C8C87DFB5A,0.5
ID_D21FF70610,0.5
ID_B86DE83244,0.5
ID_4474E55293,0.5
ID_F82C1CABEC,0.5
ID_94CFD5F8AE,0.5
ID_5FBE129270,0.5
ID_D55945BEB2,0.5
ID_E1AD24F76B,0.5
ID_FF3B527628,0.5
ID_DF4F7A61CD,0.5
ID_143CF67649,0.5
ID_C7AD5E2B67,0.5
ID_1E6BE10241,0.5
ID_ADD9FFBABE,0.5
ID_52CC2C8724,0.5
ID_27A6F85A0E,0.5
ID_A435ECB2C6,0.5
ID_E50EE9BCA2,0.5
ID_DF2EB83DA6,0.5
ID_5505F32E94,0.5
ID_69DB02C2BB,0.5
ID_316CF93BAD,0.5
ID_A299D63F27,0.5
ID_A10A8C5D2E,0.5
ID_BA0DE05B55,0.5
ID_530F6DB7E8,0.5
ID_D590A942A5,0.5
ID_C5CCB7B8EF,0.5
ID_66355539BC,0.5
ID_DDC6F75166,0.5
ID_5C546D2B11,0.5
ID_EBF7CCB821,0.5
ID_D77276D089,0.5
ID_F0192F0564,0.5
ID_46B5FDD7B8,0.5
ID_ADD9B8BD66,0.5
ID_07AB71323B,0.5
ID_192F5FF7DD,0.5
ID_AE338E65D2,0.5
ID_4E2DBC7C10,0.5
ID_2447E1D16E,0.5
ID_575E980D3D,0.5
ID_ACB86EC4D8,0.5
ID_DB1832C7B6,0.5
ID_9E0FB12D33,0.5
ID_D48AE6E5CB,0.5
ID_1CDAA88F53,0.5
ID_AE47CC62F6,0.5
ID_EA392C5E0A,0.5
ID_3A1B23FAAE,0.5
ID_BC6CDCD262,0.5
ID_4CFC63BAB0,0.5
ID_D834BD45AA,0.5
ID_08E359295C,0.5
ID_781ED1FCA4,0.5
ID_724E28601F,0.5
ID_16D15AA8FF,0.5
ID_F313C7F180,0.5
ID_86A96415F7,0.5
ID_32D8775512,0.5
ID_33BFBB77ED,0.5
ID_DC15618CC8,0.5
ID_E0F1B59AF9,0.5
ID_0AB149585B,0.5
ID_BBC81D4753,0.5
ID_6F953EF268,0.5
ID_18C72CDAD0,0.5
ID_2243B1F319,0.5
ID_774CF72404,0.5
ID_2529F5512E,0.5
ID_9666AB9E25,0.5
ID_7F5741FCD0,0.5
ID_B181ECBAD5,0.5
ID_79A991BE4C,0.5
ID_A93A0BE9DD,0.5
ID_0D4AFCC4E3,0.5
ID_17524AB45E,0.5
ID_D330A035DC,0.5
ID_7FDBF3E03A,0.5
ID_3E0AAD29E4,0.5
ID_D53C0158B5,0.5
ID_2A1467A7D3,0.5
ID_26818B5A65,0.5
ID_4E01BD32BA,0.5
ID_2CE29E1810,0.5
ID_EEC377219C,0.5
ID_A071BF67D4,0.5
ID_F7B582977A,0.5
ID_5C9ED6DD67,0.5
ID_062382C4E6,0.5
ID_13ECE6113F,0.5
ID_2C21EC9CD4,0.5
ID_DDB5539304,0.5
ID_53EAF64176,0.5
ID_9DC13963EE,0.5
ID_10B36B8E24,0.5
ID_1C536D6F4F,0.5
ID_188BBBDF89,0.5
ID_9BC3B1F294,0.5
ID_91E026A3C9,0.5
ID_51FEB0AF12,0.5
ID_F081BD65D0,0.5
ID_6E922D4541,0.5
ID_A4C5D954FF,0.5
ID_B59F361A4F,0.5
ID_0DBB096F77,0.5
ID_089EB0A819,0.5
ID_092E9194F9,0.5
ID_415E24D014,0.5
ID_B2BB1E25E0,0.5
ID_B3772C17A2,0.5
ID_6BEA64EB1D,0.5
ID_A6A39EEF31,0.5
ID_215F54D403,0.5
ID_831BBA2957,0.5
ID_728C9882C4,0.5
ID_31928451DD,0.5
ID_7F0F7C068B,0.5
ID_FC620F411F,0.5
ID_E4B578BE78,0.5
ID_C3628D9C9C,0.5
ID_81D14E0143,0.5
ID_7C29F585A8,0.5
ID_1D12511F07,0.5
ID_E1DA5DE278,0.5
ID_A90A74CD58,0.5
ID_5C1F71E929,0.5
ID_67BB1B828A,0.5
ID_AF303A8CBA,0.5
ID_D02D15D1A7,0.5
ID_67C52052DF,0.5
ID_84351A018F,0.5
ID_5B9AEC8560,0.5
ID_680F91C9A0,0.5
ID_4DFBCEBBAB,0.5
ID_A66FD8810D,0.5
ID_55404F3096,0.5
ID_539475D5E0,0.5
ID_78CBB369EE,0.5
ID_B991F5E3F7,0.5
ID_DD91DD5F2C,0.5
ID_2F4D9F1116,0.5
ID_5B3C28CA7C,0.5
ID_B553BA87E3,0.5
ID_C4AE75A813,0.5
ID_3A0F454280,0.5
ID_7C147A8446,0.5
ID_7A39AA6942,0.5
ID_4AB61DA3A7,0.5
ID_4019E56011,0.5
ID_EECD5DC1C5,0.5
ID_8F6ACE6B2D,0.5
ID_B6D95258FA,0.5
ID_C535AF0683,0.5
ID_B8385E88C6,0.5
ID_FFA484C096,0.5
ID_4DFD391A8C,0.5
ID_47630B9F1D,0.5
ID_39F2A780EE,0.5
ID_C720E13BE7,0.5
ID_9177403A27,0.5
ID_192E5F8035,0.5
ID_610BF44021,0.5
ID_1D87BD2B1E,0.5
ID_04441FC2E2,0.5
ID_C82D261ADB,0.5
ID_E9672C37DB,0.5
ID_6EF0A42A55,0.5
ID_F8652CC30D,0.5
ID_076E080773,0.5
ID_5DEBE50C04,0.5
ID_F9125F5606,0.5
ID_DBAA47F956,0.5
ID_D05EE793B0,0.5
ID_BF4464F126,0.5
ID_62B6646EB7,0.5
ID_15341A1473,0.5
ID_958EB01797,0.5
ID_B42BDE812D,0.5
ID_E7E251CE6B,0.5
ID_D89C86B476,0.5
ID_C25183A23C,0.5
ID_E5378BAD07,0.5
ID_7FE1443E6B,0.5
ID_D6F48A8F41,0.5
ID_B1DA9D1D8F,0.5
ID_18022532CD,0.5
ID_51B4067F8B,0.5
ID_F9F4ED12F8,0.5
ID_469FF2474D,0.5
ID_AF396A0FBA,0.5
ID_F3EB41F870,0.5
ID_91BFABD4EB,0.5
ID_2278D34586,0.5
ID_29035B7D45,0.5
ID_F49EA382D5,0.5
ID_C9E1589E43,0.5
ID_2A0C770356,0.5
ID_CD98955ADC,0.5
ID_9112B97CA7,0.5
ID_4C2152FDE3,0.5
ID_F12D56A8E6,0.5
ID_21E20805D4,0.5
ID_08F016BE9A,0.5
ID_3DC1432CE9,0.5
ID_CCD9453B0E,0.5
ID_F9E6ADAA4D,0.5
ID_BA32E52AB6,0.5
ID_D548E67F49,0.5
ID_3022CF29C1,0.5
ID_DCE2ED82FF,0.5
ID_01A6391C61,0.5
ID_46E313B8C8,0.5
ID_5CFE813C29,0.5
ID_B78ED3D962,0.5
ID_98EC6EC110,0.5
ID_E56855EC6A,0.5
ID_FA088A1823,0.5
ID_D1B47729F1,0.5
ID_09A4FF1CFA,0.5
ID_596C5E0CA6,0.5
ID_8480FB2E6A,0.5
ID_F77B271B36,0.5
ID_83AF8A8CE3,0.5
ID_8B1D5948ED,0.5
ID_D9E69D5680,0.5
ID_7DDAB8801E,0.5
ID_6E7E17B5D8,0.5
ID_A5E62A3E6B,0.5
ID_4F211915C5,0.5
ID_BC695A12BF,0.5
ID_2E15C79E1A,0.5
ID_21E27263F1,0.5
ID_9E0E626C23,0.5
ID_875711A52C,0.5
ID_FE4AEE09F5,0.5
ID_1B58A5F840,0.5
ID_3550519DD1,0.5
ID_D0FF487FAC,0.5
ID_3F7CCD5173,0.5
ID_6B00C4E301,0.5
ID_3C646073EE,0.5
ID_1F44BC2BB3,0.5
ID_A264B7CC15,0.5
ID_A4696E9F74,0.5
ID_489D95F6C5,0.5
ID_F498FADD88,0.5
ID_5DB95890EB,0.5
ID_BF2967B25E,0.5
ID_C0E9F85AC5,0.5
ID_1030F3412A,0.5
ID_F851207233,0.5
ID_248C58FEC1,0.5
ID_91A855AA1F,0.5
ID_338047E8D3,0.5
ID_C5D10D18FF,0.5
ID_84422266FC,0.5
ID_4B15305422,0.5
ID_D15CE3F985,0.5
ID_3511EDBB5E,0.5
ID_16260FCA12,0.5
ID_B2E1D897D7,0.5
ID_A99977A174,0.5
ID_154CA35BAC,0.5
ID_DEF3559A1C,0.5
ID_33C0663738,0.5
ID_4F51E5150C,0.5
ID_0AB6902462,0.5
ID_293610A633,0.5
ID_5A3A330E49,0.5
ID_63F993E258,0.5
ID_2B8A9A34CA,0.5
ID_E12D27E120,0.5
ID_5BC0F49007,0.5
ID_821386FBF2,0.5
ID_C35B31D984,0.5
ID_9186649030,0.5
ID_A98A60E1BA,0.5
ID_3BF0D5F733,0.5
ID_11A5A3AAA7,0.5
ID_0E06DE314A,0.5
ID_7FC40D8ABC,0.5
ID_ED914D8613,0.5
ID_41DED8FA93,0.5
ID_F238221046,0.5
ID_39F4B915F2,0.5
ID_03E39E4DB5,0.5
ID_C6AF30670E,0.5
ID_A62996EA04,0.5
ID_0229265F0F,0.5
ID_B47CB0BF23,0.5
ID_45814BF3B1,0.5
ID_681C2AC85F,0.5
ID_6423705456,0.5
ID_0BBC9E2E44,0.5
ID_77E157959C,0.5
ID_60AAAE7A57,0.5
ID_BF40CD7EAC,0.5
ID_4F1291AABD,0.5
ID_C9A6405D85,0.5
ID_C610517FE2,0.5
ID_B326B881C6,0.5
ID_4B421FD0E9,0.5
ID_08296746B5,0.5
ID_731FDEC2E2,0.5
ID_AD5989494E,0.5
ID_99B928BC25,0.5
ID_A73A1A9A91,0.5
ID_CD28044268,0.5
ID_4C7CB32C32,0.5
ID_DD61251E2B,0.5
ID_3E49F4BDC5,0.5
ID_0D52D6BBD0,0.5
ID_477D7EB616,0.5
ID_DBE17AEF22,0.5
ID_19A5615568,0.5
ID_043AE6E4DB,0.5
ID_00B7A30B7C,0.5
ID_16D2BCEA34,0.5
ID_B0008F4314,0.5
ID_C12D5A5C76,0.5
ID_0F751543A5,0.5
ID_948E3EDA40,0.5
ID_E5EB9D53E8,0.5
ID_58D3EB0FE8,0.5
ID_A50B495599,0.5
ID_10C1495FC6,0.5
ID_F305D8F37D,0.5
ID_4E5490B784,0.5
ID_0C5D29BB41,0.5
ID_6E31C1131B,0.5
ID_D19ED9479F,0.5
ID_43760E4020,0.5
ID_8C982876DB,0.5
ID_066B0F96E1,0.5
ID_403701568D,0.5
ID_E7A1C19E62,0.5
ID_9F1F32ACE4,0.5
ID_343928E23E,0.5
ID_DB2ED6BB00,0.5
ID_24915219CC,0.5
ID_78FE4F5A58,0.5
ID_55642F5200,0.5
ID_9A1D074EFF,0.5
ID_224E9800E9,0.5
ID_F17D5D436A,0.5
ID_C54F98602C,0.5
ID_3000306E72,0.5
ID_2873B81319,0.5
ID_0CF2E39741,0.5
ID_18C81AB0CD,0.5
ID_0DA7C6D50F,0.5
ID_63B266316D,0.5
ID_A5810AAD2B,0.5
ID_51EBC65A12,0.5
ID_F962E98F76,0.5
ID_E6010F3436,0.5
ID_6989C15830,0.5
ID_0A37F465F9,0.5
ID_49E14CB965,0.5
ID_9AF0FF93DD,0.5
ID_2709896FED,0.5
ID_280682A743,0.5
ID_7C1A672B68,0.5
ID_4E2F0899C7,0.5
ID_CCCCD09126,0.5
ID_5FE4E50323,0.5
ID_94C889F09C,0.5
ID_11083E06CD,0.5
ID_4B2A5F31C9,0.5
ID_56A5526464,0.5
ID_28C55919A5,0.5
ID_0189199EB0,0.5
ID_26E2A405A7,0.5
ID_0FA30624F5,0.5
ID_3B0AA1A6AC,0.5
ID_B9044044B5,0.5
ID_BCC2DE5DDF,0.5
ID_E68ABA8FFE,0.5
ID_CDBE8A7385,0.5
ID_78CBE145F1,0.5
ID_A565D287E6,0.5
ID_48E74FF38D,0.5
ID_B1C58F14BF,0.5
ID_785E14CE3C,0.5
ID_9BFD6E3EF0,0.5
ID_B4C12566EF,0.5
ID_15582BECFB,0.5
ID_42194477AB,0.5
ID_DECE50DDF4,0.5
ID_1672C1F6F2,0.5
ID_F47483ED06,0.5
ID_892BBD7B13,0.5
ID_4E90DF9718,0.5
ID_77F1C49C49,0.5
ID_12E540487D,0.5
ID_F0AA6487E1,0.5
ID_3305ECDE84,0.5
ID_A8ACC8FD27,0.5
ID_D3494986B3,0.5
ID_CE0BC1EA3D,0.5
ID_6B855C8927,0.5
ID_DBB03266BF,0.5
ID_69884797A5,0.5
ID_64C18202D4,0.5
ID_E5DD08DCC8,0.5
ID_741DB67A69,0.5
ID_8B9D938FF7,0.5
ID_D47C1D90FB,0.5
ID_2CF9C411B1,0.5
ID_CDA6967D38,0.5
ID_BFA4E89E34,0.5
ID_361FD566C5,0.5
ID_71D628303B,0.5
ID_F9E0DEFB9A,0.5
ID_20F9624775,0.5
ID_98C38D6691,0.5
ID_025F99B001,0.5
ID_3D028313E0,0.5
ID_94CF5917D5,0.5
ID_B8CAC534D8,0.5
ID_48437BCC27,0.5
ID_F49067B1F7,0.5
ID_318CBF6618,0.5
ID_57858C2C13,0.5
ID_4F244861D1,0.5
ID_0F71D20F6F,0.5
ID_54620C7DB8,0.5
ID_FFA387D759,0.5
ID_E2C641C125,0.5
ID_02A2844242,0.5
ID_C4BE088C66,0.5
ID_0ECF218B69,0.5
ID_67D6058646,0.5
ID_7F0732A228,0.5
ID_2B6B977E87,0.5
ID_85D18D99C2,0.5
ID_C80270A86C,0.5
ID_2B4C27C538,0.5
ID_4D69430DA2,0.5
ID_89739E4AFD,0.5
ID_E7FD703EA1,0.5
ID_5409790970,0.5
ID_9909618F1E,0.5
ID_6C92BFDD65,0.5
ID_AC4EB3A7CE,0.5
ID_0D72F0D0B8,0.5
ID_BFDBBF02AA,0.5
ID_E58B354516,0.5
ID_F5CB9D7BA8,0.5
ID_8823379D0C,0.5
ID_F0B54E4903,0.5
ID_BE9A24F59D,0.5
ID_69B443E08B,0.5
ID_5F7A2F4442,0.5
ID_05293E0580,0.5
ID_95AC9A09B1,0.5
ID_04E4A9D14A,0.5
ID_A95B3BD538,0.5
ID_B020576750,0.5
ID_8CB99025F0,0.5
ID_195574BB82,0.5
ID_948AFEF22C,0.5
ID_07E43D8499,0.5
ID_229533C09D,0.5
ID_13EE86D1D6,0.5
ID_30A8736E77,0.5
ID_9BD69357D4,0.5
ID_0EB8D04046,0.5
ID_50B04D7CF5,0.5
ID_7567CE3588,0.5
ID_EAE3BD2A5A,0.5
ID_00CFCAC8AB,0.5
ID_5939D58C7B,0.5
ID_9489A748A0,0.5
ID_0B90C0FE02,0.5
ID_6447995957,0.5
ID_C2F452857B,0.5
ID_B1883077EC,0.5
ID_618057AFDB,0.5
ID_1642FE66F0,0.5
ID_F905C806BF,0.5
ID_6D80067D18,0.5
ID_05FE616942,0.5
ID_5996706708,0.5
ID_069A802F1E,0.5
ID_A6F6DFD474,0.5
ID_8FCD232F72,0.5
ID_1856A68DA4,0.5
ID_F03CCAD102,0.5
ID_63D6A94326,0.5
ID_D8B158C5F5,0.5
ID_9F29E88BFA,0.5
ID_88D21CC9CD,0.5
ID_40779917EA,0.5
ID_E92DCC9762,0.5
ID_34DC3AABEB,0.5
ID_BDA7630022,0.5
ID_D284881738,0.5
ID_C9B5D26D1D,0.5
ID_3FCBA5BDCC,0.5
ID_F189D7B925,0.5
ID_F2818857AA,0.5
ID_869C930633,0.5
ID_7554231213,0.5
ID_9E09E23420,0.5
ID_7EEAFC3FD0,0.5
ID_76F2AA8F93,0.5
ID_70CF739E87,0.5
ID_3554EA76E6,0.5
ID_FB8D910102,0.5
ID_225E1CB291,0.5
ID_4E3219F354,0.5
ID_C0562AA2B5,0.5
ID_97E28EB384,0.5
ID_76EDD19190,0.5
ID_6D76F9342E,0.5
ID_A5FF103C4A,0.5
ID_36CA3F2254,0.5
ID_04B8E21DE0,0.5
ID_737BDB80DB,0.5
ID_F2FC3BC8B6,0.5
ID_AD428E6549,0.5
ID_691A96FFAD,0.5
ID_154AD3B793,0.5
ID_06D2DF0414,0.5
ID_C4848C4BF6,0.5
ID_722739E696,0.5
ID_15717B9B6A,0.5
ID_3CBCF1D475,0.5
ID_AA4828BB47,0.5
ID_5042399B02,0.5
ID_B2EBE5FDDE,0.5
ID_DF0C1CAB06,0.5
ID_07780579FA,0.5
ID_12130ACA42,0.5
ID_1F652E43BA,0.5
ID_4B27CC822D,0.5
ID_BD91D0E936,0.5
ID_3596CDCB0A,0.5
ID_BAD5F898F1,0.5
ID_106A1C60FD,0.5
ID_7169463E1E,0.5
ID_BC59A190E4,0.5
ID_D44EBC2D5C,0.5
ID_891850C0CE,0.5
ID_7A140409AB,0.5
ID_A953375F1A,0.5
ID_C3203BE09E,0.5
ID_CD00BF3BE2,0.5
ID_09FBF8460B,0.5
ID_21994EF655,0.5
ID_2A0A625FAE,0.5
ID_9B815D9A7E,0.5
ID_2A1C0A2EF9,0.5
ID_25DC112A25,0.5
ID_D449C05378,0.5
ID_682FBA780F,0.5
ID_64A133B526,0.5
ID_AA5CE319E8,0.5
ID_F6A7660380,0.5
ID_C2B6940729,0.5
ID_95B7811C55,0.5
ID_8243D2B5DE,0.5
ID_07AD72B5ED,0.5
ID_B4E95D489D,0.5
ID_4A86ADF650,0.5
ID_F377EA7D0F,0.5
ID_03B4C73857,0.5
ID_AA60CE0F9D,0.5
ID_6F6CF44065,0.5
ID_B2D2780EF9,0.5
ID_6E0E48ED67,0.5
ID_20B7016EA8,0.5
ID_CDA3A5EAA3,0.5
ID_410B1A84DF,0.5
ID_B2DC03756C,0.5
ID_CC7A02A213,0.5
ID_B4F3BFC03F,0.5
ID_7BEBF09F58,0.5
ID_681F14DECA,0.5
ID_744F880820,0.5
ID_A16DC840CD,0.5
ID_197FCB6EE6,0.5
ID_36D0D21345,0.5
ID_192A6EB329,0.5
ID_A6BD36F112,0.5
ID_596A7B8EEA,0.5
ID_785701FCA4,0.5
ID_8FAC74DEBD,0.5
ID_20405F0CE5,0.5
ID_968CF66DC3,0.5
ID_4A9F87CE38,0.5
ID_6FD34CA7EC,0.5
ID_4BF49AE9D0,0.5
ID_39738E9600,0.5
ID_A3615CC614,0.5
ID_A713158A14,0.5
ID_60BED83C5B,0.5
ID_8E800D54C0,0.5
ID_0A0CA4717C,0.5
ID_85CFDA7D60,0.5
ID_5F1E47FDC3,0.5
ID_8C0601CBC0,0.5
ID_471A5E3208,0.5
ID_01F0F02827,0.5
ID_58C24A4C9E,0.5
ID_4FA31191B4,0.5
ID_D74B7B4D7A,0.5
ID_BA50BD9527,0.5
ID_14C1646B62,0.5
ID_78CB5F1689,0.5
ID_CB5F2E6336,0.5
ID_845AA493F5,0.5
ID_93F2BBBBD8,0.5
ID_F12154605E,0.5
ID_B5C5492705,0.5
ID_D6AFA2E4DD,0.5
ID_CD0CD4271F,0.5
ID_7C0F335B1C,0.5
ID_56299369B5,0.5
ID_747ED25F7A,0.5
ID_F3645B7E3D,0.5
ID_7B16B6B907,0.5
ID_69083BBD51,0.5
ID_8DAB37A1D3,0.5
ID_CB88935F13,0.5
ID_1F1AA7B3AB,0.5
ID_86AF20E0EB,0.5
ID_72940C4C25,0.5
ID_A337BDC203,0.5
ID_A829FCBFFD,0.5
ID_24A43B7FB8,0.5
ID_9D21672943,0.5
ID_DC6FDDA570,0.5
ID_69C6005073,0.5
ID_9708ACC4D8,0.5
ID_F0599F1534,0.5
ID_4A0CF9F7AC,0.5
ID_44B343B466,0.5
ID_2349472401,0.5
ID_EA37073D5A,0.5
ID_874F88AB44,0.5
ID_8D9323D8A0,0.5
ID_211C84C0D0,0.5
ID_0CFD40EE32,0.5
ID_B7F086C2A7,0.5
ID_48C6387527,0.5
ID_D01BF796C0,0.5
ID_0F76AF3E60,0.5
ID_142EB8DD23,0.5
ID_FC210927EA,0.5
ID_7EE3492FAF,0.5
ID_BB1654FF35,0.5
ID_0969117873,0.5
ID_47C06789EB,0.5
ID_ADBE26FE3C,0.5
ID_43DB3CFCD6,0.5
ID_E2C6EF6371,0.5
ID_0F94F10F5B,0.5
ID_AA0827A0B1,0.5
ID_8DE4C7F379,0.5
ID_7FCC5028E5,0.5
ID_01F8566183,0.5
ID_2200C90CA1,0.5
ID_B0177037FD,0.5
ID_962D34B3F3,0.5
ID_93F2F04D59,0.5
ID_DF694C0BBF,0.5
ID_B077ED0AC2,0.5
ID_41B9E42326,0.5
ID_AB89E7FD4C,0.5
ID_CCF0BC2440,0.5
ID_948349206B,0.5
ID_97C0B1317C,0.5
ID_3CDE4C9FD5,0.5
ID_1C7073A3A0,0.5
ID_49CD92D624,0.5
ID_657B6EFD94,0.5
ID_8406E7A5F9,0.5
ID_F3B902AD02,0.5
ID_6F14DDA7EC,0.5
ID_E1101C7059,0.5
ID_C5E6588407,0.5
ID_0EFABEA4E8,0.5
ID_0E9B74C815,0.5
ID_69C6CAD27E,0.5
ID_3FF343CF2D,0.5
ID_783236EF05,0.5
ID_BF54EEBD8D,0.5
ID_8940D7C591,0.5
ID_690F7EC42B,0.5
ID_73AC125BA9,0.5
ID_13C211FC5D,0.5
ID_68C5727D2A,0.5
ID_9C76A5A900,0.5
ID_11913D8118,0.5
ID_F1949F1985,0.5
ID_EC3057FF70,0.5
ID_964D0E275C,0.5
ID_3743BAA70A,0.5
ID_7C9F2B96D4,0.5
ID_2851E35C6F,0.5
ID_9B3C561624,0.5
ID_BD6F226C03,0.5
ID_E167E695E9,0.5
ID_21E9699CC2,0.5
ID_C92EDF50E1,0.5
ID_F6A3A47DEB,0.5
ID_3D7CEF350B,0.5
ID_B7CEE38AC2,0.5
ID_F4281B6182,0.5
ID_B50BD3144B,0.5
ID_100FA20E29,0.5
ID_A85CFE89D8,0.5
ID_E336C95C93,0.5
ID_97E6495170,0.5
ID_A1FC02BC7D,0.5
ID_F56B0EE36D,0.5
ID_F6419428C8,0.5
ID_C367478237,0.5
ID_DFAF14ED81,0.5
ID_09335DD974,0.5
ID_6CE1E191A2,0.5
ID_07EDD281B0,0.5
ID_8D39EC19E7,0.5
ID_F0D262B20F,0.5
ID_FCF2CF7765,0.5
ID_42A7AD6004,0.5
ID_281137510A,0.5
ID_628D357539,0.5
ID_DB4EB384D8,0.5
ID_027F421CE9,0.5
ID_AF1CC586F3,0.5
ID_83E646BBEE,0.5
ID_19C23941A3,0.5
ID_F5D10F2623,0.5
ID_F4A59CB69F,0.5
ID_CBDEB24A48,0.5
ID_CCFB56A34B,0.5
ID_0349C77B47,0.5
ID_AF462BC0F4,0.5
ID_E049207A66,0.5
ID_2FBAF47D50,0.5
ID_4F8868810D,0.5
ID_DDB29A7360,0.5
ID_B3234FB136,0.5
ID_F926AD1CEC,0.5
ID_315594D72A,0.5
ID_2C3CFE510D,0.5
ID_305E2A1C5F,0.5
ID_83C4253723,0.5
ID_22B769D5C8,0.5
ID_4CC897661C,0.5
ID_B468ABD053,0.5
ID_5DA9E1299F,0.5
ID_542A9C4404,0.5
ID_CCFC609512,0.5
ID_299D817FAD,0.5
ID_E9DC219BB1,0.5
ID_5D7B218A04,0.5
ID_AFB3BDA4F0,0.5
ID_81165E9B21,0.5
ID_D9BBD3D667,0.5
ID_B5140120BB,0.5
ID_B3C13F230B,0.5
ID_E4A59B02C0,0.5
ID_0144DF36CD,0.5
ID_744323C38F,0.5
ID_1BE850D95E,0.5
ID_F389327D09,0.5
ID_6AD4FF1156,0.5
ID_11CDA4FEB6,0.5
ID_69F834C0AD,0.5
ID_EBF397CE3F,0.5
ID_2FFC9914FC,0.5
ID_24AD81AB9B,0.5
ID_F65759D21F,0.5
ID_39D9833798,0.5
ID_86BABFCE51,0.5
ID_46666A1C21,0.5
ID_011D84240A,0.5
ID_404F10E272,0.5
ID_A03F8B3F84,0.5
ID_12E3864651,0.5
ID_78709F4879,0.5
ID_F58A547BA7,0.5
ID_8AEA06FEB2,0.5
ID_6E49F3554A,0.5
ID_9CB2AC8E97,0.5
ID_6E1CBB395F,0.5
ID_64AEE91BA6,0.5
ID_B8569D37F8,0.5
ID_E787F03D49,0.5
ID_76EAD846F5,0.5
ID_4D1FFAC5BC,0.5
ID_0F528745EA,0.5
ID_5D2D4D40A1,0.5
ID_700DE3903F,0.5
ID_1C1999D098,0.5
ID_16AC98B42C,0.5
ID_3F450C05B9,0.5
ID_8D7FDA82D0,0.5
ID_C7924BB005,0.5
ID_A79F64D105,0.5
ID_414C84D432,0.5
ID_245D10D8FB,0.5
ID_BD14829840,0.5
ID_EEC0442A85,0.5
ID_974B536695,0.5
ID_8251A2FBD1,0.5
ID_5187850258,0.5
ID_9DC3A51290,0.5
ID_10505D24BD,0.5
ID_01E1CA217E,0.5
ID_A1B532FFDD,0.5
ID_707C29E5A1,0.5
ID_87064E8635,0.5
ID_9807C68093,0.5
ID_A660A74350,0.5
ID_9993C46167,0.5
ID_2484D6D5F9,0.5
ID_61AEADA728,0.5
ID_05785467F4,0.5
ID_26EB8CA2C8,0.5
ID_7DA79CC46B,0.5
ID_3D69E433F6,0.5
ID_ED509775C5,0.5
ID_FD9A4BDD47,0.5
ID_480F8B25AF,0.5
ID_10C4C86524,0.5
ID_F8CCD11DB1,0.5
ID_BFC9BDF7B0,0.5
ID_D414FA01AA,0.5
ID_1C6630B247,0.5
ID_F2B7EC42ED,0.5
ID_22FB83E786,0.5
ID_435F9C4144,0.5
ID_BEE6C542BF,0.5
ID_588C169A1B,0.5
ID_F64237A40E,0.5
ID_5481F4FEA9,0.5
ID_C15FF67A40,0.5
ID_1C76B8D67D,0.5
ID_831B0FB9C8,0.5
ID_1C91F86849,0.5
ID_00C2875B3E,0.5
ID_D8748F35B9,0.5
ID_B457BE664E,0.5
ID_575D8FDC9C,0.5
ID_921EB13357,0.5
ID_3082B01B8A,0.5
ID_E0EEC5770F,0.5
ID_0F6F8774DE,0.5
ID_4B5382A984,0.5
ID_8139D4E0C2,0.5
ID_A358A12838,0.5
ID_ACA914EB9D,0.5
ID_1EC16E944E,0.5
ID_4C0D3F6DA0,0.5
ID_9D5874CCF6,0.5
ID_01571601E2,0.5
ID_248CAA5946,0.5
ID_37DD1DE966,0.5
ID_A8E2547B16,0.5
ID_787E6AB57A,0.5
ID_D57F491D70,0.5
ID_AD30FCE8FC,0.5
ID_A85252D85F,0.5
ID_8033DE568B,0.5
ID_7B7D85F9EE,0.5
ID_89DEFCEE70,0.5
ID_8FFD287A5B,0.5
ID_F2A0D4A2CE,0.5
ID_B0A7AFE701,0.5
ID_C241ED2BE0,0.5
ID_F9CC550D6B,0.5
ID_115C36231B,0.5
ID_7830FBBF5C,0.5
ID_DFF3D4CAF2,0.5
ID_056FA96519,0.5
ID_F45E8846DF,0.5
ID_567B85A6C1,0.5
ID_CFB5CCBF19,0.5
ID_4D53D84B78,0.5
ID_82BC6CB789,0.5
ID_8893037910,0.5
ID_40D7B8709D,0.5
ID_20AFC22675,0.5
ID_580B6E4290,0.5
ID_9A2B0CF979,0.5
ID_45F8B320E4,0.5
ID_18191DDB03,0.5
ID_CCD8053286,0.5
ID_D3CE9AE729,0.5
ID_FDF79D5631,0.5
ID_0D537814F8,0.5
ID_90DAA97EDB,0.5
ID_B61C4D2325,0.5
ID_4EB2EB82C2,0.5
ID_8C85DA5630,0.5
ID_FF62A43096,0.5
ID_B8DF7B906F,0.5
ID_E03C7AB6C1,0.5
ID_9009108C3B,0.5
ID_4B15B2E7B6,0.5
ID_99745D74E5,0.5
ID_D8102BBB35,0.5
ID_13AF1086C3,0.5
ID_0EEDA0EAD0,0.5
ID_73630033D0,0.5
ID_14C98CE7B2,0.5
ID_16F8F4018B,0.5
ID_322F0FFE5B,0.5
ID_5B0AC65DD3,0.5
ID_0A116D1CEA,0.5
ID_37AD205E7B,0.5
ID_059049F20E,0.5
ID_8242BBF513,0.5
ID_FAF7B055D1,0.5
ID_1750403C3F,0.5
ID_7AC5E4B872,0.5
ID_C47959BEEB,0.5
ID_107C36DE4E,0.5
ID_913F80B405,0.5
ID_E0C6FE033A,0.5
ID_F5B46C6901,0.5
ID_11392CDC0C,0.5
ID_AD7ED1FD58,0.5
ID_08C62AF61A,0.5
ID_3DBF8843D9,0.5
ID_83EDF4009C,0.5
ID_58C5926057,0.5
ID_1BF5FA53A3,0.5
ID_417A2067FF,0.5
ID_EE27439595,0.5
ID_364A890066,0.5
ID_2BB6D581F7,0.5
ID_CA5A15A3DE,0.5
ID_9BB53EB19E,0.5
ID_C4C8A3B2C3,0.5
ID_FD0950ED40,0.5
ID_5366624C2E,0.5
ID_64AFA35485,0.5
ID_BD81F94E69,0.5
ID_6763658CE1,0.5
ID_8734B22A2A,0.5
ID_CEE0855231,0.5
ID_1E638EE508,0.5
ID_42D244EC92,0.5
ID_7A50092246,0.5
ID_002990B9AA,0.5
ID_DFA402F6B7,0.5
ID_B343B6E188,0.5
ID_8B448AEC3C,0.5
ID_112E97D07D,0.5
ID_F17A1AD7AE,0.5
ID_39B750EBCC,0.5
ID_DEAA234382,0.5
ID_1FFCA1F85A,0.5
ID_7DC9A9E31A,0.5
ID_C6288B1CA6,0.5
ID_791168E213,0.5
ID_BA4764BC5E,0.5
ID_ADF4723643,0.5
ID_DBFC0707DB,0.5
ID_2FB4540DF5,0.5
ID_94C23D2336,0.5
ID_EFC6E89148,0.5
ID_A9BF1BE992,0.5
ID_95473D1E89,0.5
ID_B97C09567B,0.5
ID_9CDEF1F3D8,0.5
ID_A77431AA34,0.5
ID_1731697B16,0.5
ID_4CCCCBC291,0.5
ID_206808E63B,0.5
ID_5523A71195,0.5
ID_DA6B65964D,0.5
ID_C4FA717E5B,0.5
ID_DA172D6F7B,0.5
ID_62B830C6E5,0.5
ID_ED7F148727,0.5
ID_A83E95F18A,0.5
ID_D9888578F0,0.5
ID_57DA8DC908,0.5
ID_EDD3BE0D97,0.5
ID_4B72A46FB6,0.5
ID_D843514F5D,0.5
ID_5520F383FA,0.5
ID_1FB11F4858,0.5
ID_96AC76FFED,0.5
ID_C92C1F76D3,0.5
ID_DEFD059502,0.5
ID_A77D9D6376,0.5
ID_55E23E9D8B,0.5
ID_045B38A1F6,0.5
ID_7111F43AA0,0.5
ID_4A74FDA3C6,0.5
ID_91CDE2C31C,0.5
ID_4A3DF84D3A,0.5
ID_FC0A26D6CB,0.5
ID_388B0A5076,0.5
ID_01D3874808,0.5
ID_C89C61C4E9,0.5
ID_AD79FCCF37,0.5
ID_728FE4D1A8,0.5
ID_D3276FF8E9,0.5
ID_7539B6A48B,0.5
ID_9043B96593,0.5
ID_D209E841E4,0.5
ID_734D5DE465,0.5
ID_D477923C0A,0.5
ID_C6538AC585,0.5
ID_1BFE28206C,0.5
ID_DBEAF447E1,0.5
ID_89BAF307C6,0.5
ID_F23283AB61,0.5
ID_B1DEA4B627,0.5
ID_1B3D760C11,0.5
ID_598D622AE5,0.5
ID_3CB7486B31,0.5
ID_4C781F69D1,0.5
ID_1D6CB980F3,0.5
ID_64D740E44D,0.5
ID_58663B96D4,0.5
ID_2602F14A8E,0.5
ID_EB7706DA92,0.5
ID_2FF4A797D7,0.5
ID_F3C379BE76,0.5
ID_92CE4ED92E,0.5
ID_2EC9309533,0.5
ID_8E1D55601B,0.5
ID_BFFBF62066,0.5
ID_F9975F9CB5,0.5
ID_D06A2B5B05,0.5
ID_731AD6BC40,0.5
ID_E1605A8347,0.5
ID_7D4799C816,0.5
ID_172646114A,0.5
ID_BED03C3678,0.5
ID_663E4051C8,0.5
ID_B94DFC637E,0.5
ID_9DCBD029A9,0.5
ID_3AA7C8A83F,0.5
ID_44E0A5FAFC,0.5
ID_276C31ED74,0.5
ID_A8B53BE330,0.5
ID_FC3B0E5B68,0.5
ID_F8D116FCC5,0.5
ID_9CD77F4FC2,0.5
ID_EBF7011697,0.5
ID_9D5AF24A3F,0.5
ID_F9AE4E8106,0.5
ID_EB822E4C05,0.5
ID_F704887820,0.5
ID_E0CE089C96,0.5
ID_C6458F37F5,0.5
ID_230877E063,0.5
ID_5D5ABAD2CE,0.5
ID_9F0E2A12EE,0.5
ID_18518C22FE,0.5
ID_9B7125CD5D,0.5
ID_04989FB947,0.5
ID_C4A85545B0,0.5
ID_A300D4BFB9,0.5
ID_140C60EC60,0.5
ID_9DF4B3D176,0.5
ID_68DB06EA31,0.5
ID_80D685BEE9,0.5
ID_3DC1DDCBBC,0.5
ID_E1DDF6F997,0.5
ID_0A8B4367EC,0.5
ID_7DE1D3429C,0.5
ID_17BFCB356E,0.5
ID_9C84C4FBBC,0.5
ID_EC5E6F1771,0.5
ID_CD7118FA2C,0.5
ID_8E7F377EA7,0.5
ID_0243D481D8,0.5
ID_FAAF5A6310,0.5
ID_548D9DC7FC,0.5
ID_52BFCA87EB,0.5
ID_C93BA159C8,0.5
ID_9F81A41624,0.5
ID_649A7CA930,0.5
ID_3D1D916687,0.5
ID_ECC5F69009,0.5
ID_A993DBEC0D,0.5
ID_130EDEA15E,0.5
ID_890184F33C,0.5
ID_10569810AD,0.5
ID_5C7D666531,0.5
ID_3E37B5D9EB,0.5
ID_D18B8899E0,0.5
ID_34E1B4DAA4,0.5
ID_001CE61828,0.5
ID_FA72B940AC,0.5
ID_657AAD0D07,0.5
ID_A2FCD41390,0.5
ID_A79821BF1D,0.5
ID_9418F7CB22,0.5
ID_F9029C8287,0.5
ID_DC14DD9773,0.5
ID_C66ED47464,0.5
ID_D8A602CF95,0.5
ID_37924705FC,0.5
ID_BBCE51EE2C,0.5
ID_2D6F03D8AB,0.5
ID_15D1CF2EDD,0.5
ID_D6A9CD1FE0,0.5
ID_54F572F2F0,0.5
ID_C485846C48,0.5
ID_D1B99D950B,0.5
ID_FCA997FDA5,0.5
ID_C1A78B01F8,0.5
ID_34C8438104,0.5
ID_A2021A6F9C,0.5
ID_698CB94B1B,0.5
ID_789D4BAC19,0.5
ID_C42CF4259E,0.5
ID_4E4D0E1D86,0.5
ID_A5008D7147,0.5
ID_4308B939F1,0.5
ID_42AAB24060,0.5
ID_6302523743,0.5
ID_FD0447F8B3,0.5
ID_9A297CFAA6,0.5
ID_FC6627AA31,0.5
ID_1EB801FEBF,0.5
ID_C2AA035E7E,0.5
ID_DF0D720788,0.5
ID_43D665F710,0.5
ID_5AF165BBB2,0.5
ID_20E9DD2D2A,0.5
ID_82932AE984,0.5
ID_3D8C480820,0.5
ID_DF86894C99,0.5
ID_822D19C901,0.5
ID_87D5151A03,0.5
ID_6A0392900B,0.5
ID_DD862F5834,0.5
ID_2FD2F55E11,0.5
ID_882B21351C,0.5
ID_D48373CFBB,0.5
ID_D37B34A8EE,0.5
ID_2586AF602A,0.5
ID_DB05E5C6F2,0.5
ID_A34A804191,0.5
ID_8E80D514C9,0.5
ID_E7766E76C1,0.5
ID_EEDA6DAC58,0.5
ID_8B3A3B3335,0.5
ID_86CCBFD7AB,0.5
ID_52BD2AC565,0.5
ID_7D54F80A84,0.5
ID_BCA8FD6F30,0.5
ID_520099D5FA,0.5
ID_B1D3EA90B8,0.5
ID_8AC424CF7B,0.5
ID_69F60BEA23,0.5
ID_EB2C36739A,0.5
ID_F2023F06C9,0.5
ID_749DD701DD,0.5
ID_5F9E2A8559,0.5
ID_7AA0E22A2C,0.5
ID_B7FAF44883,0.5
ID_AB6C21DFD0,0.5
ID_5F1307059E,0.5
ID_6A665CD909,0.5
ID_48D23F5293,0.5
ID_3333FBFAAD,0.5
ID_98E010BD10,0.5
ID_166E11A6E3,0.5
ID_90CE431202,0.5
ID_05130DA1FC,0.5
ID_5B231ABC4A,0.5
ID_BEAF31B5AC,0.5
ID_C82DCBB48F,0.5
ID_0D1B8326EF,0.5
ID_6DFE82B702,0.5
ID_88E478A4E1,0.5
ID_016C5AC11B,0.5
ID_7AAA7EE74B,0.5
ID_6F84F66521,0.5
ID_D996CC5C8B,0.5
ID_074B8668F6,0.5
ID_1DBEFEBA76,0.5
ID_E93704F312,0.5
ID_5384CB2402,0.5
ID_17CCFF5AAF,0.5
ID_7A35F1AE92,0.5
ID_6736E4C9F2,0.5
ID_0E1ADF31D4,0.5
ID_B8D786FA8C,0.5
ID_EB0089A8DE,0.5
ID_7EC54BAB82,0.5
ID_B4B029A3EB,0.5
ID_B9CB2D37E1,0.5
ID_D2547F55CF,0.5
ID_9BA903020B,0.5
ID_A1032370AF,0.5
ID_F82116E0F3,0.5
ID_006B1CEA96,0.5
ID_36B4EAC24E,0.5
ID_6058509C59,0.5
ID_F99AA4756B,0.5
ID_3D23856DCC,0.5
ID_D1DEE9C0E5,0.5
ID_7F745C801C,0.5
ID_09716C1483,0.5
ID_7AC4F3C437,0.5
ID_4979EC57DB,0.5
ID_0DF1279638,0.5
ID_253558B629,0.5
ID_7896C7FE26,0.5
ID_B789F0CC6C,0.5
ID_B4ADF9AF32,0.5
ID_8DF75AF42B,0.5
ID_70CFCA3E1A,0.5
ID_A84FFA9887,0.5
ID_DAA715A6EA,0.5
ID_DC5D3CD877,0.5
ID_BA12687582,0.5
ID_B67697DA72,0.5
ID_E9DA5627EB,0.5
ID_93B2FC9697,0.5
ID_A398032B4A,0.5
ID_ACBA8F29E1,0.5
ID_59C832A7E0,0.5
ID_12EF715B2B,0.5
ID_996642D530,0.5
ID_03E4C03BE7,0.5
ID_00ED193FF0,0.5
ID_BBFEA15881,0.5
ID_05B9E48432,0.5
ID_B0EAEBCF17,0.5
ID_999A75463A,0.5
ID_6EEB13AED0,0.5
ID_59E937E1E6,0.5
ID_584D23CDBB,0.5
ID_7B43E29BC4,0.5
ID_67FA22C800,0.5
ID_22669BB3FF,0.5
ID_A832C3E830,0.5
ID_4F094342E3,0.5
ID_C5036E5430,0.5
ID_017C195DA6,0.5
ID_097B602CDC,0.5
ID_565CF50F4A,0.5
ID_886390D550,0.5
ID_F103C9C255,0.5
ID_9EB6906993,0.5
ID_B6B780172D,0.5
ID_2C80476F90,0.5
ID_1DBEE73F5E,0.5
ID_A5C3229081,0.5
ID_35AAD87C04,0.5
ID_7DA4BEA794,0.5
ID_CBC67381A4,0.5
ID_B7161152D7,0.5
ID_6B8C0BF341,0.5
ID_E3F0280DA0,0.5
ID_A0DEA897CF,0.5
ID_D561498DEF,0.5
ID_13CF506622,0.5
ID_B026F830BB,0.5
ID_C9FE16AC15,0.5
ID_36AB302401,0.5
ID_5610292821,0.5
ID_3BD1241A8B,0.5
ID_300FE8B5EA,0.5
ID_9A9F684D7E,0.5
ID_FE716F1F14,0.5
ID_F1C50A50B2,0.5
ID_CDBA2F9976,0.5
ID_BBA94DA18B,0.5
ID_5C7A9F8E87,0.5
ID_87C2404BFD,0.5
ID_1C1DD78284,0.5
ID_4127C59AA2,0.5
ID_F323B15B25,0.5
ID_FF4D2F00BD,0.5
ID_BD4F84CD94,0.5
ID_0783E5C059,0.5
ID_636B31C5A9,0.5
ID_57E22832D2,0.5
ID_59C37F8D6C,0.5
ID_6B2AEDBB8A,0.5
ID_55FE2EF90A,0.5
ID_1800613985,0.5
ID_A2F5693BF3,0.5
ID_DC80D926D4,0.5
ID_B958905E08,0.5
ID_A8C3093B1B,0.5
ID_C11F560792,0.5
ID_9CB42718F1,0.5
ID_7002F1BF4C,0.5
ID_4C1F4EDE3C,0.5
ID_68DA32959E,0.5
ID_FFCCD74E58,0.5
ID_579119E376,0.5
ID_07789EB071,0.5
ID_7466A7D13D,0.5
ID_5FC003202F,0.5
ID_1D0F0746CC,0.5
ID_4CF857B85B,0.5
ID_51B0AC2B71,0.5
ID_08C54A446A,0.5
ID_0F661C6377,0.5
ID_9C3A8A79AB,0.5
ID_D3F5B10B1E,0.5
ID_EAEF0A4A2B,0.5
ID_A341071171,0.5
ID_F105FF83C8,0.5
ID_C205A958B4,0.5
ID_A49FEDFF7D,0.5
ID_12670E5723,0.5
ID_8B112F051B,0.5
ID_0EED6DD199,0.5
ID_5FE45BCF86,0.5
ID_BDBC317345,0.5
ID_0D4054093F,0.5
ID_BBE86CF65F,0.5
ID_9EF2DEAE68,0.5
ID_AF19A67E27,0.5
ID_17D7CDC1A7,0.5
ID_60BC63AFC8,0.5
ID_E0CE430CD1,0.5
ID_85445D6240,0.5
ID_82D247A960,0.5
ID_9E324B9577,0.5
ID_EE61DDFB83,0.5
ID_A1BBA494E7,0.5
ID_BED3B66E1E,0.5
ID_0DC86231CD,0.5
ID_B9188C4979,0.5
ID_F5A2BF10A2,0.5
ID_549A5BD8A5,0.5
ID_525E2EB168,0.5
ID_B88116BB77,0.5
ID_9B6A5896D0,0.5
ID_213B5D3D7E,0.5
ID_DF05155695,0.5
ID_288EA0731A,0.5
ID_97019876C4,0.5
ID_71808A44B7,0.5
ID_BAD999436D,0.5
ID_2F5B50EE7D,0.5
ID_6B665D3D3A,0.5
ID_D44CD8503A,0.5
ID_F4C2D20062,0.5
ID_CD7C68FD39,0.5
ID_6570C7EE1F,0.5
ID_BC14A58BAF,0.5
ID_86AEC67634,0.5
ID_1E4B7AA2BA,0.5
ID_C7E1316052,0.5
ID_5F3D21C53E,0.5
ID_D6BEF2E211,0.5
ID_D4A441A99E,0.5
ID_71DBCE677D,0.5
ID_34B27A2EDC,0.5
ID_E2BB745622,0.5
ID_AC9FE3A955,0.5
ID_05E42DAB6E,0.5
ID_3C23CA2FCA,0.5
ID_D94EB4F012,0.5
ID_3416AAAF44,0.5
ID_F0EF5E5955,0.5
ID_7EF60D6CAA,0.5
ID_4E63FD1EDA,0.5
ID_A17EA9F59E,0.5
ID_DF7436CB68,0.5
ID_0ADC2A84BD,0.5
ID_35FD91FB85,0.5
ID_DA5CCE7406,0.5
ID_81BEBAD381,0.5
ID_4CF9B3CB70,0.5
ID_C7407A1EE2,0.5
ID_6FCFD22380,0.5
ID_EC43138F63,0.5
ID_0E3D3F0768,0.5
ID_CE5577B32F,0.5
ID_1BEE26647E,0.5
ID_D0D70C80BA,0.5
ID_F781F6B94C,0.5
ID_7F322FAE00,0.5
ID_805CB3DB2C,0.5
ID_395516A22C,0.5
ID_8D15F6914B,0.5
ID_ADEAEF4F5C,0.5
ID_466CE21902,0.5
ID_FBDCFB764F,0.5
ID_B9FD9126F7,0.5
ID_DA0407A7E8,0.5
ID_3F8DCE5D78,0.5
ID_5C2DD25C36,0.5
ID_AC83193DEC,0.5
ID_CE71A91D76,0.5
ID_5989C10FDA,0.5
ID_51404D1293,0.5
ID_044D9A4065,0.5
ID_847B4C93F3,0.5
ID_30563376E5,0.5
ID_1C4DA44A14,0.5
ID_85FEEB6070,0.5
ID_76554F67E4,0.5
ID_B0D937E729,0.5
ID_06C19D94B3,0.5
ID_870D08ED0C,0.5
ID_5BEA42DC62,0.5
ID_E18D2CAACB,0.5
ID_672BAE9ED0,0.5
ID_C109CB8474,0.5
ID_25B094944A,0.5
ID_92FD2BC0BA,0.5
ID_15A624744F,0.5
ID_234A306FA3,0.5
ID_CB17DDC9FC,0.5
ID_BF28A50B36,0.5
ID_02144F6B0C,0.5
ID_D05B7A90C1,0.5
ID_606A4EBB5F,0.5
ID_4EDC4A47F6,0.5
ID_AA99C957B4,0.5
ID_663B6503D1,0.5
ID_E8EA3CF7A7,0.5
ID_FB0A23041E,0.5
ID_C11B0A88E0,0.5
ID_07291F1D80,0.5
ID_FB819A9A91,0.5
ID_3756F0579C,0.5
ID_356BAD2452,0.5
ID_450C72C18E,0.5
ID_C0F782E311,0.5
ID_1A36FF4CC8,0.5
ID_B1C06A033A,0.5
ID_E5CE9F49B0,0.5
ID_43B431BA24,0.5
ID_2FC59013CD,0.5
ID_B32FE7A416,0.5
ID_84869A885C,0.5
ID_94D62E2D0E,0.5
ID_65B79CD43E,0.5
ID_E3D95B381E,0.5
ID_67F381161F,0.5
ID_00C74170A1,0.5
ID_2169ED29E3,0.5
ID_9DA35B0921,0.5
ID_FF3EED925D,0.5
ID_FE5EAC23BE,0.5
ID_2F86C388A5,0.5
ID_AC69C4B7C3,0.5
ID_ED80316F65,0.5
ID_CB43D900E0,0.5
ID_858E4FBB70,0.5
ID_A674A37949,0.5
ID_BD0A443225,0.5
ID_D91E5BA7E4,0.5
ID_B57A76B5A8,0.5
ID_0F49CBABEE,0.5
ID_09FFFF54B4,0.5
ID_41BBECE595,0.5
ID_89A010B678,0.5
ID_DE6824C164,0.5
ID_F871EC2766,0.5
ID_D2D3BD66E6,0.5
ID_7473570D76,0.5
ID_E3C2CAA1BF,0.5
ID_396B4D2C41,0.5
ID_DDC6B1FA51,0.5
ID_F236257B42,0.5
ID_450934ED84,0.5
ID_061544CDAC,0.5
ID_257565B77F,0.5
ID_B66A9BA49E,0.5
ID_451ACD2BB3,0.5
ID_4E46CE57AC,0.5
ID_3C184284AC,0.5
ID_2E9B16AF01,0.5
ID_30C47AA997,0.5
ID_33040BBEDF,0.5
ID_0F19D82507,0.5
ID_D68141C640,0.5
ID_C389563559,0.5
ID_940B3A3C9C,0.5
ID_F5E1218894,0.5
ID_F4E0FE38F0,0.5
ID_43C903B823,0.5
ID_609DC60B2C,0.5
ID_A7962165AF,0.5
ID_5B9EA9880F,0.5
ID_17DACAFA9C,0.5
ID_9B850C71C1,0.5
ID_9BDE18EAC9,0.5
ID_0614A27DEB,0.5
ID_EC6C9BAAFC,0.5
ID_71F064DEF8,0.5
ID_33A326DDB8,0.5
ID_709D14BA04,0.5
ID_573BA2F224,0.5
ID_BCAB60275D,0.5
ID_74E22F559A,0.5
ID_367270DEF4,0.5
ID_25E4663A21,0.5
ID_05ADE914FB,0.5
ID_46C1A92693,0.5
ID_6B4340460C,0.5
ID_DD84FFC379,0.5
ID_1CAA9FC539,0.5
ID_517DB005D7,0.5
ID_4247EF70F4,0.5
ID_6CB15FB64F,0.5
ID_3DFE7E7FDF,0.5
ID_9B2A41C2D1,0.5
ID_5F969047D8,0.5
ID_A0785EDE91,0.5
ID_D4E2A174CC,0.5
ID_07ACE64392,0.5
ID_3CF98B7E6B,0.5
ID_1A4283D6BD,0.5
ID_DD8A56EDBD,0.5
ID_1E788CF8BC,0.5
ID_43FBF36101,0.5
ID_4A0D96941A,0.5
ID_C3D94C044A,0.5
ID_3A5E4F03C5,0.5
ID_2981E289D3,0.5
ID_5CEA661C68,0.5
ID_5783A9A9FC,0.5
ID_FC36204E65,0.5
ID_73CCD5B124,0.5
ID_F924879BC8,0.5
ID_D53192B310,0.5
ID_B5F1956E3A,0.5
ID_80F2BFA01C,0.5
ID_859ED07935,0.5
ID_6668FB1D65,0.5
ID_A79CE9B59E,0.5
ID_B3AF61526D,0.5
ID_8DE749A928,0.5
ID_10082BC986,0.5
ID_0058F05B71,0.5
ID_2EB1DE307D,0.5
ID_472662D4D3,0.5
ID_4BA7ECAF5C,0.5
ID_CC823ECC5A,0.5
ID_36414FCE75,0.5
ID_64632C17C7,0.5
ID_96421A53F3,0.5
ID_E9799CDB40,0.5
ID_6CBC1BFD49,0.5
ID_6DC83BEA2A,0.5
ID_83F42D1050,0.5
ID_47AD25E7CC,0.5
ID_F64AE84FFF,0.5
ID_68EFEC6925,0.5
ID_86B23E0AFA,0.5
ID_77E0A74066,0.5
ID_CB9F190F59,0.5
ID_19CEF26B83,0.5
ID_2A17942003,0.5
ID_A5EE5379BC,0.5
ID_0D7294A326,0.5
ID_2778ADD2D2,0.5
ID_FB4285998A,0.5
ID_BC12FC21B0,0.5
ID_9D98315E98,0.5
ID_44467A0A7E,0.5
ID_DDA4B5BA8E,0.5
ID_A26CD8C7FA,0.5
ID_0B62DCF993,0.5
ID_DAA42452B3,0.5
ID_8820776B99,0.5
ID_51DC90A614,0.5
ID_1498F68E8E,0.5
ID_BBF098390F,0.5
ID_562B86C625,0.5
ID_09F4730E20,0.5
ID_77C53D824C,0.5
ID_6CA396D595,0.5
ID_C5FAE6407B,0.5
ID_1B4187A044,0.5
ID_D2188904A0,0.5
ID_18973E5589,0.5
ID_39EE5C156D,0.5
ID_5B985F21D5,0.5
ID_3A28AC67E5,0.5
ID_C1B4D57781,0.5
ID_27AD82237B,0.5
ID_866B146470,0.5
ID_583F74E68C,0.5
ID_2DBBAEABAA,0.5
ID_53C067D43A,0.5
ID_96019ADE8E,0.5
ID_B2D216DBAE,0.5
ID_5419BE432F,0.5
ID_A2DDD5FA9E,0.5
ID_968A7003F4,0.5
ID_29E9284FC7,0.5
ID_35AE4F9FA2,0.5
ID_42E4323021,0.5
ID_C8663F8035,0.5
ID_DA6AC977C5,0.5
ID_07A138C767,0.5
ID_CBB4CDCB81,0.5
ID_73ACB63C24,0.5
ID_760F966790,0.5
ID_1F718E2EF1,0.5
ID_C7C614B3D2,0.5
ID_166664906C,0.5
ID_2D87D99F59,0.5
ID_A53D8D62F8,0.5
ID_01A6E9A58F,0.5
ID_FAE1E09303,0.5
ID_64447A9F4D,0.5
ID_CB0E7AE38F,0.5
ID_73D727D4B0,0.5
ID_E52699C3CE,0.5
ID_FE42A657C1,0.5
ID_EC12481B49,0.5
ID_27AA7BB92B,0.5
ID_BD3E2EC304,0.5
ID_CEA2771E62,0.5
ID_7896BBCC82,0.5
ID_71FFEE10FC,0.5
ID_344CB9C282,0.5
ID_36C3FF77B2,0.5
ID_9AE4BBCC15,0.5
ID_CDF23163FF,0.5
ID_7C59A23B29,0.5
ID_399FB92F1B,0.5
ID_C522D4CFC1,0.5
ID_8435B0ACE4,0.5
ID_A294AAF9B4,0.5
ID_1764ECB9B3,0.5
ID_7CC1156FC4,0.5
ID_BD743C1C8A,0.5
ID_F48E81313A,0.5
ID_FBDA2D4533,0.5
ID_D71AC4D0F3,0.5
ID_F3E2AD1E90,0.5
ID_36F77A66D8,0.5
ID_D7F13884A3,0.5
ID_43024EC445,0.5
ID_E30F80284C,0.5
ID_E478A06FBE,0.5
ID_C49676F7E1,0.5
ID_117F8F5DFD,0.5
ID_89075EE910,0.5
ID_4FC6DBA5B0,0.5
ID_9A9C2CDFED,0.5
ID_76F73FB3B8,0.5
ID_450B1F647F,0.5
ID_2045778C01,0.5
ID_09A84393AC,0.5
ID_CEBEBD2FCF,0.5
ID_4B42C85ABD,0.5
ID_A6524A6335,0.5
ID_E987E36B6D,0.5
ID_1D4613C8C1,0.5
ID_4D9558CF62,0.5
ID_4FCD51F031,0.5
ID_EE115F200A,0.5
ID_D4AF20D15C,0.5
ID_AC07351E73,0.5
ID_54505E341E,0.5
ID_DDF7463365,0.5
ID_64272EC233,0.5
ID_8A9A5D93EB,0.5
ID_C08A19DC39,0.5
ID_4B4EC55895,0.5
ID_99C1E4F5A5,0.5
ID_EDBF4066DB,0.5
ID_05CA426D99,0.5
ID_7D882E0162,0.5
ID_0BD23B17CB,0.5
ID_101A8F7D94,0.5
ID_E256EBF9FF,0.5
ID_186A957628,0.5
ID_09AD05E2F5,0.5
ID_245F36A6DF,0.5
ID_5C0F7FE53A,0.5
ID_0F4FD1DCA5,0.5
ID_383542F3D1,0.5
ID_3AF06D7BF2,0.5
ID_A9B14A1AE7,0.5
ID_92563F3C2E,0.5
ID_A22C0EFE7E,0.5
ID_AB36BA1EC2,0.5
ID_4CCAF85BF7,0.5
ID_C001262281,0.5
ID_CD371D2931,0.5
ID_8E4D85B60D,0.5
ID_67C8ECB83C,0.5
ID_0254964E0B,0.5
ID_DDD8945785,0.5
ID_5C86E684FE,0.5
ID_26C117D50F,0.5
ID_7EC9346572,0.5
ID_221B856F33,0.5
ID_98E9D792CE,0.5
ID_98A8E5E267,0.5
ID_2D2978EE80,0.5
ID_5D77484A4E,0.5
ID_B2E14C028B,0.5
ID_78DDABC757,0.5
ID_25EDD8E6BD,0.5
ID_A0757B4FE3,0.5
ID_909F541DCA,0.5
ID_BB54447114,0.5
ID_0C6E6E8526,0.5
ID_D956954120,0.5
ID_75B2E21A93,0.5
ID_1CE5ECEA36,0.5
ID_34AC6855BA,0.5
ID_CC9737A0D4,0.5
ID_378F219A8C,0.5
ID_361C87DFB8,0.5
ID_1F811A9BB3,0.5
ID_1B842EA976,0.5
ID_4E242C1A80,0.5
ID_43A8B1E6A7,0.5
ID_BA8C2D401D,0.5
ID_7AC2E367AF,0.5
ID_226DA5B8C9,0.5
ID_5FD13947DC,0.5
ID_72F81351CA,0.5
ID_6ACFD1871B,0.5
ID_A0C756EFA8,0.5
ID_6BD3DB88E7,0.5
ID_DC4DA22224,0.5
ID_0C83403C19,0.5
ID_B6B984DC2D,0.5
ID_CFE05E36C9,0.5
ID_A24A47F7B4,0.5
ID_2628D9402C,0.5
ID_E535688E7F,0.5
ID_8F9234B9F6,0.5
ID_BC7055ACF7,0.5
ID_20491911C4,0.5
ID_11FAB104BE,0.5
ID_C68D25DC34,0.5
ID_E72BE57DE3,0.5
ID_E7C793023E,0.5
ID_083D9E0B18,0.5
ID_478241108E,0.5
ID_750FDF8E6B,0.5
ID_119E00FB3F,0.5
ID_D5B3A36099,0.5
ID_7001D5C06F,0.5
ID_22C6D6167F,0.5
ID_736464028E,0.5
ID_0520701640,0.5
ID_383D8ED0A9,0.5
ID_3E770623A3,0.5
ID_D05FD5CA66,0.5
ID_79F1D8B874,0.5
ID_9F4DAC1318,0.5
ID_EFF8326481,0.5
ID_B5B23421AE,0.5
ID_8E84B4D6B6,0.5
ID_F3E6321F4B,0.5
ID_9442BE4113,0.5
ID_7A1EF37336,0.5
ID_4BC6B39838,0.5
ID_1322AF3371,0.5
ID_CAFE4C2505,0.5
ID_1301C92F48,0.5
ID_BB087D2A8B,0.5
ID_54605931EE,0.5
ID_29733366B8,0.5
ID_B1DE28BB96,0.5
ID_3C4F1494E1,0.5
ID_0D7591BADC,0.5
ID_AE21AA4BB1,0.5
ID_2FFDEFE095,0.5
ID_799994A0E2,0.5
ID_295F3AE68B,0.5
ID_E1F33799AF,0.5
ID_CF3E53022A,0.5
ID_68B27E0284,0.5
ID_B3721BD291,0.5
ID_C0F44B22B4,0.5
ID_DB005342DB,0.5
ID_9EDA5B772F,0.5
ID_FA908F7AD8,0.5
ID_6ACBA2EC3D,0.5
ID_9EE9529222,0.5
ID_E71D4F12C4,0.5
ID_796771910E,0.5
ID_CCF6C70301,0.5
ID_DBC1C90B75,0.5
ID_7C32D5FA96,0.5
ID_A7EB6F9694,0.5
ID_F5241E83C8,0.5
ID_0B3D73A077,0.5
ID_C74068D5AC,0.5
ID_6D603CDDE9,0.5
ID_AE3F0968D6,0.5
ID_15828D236A,0.5
ID_022A54DEC6,0.5
ID_AE0624011F,0.5
ID_B437D89C77,0.5
ID_5EB8744DFE,0.5
ID_F730D4F928,0.5
ID_7F7EC19A9E,0.5
ID_2B5C88E956,0.5
ID_0E394B0A25,0.5
ID_6674D40251,0.5
ID_5D2E205A49,0.5
ID_D757F1FD0A,0.5
ID_892D2CDDDF,0.5
ID_5BAE00BC90,0.5
ID_A0AFE66FA1,0.5
ID_DEA7464EC7,0.5
ID_265257DA4D,0.5
ID_5F3C841202,0.5
ID_23852696F4,0.5
ID_AD1FCF884A,0.5
ID_4C20B0F423,0.5
ID_C0E59D9947,0.5
ID_94FBED6765,0.5
ID_6181C04B1A,0.5
ID_5E11A62FEC,0.5
ID_93B42F7459,0.5
ID_3B7457FC34,0.5
ID_0CE5D7E3B9,0.5
ID_005E97B847,0.5
ID_331CE8F218,0.5
ID_64D92BCFF1,0.5
ID_FF2FD12291,0.5
ID_E9C9175A4F,0.5
ID_79972E19CA,0.5
ID_8B953BFC74,0.5
ID_F75A0639B4,0.5
ID_2D0F6AD29F,0.5
ID_F8F825A7D4,0.5
ID_C728A534C3,0.5
ID_03B4A8D028,0.5
ID_212B2AF3A1,0.5
ID_BBD214DA6B,0.5
ID_AEED26E83F,0.5
ID_5BE8BE0D13,0.5
ID_7DC991C67E,0.5
ID_25A77D3562,0.5
ID_8383E34B6D,0.5
ID_E6984B3EB5,0.5
ID_C1DA673FA1,0.5
ID_8B90CC3573,0.5
ID_D9FEBF15E8,0.5
ID_A5762D9237,0.5
ID_498CB276DA,0.5
ID_F65D2F4D41,0.5
ID_26584A181A,0.5
ID_DA683E8221,0.5
ID_921667E5F0,0.5
ID_AA301FF383,0.5
ID_D2EE1D298B,0.5
ID_4410A864B0,0.5
ID_F9FE52D466,0.5
ID_70F535B502,0.5
ID_E14B6B444D,0.5
ID_CE9B742ABE,0.5
ID_B488C97CA1,0.5
ID_BD3229F94F,0.5
ID_14149BCB31,0.5
ID_DF5B15D819,0.5
ID_3537EFDD1A,0.5
ID_1C9B52C31C,0.5
ID_7F7ADC90B8,0.5
ID_16D522C07E,0.5
ID_693AEB1E14,0.5
ID_CCEDED1DAB,0.5
ID_CD091C722F,0.5
ID_F6387E21DD,0.5
ID_E2D5907EA6,0.5
ID_A1EF405EAC,0.5
ID_D146391E57,0.5
ID_0348A20DE1,0.5
ID_6CDF06C198,0.5
ID_04B4FF77BE,0.5
ID_558BA584C4,0.5
ID_15507C1639,0.5
ID_9B9C2841E8,0.5
ID_97DEE3140A,0.5
ID_9F22B2B721,0.5
ID_335AC1D5C4,0.5
ID_D0E63116DD,0.5
ID_E4FC540C0F,0.5
ID_C39D84EC79,0.5
ID_7DDC346D6A,0.5
ID_B57B8CC5C7,0.5
ID_0EE45C4007,0.5
ID_9F88EADD60,0.5
ID_603E8246C7,0.5
ID_CF4B34E24A,0.5
ID_28F64628EE,0.5
ID_ACA97D744C,0.5
ID_BBC1297480,0.5
ID_487937EA0F,0.5
ID_C7F6332AA1,0.5
ID_4FB701FAED,0.5
ID_ECF7F67A72,0.5
ID_35C776995C,0.5
ID_62B4A2C510,0.5
ID_00907C2806,0.5
ID_7FFEDD2E2F,0.5
ID_E85CF38091,0.5
ID_8E3E898B4D,0.5
ID_0EF6A5BC60,0.5
ID_4C257D6B17,0.5
ID_884AD0C6EE,0.5
ID_5D4674689F,0.5
ID_A3FA945C18,0.5
ID_4E5D7238B1,0.5
ID_1A3D3FA997,0.5
ID_8946E2DDF3,0.5
ID_DDB02C1FEF,0.5
ID_FFDD62BB23,0.5
ID_7D3DF0F5B4,0.5
ID_7D8FE2C447,0.5
ID_B2FFFEA334,0.5
ID_0A5169CE79,0.5
ID_DBCBB295CB,0.5
ID_CA8BA6CA1F,0.5
ID_6C98ECA414,0.5
ID_C9F8852E2D,0.5
ID_B4DF5365A7,0.5
ID_8A5C11AFF2,0.5
ID_6EEA808DFD,0.5
ID_DEA6AF05C2,0.5
ID_8208114204,0.5
ID_26594642AF,0.5
ID_27CBBFD6BF,0.5
ID_B091283187,0.5
ID_F4BD66CDC1,0.5
ID_96A4C3D334,0.5
ID_F73721BB6C,0.5
ID_7755C61212,0.5
ID_DB790D2111,0.5
ID_973D2D7A36,0.5
ID_55A82AF135,0.5
ID_372839150D,0.5
ID_C5140A3E27,0.5
ID_BEA987C1EE,0.5
ID_1612BCF555,0.5
ID_5D5A4AE408,0.5
ID_1D7F44A9A6,0.5
ID_ECC19EC8C7,0.5
ID_5C4B7F5DCE,0.5
ID_BDA5517FF7,0.5
ID_2E32029B8D,0.5
ID_2E37143987,0.5
ID_CF615AA236,0.5
ID_70375ADAF7,0.5
ID_AFA7837954,0.5
ID_D7CE7AE392,0.5
ID_DDC4FDDF70,0.5
ID_1026005AB2,0.5
ID_2998CF5D4C,0.5
ID_6EFBDA31B8,0.5
ID_D9C9A67178,0.5
ID_21408E5E4F,0.5
ID_2BDE591AC5,0.5
ID_DCDFC2EAC9,0.5
ID_BEBF6DD404,0.5
ID_7E88B833A4,0.5
ID_414B778514,0.5
ID_AF6C63EAA0,0.5
ID_A5551D3E7C,0.5
ID_9388006013,0.5
ID_5C8091E175,0.5
ID_AE48B17511,0.5
ID_3BDC9E56C2,0.5
ID_3E01C8A2C4,0.5
ID_3CCC9D1583,0.5
ID_9047954E7D,0.5
ID_267B132870,0.5
ID_88BED14C9D,0.5
ID_6C5C440E35,0.5
ID_6BFCF0391C,0.5
ID_6FDAE5678D,0.5
ID_32CD4D0CA5,0.5
ID_9C97B008D0,0.5
ID_C56FA44AB6,0.5
ID_5BBDE2E830,0.5
ID_C80F3ABCB0,0.5
ID_82FCAF42E3,0.5
ID_EC05C63F9F,0.5
ID_D5B49308BD,0.5
ID_CD14F68913,0.5
ID_A9B2710D00,0.5
ID_8CEFC01CDD,0.5
ID_B91FAE6B8D,0.5
ID_698EB1AB8A,0.5
ID_6EB30CE33B,0.5
ID_D610645DFC,0.5
ID_052EC6C0C5,0.5
ID_DE6A54D5C3,0.5
ID_23C4611BBE,0.5
ID_B96B79D511,0.5
ID_C9B7AF5616,0.5
ID_D6AEDF4620,0.5
ID_5A0B680B43,0.5
ID_6504EEF537,0.5
ID_ABBB8B8CA6,0.5
ID_C8EC8FB225,0.5
ID_E7AA17AC80,0.5
ID_BDE13BD0F6,0.5
ID_AD0F060CB4,0.5
ID_F6E663290A,0.5
ID_39D99B365E,0.5
ID_D416E9FEBF,0.5
ID_EFD34E861E,0.5
ID_22C317D976,0.5
ID_AFE4D26DC4,0.5
ID_35125C60C4,0.5
ID_F46DA59B72,0.5
ID_26C3DCB468,0.5
ID_8A56F33DD2,0.5
ID_F36C439B0C,0.5
ID_92B21C3BCE,0.5
ID_E3E7E64B42,0.5
ID_4637F93E9F,0.5
ID_2854840EE0,0.5
ID_316EF6ED46,0.5
ID_ADC0DA60DF,0.5
ID_31C2546F4D,0.5
ID_6A4775715E,0.5
ID_04B052EAFE,0.5
ID_93E71F2454,0.5
ID_941C1CCFEC,0.5
ID_B010F763D6,0.5
ID_0390CD84F2,0.5
ID_CF35994ECA,0.5
ID_CB131FFB40,0.5
ID_67D15AB572,0.5
ID_B156F16730,0.5
ID_B63D62F6D4,0.5
ID_66D383661F,0.5
ID_66058D6EB2,0.5
ID_638D128714,0.5
ID_BE3B32942D,0.5
ID_87B75F8107,0.5
ID_8799B3A166,0.5
ID_26185ACD76,0.5
ID_9BEE3FC6B7,0.5
ID_100147DFA9,0.5
ID_CFA5C46223,0.5
ID_45CF6118ED,0.5
ID_0CE9E77A15,0.5
ID_507F20763B,0.5
ID_883D294183,0.5
ID_C0A2307F70,0.5
ID_1AD2FC964A,0.5
ID_2C8F1257EA,0.5
ID_CFD2BA9ED2,0.5
ID_08C60DE21C,0.5
ID_1AB9CDFC52,0.5
ID_1ACBB9DF85,0.5
ID_A39228D75E,0.5
ID_371F0FC078,0.5
ID_421DB543CA,0.5
ID_371168E253,0.5
ID_30319220C2,0.5
ID_D1253BEF02,0.5
ID_6ED285081E,0.5
ID_CD7251907D,0.5
ID_91F9827714,0.5
ID_AD57EE98F2,0.5
ID_D417806814,0.5
ID_8B7EF1A2DE,0.5
ID_996AC95522,0.5
ID_4A01118B8B,0.5
ID_07428CC756,0.5
ID_F25FAAD960,0.5
ID_04F3ED5A58,0.5
ID_19B12285E4,0.5
ID_D246201CD9,0.5
ID_EE47D4D940,0.5
ID_8081BB9411,0.5
ID_767962CC98,0.5
ID_B27E290739,0.5
ID_AA91566A39,0.5
ID_8AF41D36AC,0.5
ID_57408DAA23,0.5
ID_846FC58C0A,0.5
ID_98CAE912D2,0.5
ID_49E0257950,0.5
ID_087441C71F,0.5
ID_8D9966476A,0.5
ID_70A97825B3,0.5
ID_F570359364,0.5
ID_29E22E93A6,0.5
ID_E200595A48,0.5
ID_98B59F1BB4,0.5
ID_00C64DF8CF,0.5
ID_58AF4BA445,0.5
ID_DE57C82E13,0.5
ID_D277B12834,0.5
ID_26C53CD4FE,0.5
ID_EB0F5EFAFB,0.5
ID_CFAAA60F15,0.5
ID_610C60E384,0.5
ID_FFF884ED07,0.5
ID_6E84F2C498,0.5
ID_3D5D1B79E9,0.5
ID_E2EE0B55BB,0.5
ID_A6094DDDFE,0.5
ID_44F813DD8B,0.5
ID_D8327FD337,0.5
ID_C0A747AF78,0.5
ID_B1F86AF7C0,0.5
ID_1C53303EB4,0.5
ID_C27FF056F8,0.5
ID_4A5010AE4B,0.5
ID_01E2B5D8E5,0.5
ID_560AB6BD5A,0.5
ID_E8258B0C44,0.5
ID_7A40313C36,0.5
ID_4B4A28DF0D,0.5
ID_E62C989A97,0.5
ID_48584CBA23,0.5
ID_1BAC46B90E,0.5
ID_BE76EA6767,0.5
ID_7AE3C2C71B,0.5
ID_64FFEF1CB6,0.5
ID_279DFE825D,0.5
ID_54ED69C03B,0.5
ID_1B9C637FB5,0.5
ID_C3D81C03A8,0.5
ID_0352F0B656,0.5
ID_B945BEA819,0.5
ID_2DA9CBEF12,0.5
ID_5BBBDB13F7,0.5
ID_2D4067DDCB,0.5
ID_D70FC7D0EB,0.5
ID_404B5A861E,0.5
ID_53083A8990,0.5
ID_AC7E3B23A2,0.5
ID_E7F7080342,0.5
ID_C87C464632,0.5
ID_60533DD053,0.5
ID_CC676F8FE8,0.5
ID_872D592C6D,0.5
ID_D20384C711,0.5
ID_0DB157833F,0.5
ID_D72EA537A0,0.5
ID_E4E0A47ED4,0.5
ID_7A9D5C09CA,0.5
ID_5C2A04F9C1,0.5
ID_37360457A7,0.5
ID_19CC368905,0.5
ID_F208C312C8,0.5
ID_CF08CDA9DB,0.5
ID_3DFDA52033,0.5
ID_C69245B08D,0.5
ID_EE7545915D,0.5
ID_5CF266D0B5,0.5
ID_A981C82652,0.5
ID_3CA26B7C5C,0.5
ID_5ACD751C91,0.5
ID_9F25193912,0.5
ID_D4D2C0B93F,0.5
ID_AD78CB5420,0.5
ID_60703953DE,0.5
ID_87617CAA80,0.5
ID_AF9E779E0B,0.5
ID_FC7F225401,0.5
ID_DF2E860755,0.5
ID_FA3C47F1AB,0.5
ID_D58A81E34C,0.5
ID_77179D0CD7,0.5
ID_85A62264EE,0.5
ID_AEA400BBD9,0.5
ID_645395A2AF,0.5
ID_3791830757,0.5
ID_8D94A7AE1B,0.5
ID_3CC24AFD58,0.5
ID_C8D27A4D9B,0.5
ID_7EC72CBBE1,0.5
ID_DF7AC56C08,0.5
ID_31970CEBF4,0.5
ID_63EC8C796F,0.5
ID_1E413E3F4F,0.5
ID_DBF3D7612C,0.5
ID_8D8300004C,0.5
ID_5AE83BF9AE,0.5
ID_E972ADC6BA,0.5
ID_1C2ADC1236,0.5
ID_66FFDEEEB5,0.5
ID_2A3871883C,0.5
ID_B1E119E0EF,0.5
ID_57FD90E006,0.5
ID_95751FC491,0.5
ID_E6AED7D379,0.5
ID_439B4B8EFB,0.5
ID_0304D50115,0.5
ID_5BCCDC6ED7,0.5
ID_912833B36F,0.5
ID_10BC050B1B,0.5
ID_0DA7788AB1,0.5
ID_0A8C542D88,0.5
ID_D3F0AEBE14,0.5
ID_76211D5C6A,0.5
ID_E1F3518929,0.5
ID_2DD50424C2,0.5
ID_1FB2B5DE70,0.5
ID_ADF6B14D4F,0.5
ID_CE904129AA,0.5
ID_ADF557D6B5,0.5
ID_B37EF7ECA4,0.5
ID_B0AB4EB7D5,0.5
ID_D6B1EA6E0A,0.5
ID_BD3FA6648E,0.5
ID_0B349004FA,0.5
ID_019D47F48A,0.5
ID_3BF517802F,0.5
ID_7813BAD256,0.5
ID_A9A638FE44,0.5
ID_34FD9DE723,0.5
ID_A1DAE2861A,0.5
ID_5E536CA115,0.5
ID_26F6080B6E,0.5
ID_CE3DDDDECA,0.5
ID_887061606E,0.5
ID_C86B2C533B,0.5
ID_E11E7BF678,0.5
ID_43E8EFE389,0.5
ID_BDF7AC3E58,0.5
ID_36E0B1320E,0.5
ID_DDF0489B9A,0.5
ID_6ECE30F446,0.5
ID_DEE3CBD4AA,0.5
ID_984476ABF9,0.5
ID_E63EED401C,0.5
ID_8FBF2FA64A,0.5
ID_8FC94794CE,0.5
ID_BAE9593ACE,0.5
ID_90B116A6DD,0.5
ID_EE87802125,0.5
ID_EC5CB47894,0.5
ID_2C50F334B9,0.5
ID_96DA2BAD17,0.5
ID_EDA8754534,0.5
ID_57A33AE4D5,0.5
ID_D058A84EB8,0.5
ID_F28AF0F0F5,0.5
ID_FB0EFED69B,0.5
ID_C59B0E2FD8,0.5
ID_E52BA9EB92,0.5
ID_B75F02C844,0.5
ID_0F6F906D53,0.5
ID_C22675D052,0.5
ID_892E26510C,0.5
ID_53BE8215A6,0.5
ID_AB8599A325,0.5
ID_476E3E8725,0.5
ID_EBB5B06F05,0.5
ID_B6C1CCEF9B,0.5
ID_384EC422E5,0.5
ID_D338B55720,0.5
ID_AD02866BBC,0.5
ID_1209903F8C,0.5
ID_2B00E5FB78,0.5
ID_64E6BF5692,0.5
ID_6BE64DF7D9,0.5
ID_84B9A854C0,0.5
ID_5FA63C3B27,0.5
ID_EF482B6832,0.5
ID_D901F758EC,0.5
ID_72FB9931D7,0.5
ID_B1BB5BF088,0.5
ID_D24D17B7AD,0.5
ID_1870075AF9,0.5
ID_4FEBB6E82B,0.5
ID_CCD7FEBB6D,0.5
ID_59E4873181,0.5
ID_E596BEC7A5,0.5
ID_AE23071F41,0.5
ID_8CBF0453A5,0.5
ID_07E2DF552B,0.5
ID_09343C9513,0.5
ID_E79303FD17,0.5
ID_DAC19A0970,0.5
ID_0A85D36A38,0.5
ID_B48418BF36,0.5
ID_8F82CBE0BF,0.5
ID_16ABD9397A,0.5
ID_296D3B7BB4,0.5
ID_256485905D,0.5
ID_ACBB18D9B4,0.5
ID_3715A9EE7F,0.5
ID_A05E9A08FF,0.5
ID_74502F17F3,0.5
ID_3D085B9EAC,0.5
ID_1BE76021BB,0.5
ID_D4E093BA64,0.5
ID_A9DC95A63F,0.5
ID_1ABACCAAD9,0.5
ID_E744E63270,0.5
ID_C430EF88F6,0.5
ID_79F25064A7,0.5
ID_1201D216E1,0.5
ID_F9BC722835,0.5
ID_59DD2C87FB,0.5
ID_510F5E752D,0.5
ID_0FF548A840,0.5
ID_301F11DA1C,0.5
ID_3BDD6F9F54,0.5
ID_B410CEFEFB,0.5
ID_AA6BB57628,0.5
ID_6B758B8DCF,0.5
ID_52658B378F,0.5
ID_F2B61FD38F,0.5
ID_CF1FF7D444,0.5
ID_B5185A8741,0.5
ID_02AC9626DA,0.5
ID_FD8E5FE6A8,0.5
ID_981DD55518,0.5
ID_A2DA9F3C99,0.5
ID_0893CD21F8,0.5
ID_38B256FBA3,0.5
ID_38DEE3ADD6,0.5
ID_83490FBC3E,0.5
ID_5DD7CA2ACD,0.5
ID_41C1488193,0.5
ID_5ADBC27B8E,0.5
ID_3BED911323,0.5
ID_7A073D831C,0.5
ID_7E4ECFDBAC,0.5
ID_63564B5F93,0.5
ID_FFD960060D,0.5
ID_423595B1C9,0.5
ID_F800C9B819,0.5
ID_08C550355F,0.5
ID_A3901DDA32,0.5
ID_E5E920AAA5,0.5
ID_D8FB0B0103,0.5
ID_54F9BFAA50,0.5
ID_1BA3440FED,0.5
ID_AFCDB7178C,0.5
ID_525B09AD35,0.5
ID_7BCD362634,0.5
ID_EF6FD17D40,0.5
ID_F5E66FA0FF,0.5
ID_593EED8431,0.5
ID_A994CC0616,0.5
ID_41A2564672,0.5
ID_6418552640,0.5
ID_AFFE709956,0.5
ID_255C16CE33,0.5
ID_C9A4AA2E12,0.5
ID_1B1226C9C0,0.5
ID_B754A85C27,0.5
ID_82F27C7BA9,0.5
ID_4CD899F50F,0.5
ID_678DD569DF,0.5
ID_44EB450472,0.5
ID_6E2648FB76,0.5
ID_7938F7A266,0.5
ID_8A550C67DD,0.5
ID_4B5AF9A07E,0.5
ID_DB67F30394,0.5
ID_FF1D7CAE5F,0.5
ID_29B7C4B16E,0.5
ID_DEC6092736,0.5
ID_33EBFC14DC,0.5
ID_DFBDF39B97,0.5
ID_5F02571F99,0.5
ID_0D46413719,0.5
ID_04EB741FBD,0.5
ID_607E781F1B,0.5
ID_715E0413A8,0.5
ID_9361444B82,0.5
ID_CC50B21650,0.5
ID_1B3AE4A2C5,0.5
ID_1A6578A50D,0.5
ID_73BA1F358E,0.5
ID_C9C11D0D1A,0.5
ID_1496F0EC5B,0.5
ID_C77B52F9AE,0.5
ID_3C9B24D614,0.5
ID_A9804716DE,0.5
ID_A27665F318,0.5
ID_5286C52509,0.5
ID_253C07FC72,0.5
ID_D0937EE89E,0.5
ID_63BDAA5A7E,0.5
ID_CBB8E54720,0.5
ID_AE5B0AF10F,0.5
ID_DE8FE2CC75,0.5
ID_C1834B82AE,0.5
ID_D638E75A13,0.5
ID_E60FBBF8CB,0.5
ID_9FE4D36198,0.5
ID_875441F32C,0.5
ID_2E33478AC4,0.5
ID_865A607A83,0.5
ID_B2DE00E6CC,0.5
ID_A341A61E20,0.5
ID_C2125622F0,0.5
ID_F96E4C5082,0.5
ID_2CC951470E,0.5
ID_14AA5FCEE4,0.5
ID_62C57AAAFC,0.5
ID_16B029FE79,0.5
ID_A38E196852,0.5
ID_9CAB33D3AC,0.5
ID_46C30FB4BE,0.5
ID_FADF649B56,0.5
ID_53B4AE4A1B,0.5
ID_A8778729D3,0.5
ID_53498C19A0,0.5
ID_C79EDA6FF1,0.5
ID_DB42D09E1C,0.5
ID_B72157B072,0.5
ID_D7513B13E6,0.5
ID_3CFB0618D3,0.5
ID_4FF7817CAB,0.5
ID_C7355A8709,0.5
ID_A8534CCF40,0.5
ID_26AA447562,0.5
ID_4D731E0813,0.5
ID_12BD1C4457,0.5
ID_D6B01CA824,0.5
ID_DA5B07714F,0.5
ID_FA039A00EF,0.5
ID_045E74FC20,0.5
ID_25BCBEB315,0.5
ID_B04A39AE5E,0.5
ID_057000EBC3,0.5
ID_06D584646F,0.5
ID_A13B306062,0.5
ID_F266659BC4,0.5
ID_A53E9786D0,0.5
ID_428843E469,0.5
ID_0A9E33CE8F,0.5
ID_9C3EE2F57A,0.5
ID_E760E7A5BB,0.5
ID_0059655966,0.5
ID_9BAA4C55C1,0.5
ID_783E807C39,0.5
ID_07B8FDA156,0.5
ID_C08AFD7068,0.5
ID_1B08DD5446,0.5
ID_7063322E5C,0.5
ID_A43ED26C37,0.5
ID_D989C9320D,0.5
ID_B1DF57D818,0.5
ID_2CBEFA77F4,0.5
ID_49EBF66193,0.5
ID_C9485AC0B0,0.5
ID_C8A8146125,0.5
ID_08E5460147,0.5
ID_154D113EDF,0.5
ID_CD05561CAE,0.5
ID_E0AD154E01,0.5
ID_D31EA80515,0.5
ID_27BE5F1AB9,0.5
ID_29AAF252A1,0.5
ID_911B04912D,0.5
ID_A2B5ED0ABC,0.5
ID_3EC14B1D45,0.5
ID_AACE1681C3,0.5
ID_780BA42516,0.5
ID_4C453EE791,0.5
ID_FCBE7C97EE,0.5
ID_46FABEC940,0.5
ID_A58DFB2B91,0.5
ID_C8AB768E05,0.5
ID_E7B7E0D549,0.5
ID_8356FB8F7D,0.5
ID_B0A76B83F0,0.5
ID_EFF359F561,0.5
ID_85CD8A0739,0.5
ID_E4AB102FC2,0.5
ID_1955D48AB8,0.5
ID_9B8FAFB4CF,0.5
ID_836549D6DC,0.5
ID_FCE920A1C6,0.5
ID_5BA12DEB7A,0.5
ID_5B6977A8EE,0.5
ID_6D1F1232ED,0.5
ID_0A741572BF,0.5
ID_A1936F29F3,0.5
ID_EA9E32255B,0.5
ID_65F808B793,0.5
ID_6E6ADA38B7,0.5
ID_8213CADACB,0.5
ID_0CADEB6401,0.5
ID_3FFD682F48,0.5
ID_8C259DF270,0.5
ID_12FE04639E,0.5
ID_EB630361B8,0.5
ID_115A48234B,0.5
ID_5923E44FF7,0.5
ID_1FF31D41CC,0.5
ID_A9B906EA47,0.5
ID_BA56906BEC,0.5
ID_731B9C7F43,0.5
ID_A167F9E248,0.5
ID_93F32549FF,0.5
ID_1CA08876AA,0.5
ID_1D42FE9EBF,0.5
ID_00F27C1156,0.5
ID_6C0F7ECC20,0.5
ID_55A446BE7E,0.5
ID_6568118886,0.5
ID_79C2F834D6,0.5
ID_452986BF34,0.5
ID_8A461B1EE1,0.5
ID_B994BE1C20,0.5
ID_B196615ABA,0.5
ID_CF51DBA610,0.5
ID_3CFE48DA7B,0.5
ID_72085AD3BA,0.5
ID_7F82A0C182,0.5
ID_57760F4AC6,0.5
ID_471E37A38D,0.5
ID_61D9F034B0,0.5
ID_0EDC8BABF2,0.5
ID_6FF7AD03A4,0.5
ID_D6164B679B,0.5
ID_BA4643A074,0.5
ID_A6D281F004,0.5
ID_57F574004A,0.5
ID_B51B391318,0.5
ID_116CD59A4A,0.5
ID_DBCCAD285E,0.5
ID_90CC146F09,0.5
ID_977B024424,0.5
ID_5B058765D0,0.5
ID_A41DDBDA33,0.5
ID_E7DBD9D343,0.5
ID_A710B07A0E,0.5
ID_28DE216FD2,0.5
ID_7FA3202100,0.5
ID_34E9D9BDD8,0.5
ID_B759403E4A,0.5
ID_261E0E5572,0.5
ID_56B331464A,0.5
ID_FE2333310C,0.5
ID_709D35A651,0.5
ID_C6E6483406,0.5
ID_73FF8B1CD4,0.5
ID_4DB73C6632,0.5
ID_FBE7F094CD,0.5
ID_62B455B90F,0.5
ID_6470E242E5,0.5
ID_35ACE5C173,0.5
ID_BE841FF3D9,0.5
ID_7EF16F6288,0.5
ID_9E4E545256,0.5
ID_AC4444F0FD,0.5
ID_073FBE7B05,0.5
ID_D9474C4054,0.5
ID_2200B3FD75,0.5
ID_06FF1F5E25,0.5
ID_A6568D86DD,0.5
ID_9E07347E2A,0.5
ID_AD5E9BE09E,0.5
ID_E06992D996,0.5
ID_D355D92E6A,0.5
ID_8EEEF67028,0.5
ID_4CCC0795C8,0.5
ID_45569C4767,0.5
ID_3D457A2B12,0.5
ID_E0709B94DD,0.5
ID_4A69881870,0.5
ID_D09EA83855,0.5
ID_39B56BF51C,0.5
ID_AF1F7713F4,0.5
ID_BD02C49360,0.5
ID_FC7A9F9D51,0.5
ID_3564C4CD73,0.5
ID_B946F5D457,0.5
ID_0086EF9E85,0.5
ID_9A75DB0606,0.5
ID_6278828896,0.5
ID_50E46380DF,0.5
ID_FA55B0E2D9,0.5
ID_8F522D20E8,0.5
ID_577146722E,0.5
ID_BB04C4D079,0.5
ID_E7A4D33CFD,0.5
ID_CD7151FD48,0.5
ID_7CD37891A0,0.5
ID_0CB474AA34,0.5
ID_C51D94E54C,0.5
ID_CBF54BFD61,0.5
ID_4BB4197E32,0.5
ID_EAD9413F05,0.5
ID_9B698A62FE,0.5
ID_6908146649,0.5
ID_EC99FAF5C0,0.5
ID_E7FF523774,0.5
ID_2AB3EC931C,0.5
ID_231780B7E7,0.5
ID_95AFEBEB09,0.5
ID_72B7E99DEA,0.5
ID_1AB4032AEF,0.5
ID_544385FE0A,0.5
ID_57CD8FB0D7,0.5
ID_1172470C34,0.5
ID_144F7FA144,0.5
ID_0F6AAF35C9,0.5
ID_7911918512,0.5
ID_11417C4EB5,0.5
ID_9824C22A72,0.5
ID_8BA0D39D64,0.5
ID_19E0C1215A,0.5
ID_3A8C2F17E6,0.5
ID_F9FA9B61DC,0.5
ID_1450349E22,0.5
ID_F992AFFCA4,0.5
ID_952D177298,0.5
ID_47012AAE35,0.5
ID_FBDD445734,0.5
ID_13D8D739DD,0.5
ID_86CC6FD231,0.5
ID_3FDBA31187,0.5
ID_820251024A,0.5
ID_C4C7B031FA,0.5
ID_9E69E78BD2,0.5
ID_E7BBCEBEAA,0.5
ID_8949E584F0,0.5
ID_08FB66A3E8,0.5
ID_22C5B6F14F,0.5
ID_9B40FBA919,0.5
ID_FFAA61543B,0.5
ID_10E05A1739,0.5
ID_D5AAE5DBCD,0.5
ID_2727895F37,0.5
ID_38D380AE54,0.5
ID_68CD2A7E28,0.5
ID_BCD127C4DB,0.5
ID_A7694D733B,0.5
ID_FBF9ED324F,0.5
ID_F0A8B17D82,0.5
ID_19C761B088,0.5
ID_56808B3C7A,0.5
ID_7FC906224F,0.5
ID_B35838A8A5,0.5
ID_2A94F35AF3,0.5
ID_9764E529CF,0.5
ID_6C3B4573AA,0.5
ID_CEC5CC4695,0.5
ID_62F3FDF636,0.5
ID_8E35FF4034,0.5
ID_5DBFCA4EBB,0.5
ID_E776C3ABA3,0.5
ID_EDF224D9F0,0.5
ID_87A35C855A,0.5
ID_5803517615,0.5
ID_0F670DCB4D,0.5
ID_6668D15960,0.5
ID_7302BB9E4C,0.5
ID_62A48E0013,0.5
ID_9013FD5A4D,0.5
ID_29F967DFB6,0.5
ID_0FA29F39EA,0.5
ID_AF6B8A7C55,0.5
ID_80A72A77F2,0.5
ID_8E03C17187,0.5
ID_E27F2BF143,0.5
ID_2285CC0760,0.5
ID_5EC41CA6C2,0.5
ID_540BCEA59E,0.5
ID_3F2E277C18,0.5
ID_23E79A38EB,0.5
ID_27F3D377C1,0.5
ID_4AE76CBAD2,0.5
ID_5970276945,0.5
ID_654D6CDC37,0.5
ID_209D2DA52B,0.5
ID_08209E7635,0.5
ID_2FB99FD68A,0.5
ID_03D8BC3775,0.5
ID_55A571FA90,0.5
ID_A034DBC5C9,0.5
ID_70E05D743A,0.5
ID_72F8D78DB7,0.5
ID_C245EB3967,0.5
ID_17B6AAE7FF,0.5
ID_8A01DC74F4,0.5
ID_5136F04712,0.5
ID_83E4D2D767,0.5
ID_17BEEF6193,0.5
ID_9DE16813B0,0.5
ID_0F43CFB12E,0.5
ID_153148F885,0.5
ID_88915F9084,0.5
ID_5F41D290E1,0.5
ID_84E19E386B,0.5
ID_12D90BE034,0.5
ID_3F96C8C5E3,0.5
ID_4E57874CE2,0.5
ID_ED132C1A99,0.5
ID_AB46DC9EB0,0.5
ID_D64C846AAD,0.5
ID_69BF2BD178,0.5
ID_AF47FD25E2,0.5
ID_60179E8CE8,0.5
ID_2A33ECCF7F,0.5
ID_510F6067C4,0.5
ID_7FF9C7EE95,0.5
ID_212BBA1EDC,0.5
ID_A98A051B39,0.5
ID_172ACC1967,0.5
ID_D315A2629A,0.5
ID_591B17D5EB,0.5
ID_1F39539569,0.5
ID_6D536E0676,0.5
ID_E8EC9F132B,0.5
ID_11CE74CE71,0.5
ID_C1F170FD3E,0.5
ID_D778133312,0.5
ID_A73DE69329,0.5
ID_6ABC35D3D6,0.5
ID_F8E3550B30,0.5
ID_5793F6AA01,0.5
ID_F39DF8C7B6,0.5
ID_0481DFDB50,0.5
ID_8C73D6944F,0.5
ID_14B474ACC3,0.5
ID_8759092D0F,0.5
ID_7BFF5FCF66,0.5
ID_80D25BB6BB,0.5
ID_513AADF008,0.5
ID_7A8E5C73BA,0.5
ID_5A42D900E1,0.5
ID_889041520B,0.5
ID_0518649387,0.5
ID_216C8EA119,0.5
ID_14DC7D7455,0.5
ID_C349CC2833,0.5
ID_CD17D6478A,0.5
ID_581D8BFEFB,0.5
ID_C9B859714B,0.5
ID_FE5B8B314B,0.5
ID_F1F38AC3AF,0.5
ID_C14B9E1ED7,0.5
ID_B509E7DE37,0.5
ID_9EA1C1F3D7,0.5
ID_180074DB73,0.5
ID_35CC1D7967,0.5
ID_FDD0E47153,0.5
ID_87FA7278B0,0.5
ID_17BA5FEF99,0.5
ID_6867FDF9C1,0.5
ID_1F00EBE62F,0.5
ID_06799296D7,0.5
ID_ED7AB65818,0.5
ID_A47B6AB2A7,0.5
ID_9BA0AC8A3D,0.5
ID_C198232667,0.5
ID_C75C19BD3D,0.5
ID_02A03C591A,0.5
ID_7B70D75127,0.5
ID_3E2DC62D30,0.5
ID_E18E7D212A,0.5
ID_276473D963,0.5
ID_C913DF4F8F,0.5
ID_7E2E408E1F,0.5
ID_8237BDA633,0.5
ID_7439EEE1CE,0.5
ID_E9808AA9A8,0.5
ID_38DB14C21C,0.5
ID_8058E2D39F,0.5
ID_185C3624ED,0.5
ID_AA3691FE37,0.5
ID_F0764AF4FC,0.5
ID_320C957A89,0.5
ID_EA2F004057,0.5
ID_F9EB730417,0.5
ID_12236D30DE,0.5
ID_9112002F6D,0.5
ID_B56919E465,0.5
ID_075303E6C5,0.5
ID_F9C10AFED5,0.5
ID_D81B7301BE,0.5
ID_50D9450EC9,0.5
ID_D3B3421497,0.5
ID_96145299FD,0.5
ID_9723EB113A,0.5
ID_90DCF1F958,0.5
ID_26B07257A7,0.5
ID_28164B535A,0.5
ID_E0E5E5FA23,0.5
ID_823FB00448,0.5
ID_FEC9C69B27,0.5
ID_582BF99C3D,0.5
ID_B607B8A1FE,0.5
ID_F2FBE7F4CD,0.5
ID_BE43255F40,0.5
ID_35EDF3E8F9,0.5
ID_62F58CB4E6,0.5
ID_F7AB219396,0.5
ID_851AEB722E,0.5
ID_906B8FE743,0.5
ID_7B0391C49A,0.5
ID_6160E32C3C,0.5
ID_0CCC43445D,0.5
ID_76299E46E0,0.5
ID_FC0FD5040F,0.5
ID_587C343F33,0.5
ID_3EA45C2A4B,0.5
ID_8538249A8C,0.5
ID_7FB26DF3E9,0.5
ID_18665E9436,0.5
ID_59CE9C0EE7,0.5
ID_F77AA59851,0.5
ID_44AFC6DDDB,0.5
ID_83068E6E32,0.5
ID_9C58565B62,0.5
ID_95EEAB07A6,0.5
ID_61C9696174,0.5
ID_E25F4BF446,0.5
ID_BF88654E76,0.5
ID_C22F3A4660,0.5
ID_A510BE548C,0.5
ID_613A65C478,0.5
ID_8966442333,0.5
ID_B73AC36FD0,0.5
ID_5F147A719A,0.5
ID_01EE613D6F,0.5
ID_C1B76496D0,0.5
ID_A1B6F6540B,0.5
ID_7405AF3727,0.5
ID_DFB84F13CB,0.5
ID_F612D5B67A,0.5
ID_3A09BE8ECD,0.5
ID_9D54035FE5,0.5
ID_5AAC190C4F,0.5
ID_7E39196880,0.5
ID_8F241A320F,0.5
ID_A3DD58E279,0.5
ID_CB287B4788,0.5
ID_A8E4808115,0.5
ID_378E26452D,0.5
ID_3BF68DEEC5,0.5
ID_6E5B643610,0.5
ID_B3187BB5D9,0.5
ID_9E5E9D5EC9,0.5
ID_718BAE8F97,0.5
ID_327B120CF1,0.5
ID_C4E075E279,0.5
ID_B98F3FFBF3,0.5
ID_1F24A5CB5C,0.5
ID_256AAE50F8,0.5
ID_AAFC62D362,0.5
ID_647ADA969C,0.5
ID_7AF4023F86,0.5
ID_496670D266,0.5
ID_B7B1FD966B,0.5
ID_7A2A396841,0.5
ID_935E9EDC75,0.5
ID_AEE720F0BD,0.5
ID_678ACC0C76,0.5
ID_87C4298A44,0.5
ID_714A6D1D66,0.5
ID_E5600C268E,0.5
ID_05430054B2,0.5
ID_A59780A28D,0.5
ID_25A1ECE38B,0.5
ID_A9024192DF,0.5
ID_CE20BFEDA3,0.5
ID_14958D8639,0.5
ID_19BB6AEE89,0.5
ID_FF421E3783,0.5
ID_B181CD48D4,0.5
ID_46971671DB,0.5
ID_947E24F58D,0.5
ID_B72D8F5BC6,0.5
ID_652BDB48F7,0.5
ID_F89795A594,0.5
ID_B684F5063E,0.5
ID_2A451E8D63,0.5
ID_9E631437D2,0.5
ID_454C77B634,0.5
ID_5F34AAFFEA,0.5
ID_BF26CC60A3,0.5
ID_29497B8381,0.5
ID_678A63E146,0.5
ID_BD0221E1CF,0.5
ID_0552ED96D6,0.5
ID_3A8BF0C159,0.5
ID_C105093555,0.5
ID_8EA6E64530,0.5
ID_E91FEBDA3F,0.5
ID_E8C50C7EA4,0.5
ID_5CE93590E7,0.5
ID_8D937083BC,0.5
ID_008304EA2D,0.5
ID_DC1A1B5C61,0.5
ID_48A982E4EF,0.5
ID_156670CCA3,0.5
ID_7B45A0F3B2,0.5
ID_6D638BCDE1,0.5
ID_5647E9647F,0.5
ID_B1FDF2A071,0.5
ID_2C459CD53C,0.5
ID_5675A352BA,0.5
ID_4DDECB3566,0.5
ID_5AAC4CD652,0.5
ID_1A9F3F09F0,0.5
ID_7DBA24D072,0.5
ID_F524A4BFCC,0.5
ID_43A84EAFA4,0.5
ID_CE6A62610E,0.5
ID_1F137AA1AB,0.5
ID_C4384E58D3,0.5
ID_9336872473,0.5
ID_386AB7D6BD,0.5
ID_33B2ED0546,0.5
ID_5DC7B41AB5,0.5
ID_4C26560C10,0.5
ID_1F2CEA706F,0.5
ID_3BCDE19F53,0.5
ID_CFEFE691E2,0.5
ID_49D4020527,0.5
ID_04BCE4CB5F,0.5
ID_7E136FE5A3,0.5
ID_5C53F6AD2C,0.5
ID_65AB9F8EC3,0.5
ID_23BBE145C2,0.5
ID_AA07CD2488,0.5
ID_15ABCD76AD,0.5
ID_C0D0DACE65,0.5
ID_A48486BD52,0.5
ID_DF5B0599BE,0.5
ID_A926591FF0,0.5
ID_E2F059D8D4,0.5
ID_F975929934,0.5
ID_2C88B4A749,0.5
ID_110608F582,0.5
ID_5C2CDF95A8,0.5
ID_46834C7DD5,0.5
ID_FEACBD0A42,0.5
ID_2CCE2473F9,0.5
ID_3A3266304B,0.5
ID_15174F6078,0.5
ID_D1F2D8C2ED,0.5
ID_B7775702B9,0.5
ID_799B0320D2,0.5
ID_CC787B9CE6,0.5
ID_1948D9FE3B,0.5
ID_A134BA88D7,0.5
ID_F17CBF4403,0.5
ID_0A76FA030A,0.5
ID_6E142F77DA,0.5
ID_9ECBE18D77,0.5
ID_264AD72BA8,0.5
ID_9B05CCC566,0.5
ID_0201E8C92F,0.5
ID_D6C6600BBF,0.5
ID_D89AF51D6E,0.5
ID_B750404219,0.5
ID_5936576CA6,0.5
ID_998259C5B5,0.5
ID_EC1532CB30,0.5
ID_56E19F44CD,0.5
ID_CF16C9FA1C,0.5
ID_32932630F6,0.5
ID_CA443537AB,0.5
ID_0B735C1947,0.5
ID_2CF185E178,0.5
ID_290DE09A30,0.5
ID_CFD9E27FCB,0.5
ID_E1CBA4C2FB,0.5
ID_E113EE6C24,0.5
ID_FA8B3F1475,0.5
ID_775304956A,0.5
ID_B8BEE77A3B,0.5
ID_7EB5313185,0.5
ID_DB249091C5,0.5
ID_1EF196EB20,0.5
ID_9A089F2633,0.5
ID_02A161B882,0.5
ID_6346C636B5,0.5
ID_E40140C6E4,0.5
ID_7666727FC8,0.5
ID_0230938A51,0.5
ID_975E51674B,0.5
ID_3D130CB394,0.5
ID_3E5F069BC0,0.5
ID_68530C0067,0.5
ID_7A38BDD9DD,0.5
ID_FD48B5FFC8,0.5
ID_71E561F3BC,0.5
ID_6FDC449F6D,0.5
ID_8E4816B1F3,0.5
ID_A2B395823E,0.5
ID_1E4B2568A4,0.5
ID_618C8BAFE3,0.5
ID_C45A8462B4,0.5
ID_158E1AEAF8,0.5
ID_62A4BDD2A8,0.5
ID_9E6A9F7F24,0.5
ID_5B22A65CF3,0.5
ID_990F870C80,0.5
ID_D01535E8ED,0.5
ID_71773F98CF,0.5
ID_3D4C2D79D1,0.5
ID_6C9A17DA91,0.5
ID_4141D79DBA,0.5
ID_32E37713F0,0.5
ID_1131A67898,0.5
ID_3FA8C3B126,0.5
ID_4734455CD8,0.5
ID_195A2FBD27,0.5
ID_31914D057F,0.5
ID_014418E0A2,0.5
ID_E95AD85CB1,0.5
ID_DCB101BCA7,0.5
ID_1E435AA2D0,0.5
ID_C578A284D1,0.5
ID_E2C2B4D44A,0.5
ID_B77FDA483B,0.5
ID_E4AC29BF1D,0.5
ID_745EAE990E,0.5
ID_8DC2AAF8DF,0.5
ID_94780D4BCA,0.5
ID_463D6BA80A,0.5
ID_BA1800220B,0.5
ID_083339CBDE,0.5
ID_94968C5087,0.5
ID_1E60E0EAE0,0.5
ID_A56B1385B8,0.5
ID_9086369AD6,0.5
ID_A4EB3B6CCC,0.5
ID_66C880D78D,0.5
ID_1C5BD50815,0.5
ID_8247ECCD2B,0.5
ID_FF50B1ECDC,0.5
ID_BAA2928D67,0.5
ID_A015DEF485,0.5
ID_75BA0EE7AD,0.5
ID_5E834BBAEB,0.5
ID_0D815E0CF1,0.5
ID_08077057D4,0.5
ID_8E985752FB,0.5
ID_C121716CA1,0.5
ID_D242ED01E0,0.5
ID_E7C4323508,0.5
ID_59CF1414A8,0.5
ID_C96919238B,0.5
ID_AFEE051E23,0.5
ID_B7D81BA360,0.5
ID_F1DD4B2884,0.5
ID_2CFBE68785,0.5
ID_9CADC243B5,0.5
ID_27339F1B21,0.5
ID_AA14637C90,0.5
ID_8719497113,0.5
ID_C580B954F2,0.5
ID_BAF64C0525,0.5
ID_1F27DAEB3A,0.5
ID_EB8AF7426E,0.5
ID_7C86283084,0.5
ID_44AFC8AA6B,0.5
ID_73BFE74FE9,0.5
ID_BA6D105883,0.5
ID_609C402A77,0.5
ID_70A2CB33F7,0.5
ID_8889D90075,0.5
ID_C2388AE194,0.5
ID_FFC387300C,0.5
ID_0FBBA08109,0.5
ID_5986868FE1,0.5
ID_21BD9414CF,0.5
ID_4AC86E4904,0.5
ID_37C4D51E67,0.5
ID_64EFD8E0B9,0.5
ID_EFEECA18F4,0.5
ID_83E5A65443,0.5
ID_2C9748797B,0.5
ID_8665BBDFF4,0.5
ID_EB1BECDB59,0.5
ID_452A88DB3C,0.5
ID_5F0EC44C8E,0.5
ID_B22C3C02CE,0.5
ID_1396119916,0.5
ID_8A951FF732,0.5
ID_BCE01B08C5,0.5
ID_114825D9F3,0.5
ID_07C748FFF2,0.5
ID_AB25028B46,0.5
ID_376C7ADCEF,0.5
ID_5BFDDD32A5,0.5
ID_3F0EA81C75,0.5
ID_EFE33D1663,0.5
ID_534F236895,0.5
ID_6F58ED0EDE,0.5
ID_F008EFF18A,0.5
ID_B2A7953B93,0.5
ID_1E29A40815,0.5
ID_5348F45331,0.5
ID_A6173BDC19,0.5
ID_AB0F6AF3AB,0.5
ID_7FB1FED8AA,0.5
ID_661EF97FAB,0.5
ID_B7FE25F8E7,0.5
ID_160D876E03,0.5
ID_19933DB6A2,0.5
ID_7CE0315175,0.5
ID_C3BE91C777,0.5
ID_C3C779EE3B,0.5
ID_A3DE19C0BE,0.5
ID_599CC9A9F8,0.5
ID_7E26994DEF,0.5
ID_BF664FF427,0.5
ID_641711F71A,0.5
ID_A4FBE7F835,0.5
ID_9DB2DFE700,0.5
ID_252437C4FE,0.5
ID_5E0D8B5697,0.5
ID_E6598198AA,0.5
ID_8B39AF19C5,0.5
ID_3ECCB76F06,0.5
ID_20EC9DD96C,0.5
ID_2403887ED4,0.5
ID_9E1B2B635D,0.5
ID_AAFDA6CD6B,0.5
ID_AC6AAB3DC7,0.5
ID_10ED35B6C4,0.5
ID_93D7ABE8A3,0.5
ID_951D7ECC02,0.5
ID_B295C9BA59,0.5
ID_5977AF3D58,0.5
ID_0079DEE10F,0.5
ID_85421E396A,0.5
ID_E5C727F23B,0.5
ID_238BA66359,0.5
ID_6A8737C2D4,0.5
ID_4580D6472C,0.5
ID_48730A72D3,0.5
ID_2A8899B2BD,0.5
ID_F39C7FFD48,0.5
ID_EFEF0E19BA,0.5
ID_0101B1AA97,0.5
ID_287E70EE66,0.5
ID_7AA4B81826,0.5
ID_900CC922E3,0.5
ID_0DABD55EC4,0.5
ID_8381420D8B,0.5
ID_F9056C7064,0.5
ID_631970E2C1,0.5
ID_9D1B776542,0.5
ID_4DF9CCD039,0.5
ID_239A4BD35B,0.5
ID_1F30201BD6,0.5
ID_E7600848B2,0.5
ID_13FF2E6056,0.5
ID_CC0A92211D,0.5
ID_83A2E8997D,0.5
ID_833DB26C43,0.5
ID_79AC965697,0.5
ID_6DDBD1ADC2,0.5
ID_B213179E06,0.5
ID_94406100AC,0.5
ID_DC811CF51E,0.5
ID_D14EC024EC,0.5
ID_C17BBA612C,0.5
ID_EBC12F125A,0.5
ID_6E1D54E14C,0.5
ID_028BA380F2,0.5
ID_127828EE5A,0.5
ID_249EE2C868,0.5
ID_5A233A83D7,0.5
ID_1449E47218,0.5
ID_1F77A9C90E,0.5
ID_E822198B63,0.5
ID_E17BBD18D9,0.5
ID_80CBB5AE53,0.5
ID_2CF00EBA7F,0.5
ID_ECB4FFEEC9,0.5
ID_B576C26580,0.5
ID_034CF60D5A,0.5
ID_9B56FDC2D1,0.5
ID_992DD71520,0.5
ID_AEF582664D,0.5
ID_8305446FF5,0.5
ID_9CBBEDC1B1,0.5
ID_A39721C7B3,0.5
ID_814BCD3E27,0.5
ID_3AC72FB401,0.5
ID_44AB64201E,0.5
ID_4D6E260349,0.5
ID_2FA7DCFFC6,0.5
ID_32FAA71DDA,0.5
ID_66AE350B6B,0.5
ID_C324CF81F0,0.5
ID_F8B16DFB2D,0.5
ID_72823077A8,0.5
ID_68B227B9F9,0.5
ID_DE279A639D,0.5
ID_A655389F89,0.5
ID_A8A369B388,0.5
ID_C2A987BC85,0.5
ID_E097A17CE3,0.5
ID_BBD4D89267,0.5
ID_E4045FFE7F,0.5
ID_D1946EDE50,0.5
ID_F45055B8AD,0.5
ID_24F2B6E983,0.5
ID_B7EB80CF4A,0.5
ID_A729AD9DB0,0.5
ID_42CB0BEB4D,0.5
ID_C8D92FBB7D,0.5
ID_44DEE6D54F,0.5
ID_3816593427,0.5
ID_61C434BBF9,0.5
ID_4C99DA9758,0.5
ID_9310955051,0.5
ID_874AD1E03E,0.5
ID_7F25EA069E,0.5
ID_50444EE68B,0.5
ID_B790E7E4B3,0.5
ID_49BF1D1282,0.5
ID_A96DD98DEB,0.5
ID_924ACBB077,0.5
ID_41C92C2DF4,0.5
ID_D778B63D72,0.5
ID_104ADC73C7,0.5
ID_42A9F410E7,0.5
ID_73D6C34B60,0.5
ID_A40EFD47B3,0.5
ID_B13A2FCA3F,0.5
ID_1C9C8F8517,0.5
ID_2B9EDD6E7A,0.5
ID_102B7CE72B,0.5
ID_4FDF7D7CCA,0.5
ID_69BAF0070B,0.5
ID_4E00A56933,0.5
ID_E0EB0EB82D,0.5
ID_36A3A46E8F,0.5
ID_2717716C13,0.5
ID_F12F26E104,0.5
ID_D969EB4A9E,0.5
ID_6F98888787,0.5
ID_AFCB42DF57,0.5
ID_9CC5F1A99E,0.5
ID_CF491102BA,0.5
ID_AA7EA39696,0.5
ID_AD89A0BE4E,0.5
ID_A34E135316,0.5
ID_AE7473669C,0.5
ID_2E70B19DE6,0.5
ID_398D6B8592,0.5
ID_6C41A2F318,0.5
ID_5DF71E6357,0.5
ID_A7D4B3AB7C,0.5
ID_8DAA97E3B4,0.5
ID_0E8C25DD26,0.5
ID_AC8556BB7D,0.5
ID_5146C6A64E,0.5
ID_625D572CEC,0.5
ID_D030F71042,0.5
ID_D451C436AB,0.5
ID_9C71778772,0.5
ID_A763CCF491,0.5
ID_7BD562497D,0.5
ID_7B794BBBAB,0.5
ID_B0CAE503FF,0.5
ID_147C91263A,0.5
ID_47964D276E,0.5
ID_8019FFE12D,0.5
ID_D49A21E110,0.5
ID_E97A560BCB,0.5
ID_DAD3C2E953,0.5
ID_33B16D5AA9,0.5
ID_3FE56070C1,0.5
ID_FE7EA88F07,0.5
ID_585CDA1703,0.5
ID_76CF95A604,0.5
ID_5D9F3D9CBF,0.5
ID_C7ECEC1C4B,0.5
ID_3B9E5437E8,0.5
ID_6A854FF917,0.5
ID_2B096A7C81,0.5
ID_F80D2F1C26,0.5
ID_358A9BE268,0.5
ID_1B6DA2EB03,0.5
ID_BC9F7016E6,0.5
ID_89BA45C6B5,0.5
ID_445F5B40D8,0.5
ID_30FC965CE1,0.5
ID_99206A7892,0.5
ID_C05C53AFB4,0.5
ID_2386D76616,0.5
ID_4FCBC27DA7,0.5
ID_B354CC6D08,0.5
ID_9460A8BA53,0.5
ID_AEB2714A31,0.5
ID_8F0C07E94A,0.5
ID_6A75F54AAC,0.5
ID_104EAA7935,0.5
ID_78005C2EF4,0.5
ID_59792B30D8,0.5
ID_B72CE13B28,0.5
ID_AFFE47B4B2,0.5
ID_3146DCF64E,0.5
ID_D8396CB5FF,0.5
ID_E41FE922BB,0.5
ID_E13DC90DD8,0.5
ID_9E1AB0D3E8,0.5
ID_1BBD20ADAE,0.5
ID_CC930D5433,0.5
ID_4C471380BE,0.5
ID_1C9ADB5BDC,0.5
ID_B63C0E5879,0.5
ID_10FE32DD83,0.5
ID_C1858DD01B,0.5
ID_7E5CA770EF,0.5
ID_4779E8E3D8,0.5
ID_B6CC2B157B,0.5
ID_2EB5F485AE,0.5
ID_B42BE7294F,0.5
ID_221EA9AD96,0.5
ID_0AA76CF102,0.5
ID_4AF3581A05,0.5
ID_2E284301C6,0.5
ID_A51A359D2B,0.5
ID_B587C1C43B,0.5
ID_8046FD12DB,0.5
ID_B3DF2E2C48,0.5
ID_03DE43F61D,0.5
ID_54D8D3E946,0.5
ID_7D52C1BF24,0.5
ID_219ADD5C44,0.5
ID_3B9D9037E6,0.5
ID_80CE6A2347,0.5
ID_881BFA2736,0.5
ID_DB91A376E9,0.5
ID_BCC5567DBA,0.5
ID_AC050A0897,0.5
ID_3205FAF180,0.5
ID_2CCFE309B5,0.5
ID_EF73E073B0,0.5
ID_E0F755405C,0.5
ID_129F0F714A,0.5
ID_D92871D08A,0.5
ID_BC53A82D7A,0.5
ID_61533C67B6,0.5
ID_0FF626A33C,0.5
ID_5B38012434,0.5
ID_1F13A6B339,0.5
ID_2C36F5587A,0.5
ID_01FD0F041F,0.5
ID_A3F6A1B60E,0.5
ID_33BD3FF3F1,0.5
ID_9C158B844B,0.5
ID_2E6986C3FC,0.5
ID_126008E2A4,0.5
ID_B4941683E2,0.5
ID_64B0BFF393,0.5
ID_5D7709C279,0.5
ID_E7A5B97F8C,0.5
ID_C8C6442255,0.5
ID_5868EC0695,0.5
ID_DDCBD13BBB,0.5
ID_288AB435D6,0.5
ID_74BDFF014E,0.5
ID_DF2BEF90AA,0.5
ID_ACECA66E6F,0.5
ID_6855179A7F,0.5
ID_38887C2248,0.5
ID_E4FF1F6DEC,0.5
ID_6829D1C78F,0.5
ID_955095EA79,0.5
ID_6C13FB6684,0.5
ID_4F76CB4A03,0.5
ID_67699B7BEF,0.5
ID_4BCE0F3B6C,0.5
ID_8ECFB670BA,0.5
ID_714DCE92CB,0.5
ID_7D02C94953,0.5
ID_884E97BCD5,0.5
ID_434E9D8CFA,0.5
ID_498D26D53B,0.5
ID_07E19F4C53,0.5
ID_94A6B1AF4C,0.5
ID_2B2AD060FD,0.5
ID_5EEC3854BC,0.5
ID_5AFE9DBF2E,0.5
ID_3841110310,0.5
ID_4D5D762AFC,0.5
ID_CA98858659,0.5
ID_7E564A3B86,0.5
ID_1EF4538B9B,0.5
ID_2FFA39F99B,0.5
ID_495AA81109,0.5
ID_4FCE8710B3,0.5
ID_9B84ECECA0,0.5
ID_EA72CBEBF7,0.5
ID_6C08742783,0.5
ID_D7E7C1DC5B,0.5
ID_CB4DEEE13E,0.5
ID_FA4C840F50,0.5
ID_A981D48BF6,0.5
ID_0032DD55D3,0.5
ID_0ED14034D4,0.5
ID_37D57E097F,0.5
ID_01344E6A8D,0.5
ID_D97DA6CAAF,0.5
ID_F6D6D3770D,0.5
ID_15E9DECF15,0.5
ID_D96278FE70,0.5
ID_8F39BE9AE6,0.5
ID_4BD64E1BDF,0.5
ID_A0D3A1FE3E,0.5
ID_4DC3DBCA91,0.5
ID_A0C8D4C09F,0.5
ID_4D9CA042B5,0.5
ID_37F24DC060,0.5
ID_31322E5B53,0.5
ID_5C25E92B4F,0.5
ID_C8BDE9BE0E,0.5
ID_403A1DB727,0.5
ID_3F06EFB315,0.5
ID_913DCD651E,0.5
ID_09F82964CB,0.5
ID_BF3E27CD74,0.5
ID_66D04AA895,0.5
ID_C01CBF9CB0,0.5
ID_7AD41C9FD9,0.5
ID_6C88D94C2F,0.5
ID_365C7BB13B,0.5
ID_B2FC461055,0.5
ID_446C6DBB5E,0.5
ID_8823AAE236,0.5
ID_232C08B962,0.5
ID_94F2568133,0.5
ID_ADCCD27805,0.5
ID_AB0D8053F9,0.5
ID_7482E4DB83,0.5
ID_658FE2C1AA,0.5
ID_DC942556C7,0.5
ID_97938F8F13,0.5
ID_6F49A9C3A7,0.5
ID_E5DB23C44A,0.5
ID_4042C0E27A,0.5
ID_6117A4BF0F,0.5
ID_930CA361D3,0.5
ID_B585002169,0.5
ID_6CA31F7FD9,0.5
ID_2866E2F966,0.5
ID_CD3548F6DA,0.5
ID_EB2876DA3E,0.5
ID_09CA462220,0.5
ID_2FB5684834,0.5
ID_69007C6CFF,0.5
ID_CBB2E0039A,0.5
ID_C9E0CCB69F,0.5
ID_9418A907A0,0.5
ID_B79563AC20,0.5
ID_55A01CAE37,0.5
ID_E317A2183A,0.5
ID_4F06EB6176,0.5
ID_389826174F,0.5
ID_FC306D4193,0.5
ID_6C1FC91A4D,0.5
ID_74BCF2FF6D,0.5
ID_AEA6792159,0.5
ID_8128AD86B3,0.5
ID_DEC7C9022A,0.5
ID_1AB9E7E9D8,0.5
ID_C8D9764151,0.5
ID_9EF93210B6,0.5
ID_F6C42FD435,0.5
ID_69A771E906,0.5
ID_8DABBE5AF8,0.5
ID_163A50083C,0.5
ID_4A3D672A24,0.5
ID_20E1E4245B,0.5
ID_69F6C45658,0.5
ID_7CB8900691,0.5
ID_381900BFC5,0.5
ID_98C5F4205C,0.5
ID_FDA2B0000F,0.5
ID_78C86B5937,0.5
ID_6FF233D732,0.5
ID_3750C7C0A0,0.5
ID_830E16C10C,0.5
ID_CF087E0808,0.5
ID_0B1C59C07E,0.5
ID_AA8F0AF174,0.5
ID_89B9B12684,0.5
ID_E0B62FA4B7,0.5
ID_1EF5BCE2A2,0.5
ID_D2E9F2DEBB,0.5
ID_E0836C164A,0.5
ID_DED3D9B680,0.5
ID_A15B5B86F7,0.5
ID_8DF53C552C,0.5
ID_4830C59206,0.5
ID_F05F549533,0.5
ID_49E74CF23D,0.5
ID_AB23EA3B94,0.5
ID_1F1DF338B6,0.5
ID_CBD81B7361,0.5
ID_F8C590B57C,0.5
ID_02D745F47F,0.5
ID_192F73ED8D,0.5
ID_619DDADC20,0.5
ID_D45A3E89BD,0.5
ID_45D8B3E57A,0.5
ID_89F58E9A2C,0.5
ID_FC4D39DE08,0.5
ID_FA79036956,0.5
ID_5FC977E0EC,0.5
ID_3C89F5C2CD,0.5
ID_1EB21E4B3D,0.5
ID_11FCBEAB7B,0.5
ID_53C92816B8,0.5
ID_2770318358,0.5
ID_A90D896357,0.5
ID_AAEBD0526E,0.5
ID_CEFFC39A7D,0.5
ID_AB1AE58AC6,0.5
ID_F715BA0915,0.5
ID_071EA723D5,0.5
ID_6E63E0FEE7,0.5
ID_FA2B05703E,0.5
ID_A24CB15A48,0.5
ID_E2B971604A,0.5
ID_2F3B4B3447,0.5
ID_84535ADA67,0.5
ID_74BCB5FBC9,0.5
ID_022BB27432,0.5
ID_32C01F6350,0.5
ID_A5E29F9462,0.5
ID_3E669A748F,0.5
ID_CDA0746E9F,0.5
ID_1CFFB12384,0.5
ID_5A89DFF49B,0.5
ID_EEC57E41CF,0.5
ID_BE3C8E276B,0.5
ID_FDEA6FCF28,0.5
ID_3487D98019,0.5
ID_EBA4E42900,0.5
ID_841E351F3F,0.5
ID_F90D58CAEC,0.5
ID_2F546042A3,0.5
ID_33D299B1D4,0.5
ID_481B036ABD,0.5
ID_DDDFD03272,0.5
ID_EB4259AEBA,0.5
ID_82885EC313,0.5
ID_05CFF5393A,0.5
ID_93FAD7807F,0.5
ID_09795E416F,0.5
ID_6D0C319E4E,0.5
ID_3135408E0F,0.5
ID_200B15291C,0.5
ID_5849C2C90A,0.5
ID_B27225F357,0.5
ID_ECD6D9109F,0.5
ID_E217740C82,0.5
ID_EEFE4A7535,0.5
ID_65F3C3EF5E,0.5
ID_1EAD7FEC49,0.5
ID_687F9E06EC,0.5
ID_B1A1B09B8B,0.5
ID_A022A4A416,0.5
ID_5D7936FB7E,0.5
ID_6BF6FC1444,0.5
ID_DCEF39C8CA,0.5
ID_35DF49AF03,0.5
ID_755D05B687,0.5
ID_FFFBBBB6AC,0.5
ID_0A1F84231C,0.5
ID_6E36ADF7E9,0.5
ID_07A63BE37E,0.5
ID_0E80073BDD,0.5
ID_848DA791FE,0.5
ID_885E9EBBB8,0.5
ID_F36F62C17E,0.5
ID_49A07D0F1E,0.5
ID_931A3F7612,0.5
ID_7DA854092A,0.5
ID_E2FD16315A,0.5
ID_E274E1A10D,0.5
ID_E4A1BFDE46,0.5
ID_FD3EFBB7F3,0.5
ID_58996DE403,0.5
ID_FB14673591,0.5
ID_64F1FC34BA,0.5
ID_D9FC10CEE6,0.5
ID_72C93EC17E,0.5
ID_65EDC60A7A,0.5
ID_22EA9AEE14,0.5
ID_9C19BEB7E6,0.5
ID_0AEBB800A4,0.5
ID_02FB7C93CF,0.5
ID_C576C6F0DA,0.5
ID_7EE4295F44,0.5
ID_EAFEAE9DCC,0.5
ID_B3FACD5E2C,0.5
ID_A4CCB80FA8,0.5
ID_401F9EAA1B,0.5
ID_FFC6683A06,0.5
ID_3F476C5FE2,0.5
ID_098423200D,0.5
ID_C04BE4608F,0.5
ID_93A4DAEDC4,0.5
ID_736A2F4841,0.5
ID_FAF86E3C9F,0.5
ID_42055B6C0D,0.5
ID_A9F8841EFF,0.5
ID_E7E4A454FE,0.5
ID_C614BECCAE,0.5
ID_40918819CD,0.5
ID_0C138E5AA9,0.5
ID_066A319EE1,0.5
ID_7F46CF2609,0.5
ID_5BC4894B90,0.5
ID_ECB8311A70,0.5
ID_6B17F0BF2A,0.5
ID_DBABA054D3,0.5
ID_AAB9D9B60B,0.5
ID_79D5238821,0.5
ID_D26099305F,0.5
ID_DC2BB2551A,0.5
ID_BB5758A1AC,0.5
ID_698B9A0A74,0.5
ID_BD8D3539DE,0.5
ID_EB80718E04,0.5
ID_3C3259FF9F,0.5
ID_D6CF6C15C6,0.5
ID_4FB8049DD2,0.5
ID_A6298CD21B,0.5
ID_8E1D67B3B6,0.5
ID_0814B5EE9C,0.5
ID_4007317392,0.5
ID_2F803BA520,0.5
ID_F7E9EAE520,0.5
ID_E9C279C1DC,0.5
ID_4CFDDD0B6C,0.5
ID_966D7DC360,0.5
ID_5A4195811E,0.5
ID_98D9AF369F,0.5
ID_DD13CD6BAE,0.5
ID_7E173CF786,0.5
ID_500AA7384E,0.5
ID_A7171219F5,0.5
ID_E8F3530952,0.5
ID_505A587357,0.5
ID_A14FCE0EF9,0.5
ID_4307BE851B,0.5
ID_AAC274FF2A,0.5
ID_CA67D4AE9D,0.5
ID_CEA4B209F3,0.5
ID_A46146374B,0.5
ID_2844EF0143,0.5
ID_E92BCDD737,0.5
ID_ABC7CF8DCD,0.5
ID_2C2D2C4F03,0.5
ID_75214D3CE8,0.5
ID_7776A3D822,0.5
ID_2090F6802A,0.5
ID_C3BEAEC683,0.5
ID_1A9A85CD3C,0.5
ID_59BCE59E70,0.5
ID_D112D3BFC9,0.5
ID_26AC8D0CAB,0.5
ID_A1F6CF8625,0.5
ID_B365DBCF3D,0.5
ID_9CB163271B,0.5
ID_CCDF0B391E,0.5
ID_042A771E3F,0.5
ID_3C68A1A42F,0.5
ID_648673D557,0.5
ID_2BAB7A054A,0.5
ID_D8378A48F1,0.5
ID_17B145128D,0.5
ID_06A33A0A7B,0.5
ID_E6C1EE61C8,0.5
ID_00CB6A9D34,0.5
ID_6637FC41F5,0.5
ID_571F462F77,0.5
ID_EB235EC154,0.5
ID_3D61E6B3E1,0.5
ID_74DFA4C131,0.5
ID_38FDB031D8,0.5
ID_0891821C3D,0.5
ID_731FCB0B8E,0.5
ID_9439BC4FE1,0.5
ID_31127B06EC,0.5
ID_3673470BC6,0.5
ID_C8B08A881B,0.5
ID_263B05164A,0.5
ID_B24C254B63,0.5
ID_E4D6ADD197,0.5
ID_46716FA976,0.5
ID_0A0CA53988,0.5
ID_5214B58742,0.5
ID_61866C672D,0.5
ID_850575AC8E,0.5
ID_EECF890B25,0.5
ID_7B7AFD4D40,0.5
ID_E1A4665A0D,0.5
ID_2C59475702,0.5
ID_5AFFEDDB70,0.5
ID_60541DBF5A,0.5
ID_D326C92C51,0.5
ID_505DB3FD6D,0.5
ID_33BC8206B2,0.5
ID_B244DC9D3E,0.5
ID_0C6B661BC0,0.5
ID_E11B53758B,0.5
ID_A29438E051,0.5
ID_14C4564763,0.5
ID_0CDA7223C5,0.5
ID_20377FBF07,0.5
ID_87F8796830,0.5
ID_0DBBCC362E,0.5
ID_E87A8598CB,0.5
ID_BF13DDAB78,0.5
ID_CD4C7C56EB,0.5
ID_5F304DFB8C,0.5
ID_1CE4F2F808,0.5
ID_6B22605AED,0.5
ID_4AC2E9B142,0.5
ID_6FD2F40EB3,0.5
ID_FFD7A1E001,0.5
ID_E40ACEC2F4,0.5
ID_734467CE93,0.5
ID_C31605B373,0.5
ID_EA8F076B42,0.5
ID_92F805DCA5,0.5
ID_4BF8E18723,0.5
ID_60A8058F4A,0.5
ID_1BBB550B3C,0.5
ID_6A0DC9F0E8,0.5
ID_0A688C476C,0.5
ID_D85991A945,0.5
ID_86679F4AFC,0.5
ID_546B7BF44E,0.5
ID_745943AEE5,0.5
ID_16C4C42463,0.5
ID_FDDACD4164,0.5
ID_59D8B9EAE2,0.5
ID_6F2C7D1E7C,0.5
ID_8BDCD34D46,0.5
ID_5304E3FAFD,0.5
ID_1055B90C4B,0.5
ID_7D01A4C5E1,0.5
ID_E95D190DC9,0.5
ID_456ECF5B4C,0.5
ID_A2B9C016A9,0.5
ID_0E4FDDFAAE,0.5
ID_7CC6439051,0.5
ID_F768D93E40,0.5
ID_862B4932E1,0.5
ID_2C218B41C4,0.5
ID_63F3A790BA,0.5
ID_AB16157BCB,0.5
ID_BE834F0BED,0.5
ID_50E43ACE1B,0.5
ID_700974CEA4,0.5
ID_7B05712AEE,0.5
ID_BED1FBA0F6,0.5
ID_22DE331594,0.5
ID_C9B5AB1BC1,0.5
ID_40029A9A6F,0.5
ID_7F0492D6F0,0.5
ID_BD293EF4C5,0.5
ID_FD9E30B8E8,0.5
ID_9CCD93F9E1,0.5
ID_0723E41842,0.5
ID_6665C92B4A,0.5
ID_332691A8E4,0.5
ID_6189DE7D22,0.5
ID_23C4B69E5D,0.5
ID_17B3D8CB15,0.5
ID_C31C3D1261,0.5
ID_D3F623CC84,0.5
ID_12E75594FA,0.5
ID_84246ADA20,0.5
ID_E790BCA222,0.5
ID_ED8BC9B5CA,0.5
ID_1C7CD1B101,0.5
ID_86E1B30BBE,0.5
ID_4780FC07ED,0.5
ID_6E3ECD88EC,0.5
ID_C06ED74056,0.5
ID_09F9371BFE,0.5
ID_3D60564314,0.5
ID_D5BB28BDF2,0.5
ID_BE05441E82,0.5
ID_154FC70559,0.5
ID_E51F38390B,0.5
ID_6851298D6D,0.5
ID_BA87F9B3B9,0.5
ID_145D4C3314,0.5
ID_F653DE69C7,0.5
ID_17339B5D74,0.5
ID_DF66EA9F13,0.5
ID_2F335EB0BA,0.5
ID_9829B58302,0.5
ID_010552C824,0.5
ID_0085B4CFCB,0.5
ID_D202161E37,0.5
ID_DF5AF2CBCB,0.5
ID_0DDC01B446,0.5
ID_C465B4A9FB,0.5
ID_03F4391FEA,0.5
ID_40EBB91AAC,0.5
ID_7DFEB0F47F,0.5
ID_5ABC33049B,0.5
ID_F4E57BFDCD,0.5
ID_EFB9081641,0.5
ID_2091F3B6D6,0.5
ID_92979CFB64,0.5
ID_937DB880A8,0.5
ID_27ABF0E19A,0.5
ID_E1D759DBAA,0.5
ID_41525100B7,0.5
ID_83B3DC4B7D,0.5
ID_8A318B1EB5,0.5
ID_EB896ACF21,0.5
ID_B846B51703,0.5
ID_926AD4C1FA,0.5
ID_6F2625B5FC,0.5
ID_85B13041FC,0.5
ID_A818B2A845,0.5
ID_E929613FAD,0.5
ID_9E793D9CD7,0.5
ID_0B0C3B3435,0.5
ID_4A781D9DCA,0.5
ID_7521003E71,0.5
ID_105025BBD3,0.5
ID_22CF1D4E75,0.5
ID_1137844B45,0.5
ID_A2EF254599,0.5
ID_566C11E4DE,0.5
ID_25D0A428CB,0.5
ID_1528BBF91A,0.5
ID_9A5F872E06,0.5
ID_B43274267A,0.5
ID_67196DEBB4,0.5
ID_AA1CFE81C3,0.5
ID_0A5359E61B,0.5
ID_FC025FB916,0.5
ID_4E6F572402,0.5
ID_F67D45B03B,0.5
ID_4F967A05B5,0.5
ID_FF9D907501,0.5
ID_0136ECB1A4,0.5
ID_7F3AEC49EA,0.5
ID_4B7856A5DA,0.5
ID_5E3948961B,0.5
ID_73548BEB88,0.5
ID_511CB5AC07,0.5
ID_E2E68804F8,0.5
ID_2B1E7FF6F4,0.5
ID_724AD07F22,0.5
ID_1D1D7AF9CA,0.5
ID_C2389AB450,0.5
ID_B1E0A6073E,0.5
ID_61CE67AD5D,0.5
ID_869BAA07DA,0.5
ID_5BC5A4F1AE,0.5
ID_69199ED6BB,0.5
ID_DD3F90BB9B,0.5
ID_1EB434908C,0.5
ID_30FE9661B6,0.5
ID_F30BA6AB8E,0.5
ID_F93716B5CD,0.5
ID_4BCD9581E4,0.5
ID_6FDF3079D6,0.5
ID_15F5DF4695,0.5
ID_8EB6646A96,0.5
ID_B7383F9F4C,0.5
ID_DA36E21CFA,0.5
ID_39D61B84EB,0.5
ID_677E868EE4,0.5
ID_637DD69726,0.5
ID_02BFC639CA,0.5
ID_C968409571,0.5
ID_018C1C470B,0.5
ID_672D7CE288,0.5
ID_AB3ACC0484,0.5
ID_FBE5B5069D,0.5
ID_8BD7D9D2DC,0.5
ID_E053B4736F,0.5
ID_D7D2E7142F,0.5
ID_40DDCB9430,0.5
ID_A2B12B4660,0.5
ID_328CA20B59,0.5
ID_9F83D2C36C,0.5
ID_0F1CB76D1C,0.5
ID_80F03494B3,0.5
ID_5148853744,0.5
ID_638FFDD0C5,0.5
ID_7AAD088D2F,0.5
ID_2476941E5D,0.5
ID_915D25C54F,0.5
ID_0AA0431B8C,0.5
ID_FD35298326,0.5
ID_8A5269861F,0.5
ID_B90DC36AF4,0.5
ID_C290649BA6,0.5
ID_F79293AC7F,0.5
ID_F0AF149706,0.5
ID_43818823B5,0.5
ID_C3E216905A,0.5
ID_CF92B8BA30,0.5
ID_9438A5EBD4,0.5
ID_8FAF311E41,0.5
ID_FFE90C4E10,0.5
ID_136798E54B,0.5
ID_6D921E3713,0.5
ID_DA2087EAD7,0.5
ID_EC6E31FBA0,0.5
ID_8BA18F2B83,0.5
ID_6E302B8591,0.5
ID_5D3D54A799,0.5
ID_5DF0128498,0.5
ID_5EDE3A9E8F,0.5
ID_61E68322CE,0.5
ID_4FB9FC9154,0.5
ID_21481385E1,0.5
ID_304435F9E8,0.5
ID_8C57F90E27,0.5
ID_21317A0BD7,0.5
ID_D6E7642AB0,0.5
ID_FCD7FDAAA9,0.5
ID_D57B618525,0.5
ID_D8978C9F45,0.5
ID_7FA9BD7E76,0.5
ID_D020E40BA1,0.5
ID_1851C4C181,0.5
ID_85D8B4D8BC,0.5
ID_EEA07AF2BA,0.5
ID_7ED331E9AC,0.5
ID_5573F27D71,0.5
ID_DE9227F69B,0.5
ID_094DD2B789,0.5
ID_F7D29CB11E,0.5
ID_12E99BD178,0.5
ID_41F16993FF,0.5
ID_3D2CB41CAD,0.5
ID_9C8960E083,0.5
ID_A8EBD83734,0.5
ID_328C871275,0.5
ID_4DA233E409,0.5
ID_A572073652,0.5
ID_C15DBE8B4B,0.5
ID_99E74D79A2,0.5
ID_2EB4B609E3,0.5
ID_6459FBA2C4,0.5
ID_4B902F9A6F,0.5
ID_2274230A7A,0.5
ID_F11DD5CE62,0.5
ID_D7A3F33AE1,0.5
ID_42ADC12A92,0.5
ID_1F49149C15,0.5
ID_5945D2E870,0.5
ID_1D5F62A42B,0.5
ID_69C0340CE6,0.5
ID_1B84C88FA0,0.5
ID_641475D9FB,0.5
ID_73A3606662,0.5
ID_1BD9A48E2B,0.5
ID_BC321460C2,0.5
ID_0151AFCB9B,0.5
ID_E71A4747F6,0.5
ID_E946D24704,0.5
ID_152931E88D,0.5
ID_98FEA5F4B9,0.5
ID_D82B49A9A7,0.5
ID_41FFE5385C,0.5
ID_A50CDD96CA,0.5
ID_6464D9CA26,0.5
ID_A74A32730B,0.5
ID_87FFFE8EBA,0.5
ID_8E66BF2690,0.5
ID_EB87B0C80C,0.5
ID_92DCABEF9F,0.5
ID_A7283F5E80,0.5
ID_5D824E093E,0.5
ID_75938E7514,0.5
ID_61635BC1C6,0.5
ID_461E00DE2A,0.5
ID_DE85ABC5F8,0.5
ID_2D121943FD,0.5
ID_4D83F5DCBB,0.5
ID_1B8A585D70,0.5
ID_9868B99CEE,0.5
ID_C52727E743,0.5
ID_563B7B2AF1,0.5
ID_A5F89E8D47,0.5
ID_04DDA88FE7,0.5
ID_FEE42B0AF5,0.5
ID_8D0EF1B25B,0.5
ID_BCF286A538,0.5
ID_9E552BEF18,0.5
ID_57A478EE68,0.5
ID_442DE0E151,0.5
ID_E6A229CBFE,0.5
ID_33B288A5C4,0.5
ID_5A5CF7C81C,0.5
ID_9F08544240,0.5
ID_8809E8FA90,0.5
ID_77121296D6,0.5
ID_426E4BB426,0.5
ID_E60F527B7B,0.5
ID_8691DD4A42,0.5
ID_7EAEE0CB92,0.5
ID_A40AF032AA,0.5
ID_453E710A17,0.5
ID_25AA45F577,0.5
ID_1A65FF1B16,0.5
ID_57BF45ADEB,0.5
ID_7FCC6F9147,0.5
ID_4A48AE7946,0.5
ID_510B487E7B,0.5
ID_2B806A5982,0.5
ID_D7F0A78BCB,0.5
ID_D0E2CD96F5,0.5
ID_1BB3EDBF39,0.5
ID_C8FEA5F8D5,0.5
ID_C9A4D36E9C,0.5
ID_03088BA23A,0.5
ID_E4A4A6E926,0.5
ID_555530B596,0.5
ID_8CDD3FC69F,0.5
ID_A6B6ED6F3F,0.5
ID_E47D92D9A1,0.5
ID_5353F1B392,0.5
ID_6D1D3C774A,0.5
ID_BD37BCA3FB,0.5
ID_523C374285,0.5
ID_A498BC2B7B,0.5
ID_1E677A23B9,0.5
ID_FBCCDF06C5,0.5
ID_03BDBD57D1,0.5
ID_5F0CA3A7E8,0.5
ID_0950D975F0,0.5
ID_C728DE6951,0.5
ID_17567FA2A6,0.5
ID_9626E01E9C,0.5
ID_2EA67D968E,0.5
ID_BE84B001F4,0.5
ID_E9B33B85BC,0.5
ID_42432DECB9,0.5
ID_EE40F80781,0.5
ID_E228D85E69,0.5
ID_99E7BE89BB,0.5
ID_44E8EBD6A7,0.5
ID_D00DEDBC33,0.5
ID_D4A92DFD38,0.5
ID_3FB639A7E1,0.5
ID_A4B11BE31E,0.5
ID_88370CF12F,0.5
ID_5AEB6EA6CE,0.5
ID_4FE390E617,0.5
ID_B335F90CC1,0.5
ID_E6FAB1CD9A,0.5
ID_B3874B4B48,0.5
ID_64D7B93149,0.5
ID_7F65BF50A0,0.5
ID_BC32E47698,0.5
ID_A6CEA144F5,0.5
ID_D948B5921D,0.5
ID_39C089674F,0.5
ID_FA2A477493,0.5
ID_0F622BA24A,0.5
ID_3C22F60305,0.5
ID_5BFC7808C4,0.5
ID_0B930E0C1E,0.5
ID_0D9D9A8CBB,0.5
ID_E9D488BB0E,0.5
ID_ACA11EF475,0.5
ID_A53E9BC746,0.5
ID_5AFD815BD7,0.5
ID_5369AE7188,0.5
ID_47EF4FD03F,0.5
ID_D62E82DF96,0.5
ID_00EF4A6878,0.5
ID_3CFFE7132F,0.5
ID_8D33FCB99D,0.5
ID_EAC7ED002F,0.5
ID_91713C2509,0.5
ID_AD9059C06D,0.5
ID_5630A3358D,0.5
ID_E738BD83AF,0.5
ID_0055893FED,0.5
ID_73F97FA2FB,0.5
ID_A1195D295A,0.5
ID_5709CE40FC,0.5
ID_EA173E9709,0.5
ID_980EE1E4D1,0.5
ID_3B5C48AAEA,0.5
ID_AA1E9701A0,0.5
ID_4144955286,0.5
ID_0533E39DB2,0.5
ID_F018699EA3,0.5
ID_683434EEE6,0.5
ID_F0D6700EBC,0.5
ID_3E08B5ABC4,0.5
ID_623296E17E,0.5
ID_54C502EE17,0.5
ID_68C1F73C62,0.5
ID_326EE11A4B,0.5
ID_CB45CC1ABE,0.5
ID_45A2A5CC80,0.5
ID_5391A81E79,0.5
ID_5883569F6A,0.5
ID_8DA8CFF975,0.5
ID_EEFAFD8A65,0.5
ID_0C76725F37,0.5
ID_CA218175C6,0.5
ID_CDE3797EE4,0.5
ID_6C15C8949E,0.5
ID_B46164E6D7,0.5
ID_18EBA15115,0.5
ID_E3BC60F83F,0.5
ID_74B5163ACF,0.5
ID_F780D406A4,0.5
ID_AD00142861,0.5
ID_94A1EF25EA,0.5
ID_4A690957E4,0.5
ID_077C97682A,0.5
ID_6A0F311BB9,0.5
ID_6E248CC238,0.5
ID_33BBF56DE9,0.5
ID_C3429ED3A8,0.5
ID_09EBA4145B,0.5
ID_803475C464,0.5
ID_2F2FDD9F9A,0.5
ID_0500B85B04,0.5
ID_7547221193,0.5
ID_5B379A47FD,0.5
ID_D036E19E22,0.5
ID_C3A3DF940F,0.5
ID_5F040D60DA,0.5
ID_04A64289E2,0.5
ID_8E88171C8C,0.5
ID_4EBC33A898,0.5
ID_383AC34AAD,0.5
ID_2A0B119EA4,0.5
ID_A04863ED18,0.5
ID_EF2A2814D7,0.5
ID_DC18DAE31C,0.5
ID_D4DC2EC035,0.5
ID_38753A1083,0.5
ID_BC77971493,0.5
ID_C7C5C7A0EC,0.5
ID_19BAA5C257,0.5
ID_D21631EE7E,0.5
ID_6F8617126F,0.5
ID_1F635D23DF,0.5
ID_9A1196E485,0.5
ID_CE635BCDF7,0.5
ID_A09821F072,0.5
ID_62727200C0,0.5
ID_94BC3F0BFA,0.5
ID_3C4561F987,0.5
ID_0F6C2ACF14,0.5
ID_0A8AA746E1,0.5
ID_41C7B400FD,0.5
ID_B1C2E303E5,0.5
ID_A189CA20C5,0.5
ID_067A62C36C,0.5
ID_5EF8269AD2,0.5
ID_490F2D0EB7,0.5
ID_5EB38A58BC,0.5
ID_42A7F7DAD0,0.5
ID_0004484A7C,0.5
ID_D6AB729144,0.5
ID_01377A5428,0.5
ID_88B37BD0E6,0.5
ID_81314680C8,0.5
ID_C5D87D45A3,0.5
ID_84455B5275,0.5
ID_277D3747F7,0.5
ID_821B13F754,0.5
ID_C1B6ED488A,0.5
ID_77630AFB18,0.5
ID_6C2D908EAF,0.5
ID_E9BCA0677D,0.5
ID_6A1E307EC0,0.5
ID_01516D296D,0.5
ID_63614CFE67,0.5
ID_D2372779A5,0.5
ID_8AB340ED99,0.5
ID_A2342EAE3D,0.5
ID_B4DA4AB203,0.5
ID_AA55B7ED5A,0.5
ID_F7FBC0F495,0.5
ID_9FCF059901,0.5
ID_699599EE82,0.5
ID_C076AFE851,0.5
ID_7C21BB9EBB,0.5
ID_FDA9281301,0.5
ID_2543C09965,0.5
ID_A6FC755D3F,0.5
ID_D0E9ADE721,0.5
ID_F8CCA039A2,0.5
ID_8BB15C2D56,0.5
ID_8FA68EB719,0.5
ID_544E94A7A2,0.5
ID_B5AE180E1B,0.5
ID_3DA6C93281,0.5
ID_896199999F,0.5
ID_93CA187767,0.5
ID_A14BF1819B,0.5
ID_663951C49D,0.5
ID_69BF5A1DDF,0.5
ID_AC090E15B4,0.5
ID_2AFA33F16A,0.5
ID_560213ECD9,0.5
ID_A0679B761C,0.5
ID_BAE425DBAF,0.5
ID_588EE562FC,0.5
ID_36D31AFC33,0.5
ID_CFF30968A9,0.5
ID_A0EEDF217E,0.5
ID_5CFA067C03,0.5
ID_348AA0C57E,0.5
ID_156ACD6206,0.5
ID_6EC3189D9F,0.5
ID_F6E1621736,0.5
ID_4C25A9C7EC,0.5
ID_A16C638293,0.5
ID_E405941E92,0.5
ID_EF37067BD9,0.5
ID_24FB52E797,0.5
ID_82A4568A24,0.5
ID_CA04D3C5D2,0.5
ID_6085D7CA88,0.5
ID_6AB7AE2ED4,0.5
ID_D61EC6C031,0.5
ID_5BB39D5FD9,0.5
ID_502B5E87E5,0.5
ID_D061C76918,0.5
ID_6569C5B0BE,0.5
ID_C166C342A0,0.5
ID_05207583BA,0.5
ID_8465E571FE,0.5
ID_54A0836DDA,0.5
ID_308DD8BE0A,0.5
ID_ED7511B52D,0.5
ID_E42AAC11C8,0.5
ID_B70A4C0DF2,0.5
ID_2C16C73C62,0.5
ID_8D46AA38E2,0.5
ID_9E04672884,0.5
ID_007C18C6E6,0.5
ID_B50C852305,0.5
ID_C5DA3546F0,0.5
ID_8928946D65,0.5
ID_D93D0CCB97,0.5
ID_C2375EA6F1,0.5
ID_BBE3053AEE,0.5
ID_12C4C3A96A,0.5
ID_9B7D90BC8F,0.5
ID_6B06618F9B,0.5
ID_F4B43D03B0,0.5
ID_D7F367D33A,0.5
ID_BFF323A948,0.5
ID_8D44ECFC11,0.5
ID_88E65B5291,0.5
ID_ABBDC2E1BD,0.5
ID_37DCEDD711,0.5
ID_E3CCC9C12C,0.5
ID_CBCA96F88F,0.5
ID_BA99DBDE5B,0.5
ID_C140706FD2,0.5
ID_24E816474E,0.5
ID_69E6FA1A89,0.5
ID_EC17B6E661,0.5
ID_D92014E3F2,0.5
ID_0728BBCF5A,0.5
ID_E7C1409446,0.5
ID_1D7600897D,0.5
ID_8AFA57F08D,0.5
ID_3F6AA2880E,0.5
ID_F5DE33C0C5,0.5
ID_D91B69D72D,0.5
ID_90946879AD,0.5
ID_12EBDACD17,0.5
ID_9C183CD2D4,0.5
ID_F772D1BBEF,0.5
ID_3F2A34286C,0.5
ID_1045C72E0D,0.5
ID_2570C9EB6D,0.5
ID_F700937BAB,0.5
ID_7216126565,0.5
ID_0DB7B7F79F,0.5
ID_8038E0ABAF,0.5
ID_D124ABF023,0.5
ID_7589B590A0,0.5
ID_7FED85A462,0.5
ID_53514D3CB7,0.5
ID_7AC4458A7D,0.5
ID_157A49311D,0.5
ID_648FBFE879,0.5
ID_E399712C55,0.5
ID_2CE30BDA49,0.5
ID_0B1E98CD3E,0.5
ID_BC879F4E1B,0.5
ID_9C0A566E10,0.5
ID_853663FD8A,0.5
ID_0C9FB93CD9,0.5
ID_04007219FA,0.5
ID_C4F5386DEA,0.5
ID_5C783A19DC,0.5
ID_908575DE1D,0.5
ID_DA7331B72A,0.5
ID_A56BCE8658,0.5
ID_DBF54D0F2F,0.5
ID_AB8CFFF5E1,0.5
ID_4FB1097650,0.5
ID_B966E08F9F,0.5
ID_96BB9E8999,0.5
ID_780FBAB542,0.5
ID_70E4449B31,0.5
ID_9A04615203,0.5
ID_ED239DBE56,0.5
ID_A943886A67,0.5
ID_0157029CDE,0.5
ID_1512FAC1BB,0.5
ID_117F917792,0.5
ID_90AAD99989,0.5
ID_9E502CC62E,0.5
ID_D709941C8B,0.5
ID_B08AC5D654,0.5
ID_319C6CDF43,0.5
ID_598BE3E8BC,0.5
ID_9294ED8AA2,0.5
ID_6D248947C7,0.5
ID_97D523B2F7,0.5
ID_F19813A7DB,0.5
ID_326881919E,0.5
ID_9F3FD6C8C9,0.5
ID_6005511BD7,0.5
ID_C3AB3CD0D8,0.5
ID_C5C133E2B6,0.5
ID_38E98DBCE7,0.5
ID_88D5FD2312,0.5
ID_5D23404CBB,0.5
ID_5FC2654D91,0.5
ID_4098965926,0.5
ID_4449E51723,0.5
ID_3AE61B5190,0.5
ID_232B753054,0.5
ID_C0DAFCA579,0.5
ID_EC609C2A62,0.5
ID_93361757F8,0.5
ID_3CE03530AF,0.5
ID_7EC18A6AD3,0.5
ID_225F553ECF,0.5
ID_6ECF0AA3E8,0.5
ID_E3068B4CF3,0.5
ID_4A14BEE8D1,0.5
ID_E153A17F4D,0.5
ID_3242516841,0.5
ID_5CDD222B12,0.5
ID_39C97A9CE7,0.5
ID_023101027C,0.5
ID_CE4B0B79C5,0.5
ID_417989CF64,0.5
ID_2922A2B995,0.5
ID_5D26A84989,0.5
ID_814CBCD27A,0.5
ID_8783A46D49,0.5
ID_E1B606BC97,0.5
ID_B67DBACA0B,0.5
ID_C9C9260711,0.5
ID_64BE22A910,0.5
ID_7CBE9D8C64,0.5
ID_8FAAC53494,0.5
ID_8F9CE669C3,0.5
ID_6DC29E1D40,0.5
ID_62BAC2E3B3,0.5
ID_E902AE8847,0.5
ID_F346D25F76,0.5
ID_75C2B1E7D7,0.5
ID_76BD0EE31C,0.5
ID_324EBDBEBB,0.5
ID_B9D151D5B5,0.5
ID_2624C6F738,0.5
ID_33B15002E4,0.5
ID_22E6D4A43C,0.5
ID_A2CB4C3A7C,0.5
ID_3E4A44E45D,0.5
ID_3CD2EB95FD,0.5
ID_BBB3D05AAB,0.5
ID_D50370D0A8,0.5
ID_D392DBE4BB,0.5
ID_1403624777,0.5
ID_FF21C17C0C,0.5
ID_6153BC12E3,0.5
ID_AB395FCA51,0.5
ID_EE15317A7F,0.5
ID_51B133AA4F,0.5
ID_301FADB81D,0.5
ID_E9FB9EE198,0.5
ID_BCAFA47F53,0.5
ID_50CB669B8D,0.5
ID_E1CE924905,0.5
ID_40AE7ACBB8,0.5
ID_636F0800D6,0.5
ID_2CCC67DED1,0.5
ID_D12F91EB4E,0.5
ID_C8258B3E70,0.5
ID_07A86C0E28,0.5
ID_C3B4D4D454,0.5
ID_B30700B058,0.5
ID_0481479737,0.5
ID_2EF3CA9062,0.5
ID_9C310E89D8,0.5
ID_4337EB4CF7,0.5
ID_3878854B1A,0.5
ID_2CE3087658,0.5
ID_31882608D8,0.5
ID_6EC7C2FDDA,0.5
ID_8DFD7910EE,0.5
ID_8554DB5085,0.5
ID_DA08DE7D96,0.5
ID_83A921087F,0.5
ID_ABEE4F65D1,0.5
ID_C8C112B156,0.5
ID_ACBB777EEC,0.5
ID_6A1D3C2336,0.5
ID_BE8CAA99FE,0.5
ID_C9389BD3C1,0.5
ID_A75BEF1F0A,0.5
ID_6BE2B92178,0.5
ID_90EA80D3B0,0.5
ID_655C02E2C3,0.5
ID_F43B2CF3A2,0.5
ID_2BA8E54761,0.5
ID_4376B424C4,0.5
ID_35B8117392,0.5
ID_02CB22F690,0.5
ID_6008D3FB2D,0.5
ID_B82B3483FD,0.5
ID_7E75A6EFEB,0.5
ID_24BED887A9,0.5
ID_3B567C87FC,0.5
ID_F55FC25446,0.5
ID_C3743CF4AD,0.5
ID_49D85EA2BB,0.5
ID_A031832E10,0.5
ID_B1F63D440B,0.5
ID_994834D348,0.5
ID_9C281CB065,0.5
ID_200623207C,0.5
ID_51F3C67E74,0.5
ID_0CAA598C23,0.5
ID_CB83C4BB57,0.5
ID_08586F63D9,0.5
ID_A422B004E9,0.5
ID_3F5065DE9F,0.5
ID_2BD7C55E6A,0.5
ID_EA9C4AFC1F,0.5
ID_822058C80C,0.5
ID_FE7FC345F4,0.5
ID_AE47B50940,0.5
ID_74B8200814,0.5
ID_708CD9EBB5,0.5
ID_F1225DCB05,0.5
ID_70CF6D2F95,0.5
ID_20B24F1A78,0.5
ID_518E592F87,0.5
ID_320C565468,0.5
ID_CDC36B1D94,0.5
ID_4F9754F3AE,0.5
ID_4956A7D126,0.5
ID_CC893FAEF1,0.5
ID_9A3A056F1C,0.5
ID_BFEE2B4B21,0.5
ID_42E457DB48,0.5
ID_B828863E3E,0.5
ID_C6E41513D5,0.5
ID_F048EA9966,0.5
ID_10BB8CE404,0.5
ID_4EA71E84B0,0.5
ID_0AA597C2DB,0.5
ID_54CFB9AEDC,0.5
ID_5A4C08AF2E,0.5
ID_8100711478,0.5
ID_227A24012D,0.5
ID_6C94756816,0.5
ID_582EFFAC31,0.5
ID_9848F118D1,0.5
ID_E325E7A5D6,0.5
ID_96E9064240,0.5
ID_8F04BB5B16,0.5
ID_5314F28952,0.5
ID_FB1EC9387A,0.5
ID_1EA0208A43,0.5
ID_0E6F2B1140,0.5
ID_222990F285,0.5
ID_7F9A741906,0.5
ID_10C2D7500B,0.5
ID_137F1F7445,0.5
ID_899C1B2F01,0.5
ID_51A3DEF3E8,0.5
ID_DD410B9106,0.5
ID_F59DD2CF60,0.5
ID_5E257BCDC0,0.5
ID_BE2736491F,0.5
ID_A95A0E121B,0.5
ID_D832447874,0.5
ID_2DECF7CF78,0.5
ID_74F1801DA4,0.5
ID_2C26080F70,0.5
ID_97AFB62D07,0.5
ID_BBBC044DB1,0.5
ID_5B34B37A6F,0.5
ID_FFAC44D0FE,0.5
ID_3115F1C1CC,0.5
ID_E8DB013CDF,0.5
ID_8CC4656407,0.5
ID_EB71B8174A,0.5
ID_E87D58A93B,0.5
ID_5E1ECB3994,0.5
ID_313C280C44,0.5
ID_D690EB2C9E,0.5
ID_A448EE1A76,0.5
ID_80808B752D,0.5
ID_501A2D4EAC,0.5
ID_0359ACE198,0.5
ID_408769F8C8,0.5
ID_5FECDDF473,0.5
ID_B244CDC6CB,0.5
ID_664DBEAA98,0.5
ID_E648F789EC,0.5
ID_738E942997,0.5
ID_8EA1803216,0.5
ID_14A3CC1AAF,0.5
ID_0EDBB3519A,0.5
ID_B8B7F48584,0.5
ID_42EE9F43C2,0.5
ID_DC47261522,0.5
ID_D5A8DD062C,0.5
ID_47E3031150,0.5
ID_20F9F0D135,0.5
ID_3151E645A6,0.5
ID_3B3359DB12,0.5
ID_69B6289717,0.5
ID_CAB26D7919,0.5
ID_2CBF5B4BF1,0.5
ID_82C9629CCE,0.5
ID_E537A21F8B,0.5
ID_C603F3022E,0.5
ID_9D67317D65,0.5
ID_EDBA22060E,0.5
ID_45B254C071,0.5
ID_5CFBA3F4BA,0.5
ID_E51C566C61,0.5
ID_0448A7D7DE,0.5
ID_81F6F65283,0.5
ID_8B8B8E915C,0.5
ID_BF1AB0C58B,0.5
ID_8151A4408D,0.5
ID_7DDE5A5E35,0.5
ID_1F9ADC93F4,0.5
ID_3D68EA598A,0.5
ID_74D962E57B,0.5
ID_E34496001E,0.5
ID_1FF978A158,0.5
ID_EF8E36EA13,0.5
ID_33F789001B,0.5
ID_AA16537EE8,0.5
ID_970A7F2745,0.5
ID_8C69AE4F4B,0.5
ID_CB07B3BF13,0.5
ID_9FA006CC77,0.5
ID_A6A264EFCA,0.5
ID_4C8C402B0E,0.5
ID_460C9E1B5C,0.5
ID_1A5CDA5208,0.5
ID_9CF1DA40A0,0.5
ID_BA7D5D03D3,0.5
ID_83DE693E65,0.5
ID_790F00D698,0.5
ID_ABBC0B3F7D,0.5
ID_08285AC8A1,0.5
ID_9140F4842A,0.5
ID_855E72D2D4,0.5
ID_01A27B84DE,0.5
ID_3086DA96C5,0.5
ID_E7C38FA49B,0.5
ID_37B98FB3D2,0.5
ID_1CEB92D065,0.5
ID_0CC68A9970,0.5
ID_A0501A3567,0.5
ID_97C92C8873,0.5
ID_53AC4864DE,0.5
ID_7EE4603FDB,0.5
ID_8B88169FE9,0.5
ID_463FE7BA9C,0.5
ID_7822E5B0CE,0.5
ID_978B3BD2DE,0.5
ID_68BA955857,0.5
ID_E7D3E697B8,0.5
ID_E2851C3D87,0.5
ID_883A96A012,0.5
ID_79F4DED0F0,0.5
ID_72369EF3CD,0.5
ID_F2FD3FE3D5,0.5
ID_F1F985010C,0.5
ID_BB4F4601D9,0.5
ID_64B9420C6E,0.5
ID_5DDBA34001,0.5
ID_78BD4951F9,0.5
ID_D96B201673,0.5
ID_F9A9E3CD5C,0.5
ID_0B25A4ECD7,0.5
ID_FE1C0C52D8,0.5
ID_B52D223502,0.5
ID_06BC55D635,0.5
ID_D602E4CE3C,0.5
ID_3622099289,0.5
ID_C185ED41F0,0.5
ID_3F2B8F0286,0.5
ID_16BB0AFDD0,0.5
ID_458F7BD83E,0.5
ID_18B66B1D6C,0.5
ID_9F10C02273,0.5
ID_2CC4369CBB,0.5
ID_E2F555079E,0.5
ID_BEB414D74E,0.5
ID_1DF74351EF,0.5
ID_90DFB7416C,0.5
ID_C2C1E40CC4,0.5
ID_7DAC8637A2,0.5
ID_9614BD50D5,0.5
ID_DF7F2A106D,0.5
ID_A6F287E77D,0.5
ID_79035ECE42,0.5
ID_2CB5515A8D,0.5
ID_601EB649E2,0.5
ID_B3C0CA65E9,0.5
ID_A883E5559B,0.5
ID_F8C3F7E7D7,0.5
ID_E68EBCA774,0.5
ID_5ACAA88552,0.5
ID_7C81D41200,0.5
ID_8F68CB6878,0.5
ID_20577D2960,0.5
ID_40E111C4A8,0.5
ID_4D9F895F7D,0.5
ID_085B3FFF71,0.5
ID_5D883035B2,0.5
ID_7CB5388A06,0.5
ID_9E8386306D,0.5
ID_AC4AF45EA8,0.5
ID_3FBFD9F963,0.5
ID_A58A99FA0F,0.5
ID_E210FEDC32,0.5
ID_4578754421,0.5
ID_C2BF4B811E,0.5
ID_8511B7B4C5,0.5
ID_2EC7D5BAAA,0.5
ID_7EA3DB019E,0.5
ID_562F8C5B87,0.5
ID_8599609336,0.5
ID_05F6DCF878,0.5
ID_11CBD487AF,0.5
ID_75E68E4A4B,0.5
ID_616E3D623F,0.5
ID_DE2CFA31A1,0.5
ID_275FE65830,0.5
ID_7D02EA2D94,0.5
ID_31BC07EF3A,0.5
ID_56CA23373F,0.5
ID_D5D60A57F0,0.5
ID_9D473A40EE,0.5
ID_D089FF3704,0.5
ID_F0CCDF01CD,0.5
ID_841993F45E,0.5
ID_BA46ABC4F6,0.5
ID_0EFCB7A941,0.5
ID_D05F5A8C85,0.5
ID_046261869B,0.5
ID_DC2A1E8AF5,0.5
ID_77C34B5BD7,0.5
ID_661FAECCD1,0.5
ID_E3F2312A06,0.5
ID_D2D0DD8B74,0.5
ID_D698EAF2EE,0.5
ID_F7DE54B66F,0.5
ID_BE70FB2529,0.5
ID_0D7B56A8F9,0.5
ID_1B1C282B30,0.5
ID_4A53C86EFA,0.5
ID_BD7A698DA7,0.5
ID_285F3AD3FE,0.5
ID_95B35D3D24,0.5
ID_93C3517974,0.5
ID_F328A7FE15,0.5
ID_4BE1F16267,0.5
ID_19A4B552A7,0.5
ID_21ACDB35C2,0.5
ID_FBD963F911,0.5
ID_91A9949662,0.5
ID_402B8C4A87,0.5
ID_C46DC693F7,0.5
ID_D65F36ACB7,0.5
ID_E935D5EDC0,0.5
ID_CEE515BB7C,0.5
ID_D9DE8DE1FE,0.5
ID_1956DBDA22,0.5
ID_351F3F633F,0.5
ID_0F330678AE,0.5
ID_65FE0602DC,0.5
ID_C1727FEAC2,0.5
ID_78AFE2FA7E,0.5
ID_32C37CEB0D,0.5
ID_878F6EE47A,0.5
ID_24F345BAC1,0.5
ID_E8D8F9D3A6,0.5
ID_AF9739C57B,0.5
ID_0097536DCF,0.5
ID_95B751F53A,0.5
ID_DAEF474261,0.5
ID_C213F91658,0.5
ID_CEA0F8918F,0.5
ID_A45BE79522,0.5
ID_3D06420A3B,0.5
ID_B5B6E13E7B,0.5
ID_5B06EFB3FF,0.5
ID_80BC05E268,0.5
ID_F027D89389,0.5
ID_1FCC209B8C,0.5
ID_10170E9DC5,0.5
ID_B3723E2324,0.5
ID_B60071264C,0.5
ID_87C4E8D4F0,0.5
ID_DEBBFA2F21,0.5
ID_9A75AFC7D8,0.5
ID_36FD7B7C9A,0.5
ID_DAA03F5756,0.5
ID_83153D3F03,0.5
ID_A68D464A1C,0.5
ID_B4DF713DAE,0.5
ID_EC4FE882F0,0.5
ID_9F813A84FE,0.5
ID_25EA681B06,0.5
ID_94CEF0907F,0.5
ID_A804061537,0.5
ID_ADFF9270F6,0.5
ID_71C6866224,0.5
ID_66D6F43875,0.5
ID_C47C9B6A76,0.5
ID_80C21E11FD,0.5
ID_7E40FEC7D9,0.5
ID_0E8BDA7125,0.5
ID_C8D2807C53,0.5
ID_9D16D8330E,0.5
ID_FD44934EEA,0.5
ID_22F68E36FF,0.5
ID_09221065A6,0.5
ID_D43866F555,0.5
ID_4F6C141A11,0.5
ID_B882AF31C3,0.5
ID_9A80D48E97,0.5
ID_2B395F4FE5,0.5
ID_8587C1F49E,0.5
ID_84100CC36F,0.5
ID_D3EF181428,0.5
ID_1F1926B9D7,0.5
ID_CB2F843F5E,0.5
ID_160CA3C439,0.5
ID_FB22F3C2D5,0.5
ID_924290EB3F,0.5
ID_90E10B9686,0.5
ID_4BAF9545E4,0.5
ID_B2789AFB78,0.5
ID_48392A37B5,0.5
ID_5EA34C348A,0.5
ID_467CB2DCF2,0.5
ID_B107B89F32,0.5
ID_13F977DFA2,0.5
ID_F3E754E5A6,0.5
ID_DB3618C9BF,0.5
ID_D659C9FE03,0.5
ID_2CF8E4C5C0,0.5
ID_C1C518317B,0.5
ID_1CDC5DDBD6,0.5
ID_C2DDBCF650,0.5
ID_5D8745D2E9,0.5
ID_109EDAFDAA,0.5
ID_E24E11E97C,0.5
ID_E2F3C0BA4E,0.5
ID_3F405F4CA9,0.5
ID_B32F11314D,0.5
ID_15936E3B2C,0.5
ID_34E87806A1,0.5
ID_36A1F30760,0.5
ID_5A9BDC9DC8,0.5
ID_BFF294A897,0.5
ID_BB6E56C74C,0.5
ID_B91211C8D2,0.5
ID_81F68A0ABA,0.5
ID_B79A40DB8E,0.5
ID_FD01F4BB8C,0.5
ID_E3329D149B,0.5
ID_37D796567B,0.5
ID_0C838BE992,0.5
ID_2F6B52D40A,0.5
ID_6C283E6483,0.5
ID_7C8E0A9DED,0.5
ID_5C702EB677,0.5
ID_4C0ABB3A18,0.5
ID_E9EFE60D8A,0.5
ID_D44D9373A5,0.5
ID_DF9886117C,0.5
ID_1BE59540B4,0.5
ID_D9DDFCEFF1,0.5
ID_A4B0AC2537,0.5
ID_198D38C371,0.5
ID_D3CDEC2308,0.5
ID_D77F34A1E0,0.5
ID_D8085B8C4C,0.5
ID_AF85DD0F79,0.5
ID_52344FB662,0.5
ID_254BDAC104,0.5
ID_39BEB2EF96,0.5
ID_EED67EDDB6,0.5
ID_4C6D2D4A01,0.5
ID_82C5E8B930,0.5
ID_4EDBFD945E,0.5
ID_6EA86E582F,0.5
ID_F7522741B0,0.5
ID_9F29FD2255,0.5
ID_238BC9913F,0.5
ID_3BCBEB6918,0.5
ID_3CC1EFC03C,0.5
ID_1FB0B9C190,0.5
ID_6FC0007D4A,0.5
ID_63D5420C86,0.5
ID_1EC9041912,0.5
ID_CE3AB30F4C,0.5
ID_492AB738F0,0.5
ID_680F050447,0.5
ID_72358692C2,0.5
ID_FEC1E01743,0.5
ID_72E134FAF0,0.5
ID_FFB9BF419F,0.5
ID_97204DDF72,0.5
ID_EBD848AF4B,0.5
ID_2D9984B672,0.5
ID_A8D271152E,0.5
ID_F41F7BDF87,0.5
ID_F00B1A0508,0.5
ID_C9670BDF03,0.5
ID_D205FA5C05,0.5
ID_D3764EEA05,0.5
ID_7758924BE6,0.5
ID_4AED2FFC38,0.5
ID_B2DC439FDD,0.5
ID_49EA030885,0.5
ID_0CB34DD79C,0.5
ID_20EA533C41,0.5
ID_509B908E0D,0.5
ID_BCC61E9B34,0.5
ID_195EF05648,0.5
ID_88D8F4E0EA,0.5
ID_E3EC46A192,0.5
ID_623EEFCFD6,0.5
ID_1E2A9871F7,0.5
ID_B8AF7A8733,0.5
ID_A553674271,0.5
ID_81B6AAB740,0.5
ID_BCA1828343,0.5
ID_3288739D7C,0.5
ID_EFD0474E5B,0.5
ID_078D271C75,0.5
ID_4FEB62E26B,0.5
ID_51445350EE,0.5
ID_C350CCD087,0.5
ID_A0226C5838,0.5
ID_77CC91B9B3,0.5
ID_C6E9153E3D,0.5
ID_3011271957,0.5
ID_1E501C6857,0.5
ID_BD9FF8B8FA,0.5
ID_596060440E,0.5
ID_F2ED4FEC99,0.5
ID_AA597C8476,0.5
ID_B5DE2E176D,0.5
ID_5208FEAC4D,0.5
ID_C1FF2AD621,0.5
ID_A12FAAE4CE,0.5
ID_F52DBB2268,0.5
ID_47FB0799EE,0.5
ID_258A55A098,0.5
ID_75E0C93039,0.5
ID_B5C2E99765,0.5
ID_3706F9FC52,0.5
ID_A2F8721970,0.5
ID_9C6D3B357F,0.5
ID_40A1AB5184,0.5
ID_43D6B48F47,0.5
ID_E29B809832,0.5
ID_7162DBB66D,0.5
ID_4EB9BF8274,0.5
ID_0CF85D417C,0.5
ID_8A5264B8E1,0.5
ID_80740D697F,0.5
ID_89AC1297B7,0.5
ID_EC8D93EDB7,0.5
ID_9CE046F887,0.5
ID_5DA1420DB8,0.5
ID_BFEC77F381,0.5
ID_054C0CADBD,0.5
ID_CF224C6493,0.5
ID_67A8ECB56D,0.5
ID_0B9D37DEAF,0.5
ID_BC7142ECBE,0.5
ID_0567511A2B,0.5
ID_8445703CB1,0.5
ID_BD7508B1DE,0.5
ID_32C9CAA096,0.5
ID_A938B589D4,0.5
ID_F68D4C1A15,0.5
ID_BDCFEB169B,0.5
ID_6D966AAA07,0.5
ID_173800F7C4,0.5
ID_697ACC771E,0.5
ID_4A020878E6,0.5
ID_9A4C8B99FC,0.5
ID_27B4F93F00,0.5
ID_37AFA6A5B4,0.5
ID_4AD9FFB9B8,0.5
ID_F7FAC4E8BC,0.5
ID_70B00867D9,0.5
ID_C4272C70E9,0.5
ID_61B2F0FB70,0.5
ID_1D0E78882E,0.5
ID_2EF491FA91,0.5
ID_D48F5A89AF,0.5
ID_D2E215C86D,0.5
ID_5A0AE6BCEF,0.5
ID_91EA3A9291,0.5
ID_D693533151,0.5
ID_23D13A20E1,0.5
ID_3B0CD46C07,0.5
ID_0FB326F618,0.5
ID_4532895292,0.5
ID_2404B8DBCC,0.5
ID_9F82AD46FF,0.5
ID_0DFDC9F7C0,0.5
ID_5D8D35A031,0.5
ID_CDED49D464,0.5
ID_74DFE1D69D,0.5
ID_6E6D390806,0.5
ID_7DB09814DE,0.5
ID_5A6DCCAC30,0.5
ID_7D48367B90,0.5
ID_D6E336DB11,0.5
ID_66AEBC10E9,0.5
ID_5FA389B832,0.5
ID_13067F8834,0.5
ID_393BDBDAFA,0.5
ID_9EE43F2D33,0.5
ID_69756CD26D,0.5
ID_437AE11B7A,0.5
ID_D87AE9E263,0.5
ID_E8642CF0F6,0.5
ID_E645C50919,0.5
ID_88999E26BF,0.5
ID_52545DA1CD,0.5
ID_E576C14DD1,0.5
ID_2DB459EFBA,0.5
ID_16E3AB574B,0.5
ID_20E4AFC62E,0.5
ID_553D92DE1C,0.5
ID_650B0CA6C2,0.5
ID_04E6DDC3BF,0.5
ID_11E2A53F74,0.5
ID_FF420E9672,0.5
ID_F220DE434E,0.5
ID_C10899CF7F,0.5
ID_45BF6B24DA,0.5
ID_6D78012D7A,0.5
ID_3F17F98CC6,0.5
ID_9FB7E4B735,0.5
ID_5FB7B57445,0.5
ID_3DA10B1340,0.5
ID_16525F9F69,0.5
ID_4AAC1C550F,0.5
ID_AE2679CF16,0.5
ID_30417CA2AD,0.5
ID_756559E8C2,0.5
ID_2A50BD4086,0.5
ID_48B6AD35E4,0.5
ID_5E8685EBAE,0.5
ID_D1DFF62156,0.5
ID_EF1CDFB635,0.5
ID_41BA0DF754,0.5
ID_605AFB5BA1,0.5
ID_C86F6C0413,0.5
ID_372B03ECE6,0.5
ID_35D2A6B776,0.5
ID_BB1AAFAE99,0.5
ID_C90C5CCB62,0.5
ID_4661E522D0,0.5
ID_ACC640260B,0.5
ID_23C8F8A3DB,0.5
ID_AD9A70D435,0.5
ID_93BE91DB00,0.5
ID_030184D05C,0.5
ID_8E1F333371,0.5
ID_36668FB3BB,0.5
ID_9D01152476,0.5
ID_DAB969A460,0.5
ID_60EEB3D64E,0.5
ID_040243F188,0.5
ID_4F8ADC4A72,0.5
ID_001EEB0EA3,0.5
ID_7340FA4218,0.5
ID_7E48302F3A,0.5
ID_2A1110BCD3,0.5
ID_091FB4F24E,0.5
ID_9D22279F17,0.5
ID_FA431838F3,0.5
ID_DABE64D55B,0.5
ID_73D3FAE8CC,0.5
ID_B91BCD86AD,0.5
ID_7D5896296D,0.5
ID_6106D2F323,0.5
ID_FC08CF556F,0.5
ID_6010478CC6,0.5
ID_144AFAC705,0.5
ID_14F4F3D01D,0.5
ID_7AD40ECF02,0.5
ID_5D2B27FDA1,0.5
ID_64498BC5E8,0.5
ID_642A75075C,0.5
ID_A0F8C19B62,0.5
ID_D9C774BE89,0.5
ID_514A0FED24,0.5
ID_189CCC1B2D,0.5
ID_22C82EBD1E,0.5
ID_907E7C3E7A,0.5
ID_8405C01B8B,0.5
ID_5C6471041E,0.5
ID_5219B3BDC9,0.5
ID_7416D9BF37,0.5
ID_42CDA9446D,0.5
ID_97C2286C7A,0.5
ID_25136ADA45,0.5
ID_8C03CA7BFD,0.5
ID_82FE4A611D,0.5
ID_EA54CD15EE,0.5
ID_E9F68F5652,0.5
ID_7F9AE77EA2,0.5
ID_C44AFE59DF,0.5
ID_D5E76B057B,0.5
ID_B1C85F649A,0.5
ID_D53C188D52,0.5
ID_A5D30D9857,0.5
ID_B5EB409C37,0.5
ID_5BD475D930,0.5
ID_B71DD335AB,0.5
ID_CE4C8B2F81,0.5
ID_233AAA64D9,0.5
ID_77D6B3DD95,0.5
ID_5D1CB5B51C,0.5
ID_FEB1731072,0.5
ID_DD950D5EE0,0.5
ID_820C0BB32B,0.5
ID_777374B41E,0.5
ID_2B147B3D17,0.5
ID_FEE33780AF,0.5
ID_D2DECB03D5,0.5
ID_95741FBC93,0.5
ID_FCEF72E879,0.5
ID_3768B03A55,0.5
ID_CED77242EF,0.5
ID_19B4A5F4FB,0.5
ID_2CF6E49D75,0.5
ID_206C359282,0.5
ID_EC51D6223D,0.5
ID_814A030168,0.5
ID_07F659582D,0.5
ID_3AD97BC212,0.5
ID_BFEDEA5E0A,0.5
ID_B1870168C8,0.5
ID_3B04E21B2F,0.5
ID_AA23F8FFB3,0.5
ID_758B816EED,0.5
ID_B1FA6FB7A7,0.5
ID_DF4E2A6A44,0.5
ID_E6559CF176,0.5
ID_EB96561ACE,0.5
ID_414B3561A7,0.5
ID_F8FA6225CE,0.5
ID_311EF62847,0.5
ID_769CEF5B50,0.5
ID_81FF7B7733,0.5
ID_6F10442F4D,0.5
ID_35758E9FE7,0.5
ID_5503EA34B8,0.5
ID_8E2F61C56B,0.5
ID_9CE08110CA,0.5
ID_EB8239E5A5,0.5
ID_0B241434FF,0.5
ID_5A60496199,0.5
ID_3E5DF03D2C,0.5
ID_3C6303E7A1,0.5
ID_45A645CC89,0.5
ID_E6FC69BBD9,0.5
ID_87B2CBED8B,0.5
ID_A48EB5EB77,0.5
ID_DA2FE79C7C,0.5
ID_14594DC93D,0.5
ID_D860EE858B,0.5
ID_ED18797292,0.5
ID_AE72A249E2,0.5
ID_A429F5661E,0.5
ID_D5E361F831,0.5
ID_7907AB8176,0.5
ID_3560046852,0.5
ID_C5A5B7AB0F,0.5
ID_E39E50F40B,0.5
ID_C2C80C352D,0.5
ID_90D83E0C6F,0.5
ID_0ABF096853,0.5
ID_E816045C23,0.5
ID_519B23C291,0.5
ID_F783E9BEEA,0.5
ID_A143FA8D75,0.5
ID_659C34627B,0.5
ID_821688718D,0.5
ID_13FBE70939,0.5
ID_3EED480FEA,0.5
ID_1D9FF9EEE1,0.5
ID_5D0D3AC6B8,0.5
ID_86AB0623A7,0.5
ID_2C251B5C75,0.5
ID_28333D5E82,0.5
ID_E3B68E5703,0.5
ID_6B7B238E40,0.5
ID_C295CF3F3C,0.5
ID_26C74B1246,0.5
ID_97E79305ED,0.5
ID_E13E12DE66,0.5
ID_BABACDEEF8,0.5
ID_A4EA7EAC2C,0.5
ID_F6B5967BD2,0.5
ID_925F957F17,0.5
ID_113566371A,0.5
ID_E814494AD0,0.5
ID_BA7717ABAF,0.5
ID_93F0C818E9,0.5
ID_37EBA0D528,0.5
ID_9F6B0F1F1B,0.5
ID_0D8C4DA514,0.5
ID_CA30621F24,0.5
ID_DBD457F5CC,0.5
ID_86D9C2B95F,0.5
ID_10B7AA0811,0.5
ID_F0EAE2DC1F,0.5
ID_A98ADDF60A,0.5
ID_A2B647C1DC,0.5
ID_E6106E3957,0.5
ID_D6AB0DB620,0.5
ID_70A2AA9E37,0.5
ID_1EC3FCC5DD,0.5
ID_C80B368D55,0.5
ID_4FEA032B1C,0.5
ID_45FF2F73EC,0.5
ID_2513770D57,0.5
ID_EC530F189F,0.5
ID_E7AAA4D52C,0.5
ID_E3620443D9,0.5
ID_CCF7F99044,0.5
ID_2A0C17FA4A,0.5
ID_EAA41A8FC6,0.5
ID_2F89D99DDE,0.5
ID_C7DE7AAFA6,0.5
ID_447F6C2C2B,0.5
ID_8E6D92E428,0.5
ID_7B9B4855D7,0.5
ID_DEF7C7143F,0.5
ID_7A680C3923,0.5
ID_E7DA5EEBBA,0.5
ID_F492552215,0.5
ID_5B7D48531C,0.5
ID_F30949247D,0.5
ID_FCD342DCCF,0.5
ID_4081A9F9A4,0.5
ID_A8BFA6FA66,0.5
ID_00CCD6AB82,0.5
ID_9166BD9282,0.5
ID_3F94C1421C,0.5
ID_BE580086C7,0.5
ID_7BE41F1C97,0.5
ID_F33A67A468,0.5
ID_70A131E88A,0.5
ID_7BAEECAF2B,0.5
ID_3679C20812,0.5
ID_09FE16CE04,0.5
ID_E393475A74,0.5
ID_A7B57F3F03,0.5
ID_B55EDBD700,0.5
ID_698724978B,0.5
ID_A5A070A949,0.5
ID_39FC71DEEA,0.5
ID_260F87BC5F,0.5
ID_C27C13509E,0.5
ID_29B28D8181,0.5
ID_8C0C2FA624,0.5
ID_D7C94EE1C5,0.5
ID_44AD35A026,0.5
ID_CEA8BF92C6,0.5
ID_DFDACCFBE8,0.5
ID_BEDFAC324B,0.5
ID_028F3C5DE4,0.5
ID_D8DFD63630,0.5
ID_436C16CAB7,0.5
ID_F0F8DA9E85,0.5
ID_CBB08B2BEB,0.5
ID_6EE2166357,0.5
ID_BBE865F3B3,0.5
ID_7BDBE7A283,0.5
ID_5C016D589C,0.5
ID_05CA4D1DFD,0.5
ID_FA07C11B63,0.5
ID_0550848716,0.5
ID_0FE35C9284,0.5
ID_43F7124FE0,0.5
ID_F262487413,0.5
ID_D3A0037871,0.5
ID_91B4714412,0.5
ID_B22F35F1D6,0.5
ID_B734C5E161,0.5
ID_424E62F012,0.5
ID_D542E6C7C1,0.5
ID_23047FC8B5,0.5
ID_78475F4185,0.5
ID_F55CCEB6D9,0.5
ID_247AF67872,0.5
ID_7BCEDAEED5,0.5
ID_75DDF61346,0.5
ID_049612B713,0.5
ID_D7B82A82C4,0.5
ID_D9B0609622,0.5
ID_29F2A3F777,0.5
ID_1C357AC481,0.5
ID_298003B8C3,0.5
ID_FFD9CD7D33,0.5
ID_4A7E34AFF9,0.5
ID_2ACBD6F61E,0.5
ID_83AD1AA319,0.5
ID_4818C4C265,0.5
ID_E40C8A89CC,0.5
ID_A68045656C,0.5
ID_A57FBE380C,0.5
ID_BCE58D6D83,0.5
ID_59A64FE617,0.5
ID_AB9F8E4DEB,0.5
ID_6F03AB6296,0.5
ID_2751A297E2,0.5
ID_F9488759B7,0.5
ID_3687BCEF61,0.5
ID_3278F3093E,0.5
ID_C18558F6B6,0.5
ID_6A75FBBA79,0.5
ID_67E3DAEFEC,0.5
ID_5B7D5BCC8A,0.5
ID_65AC6E5859,0.5
ID_7F94459902,0.5
ID_55063244BD,0.5
ID_82A6051FA4,0.5
ID_753835E41D,0.5
ID_0A356025F2,0.5
ID_8BA8650EAB,0.5
ID_2F5152D2AF,0.5
ID_4D9104FA8E,0.5
ID_67881A65FC,0.5
ID_A8AD7EB65C,0.5
ID_50618EDC96,0.5
ID_A48FD46A64,0.5
ID_D35B5C9FB6,0.5
ID_92FF41F99D,0.5
ID_4F01ABA0DB,0.5
ID_AD5F9A011C,0.5
ID_E726AF3631,0.5
ID_128A29BB5D,0.5
ID_AE45D868D7,0.5
ID_FBB53BDD59,0.5
ID_A257141588,0.5
ID_CC1EBD23B3,0.5
ID_DBFB87DE0B,0.5
ID_CB70423870,0.5
ID_4BBE1F2432,0.5
ID_5F2CED8435,0.5
ID_BF2EEC1B9A,0.5
ID_0514A110B0,0.5
ID_C04854DFEE,0.5
ID_87D7DF8ED8,0.5
ID_27C2C75004,0.5
ID_0EA12D8551,0.5
ID_D78D850FF5,0.5
ID_C5B7DBD2AC,0.5
ID_9D3FDED7C0,0.5
ID_4FA21A6AD2,0.5
ID_FC2E639F0D,0.5
ID_15CC78881B,0.5
ID_36900DFBAE,0.5
ID_B915C223A6,0.5
ID_33D1EF43D8,0.5
ID_1238E5E2F2,0.5
ID_D34B1ABE2B,0.5
ID_670A3B1EC7,0.5
ID_9BFD92175A,0.5
ID_204D4ECA27,0.5
ID_5439A61907,0.5
ID_590D098FCE,0.5
ID_5AD85CF6C6,0.5
ID_05BFC55516,0.5
ID_0E596B3C16,0.5
ID_6EE5F88571,0.5
ID_7D7378986D,0.5
ID_74E993D642,0.5
ID_549575C48C,0.5
ID_ACB814B7F9,0.5
ID_77A2F76B85,0.5
ID_97C8E24C4C,0.5
ID_2FE9A266E0,0.5
ID_0732EDCABE,0.5
ID_F50F7D0D9C,0.5
ID_BD8DA8032B,0.5
ID_44265C88AD,0.5
ID_40426A3720,0.5
ID_534D371017,0.5
ID_6020FD42BD,0.5
ID_75E0638562,0.5
ID_FD1B6A4FF8,0.5
ID_4BF04A33C5,0.5
ID_179A3075E1,0.5
ID_47668D5D0B,0.5
ID_2985670ED0,0.5
ID_D7CBBAE7CD,0.5
ID_A3148C9F56,0.5
ID_A1096BF32E,0.5
ID_AC45E0AA89,0.5
ID_0831C266EF,0.5
ID_09E36F1A80,0.5
ID_861572EFFF,0.5
ID_4716C13A59,0.5
ID_5F2889F55C,0.5
ID_BF53CF071E,0.5
ID_E26F18C6FF,0.5
ID_CF520AA8D5,0.5
ID_F23303321C,0.5
ID_90806EE460,0.5
ID_57B22C91D8,0.5
ID_989F3BE00E,0.5
ID_357198AE40,0.5
ID_CB7A721B51,0.5
ID_ECA6FB3AE7,0.5
ID_D718FF028D,0.5
ID_0B5F06C476,0.5
ID_6728341811,0.5
ID_09007DEA93,0.5
ID_EE49D63CF7,0.5
ID_6264715D2B,0.5
ID_348D00F8FA,0.5
ID_FBB0754BFC,0.5
ID_BE9864EE60,0.5
ID_1221A814C0,0.5
ID_3AC69DE7EF,0.5
ID_FF272573A4,0.5
ID_F4ECC9E156,0.5
ID_735A64ADEF,0.5
ID_6ED51A6403,0.5
ID_119B2CA3CD,0.5
ID_F395CEDF4B,0.5
ID_A45F502462,0.5
ID_D646E5A66E,0.5
ID_33E4CB782B,0.5
ID_4F31AFDD30,0.5
ID_545BB650E2,0.5
ID_FAB28062B0,0.5
ID_3678E39617,0.5
ID_94CAE39998,0.5
ID_8D2DB9B538,0.5
ID_2C14FC2D91,0.5
ID_FDB2B185D2,0.5
ID_1491F31A00,0.5
ID_6E3313584C,0.5
ID_A234726669,0.5
ID_2DA6094202,0.5
ID_F4D1A23A6E,0.5
ID_5D60F4E0B9,0.5
ID_AF9F888464,0.5
ID_9537B6F996,0.5
ID_E451E30E08,0.5
ID_08B6CF1C99,0.5
ID_68AD548803,0.5
ID_CCAC066F42,0.5
ID_E914D19EA6,0.5
ID_648C6A6C5E,0.5
ID_9E57BA036F,0.5
ID_F0D4CF4019,0.5
ID_2F189DBABE,0.5
ID_60EF2F62D9,0.5
ID_F3BA7BCAD4,0.5
ID_C68279BB34,0.5
ID_5ED826D680,0.5
ID_E1B8C6F894,0.5
ID_FC298F3DC8,0.5
ID_B77488935D,0.5
ID_CF50A9D262,0.5
ID_9051297D2B,0.5
ID_F6B9F422C1,0.5
ID_514E2722A9,0.5
ID_623ACAADD6,0.5
ID_8395B9DEC4,0.5
ID_1085E84CB7,0.5
ID_88A66683AE,0.5
ID_C53CFADE29,0.5
ID_86FAE85E43,0.5
ID_06E48EA223,0.5
ID_787750E0C1,0.5
ID_6877AFA049,0.5
ID_FCF11343BC,0.5
ID_C1E4AD51D8,0.5
ID_4606146243,0.5
ID_0664976201,0.5
ID_53DFEE728E,0.5
ID_E8DE269884,0.5
ID_5FDA49FD52,0.5
ID_1798A65712,0.5
ID_06B46B8D68,0.5
ID_1A5342CE0A,0.5
ID_2CBF18CA75,0.5
ID_58307BF5A4,0.5
ID_7F6CE2604C,0.5
ID_6D934BB835,0.5
ID_E93B260EA2,0.5
ID_FD3365E3D5,0.5
ID_AB62E00D44,0.5
ID_3CFECB6E80,0.5
ID_6DBBC1AD5A,0.5
ID_606E13FBC0,0.5
ID_9435FB3102,0.5
ID_A1344B628C,0.5
ID_EAB045A5C3,0.5
ID_481EE16857,0.5
ID_B6479CAECA,0.5
ID_4231B80BF9,0.5
ID_94B4C36907,0.5
ID_B0784C0458,0.5
ID_993CB011CE,0.5
ID_5BAB18C790,0.5
ID_F79B7AFCFD,0.5
ID_EC4B67AB53,0.5
ID_B5F1135121,0.5
ID_E28E9BD0D3,0.5
ID_0A0A8E1B72,0.5
ID_9ECEEBED95,0.5
ID_72CCDBF225,0.5
ID_B3B596C8AC,0.5
ID_27E85B1B32,0.5
ID_41B2DE40F4,0.5
ID_6265B7C648,0.5
ID_BD6989A5E5,0.5
ID_9727E46A14,0.5
ID_D16765E28C,0.5
ID_A5DD6C86F6,0.5
ID_40E8CFA832,0.5
ID_3E53EA2C17,0.5
ID_C7E206EAF8,0.5
ID_B9666A739A,0.5
ID_E2E10404A9,0.5
ID_ADEA185E2A,0.5
ID_9C4826A97D,0.5
ID_CFA685B42B,0.5
ID_5A15AAF058,0.5
ID_FC00CBA03D,0.5
ID_A2C4A5BE2B,0.5
ID_FC180CC570,0.5
ID_97896B996C,0.5
ID_3A630BE107,0.5
ID_05BCDCAD84,0.5
ID_7FD2B6F5EC,0.5
ID_263D3C83B7,0.5
ID_58E3304DEF,0.5
ID_56D942FA6B,0.5
ID_E023D0E931,0.5
ID_311531B57D,0.5
ID_AD1EAEC736,0.5
ID_F722B767C1,0.5
ID_886F44EDA9,0.5
ID_FE98FCEA8A,0.5
ID_2E804CFDB7,0.5
ID_DF9AF9EB9D,0.5
ID_9CF578B076,0.5
ID_9E324CB1C2,0.5
ID_433782D5E2,0.5
ID_9D98ADA9C4,0.5
ID_9D9BCE70AB,0.5
ID_21F369A262,0.5
ID_E2AFE3761F,0.5
ID_EE11014FEF,0.5
ID_1E313987F0,0.5
ID_404B62289A,0.5
ID_45D9AA206B,0.5
ID_B0FBC79F04,0.5
ID_32694875F9,0.5
ID_5D48A528DE,0.5
ID_386F9C9625,0.5
ID_34F591270F,0.5
ID_5BDAA8CDD6,0.5
ID_7891023229,0.5
ID_2D4040C755,0.5
ID_392BCFF741,0.5
ID_A7ED2122EE,0.5
ID_810A8618B7,0.5
ID_819A76CB24,0.5
ID_F8FB73968F,0.5
ID_1E66C9CD4E,0.5
ID_39C56254B0,0.5
ID_A3F1B21108,0.5
ID_D6BE9EE829,0.5
ID_E0963F95B1,0.5
ID_953ECCB4C1,0.5
ID_7B73353011,0.5
ID_32D67F756A,0.5
ID_82C28DA058,0.5
ID_E68DB3A475,0.5
ID_ECE75C2E8A,0.5
ID_A29FDC11A7,0.5
ID_8120DEFB35,0.5
ID_166E98ED90,0.5
ID_23A04B9016,0.5
ID_AA3EA90DB6,0.5
ID_24A64F24B0,0.5
ID_3F06BC7789,0.5
ID_A45B7B146E,0.5
ID_4026DBC2DB,0.5
ID_E2B425311E,0.5
ID_F9EAE19D57,0.5
ID_19DFE3D2E6,0.5
ID_1A5B3EC2F8,0.5
ID_FA8B097CD5,0.5
ID_60D42A9FE4,0.5
ID_6C329273EB,0.5
ID_78576F4FF3,0.5
ID_F3D58D42DC,0.5
ID_6D340D9908,0.5
ID_7DC5EB3B17,0.5
ID_7B28589488,0.5
ID_DD5029C11A,0.5
ID_A97FD424E1,0.5
ID_A9259DB7F4,0.5
ID_F73185CAA6,0.5
ID_E36D27EC19,0.5
ID_8E7E390E92,0.5
ID_472456460B,0.5
ID_35DF708645,0.5
ID_3DAB879650,0.5
ID_3934CC19F9,0.5
ID_D1028D16A7,0.5
ID_AD283A0051,0.5
ID_DCA84FFD5B,0.5
ID_BE9C861C05,0.5
ID_9E45F17605,0.5
ID_E77E2A284B,0.5
ID_BB9EBD647C,0.5
ID_12264D505D,0.5
ID_862BC1A013,0.5
ID_E6B7B5F6FC,0.5
ID_A104C407D8,0.5
ID_3C95E3B4F5,0.5
ID_26DB5CB205,0.5
ID_BCD24550AD,0.5
ID_9C526DD4EB,0.5
ID_90778A38E7,0.5
ID_212759133B,0.5
ID_68D1854D18,0.5
ID_2DFFFEA228,0.5
ID_E81994BEE9,0.5
ID_A9B012CF21,0.5
ID_A4A387B96E,0.5
ID_B79FEBDD37,0.5
ID_5F27C340C7,0.5
ID_C9628871F6,0.5
ID_943D635BEA,0.5
ID_934E0447F7,0.5
ID_1B88009ADD,0.5
ID_E471C72C2B,0.5
ID_E197AED217,0.5
ID_A64032AACA,0.5
ID_B055C3DEDC,0.5
ID_AA83E95F26,0.5
ID_3D3AD067A3,0.5
ID_0233677580,0.5
ID_366868F77E,0.5
ID_7E61BC1D7F,0.5
ID_66C6027808,0.5
ID_9855AD5B02,0.5
ID_69E79F2367,0.5
ID_0826F4A28E,0.5
ID_E384DB6C5A,0.5
ID_ACEE34A5CD,0.5
ID_81464E5199,0.5
ID_D9733BBFD0,0.5
ID_059364336C,0.5
ID_508E0A87E5,0.5
ID_4F55F167EB,0.5
ID_2E44501424,0.5
ID_1FF5D6C140,0.5
ID_A6D2389712,0.5
ID_169889D276,0.5
ID_157171D692,0.5
ID_8A06597CE0,0.5
ID_63E26E259D,0.5
ID_090FFEB31D,0.5
ID_1252932591,0.5
ID_592B7AA8F0,0.5
ID_95CB7258B7,0.5
ID_9480CF9067,0.5
ID_4C6F49847D,0.5
ID_D12CBD4668,0.5
ID_BA99A6BF57,0.5
ID_81CA71F11B,0.5
ID_69AA6AC903,0.5
ID_43A1BACABF,0.5
ID_0319342A33,0.5
ID_CAE0DB8C95,0.5
ID_57C92483B4,0.5
ID_0D5AE10383,0.5
ID_A2E97BE258,0.5
ID_111E01C0D0,0.5
ID_107BDF7AB3,0.5
ID_35DDEB7D02,0.5
ID_47CD89B345,0.5
ID_F207EB1192,0.5
ID_E5B8A084FA,0.5
ID_AEAB2B209C,0.5
ID_1BE7E16C36,0.5
ID_90973FD419,0.5
ID_E13A7D89EB,0.5
ID_419F89B8DA,0.5
ID_5F7A3372DC,0.5
ID_D70E8F3633,0.5
ID_87A3CD6243,0.5
ID_6B688CBCE4,0.5
ID_AD6E026E2E,0.5
ID_2696520D11,0.5
ID_D068577EBA,0.5
ID_3F7BDFEBFE,0.5
ID_14C1468E1C,0.5
ID_73970416D9,0.5
ID_EE02A7198C,0.5
ID_0C4B51DA6D,0.5
ID_33360890AE,0.5
ID_C00198BD6B,0.5
ID_1E0C79487F,0.5
ID_838EAA22E2,0.5
ID_882DE9E1FF,0.5
ID_774F7E5846,0.5
ID_53784EEB21,0.5
ID_70E77DA1AC,0.5
ID_B5A95B7D00,0.5
ID_135D1E6EAF,0.5
ID_0C28706537,0.5
ID_26FC382AD1,0.5
ID_01C7B87FBF,0.5
ID_9F417CF1FB,0.5
ID_7BC49A7683,0.5
ID_29426AE215,0.5
ID_CCCD4C2036,0.5
ID_32877759F1,0.5
ID_8D7954C3DA,0.5
ID_D60FA08B63,0.5
ID_078CF2C0A3,0.5
ID_7B2CFD9648,0.5
ID_208A1BDD09,0.5
ID_13F56A2C02,0.5
ID_4483F6C00D,0.5
ID_BDAFAC8CB3,0.5
ID_5587BB8DF8,0.5
ID_530B96ECA7,0.5
ID_7CE8EB6A50,0.5
ID_D9DF83EDC0,0.5
ID_969F3A4176,0.5
ID_5200AEE953,0.5
ID_48E57A0D7E,0.5
ID_F6B9081358,0.5
ID_A33B73F0F0,0.5
ID_D1F6FB3796,0.5
ID_8A667DCB7B,0.5
ID_C6616A70DC,0.5
ID_B65150DDE2,0.5
ID_0FD6E8CEE3,0.5
ID_74D4652F8D,0.5
ID_A1DA5325C3,0.5
ID_1DF6874580,0.5
ID_D967A42785,0.5
ID_5571F74A52,0.5
ID_0CF1221FC1,0.5
ID_0B2C8E10E5,0.5
ID_B31C057239,0.5
ID_1DF887D11F,0.5
ID_2F5BAE93E0,0.5
ID_3859567103,0.5
ID_0DD1F9C86C,0.5
ID_E98B0893E4,0.5
ID_0D1B3792FB,0.5
ID_4423EC1480,0.5
ID_34D03DC325,0.5
ID_98B7523AB3,0.5
ID_C788F6542E,0.5
ID_532F0060FB,0.5
ID_ACE03D4484,0.5
ID_757F54B795,0.5
ID_6769352846,0.5
ID_B581CA6CEB,0.5
ID_7617CD27DB,0.5
ID_3FE8033D54,0.5
ID_A77E3C6A88,0.5
ID_6859742D14,0.5
ID_D3221692AB,0.5
ID_8B1006FEE8,0.5
ID_7D32124043,0.5
ID_0296FA453A,0.5
ID_40A7364C7D,0.5
ID_2EB4BCAA53,0.5
ID_37CEEB2F74,0.5
ID_C91E9BAF9A,0.5
ID_F4C5F2D884,0.5
ID_44505787C0,0.5
ID_1F6D736326,0.5
ID_E87089D38C,0.5
ID_504B19F70C,0.5
ID_0417D7763E,0.5
ID_1332AB9C8A,0.5
ID_0DE18FE95C,0.5
ID_15396D44E3,0.5
ID_15DFD937A8,0.5
ID_0B845823A5,0.5
ID_C7B63F6AFF,0.5
ID_689B08558D,0.5
ID_2D5C9054F9,0.5
ID_BABF682B85,0.5
ID_6017CFB3EA,0.5
ID_8E5019884F,0.5
ID_4C7A796CDF,0.5
ID_D48702BC45,0.5
ID_FCE4C0FE1A,0.5
ID_CD2EE77719,0.5
ID_4055DE3DDD,0.5
ID_666F056E6C,0.5
ID_5017DA0ECA,0.5
ID_644DDF9FD1,0.5
ID_779D636524,0.5
ID_A6F41CA71B,0.5
ID_6D3DB56CFD,0.5
ID_CF4A77B094,0.5
ID_6D24C3DD47,0.5
ID_772703EFC2,0.5
ID_4CB454CA0B,0.5
ID_585ECD7204,0.5
ID_EABD4CA817,0.5
ID_6DF5F83907,0.5
ID_8DB5DC614F,0.5
ID_20E7EC767F,0.5
ID_FC64E694BA,0.5
ID_6F42FBDCE9,0.5
ID_0749876A95,0.5
ID_5BCA88AAB4,0.5
ID_7B17BC316E,0.5
ID_40309D6844,0.5
ID_D90754ECD1,0.5
ID_732B6FAF65,0.5
ID_41319A53E6,0.5
ID_0DE50A99B1,0.5
ID_614ECEFE30,0.5
ID_BC1C7DCAAF,0.5
ID_8ADD91B68D,0.5
ID_2634E7BC07,0.5
ID_B8B5CF4A23,0.5
ID_584A9C8196,0.5
ID_D44D7E0D5F,0.5
ID_824F469884,0.5
ID_0ADDE037A0,0.5
ID_51164EB5AB,0.5
ID_0DA1D41BDD,0.5
ID_9E393C3281,0.5
ID_334DB035E5,0.5
ID_6585401EB9,0.5
ID_320C93E9D4,0.5
ID_F26F91F99B,0.5
ID_FFC390A9C0,0.5
ID_0DA7B11ABF,0.5
ID_A858E1EAFB,0.5
ID_2A38CC731D,0.5
ID_62DB5BAC6C,0.5
ID_088D40DB6C,0.5
ID_EA896947A4,0.5
ID_24116E63D4,0.5
ID_D25F109E0C,0.5
ID_5D4947B0C1,0.5
ID_E3F54D129D,0.5
ID_25D37D775E,0.5
ID_88B6585B42,0.5
ID_E4357EB3A1,0.5
ID_E688FCF1A8,0.5
ID_4DE7BD8129,0.5
ID_DCEED69AA7,0.5
ID_71C16840B1,0.5
ID_BEDA0A2ECB,0.5
ID_D2178BEBBC,0.5
ID_288D71E747,0.5
ID_A2A4332727,0.5
ID_BCE42852A2,0.5
ID_159C6F00D1,0.5
ID_0F9EE28361,0.5
ID_BB4EAB3818,0.5
ID_C62112F886,0.5
ID_C8EC13E1B0,0.5
ID_26435E26A8,0.5
ID_64266D2C75,0.5
ID_9BCD253A6B,0.5
ID_D9BAD1605C,0.5
ID_000606FF89,0.5
ID_E5545AD8D4,0.5
ID_7FD95883F0,0.5
ID_AA29D25174,0.5
ID_DB5852F11E,0.5
ID_CCC98CA118,0.5
ID_45E2F2EDB9,0.5
ID_7A29611985,0.5
ID_52CEE9B816,0.5
ID_F405E53D6F,0.5
ID_D2110F94D9,0.5
ID_8E05641A3F,0.5
ID_8CD3452555,0.5
ID_A9AB7A0DA7,0.5
ID_7495542B9C,0.5
ID_4C095F7023,0.5
ID_244DEEEDA9,0.5
ID_6B9B6D45C3,0.5
ID_A4AF760837,0.5
ID_9C1FB64843,0.5
ID_6B523F9EDF,0.5
ID_0C5F17463B,0.5
ID_E0D70F83F3,0.5
ID_BBA90424E6,0.5
ID_9AE2F1323E,0.5
ID_CFA4BBCC81,0.5
ID_3AF0D78CB7,0.5
ID_F87E265344,0.5
ID_045ED7284F,0.5
ID_18CEE7FCE4,0.5
ID_5B2D287D8C,0.5
ID_499DEE98B3,0.5
ID_3680C2C6AC,0.5
ID_FCE7CB6F3C,0.5
ID_B43C04AEC0,0.5
ID_87FCF1A891,0.5
ID_EB898F81A4,0.5
ID_B0C86101F4,0.5
ID_4FCA4F2FA3,0.5
ID_3AA4C06FBD,0.5
ID_94B661FC35,0.5
ID_ACFF4E6ACA,0.5
ID_9E8DBB3A1A,0.5
ID_1D014E4B54,0.5
ID_01BC77970B,0.5
ID_5EAE86D162,0.5
ID_CD00D5678B,0.5
ID_8F23144316,0.5
ID_B51F8824E3,0.5
ID_631C1DA41A,0.5
ID_B0E2F6D063,0.5
ID_073AD123DB,0.5
ID_50664B6128,0.5
ID_BD7F7ADF48,0.5
ID_1DA896478C,0.5
ID_CCEEC52F66,0.5
ID_1E5ED72ADB,0.5
ID_709D6FA512,0.5
ID_27570954AB,0.5
ID_15667B714E,0.5
ID_2F4CA17ACB,0.5
ID_412B0DC055,0.5
ID_8324B8B660,0.5
ID_EA26B49A4D,0.5
ID_04F87138F0,0.5
ID_2F992ED602,0.5
ID_EF58CCFD80,0.5
ID_F65CB6522E,0.5
ID_98CFDE1F09,0.5
ID_458ED3D6E6,0.5
ID_33397E261C,0.5
ID_25D7CE689D,0.5
ID_8B4C7F7126,0.5
ID_D66B5EE94A,0.5
ID_F78A6ABD51,0.5
ID_80871CE069,0.5
ID_5B085BB494,0.5
ID_112127FC27,0.5
ID_AE1D217998,0.5
ID_148725CE13,0.5
ID_3ADFCE83F3,0.5
ID_39F689707D,0.5
ID_7B9294E1E3,0.5
ID_DD1602D312,0.5
ID_78377C9165,0.5
ID_A9918E6134,0.5
ID_0FDBE6747A,0.5
ID_20DC6A819A,0.5
ID_E8FF94CF21,0.5
ID_83672E94F3,0.5
ID_D89DE8C9AE,0.5
ID_675F5580C2,0.5
ID_457A1F078F,0.5
ID_E21DE55CBA,0.5
ID_174B89DED6,0.5
ID_500BFE65ED,0.5
ID_3DA2115F26,0.5
ID_61B5C8B5BD,0.5
ID_B710D317C7,0.5
ID_B53D834BCE,0.5
ID_ED41E5C4CF,0.5
ID_C216CE5F59,0.5
ID_7D83DC7CEC,0.5
ID_D13DD0BFDA,0.5
ID_3B556CF261,0.5
ID_36EAC7DCCE,0.5
ID_B069835BAE,0.5
ID_E17037B1FB,0.5
ID_267286151E,0.5
ID_160C805900,0.5
ID_166B802DAD,0.5
ID_64C84C150E,0.5
ID_5E69BFFC01,0.5
ID_9C84DBDC1D,0.5
ID_8FA7992F39,0.5
ID_4B78F86E17,0.5
ID_146D3450E2,0.5
ID_7820B1ED07,0.5
ID_F44BCA2800,0.5
ID_6D4E229A83,0.5
ID_8A008EEA10,0.5
ID_3D5850257E,0.5
ID_5A6D503BB5,0.5
ID_EC164A9D0C,0.5
ID_2269C08A38,0.5
ID_981D042321,0.5
ID_B7B9C54F77,0.5
ID_960A02584A,0.5
ID_D22C71F8F0,0.5
ID_894BDB0690,0.5
ID_21CF9B6804,0.5
ID_FADF936156,0.5
ID_DBF405CA8D,0.5
ID_DEF98FEFD4,0.5
ID_98DDA45B37,0.5
ID_57CBB00719,0.5
ID_2377C564AE,0.5
ID_D7CA65F42F,0.5
ID_ED4158D702,0.5
ID_52A68FF911,0.5
ID_CB600398E6,0.5
ID_6CB5308D79,0.5
ID_3E91DF2B31,0.5
ID_45C0ADD5ED,0.5
ID_FB1822FDA3,0.5
ID_AEC24F218A,0.5
ID_278D8DA1F1,0.5
ID_3F4855FFA6,0.5
ID_151D395EAD,0.5
ID_85D50C3A73,0.5
ID_B9AF55C5F1,0.5
ID_6513C10347,0.5
ID_17FD771988,0.5
ID_F9F5FE2C8F,0.5
ID_7D859DD510,0.5
ID_928511F199,0.5
ID_07EFD499B2,0.5
ID_3B83BA6C6F,0.5
ID_916390D3DA,0.5
ID_B5AB02C213,0.5
ID_7802655D75,0.5
ID_C82A32F893,0.5
ID_9A606996D0,0.5
ID_9E324B24D6,0.5
ID_0FBB812479,0.5
ID_D4CD7A366C,0.5
ID_2435307429,0.5
ID_42EA47D60C,0.5
ID_AF511A19E2,0.5
ID_84FAF23350,0.5
ID_5AF08B71DE,0.5
ID_EA14F1525A,0.5
ID_C5A72A2447,0.5
ID_6DCFAD8329,0.5
ID_08C3B59FC9,0.5
ID_653861FD18,0.5
ID_536BEA1801,0.5
ID_3D72F7B1AE,0.5
ID_835582CF95,0.5
ID_22D6925883,0.5
ID_F0DD412EE5,0.5
ID_9BB855FBD0,0.5
ID_845556C11D,0.5
ID_094562AC6B,0.5
ID_C4FFE981F0,0.5
ID_EFB1E23D5E,0.5
ID_9A122E01E3,0.5
ID_9177C6D9F3,0.5
ID_1B0746EAD1,0.5
ID_FBD8769DEA,0.5
ID_3D9F050D45,0.5
ID_4BA992AB68,0.5
ID_CAD5FAA3F9,0.5
ID_9678B91025,0.5
ID_91F7140F78,0.5
ID_8E7F28F1A5,0.5
ID_754D67B0C9,0.5
ID_C88B222BC1,0.5
ID_334CBC8DEA,0.5
ID_5655ABAA33,0.5
ID_ED59C406FE,0.5
ID_E83770D7EF,0.5
ID_42A6E359C2,0.5
ID_FD9AB9E8CE,0.5
ID_53F1569A6D,0.5
ID_5813A0176F,0.5
ID_1E6D2A3FB5,0.5
ID_64CFF10C6B,0.5
ID_8518438AF3,0.5
ID_88117F5C5E,0.5
ID_2310D39B8E,0.5
ID_D56DA60A4C,0.5
ID_D273C1C3E6,0.5
ID_F29F297780,0.5
ID_F2C7D9F93A,0.5
ID_EDF19136F2,0.5
ID_836B2975E7,0.5
ID_2B8643B95D,0.5
ID_CEBD636266,0.5
ID_18B0CF21FA,0.5
ID_C33D6A4C25,0.5
ID_CDFE351C83,0.5
ID_A3380B3675,0.5
ID_D3B8F0FD80,0.5
ID_BE20C3AA7A,0.5
ID_BB170175F7,0.5
ID_5A0A3B0947,0.5
ID_75D19A1803,0.5
ID_C5CF5DEE35,0.5
ID_4839761BF0,0.5
ID_4FB811169B,0.5
ID_5DD07221D6,0.5
ID_FC16D754ED,0.5
ID_08CCA865F5,0.5
ID_12F938A8E9,0.5
ID_072705D8DA,0.5
ID_4B466B2DB3,0.5
ID_D7D5CCAE72,0.5
ID_729A28F714,0.5
ID_ECA81B4547,0.5
ID_BBEAEF3E04,0.5
ID_3CD74C53A7,0.5
ID_737265100D,0.5
ID_E1F4E8E7AC,0.5
ID_7BC1D38837,0.5
ID_4B6BAF682B,0.5
ID_F258EC6126,0.5
ID_4E8C4076E0,0.5
ID_D59B224F45,0.5
ID_D9602E0294,0.5
ID_5B2358280A,0.5
ID_123F5238D3,0.5
ID_59280A48B0,0.5
ID_D514B201DF,0.5
ID_456D9DC3D8,0.5
ID_1FDB9861DE,0.5
ID_1926790798,0.5
ID_7D770AD017,0.5
ID_36B71C5F40,0.5
ID_468C5ED49B,0.5
ID_BCBF2A1F31,0.5
ID_78FB15FF75,0.5
ID_AE0EC1C53C,0.5
ID_6A516497DD,0.5
ID_0CA3C860A6,0.5
ID_52CCB80BA1,0.5
ID_4EC4F1F7D0,0.5
ID_14B94A0418,0.5
ID_B51763856C,0.5
ID_1FDF4561B2,0.5
ID_F8D7149E4F,0.5
ID_FD804A7DBF,0.5
ID_6C4CD37A2D,0.5
ID_5AD44A89DD,0.5
ID_B0B7DBBA6A,0.5
ID_7E7175810E,0.5
ID_77C3B22139,0.5
ID_E7D5E7F94D,0.5
ID_FC714D2D63,0.5
ID_911BF598D0,0.5
ID_F25DBA697F,0.5
ID_4E1325AC78,0.5
ID_77946DA34E,0.5
ID_818934CE05,0.5
ID_43ED778005,0.5
ID_1CBE098AC4,0.5
ID_ECC7EF37BC,0.5
ID_C0AEF54A67,0.5
ID_FFD85AC831,0.5
ID_FA6CB9AA85,0.5
ID_75F210FAF6,0.5
ID_07B4E9DA8D,0.5
ID_E49A83F26C,0.5
ID_372C765BAF,0.5
ID_C75A09B5FB,0.5
ID_54E6F6E7DE,0.5
ID_2047DF09C2,0.5
ID_4AF7395C53,0.5
ID_9E155238E4,0.5
ID_765C5C2193,0.5
ID_974FBE3C95,0.5
ID_F307D39845,0.5
ID_960183FC8C,0.5
ID_F09CDB3842,0.5
ID_63294F2590,0.5
ID_27EAB6ECBD,0.5
ID_DAA8E0981E,0.5
ID_EC12627212,0.5
ID_A27E9D023B,0.5
ID_5B9A9F83BB,0.5
ID_A19EAF9B89,0.5
ID_F9958CE795,0.5
ID_2343354F7B,0.5
ID_30CF854131,0.5
ID_9CBB93ABF7,0.5
ID_E35BC3A062,0.5
ID_68BCF825A8,0.5
ID_EF2EE6D142,0.5
ID_9FA83D7790,0.5
ID_89A4FBB631,0.5
ID_C389FFF69D,0.5
ID_B6FB30266B,0.5
ID_424279B294,0.5
ID_880BFD5F17,0.5
ID_B86B21DE58,0.5
ID_4E1838C8C3,0.5
ID_71B910CB0A,0.5
ID_6993650994,0.5
ID_357B26E67E,0.5
ID_D71E14D268,0.5
ID_41217C54AF,0.5
ID_9DD8229DA2,0.5
ID_CAE6F941CC,0.5
ID_AE51D1DE4A,0.5
ID_36E33F88A2,0.5
ID_E9D3EE89A9,0.5
ID_71966A7F7C,0.5
ID_F598A66A5F,0.5
ID_AE3934035B,0.5
ID_F72547482E,0.5
ID_AF979C5EC3,0.5
ID_163C06764C,0.5
ID_AB7647F5E0,0.5
ID_15FB25AFC2,0.5
ID_F584C5449D,0.5
ID_05BA84E119,0.5
ID_6D9CA838CB,0.5
ID_F96754BF7C,0.5
ID_CE49527249,0.5
ID_CBC99D95CE,0.5
ID_B96815DF03,0.5
ID_14F17CDEBD,0.5
ID_D26CFBA497,0.5
ID_332C69DCFE,0.5
ID_06187BF3CF,0.5
ID_31A87A98CC,0.5
ID_8ADB49127F,0.5
ID_6BD15F8409,0.5
ID_571A90BBBA,0.5
ID_BAFC01F164,0.5
ID_A490D909CC,0.5
ID_6C33C17CB2,0.5
ID_9898475930,0.5
ID_5A424B06CA,0.5
ID_5F98DFB9B0,0.5
ID_A6B2DE8F04,0.5
ID_E0D12B91D6,0.5
ID_476F105DEE,0.5
ID_AC61DC03FC,0.5
ID_3589E599B3,0.5
ID_CA4346B2F2,0.5
ID_19F74026F6,0.5
ID_49D2318297,0.5
ID_7B9710B18C,0.5
ID_3B837A8797,0.5
ID_9701470B50,0.5
ID_18401168DE,0.5
ID_E7BD202FB2,0.5
ID_5A6A91889B,0.5
ID_F42BA9D9BD,0.5
ID_7AF88BA0FF,0.5
ID_B99DC96343,0.5
ID_11E712DAC4,0.5
ID_C47F15AA38,0.5
ID_251E69FE71,0.5
ID_4C80F3614C,0.5
ID_3E918FD764,0.5
ID_2D5B6A95DE,0.5
ID_37AAC6A739,0.5
ID_5D9CDF27E6,0.5
ID_C153652943,0.5
ID_FC2F0BAAE8,0.5
ID_22F6CCB9DB,0.5
ID_C660274B3B,0.5
ID_08C00F0FCE,0.5
ID_FE3B5AFA09,0.5
ID_1AFD864DCF,0.5
ID_207DBB320E,0.5
ID_712F595531,0.5
ID_E67321FFFD,0.5
ID_87D4A109D2,0.5
ID_E52DB64DC8,0.5
ID_E93FB2E676,0.5
ID_C846558BEB,0.5
ID_C72C22AE58,0.5
ID_1206794DB4,0.5
ID_BA669DB631,0.5
ID_0535DD3F42,0.5
ID_1B92A94C3B,0.5
ID_F2215BC917,0.5
ID_6D7019F1FF,0.5
ID_DDBF10C817,0.5
ID_573E1AC0C2,0.5
ID_38D35E328D,0.5
ID_87D12BF6FE,0.5
ID_D1F4DD3DE9,0.5
ID_13D02F5B36,0.5
ID_9FC488BD1A,0.5
ID_31B033A5AA,0.5
ID_5625F48CD6,0.5
ID_B63ED49D88,0.5
ID_579D6BF722,0.5
ID_EEB2CB8F4F,0.5
ID_8392F636D0,0.5
ID_F62AF4E6E9,0.5
ID_ECD797C8CF,0.5
ID_636B9F42FD,0.5
ID_B2C6654523,0.5
ID_B6399875B7,0.5
ID_41260B7C26,0.5
ID_09616E1B1E,0.5
ID_94E550CCA3,0.5
ID_C15BA67508,0.5
ID_337555C253,0.5
ID_16ADF0BE02,0.5
ID_BD4558CA76,0.5
ID_BB30C9F849,0.5
ID_7194EE6396,0.5
ID_85A1842311,0.5
ID_1BEFC00767,0.5
ID_F77ED0C355,0.5
ID_2D5A129162,0.5
ID_3B18894809,0.5
ID_1D8EF8FE9D,0.5
ID_5074156EA5,0.5
ID_D15D3AFD7C,0.5
ID_3E4B5A698D,0.5
ID_3854BE8186,0.5
ID_5002B234B7,0.5
ID_FD8222F2E9,0.5
ID_0049739CE4,0.5
ID_4634C67A46,0.5
ID_367E3729E3,0.5
ID_08F8FAA2BF,0.5
ID_5AB6CCD6BF,0.5
ID_A5C1076D60,0.5
ID_13704497F3,0.5
ID_2CF9BAC28F,0.5
ID_FBCD84FE24,0.5
ID_82FB1C17E7,0.5
ID_4CEBCFE342,0.5
ID_E59C7628EB,0.5
ID_DCC7D629BD,0.5
ID_CCDFB94288,0.5
ID_14D4F97541,0.5
ID_4C0757613C,0.5
ID_D84A6B1898,0.5
ID_3FE50DC477,0.5
ID_EEBB499021,0.5
ID_BA9556F6F6,0.5
ID_72CBCE069B,0.5
ID_DE305E70FE,0.5
ID_1AB36ED7AE,0.5
ID_A14075397D,0.5
ID_29A00B60F7,0.5
ID_28CC6CFE87,0.5
ID_6D981E8C86,0.5
ID_A18D51C66B,0.5
ID_E006602F95,0.5
ID_AB2EE70F6F,0.5
ID_C23801C78C,0.5
ID_F730001342,0.5
ID_0A113AFCD0,0.5
ID_AACD112CCA,0.5
ID_AC138D7624,0.5
ID_A35E34A0C6,0.5
ID_AC8F06E9FF,0.5
ID_A251CC613F,0.5
ID_D9A82BA5BE,0.5
ID_B9A4876ABE,0.5
ID_54448B1F49,0.5
ID_59E0A0688C,0.5
ID_0A8E7F7E6F,0.5
ID_DF8E54B633,0.5
ID_08BE49D8FA,0.5
ID_ED51B70739,0.5
ID_952DD82347,0.5
ID_195904CF61,0.5
ID_D0ABD743B3,0.5
ID_B94BB14012,0.5
ID_ACD4BA63E9,0.5
ID_B8C3101A18,0.5
ID_3421873776,0.5
ID_DB3A36DC49,0.5
ID_9107DF8E58,0.5
ID_AB0E31DE1C,0.5
ID_1C9D76E5E7,0.5
ID_C710A5B7ED,0.5
ID_6487ED9BA2,0.5
ID_BF7B387B90,0.5
ID_098592D351,0.5
ID_A4EF967BD5,0.5
ID_E22628151A,0.5
ID_2EC2872FC7,0.5
ID_B295949140,0.5
ID_60F774670C,0.5
ID_DB85BE7CFB,0.5
ID_C040123BF3,0.5
ID_0BD357CFD7,0.5
ID_3470887972,0.5
ID_F12D8FC1BB,0.5
ID_691D56F0A5,0.5
ID_2D8B58521C,0.5
ID_3E42FA7D83,0.5
ID_8C76354C3B,0.5
ID_9B0A99FF59,0.5
ID_8F9FBD28D9,0.5
ID_9F6CB94265,0.5
ID_5A8369379C,0.5
ID_4AA9CE297D,0.5
ID_E18AFC076A,0.5
ID_481E559C2E,0.5
ID_2CCFE9E420,0.5
ID_CEC4049EA0,0.5
ID_4ACA774D45,0.5
ID_10286D129E,0.5
ID_1F99E67BBD,0.5
ID_9298184251,0.5
ID_8A1C79C0A3,0.5
ID_CB0F2AF306,0.5
ID_1ABB5E99F4,0.5
ID_C3D0257137,0.5
ID_5FF80CE9C7,0.5
ID_8F1573E4A9,0.5
ID_17F915C02F,0.5
ID_8FFE3197BD,0.5
ID_C26D5CAB72,0.5
ID_4E1447D301,0.5
ID_2F6EC40B4F,0.5
ID_784DC7AE24,0.5
ID_1E3EC58551,0.5
ID_0CF26DD3A8,0.5
ID_D5C3D7B9CE,0.5
ID_F8E39D5F44,0.5
ID_E66CA3E185,0.5
ID_1969FCAD4E,0.5
ID_795B081EDE,0.5
ID_7D7036D263,0.5
ID_3D0EF1EFC1,0.5
ID_84A9FE988C,0.5
ID_34108E9C95,0.5
ID_2D39651470,0.5
ID_083F53E096,0.5
ID_2EB8690E49,0.5
ID_1426F127A5,0.5
ID_38108994FB,0.5
ID_A7B4025B7E,0.5
ID_690300865C,0.5
ID_5457F038F1,0.5
ID_1F32F1F3B0,0.5
ID_BC004E7AF7,0.5
ID_DBAC11E89F,0.5
ID_84AE8693BE,0.5
ID_550517BFAB,0.5
ID_1CB55B7661,0.5
ID_B7D244C9D5,0.5
ID_1F15D3E82A,0.5
ID_70BC5C9694,0.5
ID_278E78655A,0.5
ID_33483E6768,0.5
ID_6ACEA4F7EE,0.5
ID_36C72C9D0F,0.5
ID_88F6ECEAEF,0.5
ID_2061A01107,0.5
ID_953FA7D386,0.5
ID_8CF9FA0A27,0.5
ID_DF061E69F6,0.5
ID_826599D524,0.5
ID_B859AB7BFA,0.5
ID_FFE26F2652,0.5
ID_C3B20A695A,0.5
ID_D381C458BA,0.5
ID_8B607DB786,0.5
ID_6DFD477569,0.5
ID_E24170FF10,0.5
ID_8F6B639677,0.5
ID_3D3188FF0E,0.5
ID_10C758F3EE,0.5
ID_4BC513E0C7,0.5
ID_53F9F7395C,0.5
ID_837341EA1D,0.5
ID_741F9565E5,0.5
ID_9D52E49795,0.5
ID_FBF941094D,0.5
ID_C5ED06DCBD,0.5
ID_A00203C432,0.5
ID_D220771087,0.5
ID_DEA7122E55,0.5
ID_EE91BD4508,0.5
ID_5571512CD2,0.5
ID_5166DBB832,0.5
ID_E8F456DF94,0.5
ID_24C47C645D,0.5
ID_9539D859C0,0.5
ID_C2C24E6E8C,0.5
ID_10D1702842,0.5
ID_A5B16331B6,0.5
ID_B234044B20,0.5
ID_B20D0AF6E0,0.5
ID_B85D230527,0.5
ID_2DEF6E6F30,0.5
ID_3325A3B7AF,0.5
ID_F15846A3F0,0.5
ID_1925F0EFB4,0.5
ID_3518B0DDD9,0.5
ID_1FD8B0BF8B,0.5
ID_7CEF90D261,0.5
ID_D17E836B1E,0.5
ID_56A2DDFD35,0.5
ID_21DBCAB945,0.5
ID_6B60560242,0.5
ID_37AA580967,0.5
ID_739A8E4664,0.5
ID_F0DE710C4C,0.5
ID_3CF1AAF90F,0.5
ID_9545D1349A,0.5
ID_8B5BD55844,0.5
ID_81B7164DE3,0.5
ID_C4636B6365,0.5
ID_426C7BBDCA,0.5
ID_A82B4BA618,0.5
ID_62FC736C28,0.5
ID_8836B80305,0.5
ID_9C02530B2B,0.5
ID_4DC64D6B36,0.5
ID_1976DCD6CA,0.5
ID_FE4DA53CE1,0.5
ID_B84094B6A3,0.5
ID_291DF34DB7,0.5
ID_213060295A,0.5
ID_2D8FF25583,0.5
ID_A75A7E7DB5,0.5
ID_63073C5421,0.5
ID_2D67AC36C7,0.5
ID_4991D4017B,0.5
ID_6B23C30018,0.5
ID_87988921B6,0.5
ID_85D3CCBDEE,0.5
ID_8A15588031,0.5
ID_D87DB06B5C,0.5
ID_77DBD8C9D2,0.5
ID_6BED3470F8,0.5
ID_9CCB77984A,0.5
ID_C896B54E38,0.5
ID_AD1D2CE45D,0.5
ID_98F9216423,0.5
ID_AC73ABAE13,0.5
ID_4698679831,0.5
ID_604A8BE61D,0.5
ID_60A9DAEFCB,0.5
ID_8482BB2F78,0.5
ID_A2E2DAE915,0.5
ID_75CF89712F,0.5
ID_CF30ADA0FD,0.5
ID_D21DC429DA,0.5
ID_F655CA3DB8,0.5
ID_844BCBD4A6,0.5
ID_414FE4DED8,0.5
ID_A35078F1FA,0.5
ID_4AADC2CE5B,0.5
ID_919E076CBE,0.5
ID_FA74B74E89,0.5
ID_92056327F7,0.5
ID_5EFBD54ACD,0.5
ID_AA5875A964,0.5
ID_C527B763EE,0.5
ID_4216013E05,0.5
ID_D9E15AA96F,0.5
ID_7A2A7DEBFF,0.5
ID_FBDABE39CE,0.5
ID_5057369422,0.5
ID_44C6F8A12E,0.5
ID_5550DB16A4,0.5
ID_1BCA169236,0.5
ID_CBAFC00524,0.5
ID_33A4AF14EB,0.5
ID_CA5E3F548C,0.5
ID_35A798E91E,0.5
ID_D6E8126BA2,0.5
ID_1295B65CB9,0.5
ID_83DF6541BB,0.5
ID_2182F5F37B,0.5
ID_F5684980E8,0.5
ID_928B89F9A3,0.5
ID_B22BD12D88,0.5
ID_CEE5033CC5,0.5
ID_F1A890C348,0.5
ID_C95AF40AF2,0.5
ID_B0F95866F8,0.5
ID_EB35527EFD,0.5
ID_142D01C22E,0.5
ID_F80F9F8802,0.5
ID_53D098337F,0.5
ID_067CB0DA19,0.5
ID_389A68543E,0.5
ID_DBA0CB5D64,0.5
ID_6A14798258,0.5
ID_71C5810EA1,0.5
ID_821389E0EC,0.5
ID_8194499C46,0.5
ID_F499B3DCD4,0.5
ID_6418710A82,0.5
ID_15A1772EFB,0.5
ID_B88FB7F7C9,0.5
ID_60445AE808,0.5
ID_34C667751D,0.5
ID_6596C0DC6A,0.5
ID_054F85A410,0.5
ID_46E129EF66,0.5
ID_2304A4D405,0.5
ID_E6C487F642,0.5
ID_D000AF171F,0.5
ID_AADF7C9380,0.5
ID_FCDE2A4D04,0.5
ID_F1C72D0744,0.5
ID_9F35D28D7F,0.5
ID_44F782F654,0.5
ID_C069F23DCF,0.5
ID_BDD61849BA,0.5
ID_DFAF28EE0F,0.5
ID_3F8B5F655E,0.5
ID_09D3469783,0.5
ID_05EDE8DA33,0.5
ID_2E9A61CA43,0.5
ID_C1DD2FFD0E,0.5
ID_9CD75F7384,0.5
ID_1B0FB320A9,0.5
ID_BB2EB89E1E,0.5
ID_8BBD57A91D,0.5
ID_609A90FB60,0.5
ID_8FEF70D887,0.5
ID_1B26965477,0.5
ID_B8915B0CA4,0.5
ID_B755ED7AA7,0.5
ID_3E3B553540,0.5
ID_6778778006,0.5
ID_6A1142295B,0.5
ID_0993ABEBAA,0.5
ID_133D16B755,0.5
ID_010A5E1313,0.5
ID_F0DB6EAFDD,0.5
ID_08BEEBB262,0.5
ID_0F81C5882D,0.5
ID_2E9B8C145D,0.5
ID_B2FCB1A29B,0.5
ID_BF825199D2,0.5
ID_D1B5F80B34,0.5
ID_67DB9B574B,0.5
ID_90EB28F72B,0.5
ID_22D884C7B9,0.5
ID_1CEC754302,0.5
ID_E90CA41EF0,0.5
ID_3FC01ED7F3,0.5
ID_18ABBF61EE,0.5
ID_94CB7E31ED,0.5
ID_D16BDDB974,0.5
ID_15D3ABA498,0.5
ID_2252DC15DC,0.5
ID_2FB057ADA7,0.5
ID_344852F2A5,0.5
ID_018BB08829,0.5
ID_47DE686137,0.5
ID_F8A4D5857C,0.5
ID_5856C49317,0.5
ID_7F3478F3F1,0.5
ID_FC2ABAC3A5,0.5
ID_34D16ED844,0.5
ID_1DCDD960A2,0.5
ID_FBB0F1B98B,0.5
ID_ED64F02170,0.5
ID_60F0E21E27,0.5
ID_F4E68EB189,0.5
ID_C77CA7B22D,0.5
ID_A4D8FFB25F,0.5
ID_7F17F26E41,0.5
ID_4E6FFF0566,0.5
ID_A40E0F12E2,0.5
ID_9519C80E9B,0.5
ID_8E33B84FB2,0.5
ID_77C24C6B49,0.5
ID_69113B19E6,0.5
ID_F0DDF552EE,0.5
ID_78F5E93E94,0.5
ID_1B1AA1117B,0.5
ID_C0622B0608,0.5
ID_0110A1E900,0.5
ID_53E0D0B32A,0.5
ID_2727385480,0.5
ID_F41B5E78F0,0.5
ID_E9798C96EE,0.5
ID_FA49A27550,0.5
ID_E61F9F8091,0.5
ID_6A0684055F,0.5
ID_8B51D1118D,0.5
ID_DF588FE3D9,0.5
ID_E7C8DFB66A,0.5
ID_9673934A22,0.5
ID_7583E2B347,0.5
ID_AB8233347D,0.5
ID_376BD30E5D,0.5
ID_339FF5D213,0.5
ID_470FD555AA,0.5
ID_EFD2670553,0.5
ID_FCB6CE315E,0.5
ID_9CFD7FB66E,0.5
ID_BEABCB0760,0.5
ID_434FF6CD40,0.5
ID_42AAFD73DD,0.5
ID_50DCE7F1EA,0.5
ID_2D6C7DB8FC,0.5
ID_253DD3DBF8,0.5
ID_8FE26013A0,0.5
ID_F765E7CD76,0.5
ID_8F7521BBF5,0.5
ID_1FE9076823,0.5
ID_7B74660FC1,0.5
ID_91E698E033,0.5
ID_B144E079E4,0.5
ID_3496006F41,0.5
ID_104813D809,0.5
ID_4FBC3B4D94,0.5
ID_C45271DE2E,0.5
ID_B26DF84E7E,0.5
ID_E9F3D21CE2,0.5
ID_D2D61EA3F2,0.5
ID_F313BEDCC1,0.5
ID_325A48739B,0.5
ID_F83A74B1C5,0.5
ID_2B3D5B1E08,0.5
ID_37F0EA82E8,0.5
ID_B56CEB0174,0.5
ID_6E069CD223,0.5
ID_B4471599BF,0.5
ID_913272AD85,0.5
ID_04A1AFEAEA,0.5
ID_4299D52409,0.5
ID_48E84D56CA,0.5
ID_E2E07B1F81,0.5
ID_800EA76A47,0.5
ID_8C83D92DA7,0.5
ID_6E537D63A4,0.5
ID_75B5887FBB,0.5
ID_1568E3C38C,0.5
ID_FE1E3D6431,0.5
ID_B395619A7F,0.5
ID_A887D93393,0.5
ID_019797FB95,0.5
ID_AC760A42F2,0.5
ID_ED53F1E193,0.5
ID_054A30D86A,0.5
ID_F715CAE9B9,0.5
ID_37FAA795A7,0.5
ID_E47412B843,0.5
ID_399C0C799E,0.5
ID_153FEF1780,0.5
ID_71D10184BF,0.5
ID_0AB0749870,0.5
ID_21CCD43D5B,0.5
ID_6F28097B5B,0.5
ID_EA15BED911,0.5
ID_42EBB1773E,0.5
ID_8A00449033,0.5
ID_A110090694,0.5
ID_0AED4641A4,0.5
ID_F135F51D6B,0.5
ID_680D4E07F7,0.5
ID_48F141EBCF,0.5
ID_F0031EA232,0.5
ID_81275D6CC0,0.5
ID_5105E34C14,0.5
ID_25CC18B4A6,0.5
ID_EAB3D05713,0.5
ID_A4C6774B40,0.5
ID_D23ECE6A86,0.5
ID_D5B68D1CEE,0.5
ID_DFAAD4E208,0.5
ID_027DEBB54C,0.5
ID_1BDFBEC5DB,0.5
ID_F345CF639E,0.5
ID_6F27DB723A,0.5
ID_F6D01E8FB2,0.5
ID_921DB3243E,0.5
ID_569FF1856B,0.5
ID_0DE30A61F2,0.5
ID_0761C8EACB,0.5
ID_76FFE81FC0,0.5
ID_D53BBA1BA1,0.5
ID_CEEADF777B,0.5
ID_5342E1EB18,0.5
ID_9DBF254093,0.5
ID_B09E68E06B,0.5
ID_7FA9FF45A6,0.5
ID_026C4B5C23,0.5
ID_B6D2E2A07C,0.5
ID_94C3C288EF,0.5
ID_B491848A33,0.5
ID_2D5281F4A3,0.5
ID_CB24092C91,0.5
ID_FFF89DFF29,0.5
ID_B2C22C97BA,0.5
ID_85EC458EDA,0.5
ID_B7E203D00E,0.5
ID_3E6315ECF3,0.5
ID_4515EF6A10,0.5
ID_501C3DF64B,0.5
ID_2A745245BE,0.5
ID_7BC60601CB,0.5
ID_62C5614AAF,0.5
ID_D3113C6E3B,0.5
ID_002A70DAD9,0.5
ID_DC5E131FA5,0.5
ID_C21204C2A7,0.5
ID_C703B61F1D,0.5
ID_EB57A33451,0.5
ID_497B0517FA,0.5
ID_3ADD72B45B,0.5
ID_303C959009,0.5
ID_888001D163,0.5
ID_63244139B0,0.5
ID_8544E398F8,0.5
ID_8967D210AB,0.5
ID_B162FAE2FC,0.5
ID_71BF27E620,0.5
ID_2A1E9F2F82,0.5
ID_D649605D15,0.5
ID_4F7A30EFAB,0.5
ID_08BD058C2B,0.5
ID_F42B8C5748,0.5
ID_34B7A9DD38,0.5
ID_5A881B5252,0.5
ID_771D5EBBC6,0.5
ID_308C318B0D,0.5
ID_35804C39B8,0.5
ID_6B8AE497BE,0.5
ID_4BA099FC7C,0.5
ID_DB49085DB3,0.5
ID_D49302C295,0.5
ID_4B99816124,0.5
ID_4E57D91A2B,0.5
ID_3EAF689B12,0.5
ID_52C90A8EDA,0.5
ID_ED4E608B58,0.5
ID_69AE3B8D57,0.5
ID_18AD6D14FE,0.5
ID_6DF08CEC6F,0.5
ID_AB8B32F826,0.5
ID_BDDB3BAA8F,0.5
ID_E3E06C3CE2,0.5
ID_74F50EECA5,0.5
ID_22EF24DE98,0.5
ID_8C3E59D33B,0.5
ID_5DD32006FB,0.5
ID_F6DD040169,0.5
ID_72B611F73D,0.5
ID_20B30ED664,0.5
ID_DA7172C80D,0.5
ID_7B9C2819A0,0.5
ID_47DCDE4DFC,0.5
ID_9EBF2108F4,0.5
ID_4E80DF850B,0.5
ID_2A0A68901D,0.5
ID_41E222AA9E,0.5
ID_C0491C54AD,0.5
ID_FBEFA1BA7A,0.5
ID_C61404C7E9,0.5
ID_0EB47D37CA,0.5
ID_A6DBED45AF,0.5
ID_5D25E7851D,0.5
ID_12BC08EE65,0.5
ID_D6C8B44610,0.5
ID_6918D894BD,0.5
ID_415D1DED1C,0.5
ID_2A8784C63C,0.5
ID_0407A2C355,0.5
ID_0741FDC84A,0.5
ID_F51B7329FF,0.5
ID_3073B55007,0.5
ID_DACAFD51D1,0.5
ID_80DD52D4B3,0.5
ID_E457940FBE,0.5
ID_1C6EACEBCF,0.5
ID_B8CF017256,0.5
ID_4D2F36D00F,0.5
ID_C2C0EEEA52,0.5
ID_1384E93F43,0.5
ID_5DB432AFB6,0.5
ID_5439CC3072,0.5
ID_2C6E2A0F41,0.5
ID_87DA05B77A,0.5
ID_D1B5527FB1,0.5
ID_68C0F03837,0.5
ID_303968FCF6,0.5
ID_069A5613C5,0.5
ID_D9448C8A1A,0.5
ID_FE5F13ED34,0.5
ID_16C193E092,0.5
ID_6D9FAD8F48,0.5
ID_06A638C160,0.5
ID_93479BB870,0.5
ID_C75821DF62,0.5
ID_64D387C8A9,0.5
ID_A4B7A7DC03,0.5
ID_5DEA529EFD,0.5
ID_3BB2C4A7F2,0.5
ID_8E8B1FBE64,0.5
ID_FC3EB8F7A5,0.5
ID_222A9754DF,0.5
ID_63A2155EEB,0.5
ID_77DF9D4C9A,0.5
ID_1E775956DD,0.5
ID_F696482C32,0.5
ID_F3AD53672E,0.5
ID_1030BF6B87,0.5
ID_380EFF6BBD,0.5
ID_2D8091A6E6,0.5
ID_CC0E2E4881,0.5
ID_9FDB4103CB,0.5
ID_1D84049BBD,0.5
ID_5EC9D2A077,0.5
ID_CD2FE1EC02,0.5
ID_7C5CFB2B48,0.5
ID_9169ECE70C,0.5
ID_AE888D2681,0.5
ID_D3284B573E,0.5
ID_CEBE5522C6,0.5
ID_A1F13DE853,0.5
ID_5C5F3E1375,0.5
ID_3CDF5681C1,0.5
ID_F51D9DA885,0.5
ID_6C2C4CC3F5,0.5
ID_8EF35B4AD7,0.5
ID_F72419296A,0.5
ID_8A3DA25B10,0.5
ID_ACBECDDC87,0.5
ID_37B7228AF4,0.5
ID_F59D1154E6,0.5
ID_6CE927E2E5,0.5
ID_FD4BF3AF79,0.5
ID_F31D0D8B7D,0.5
ID_7CCCB2E22C,0.5
ID_994D92AC2E,0.5
ID_D0AF01CA5D,0.5
ID_ABBCC91B32,0.5
ID_F4CDFA0015,0.5
ID_2C1BA2931F,0.5
ID_F2BB2AA8EE,0.5
ID_6CFEE62F89,0.5
ID_49B0CACB0B,0.5
ID_F4D3542EC4,0.5
ID_5FC82A229D,0.5
ID_4968358B24,0.5
ID_5647F35BD7,0.5
ID_126CA21E7A,0.5
ID_B8C2252DA6,0.5
ID_51E449DFA7,0.5
ID_029F4A1124,0.5
ID_FF9C3C1872,0.5
ID_540405B317,0.5
ID_B20CA0BD0B,0.5
ID_3009AA37DC,0.5
ID_1BCF5DB926,0.5
ID_7C4637761F,0.5
ID_D6E1A9A21E,0.5
ID_885EE71E69,0.5
ID_68D98714EF,0.5
ID_B8D6A5FBB9,0.5
ID_6342204591,0.5
ID_4A75265BBB,0.5
ID_3250193B84,0.5
ID_A131DDC9A9,0.5
ID_9424E10762,0.5
ID_F2AFD9BD36,0.5
ID_09B52FA5F8,0.5
ID_031228D631,0.5
ID_8A575AC005,0.5
ID_A17CF1822C,0.5
ID_869350CF68,0.5
ID_F475343CBC,0.5
ID_37FCA14059,0.5
ID_A111B2552D,0.5
ID_E6900DD342,0.5
ID_A4D36D9D1C,0.5
ID_E2CEC5079D,0.5
ID_DEFE6B36FF,0.5
ID_92BCD7583A,0.5
ID_7C6925163E,0.5
ID_CD910F1C3D,0.5
ID_AD10C08142,0.5
ID_B0CB716A9D,0.5
ID_060FEC6866,0.5
ID_6CD276EF24,0.5
ID_A7725A5753,0.5
ID_9EC3673758,0.5
ID_8CC8B9FB99,0.5
ID_7B224142E3,0.5
ID_D89C3BA50D,0.5
ID_E0060B6D38,0.5
ID_204B4027F4,0.5
ID_301A824ED5,0.5
ID_622643E142,0.5
ID_F35DBD6C28,0.5
ID_B7C8A12E25,0.5
ID_3577E6054B,0.5
ID_4C936FC7D2,0.5
ID_CD988DEA4C,0.5
ID_AE318D0F8B,0.5
ID_BC88C97ED5,0.5
ID_46146BB106,0.5
ID_6FBE49DD7C,0.5
ID_72C19507D4,0.5
ID_DCE731F7F2,0.5
ID_C18755D0DC,0.5
ID_21E5ADECC4,0.5
ID_7A91116863,0.5
ID_DF48CDCB0F,0.5
ID_81188885AD,0.5
ID_87E015C79F,0.5
ID_5EC6F60C4A,0.5
ID_8E49EA6DAA,0.5
ID_CF0AE73FD6,0.5
ID_5B6C4F59C3,0.5
ID_6F38CD2AAF,0.5
ID_09396D97A1,0.5
ID_E2C6C7D826,0.5
ID_E392397664,0.5
ID_D216810066,0.5
ID_5114466C1A,0.5
ID_6C4E892FFE,0.5
ID_1DD7E09584,0.5
ID_5475E9A339,0.5
ID_06D8D3B1CB,0.5
ID_50FCFDE563,0.5
ID_E22E84262E,0.5
ID_10CCD850F0,0.5
ID_720C7BB99C,0.5
ID_193B785EA7,0.5
ID_E62895E9FF,0.5
ID_C662A342A0,0.5
ID_06E3B54360,0.5
ID_0A47C5FB30,0.5
ID_CF908ED7DC,0.5
ID_D823F96BAF,0.5
ID_4C06E5CF12,0.5
ID_0B968D8DBD,0.5
ID_8790ECE4D1,0.5
ID_6302AF6AE0,0.5
ID_DEE40D6995,0.5
ID_23BDF9EC50,0.5
ID_8FD94827BC,0.5
ID_60B2A94C7B,0.5
ID_4D233B7511,0.5
ID_DBA5873D07,0.5
ID_48592D5304,0.5
ID_DB159D9337,0.5
ID_C10DE46CEC,0.5
ID_A6FC994FC2,0.5
ID_2286D4650E,0.5
ID_197F12811A,0.5
ID_2FA55399A7,0.5
ID_9EE00BD18D,0.5
ID_8E51BE5757,0.5
ID_BA9BFD3A6C,0.5
ID_0A5C33E75A,0.5
ID_FECA1859C7,0.5
ID_13E333A487,0.5
ID_CEC285DF89,0.5
ID_3ADC15679D,0.5
ID_07D9EB3A1A,0.5
ID_2717DC8B47,0.5
ID_F78268E88C,0.5
ID_231F67D445,0.5
ID_E1D7579F34,0.5
ID_8009F38E87,0.5
ID_9FDC35A17C,0.5
ID_11B7EEC4ED,0.5
ID_6AA45693A0,0.5
ID_9696EB66A2,0.5
ID_C490E50732,0.5
ID_50C41FFB45,0.5
ID_3238D0093C,0.5
ID_58037A9C19,0.5
ID_FD39A46EA4,0.5
ID_D01B0649F7,0.5
ID_EAEAFAEA8E,0.5
ID_470E9A6DCA,0.5
ID_AB98DDD73D,0.5
ID_E27172AF42,0.5
ID_02143B2F84,0.5
ID_6B3E6E89A0,0.5
ID_3AEA080743,0.5
ID_DCD5D77221,0.5
ID_6AC823FD28,0.5
ID_369330559F,0.5
ID_F92658E913,0.5
ID_DA8AE1C169,0.5
ID_DAC14E060A,0.5
ID_6E4E1249D4,0.5
ID_2CDF6B8CD3,0.5
ID_302DFD78F6,0.5
ID_A871A534BB,0.5
ID_92FB5B5ABE,0.5
ID_DA113811B3,0.5
ID_CBFB603FBA,0.5
ID_B3110879C4,0.5
ID_9EB8344E10,0.5
ID_403907998E,0.5
ID_F735BDDEA3,0.5
ID_3E5017DFDF,0.5
ID_28758729C0,0.5
ID_042C608FDB,0.5
ID_DCE31AFB7C,0.5
ID_1873780F56,0.5
ID_DBBC646506,0.5
ID_DF87D84C46,0.5
ID_3C6B6C346E,0.5
ID_24E3AC045F,0.5
ID_0CF9B8E8DA,0.5
ID_3A4A207C1B,0.5
ID_36B52AB228,0.5
ID_F767D7622E,0.5
ID_DB8A16C067,0.5
ID_5513D1B47F,0.5
ID_E365949B89,0.5
ID_E75BA66449,0.5
ID_BEF788A734,0.5
ID_E35D78CBCA,0.5
ID_8F3EC0F84D,0.5
ID_DE4E9694A7,0.5
ID_C318490704,0.5
ID_75EA4FCCE0,0.5
ID_BC5D67C822,0.5
ID_96B46CCF70,0.5
ID_37FBB86209,0.5
ID_F633C5C701,0.5
ID_19C244C979,0.5
ID_F1E4140D8A,0.5
ID_B8FC357D98,0.5
ID_294EDE445A,0.5
ID_6AB08C4587,0.5
ID_E96C4A3677,0.5
ID_95AC04DC31,0.5
ID_9B18F7FC25,0.5
ID_95067D5897,0.5
ID_1FAA8B486F,0.5
ID_A4DA936306,0.5
ID_A3F48E24E0,0.5
ID_91BEAB16C9,0.5
ID_E9EF3B754F,0.5
ID_41C2022FAE,0.5
ID_E427920DD8,0.5
ID_FC61D6B321,0.5
ID_A11145C29D,0.5
ID_63CDF132CD,0.5
ID_F531AE6071,0.5
ID_93CAB131A5,0.5
ID_E87F2E2974,0.5
ID_6DAC01F73C,0.5
ID_9F9C02993E,0.5
ID_04EF3D239E,0.5
ID_9B3094AA0B,0.5
ID_E25A1AD426,0.5
ID_5F1527C9E9,0.5
ID_3FBAF2C55A,0.5
ID_572D9AF8E5,0.5
ID_EE424F8D4B,0.5
ID_837AB80A39,0.5
ID_3572810A41,0.5
ID_0B1E7EBA12,0.5
ID_3AAB89CD51,0.5
ID_DB2CE30BF4,0.5
ID_9BD8EB4C0D,0.5
ID_B41F7D7A02,0.5
ID_96E0BA2943,0.5
ID_4BE4E2A6E1,0.5
ID_5A67D9916B,0.5
ID_C1FCB9C69B,0.5
ID_119BD8E146,0.5
ID_60A4EE6397,0.5
ID_85DE7F3EAE,0.5
ID_1093B3DAD0,0.5
ID_5B3E65805D,0.5
ID_8D44CF1BEA,0.5
ID_E6B55C4D64,0.5
ID_EFE042BD43,0.5
ID_68C2476CFD,0.5
ID_30B43AD669,0.5
ID_D58AA8A105,0.5
ID_9C390D3CC9,0.5
ID_705673D02F,0.5
ID_49F75A680A,0.5
ID_95DB6090F0,0.5
ID_CC37F3A18F,0.5
ID_C698B7D5D6,0.5
ID_9B67125F89,0.5
ID_E5D25360AC,0.5
ID_9C71F8071D,0.5
ID_5D1ED089E2,0.5
ID_3B8382E0DA,0.5
ID_713C3CE602,0.5
ID_72104C4C8B,0.5
ID_C95C9640F4,0.5
ID_256BE0EA23,0.5
ID_824EEF18CA,0.5
ID_5897FCC474,0.5
ID_7E5CD71441,0.5
ID_99508E03B6,0.5
ID_2F570E02E7,0.5
ID_95A7520459,0.5
ID_CAFD1515F2,0.5
ID_E98C6A3814,0.5
ID_745EBDA00B,0.5
ID_25FE60A152,0.5
ID_EC3D83119B,0.5
ID_7E8ACAE235,0.5
ID_26635B6362,0.5
ID_20D26065A3,0.5
ID_2F9E9B2A3F,0.5
ID_EDE034237D,0.5
ID_F6BC78E712,0.5
ID_C8E252B9B7,0.5
ID_16D4235B86,0.5
ID_5CBE3DDB46,0.5
ID_C208783AE8,0.5
ID_EDE12CF10F,0.5
ID_0BF96E44FB,0.5
ID_2A082625EC,0.5
ID_14786EF629,0.5
ID_5D3BA2F8A9,0.5
ID_E4C83F25FE,0.5
ID_085E72ECA3,0.5
ID_1AECD89BF6,0.5
ID_E30AC87810,0.5
ID_CCB0C27E74,0.5
ID_825127AE70,0.5
ID_2172ECE986,0.5
ID_76631B1B2A,0.5
ID_60B85D692D,0.5
ID_F0142D7519,0.5
ID_E3A7CEDBB3,0.5
ID_4EAAB6712C,0.5
ID_BFF41EF8D8,0.5
ID_2C418B4F64,0.5
ID_54B517319B,0.5
ID_18CA96E561,0.5
ID_6C99C4D3E5,0.5
ID_A9B2A74455,0.5
ID_F734EDAD0B,0.5
ID_0881609084,0.5
ID_A8E21DE99D,0.5
ID_FF4F8338C1,0.5
ID_558FEE55AF,0.5
ID_243E13671D,0.5
ID_E5A0C4D7BA,0.5
ID_1EA8CC27B0,0.5
ID_77A1963A06,0.5
ID_651082DBB9,0.5
ID_6F8EF872CB,0.5
ID_2E03B040FB,0.5
ID_9D91D48F6E,0.5
ID_352F40609F,0.5
ID_A6B51D2CDA,0.5
ID_A1420684BD,0.5
ID_BDB88ECACC,0.5
ID_3A6E0A0FC1,0.5
ID_AEA974B14D,0.5
ID_BC9D4C859B,0.5
ID_14B07E3C52,0.5
ID_3A4FAEFB8D,0.5
ID_C5B7E1969E,0.5
ID_BEBBD35E3A,0.5
ID_B4C2D2AC62,0.5
ID_D7CDA77441,0.5
ID_BBBBA7E947,0.5
ID_AEF443AE74,0.5
ID_07EE8F1934,0.5
ID_12C2F03052,0.5
ID_0850E9DAB5,0.5
ID_CF3172F48D,0.5
ID_D94AA8A0BF,0.5
ID_A367814A59,0.5
ID_876652659A,0.5
ID_D85DB77BF9,0.5
ID_903FDBB055,0.5
ID_BD99CEB836,0.5
ID_57340B8BEA,0.5
ID_4732AC7135,0.5
ID_7E61F58052,0.5
ID_7ECFD926FA,0.5
ID_4FCB7A8CD6,0.5
ID_3A0D0EBBC6,0.5
ID_B4F8256336,0.5
ID_0BF90CC97C,0.5
ID_74BE350605,0.5
ID_9525CA7898,0.5
ID_39F54FCCC3,0.5
ID_22D19C467B,0.5
ID_0790F11062,0.5
ID_26BDEF42E0,0.5
ID_3A993944FC,0.5
ID_9BC5F5AE9F,0.5
ID_966242F0B1,0.5
ID_70741D88ED,0.5
ID_992C10FE94,0.5
ID_6A87252AE7,0.5
ID_3593521A74,0.5
ID_C4FE5F4277,0.5
ID_EE01AA4CB0,0.5
ID_A5E2BCB20D,0.5
ID_EEAFE3394F,0.5
ID_4F944A9161,0.5
ID_849321A1B5,0.5
ID_29B8AD9C4F,0.5
ID_5A3788D653,0.5
ID_0BD99DAE8B,0.5
ID_60C0519211,0.5
ID_C40C777FC3,0.5
ID_6EED612A13,0.5
ID_4717F9430E,0.5
ID_14D8628F4E,0.5
ID_7D6A6CE509,0.5
ID_88C708D488,0.5
ID_FA7AB8CB10,0.5
ID_DBFB8CE483,0.5
ID_F3DE4C6D6B,0.5
ID_1B744D73E1,0.5
ID_3B39FF2953,0.5
ID_C5CB0C5958,0.5
ID_7377EC0235,0.5
ID_51DBB48600,0.5
ID_3F33EC3921,0.5
ID_4A89E6BFBB,0.5
ID_4CE310B998,0.5
ID_A13AE1BDF6,0.5
ID_5EA873B68B,0.5
ID_35BE0C5B56,0.5
ID_D97C015C40,0.5
ID_37ACAD327C,0.5
ID_F6F331A002,0.5
ID_5A998C147A,0.5
ID_7E2D332250,0.5
ID_AD7CD9C2A9,0.5
ID_21B38C4818,0.5
ID_27ECB1B3A0,0.5
ID_911D87B9F3,0.5
ID_3D6A9CD125,0.5
ID_1FB04B4563,0.5
ID_D6D69577CA,0.5
ID_4E4ECDB84C,0.5
ID_2F8D905A6C,0.5
ID_D621A6A100,0.5
ID_4CF88B3D71,0.5
ID_49DB7D8C62,0.5
ID_6EE973E179,0.5
ID_91136EE677,0.5
ID_8194CF563C,0.5
ID_70B585B5E0,0.5
ID_E9D37B4196,0.5
ID_90E776DFD2,0.5
ID_6780CE7DE8,0.5
ID_7F5CA571A6,0.5
ID_1EA1840C0D,0.5
ID_142BBEF5DD,0.5
ID_A863418441,0.5
ID_5A111F2C02,0.5
ID_F80CA200D7,0.5
ID_438C4967D0,0.5
ID_C6EBC2D626,0.5
ID_DD3B94349E,0.5
ID_9A8E7956BE,0.5
ID_FAC32D7330,0.5
ID_2C2A1031D7,0.5
ID_577A5DDD01,0.5
ID_23805118A1,0.5
ID_D3EF85D3B0,0.5
ID_622D1B96A1,0.5
ID_8762D6A4F7,0.5
ID_F4D0D3C5B9,0.5
ID_78D042733F,0.5
ID_31502BBF94,0.5
ID_0A132C6BDF,0.5
ID_5CA45C178A,0.5
ID_F77E8BBE75,0.5
ID_E3F66ED0A9,0.5
ID_D574B1ACC4,0.5
ID_6A8A25AF7F,0.5
ID_0454AB5A15,0.5
ID_F220DF349F,0.5
ID_5E077AC12B,0.5
ID_4CFFFE8110,0.5
ID_7A0419C8CF,0.5
ID_1865192F4E,0.5
ID_D02BE3F850,0.5
ID_12E3733565,0.5
ID_D8D19BA4C4,0.5
ID_DE87B67014,0.5
ID_C72B138274,0.5
ID_90546AB919,0.5
ID_5D06F49762,0.5
ID_5E6FE6A11B,0.5
ID_329C9142DC,0.5
ID_E55DC2AAA8,0.5
ID_670731E193,0.5
ID_42AAB1D2E9,0.5
ID_DABC4E76A3,0.5
ID_A065D050EC,0.5
ID_C8B2379ACB,0.5
ID_3AE05569F7,0.5
ID_701184D9A5,0.5
ID_48FD4959B3,0.5
ID_FDAEB758C6,0.5
ID_55766C9D39,0.5
ID_4B054964A1,0.5
ID_1D4CBC3C34,0.5
ID_9E18415595,0.5
ID_FB2522BFA9,0.5
ID_FCC19B1179,0.5
ID_8EF8B3C1A4,0.5
ID_6E95DB2056,0.5
ID_BFCA819119,0.5
ID_63C5314965,0.5
ID_9F701DA06A,0.5
ID_BADCD33D14,0.5
ID_AAFD31CCE4,0.5
ID_511D25620F,0.5
ID_66776993AE,0.5
ID_383056F74D,0.5
ID_743826361D,0.5
ID_99FC9D8D3D,0.5
ID_DD1A3A582B,0.5
ID_D64BCFF47D,0.5
ID_5FE1DB7684,0.5
ID_5D0623D103,0.5
ID_4F373A4D65,0.5
ID_44D99EB40B,0.5
ID_A00FE824C5,0.5
ID_AC47246D34,0.5
ID_503D51E425,0.5
ID_3BF7FD1B40,0.5
ID_4DB896360D,0.5
ID_EB2DB7EFCC,0.5
ID_53C0A0E82A,0.5
ID_4EA4485FB9,0.5
ID_F94C0B9D6A,0.5
ID_D33A8BDD6F,0.5
ID_59A81B8CED,0.5
ID_56511E0F79,0.5
ID_21A37623D7,0.5
ID_B58F974CF3,0.5
ID_529E6F4850,0.5
ID_5CD42ED419,0.5
ID_F2D0326C5B,0.5
ID_D1B17BF4E6,0.5
ID_9175C9F397,0.5
ID_63507F0031,0.5
ID_F1D411B752,0.5
ID_EBBC6306C6,0.5
ID_CDB6D7C04A,0.5
ID_ACCBA7E9B1,0.5
ID_EE97D0316F,0.5
ID_5CE6D3397F,0.5
ID_EA2D807320,0.5
ID_84A7D32875,0.5
ID_623B6EA602,0.5
ID_5531E567C4,0.5
ID_456B8479DC,0.5
ID_5BE1410EE4,0.5
ID_2CA0EA4481,0.5
ID_AB30066F5D,0.5
ID_BD54E1D236,0.5
ID_172ECC8E06,0.5
ID_C410806500,0.5
ID_EEFB5588B1,0.5
ID_ECBFD9EF36,0.5
ID_18287FBD60,0.5
ID_268ABD52C4,0.5
ID_6545E24D5D,0.5
ID_62EFC4872F,0.5
ID_C517850004,0.5
ID_B7C27D3EB6,0.5
ID_C2AFBAD42D,0.5
ID_AE01859B58,0.5
ID_E073BB1A90,0.5
ID_9FF2E89E3A,0.5
ID_0CD074F309,0.5
ID_60075A1A10,0.5
ID_2AFFEA837C,0.5
ID_0FAE206137,0.5
ID_B0808761B4,0.5
ID_08C7F75828,0.5
ID_A5E056DF65,0.5
ID_B3805923D0,0.5
ID_A4D9C8EA6C,0.5
ID_EEBBD3089B,0.5
ID_8D38E61E89,0.5
ID_33CB03DEDA,0.5
ID_6C81F71B88,0.5
ID_5033BFB84A,0.5
ID_23081E06B5,0.5
ID_4FB2CB3815,0.5
ID_4D307BAD56,0.5
ID_E988774889,0.5
ID_3AD53F5DAB,0.5
ID_D20582F9EB,0.5
ID_23D6B9EBBE,0.5
ID_046321341F,0.5
ID_035FF41C92,0.5
ID_A5CFA51D87,0.5
ID_E53B996F21,0.5
ID_54BF5BE80B,0.5
ID_0D532E41DE,0.5
ID_98C140DBA5,0.5
ID_484B86188B,0.5
ID_12BA8EA42A,0.5
ID_E4C1BD32D0,0.5
ID_F2DA53C6C0,0.5
ID_5D2D272080,0.5
ID_706A7D613F,0.5
ID_C7EEE1676F,0.5
ID_BD46D8C5B0,0.5
ID_431EBE28C4,0.5
ID_7D5339D4A8,0.5
ID_0088B14089,0.5
ID_938BACB922,0.5
ID_6FA856F3AC,0.5
ID_5AA1FFCBD5,0.5
ID_174D9B23BD,0.5
ID_54FB4186E1,0.5
ID_1899AD804D,0.5
ID_DFD33E15E0,0.5
ID_0D891CE0F1,0.5
ID_07C978D358,0.5
ID_27FD8FA3EE,0.5
ID_AC6DCE9CD7,0.5
ID_2A435A6872,0.5
ID_03D1B1DDAB,0.5
ID_84C6659E3E,0.5
ID_F3668DA68A,0.5
ID_1C6522E364,0.5
ID_AD540C6A3A,0.5
ID_C303E1AFFA,0.5
ID_1C85379C37,0.5
ID_1A5E061089,0.5
ID_AEADEDDFED,0.5
ID_94023D196A,0.5
ID_D5747A52EB,0.5
ID_F533CAE726,0.5
ID_BF0ADC43DF,0.5
ID_2DC436DCC2,0.5
ID_3742DE310F,0.5
ID_D776D8432F,0.5
ID_98A48F1812,0.5
ID_184105FEDD,0.5
ID_2EA2EEF188,0.5
ID_2A416ADFF3,0.5
ID_2844850E90,0.5
ID_FCAF58BD5B,0.5
ID_37DCA13914,0.5
ID_DE180A3840,0.5
ID_058E9234A8,0.5
ID_A745B59744,0.5
ID_ADBAC7C51C,0.5
ID_FDE2EE4BF2,0.5
ID_288D2929B3,0.5
ID_DAE3ED292D,0.5
ID_21F5FBB43A,0.5
ID_FD7E1B9713,0.5
ID_C52C261278,0.5
ID_0C161C4ECA,0.5
ID_B6FD75AD1C,0.5
ID_7DD7587BF1,0.5
ID_B5781E4DBA,0.5
ID_6E73E1F99A,0.5
ID_2950B18D06,0.5
ID_9120F3B3F8,0.5
ID_7B15EFD2D2,0.5
ID_B5A7FBF239,0.5
ID_BE73E1EF19,0.5
ID_8AC87E7FFF,0.5
ID_6162433499,0.5
ID_7C5357AAB9,0.5
ID_2254697CC7,0.5
ID_47528C108F,0.5
ID_3BF6291207,0.5
ID_F4195F4808,0.5
ID_7523A3C22E,0.5
ID_B2CA8F2E1C,0.5
ID_4EB7263DE0,0.5
ID_F2D078EEF9,0.5
ID_5DE870AEF3,0.5
ID_8AC1A4EB5A,0.5
ID_C5A52C0D3E,0.5
ID_6879EC6BE6,0.5
ID_D9B01D9769,0.5
ID_BD34BF54D6,0.5
ID_5068C7FC7A,0.5
ID_753E6598DC,0.5
ID_6E4FFF0B9C,0.5
ID_03D5EE8865,0.5
ID_EF41CA3C00,0.5
ID_AB2B9F9505,0.5
ID_D29BB3A9D6,0.5
ID_F769835BA8,0.5
ID_28139C76F5,0.5
ID_5BF70227E3,0.5
ID_329C9369AE,0.5
ID_805F4A1EE8,0.5
ID_8455E1FDA4,0.5
ID_1F79A4FF3C,0.5
ID_F7F26ABC44,0.5
ID_F6FC102048,0.5
ID_B20BB43C1B,0.5
ID_FACB329F52,0.5
ID_1CC96E12CA,0.5
ID_0BF13F8FC1,0.5
ID_A6AF695D26,0.5
ID_3AA1906C75,0.5
ID_ADE89077F1,0.5
ID_8828A3761A,0.5
ID_9BCDC7B035,0.5
ID_060FBCDFBC,0.5
ID_9878D2925B,0.5
ID_D017A7FA89,0.5
ID_615D2BE9E5,0.5
ID_A4B873982C,0.5
ID_1141345BCF,0.5
ID_DAE234B3D2,0.5
ID_2E060CA076,0.5
ID_F93B85D955,0.5
ID_0A14DF4E28,0.5
ID_586F46F3A1,0.5
ID_28C4A6DEAD,0.5
ID_D7D48622F0,0.5
ID_32635D08A3,0.5
ID_45BFA52141,0.5
ID_165EA35992,0.5
ID_A513E41578,0.5
ID_A5E3D02A17,0.5
ID_94E8CB718C,0.5
ID_EA1BDA0D57,0.5
ID_ADC865DE23,0.5
ID_E9AFF0DF3E,0.5
ID_8D66594807,0.5
ID_6129B7A380,0.5
ID_0E4682941D,0.5
ID_3BA09F971D,0.5
ID_D1ADFE7E88,0.5
ID_955C9A7045,0.5
ID_0122B5E97E,0.5
ID_1318FAE677,0.5
ID_BCA06D7FE2,0.5
ID_FE8CF8E93C,0.5
ID_68BD6135F9,0.5
ID_54C7FF7BFB,0.5
ID_C3FBAB22A3,0.5
ID_90606A35E5,0.5
ID_ECFD58A845,0.5
ID_3E1346BE56,0.5
ID_54C82FAC03,0.5
ID_254AEE27DA,0.5
ID_FD7C68E0F9,0.5
ID_F016CE14BD,0.5
ID_73D9754D75,0.5
ID_04F52C3A32,0.5
ID_AB11C1A237,0.5
ID_1C65E66F0F,0.5
ID_DFB06C7F81,0.5
ID_55DD83015F,0.5
ID_F974502C47,0.5
ID_0A1ED1E86C,0.5
ID_2E2374DFEA,0.5
ID_1C84A5C6EC,0.5
ID_217315D147,0.5
ID_1ECD6AE338,0.5
ID_FBE9B92487,0.5
ID_8BC0BDC0D7,0.5
ID_50E7FD2802,0.5
ID_D0F6815DFB,0.5
ID_5DD743DE28,0.5
ID_61FCF7970C,0.5
ID_77D52C93AD,0.5
ID_899C3A0920,0.5
ID_813F2FDC22,0.5
ID_EBFA0D6992,0.5
ID_E35CB4FEC0,0.5
ID_278D747D59,0.5
ID_187B260047,0.5
ID_4CB0F85FC3,0.5
ID_322521201B,0.5
ID_078614B8DF,0.5
ID_753447C248,0.5
ID_EF04AB7E6A,0.5
ID_436002C4EF,0.5
ID_E2BE34579F,0.5
ID_12E869826E,0.5
ID_014B9220B6,0.5
ID_544FD71CCC,0.5
ID_68628B60C7,0.5
ID_0556AC3498,0.5
ID_C73C7B3C6A,0.5
ID_1CA46D3474,0.5
ID_81E1F559A4,0.5
ID_4A8FA5CF78,0.5
ID_7534E48D92,0.5
ID_75A93641FB,0.5
ID_73BCAA15F7,0.5
ID_B1F7988A26,0.5
ID_F5E87A8D45,0.5
ID_84067E4B52,0.5
ID_2F65390A8E,0.5
ID_2C06699BA7,0.5
ID_9C6BC10EA5,0.5
ID_15CDC3DFDA,0.5
ID_3F1B314CC9,0.5
ID_8AFA315EED,0.5
ID_A3C5C1B9B0,0.5
ID_052E274DFF,0.5
ID_BD259B8FF0,0.5
ID_E914535BCE,0.5
ID_E06981093E,0.5
ID_7C163AAEB0,0.5
ID_53106D0C19,0.5
ID_F81E1B363A,0.5
ID_A6A22A598A,0.5
ID_FC06885642,0.5
ID_01252107E5,0.5
ID_A230581FBA,0.5
ID_260C744AE1,0.5
ID_2CF5A421C6,0.5
ID_88E1431BEE,0.5
ID_F20ABDABCD,0.5
ID_9C9B8177FC,0.5
ID_BD8CAE06E6,0.5
ID_5ED2DABD97,0.5
ID_0B72827019,0.5
ID_84461487A0,0.5
ID_1D15D05AC1,0.5
ID_671C5F9956,0.5
ID_7510E8A5FF,0.5
ID_C5487B554D,0.5
ID_113844FF88,0.5
ID_DE5CFB3778,0.5
ID_1F12D2CA6D,0.5
ID_A27401DF49,0.5
ID_758700FD4D,0.5
ID_F19A2CAA6C,0.5
ID_BE8F585456,0.5
ID_4A2222B75A,0.5
ID_2934B6FC4B,0.5
ID_544ADDCBB9,0.5
ID_4570D75FC8,0.5
ID_9552608D21,0.5
ID_5E640B64F6,0.5
ID_CBBDD3D8B0,0.5
ID_D2BC0987BA,0.5
ID_8944E9CED6,0.5
ID_96BB3DB513,0.5
ID_B9CC2B900A,0.5
ID_00F789D595,0.5
ID_443137CE66,0.5
ID_E2A8954E2C,0.5
ID_7B5C75669B,0.5
ID_216B8C35C6,0.5
ID_BBF54B8078,0.5
ID_01A84524E5,0.5
ID_4502305CC6,0.5
ID_217CA8CAB6,0.5
ID_87281A2B86,0.5
ID_4E4D43E62E,0.5
ID_8B8581EE1F,0.5
ID_C022457E9A,0.5
ID_B791AEB0AE,0.5
ID_C35BC4C0F1,0.5
ID_74A50C8CA1,0.5
ID_971F11494A,0.5
ID_EA7E436EAE,0.5
ID_AC4D78A91E,0.5
ID_CCF21AC8CD,0.5
ID_2009CEA7D1,0.5
ID_B409AFCBA8,0.5
ID_D7B6795DAB,0.5
ID_9A5BE0B06B,0.5
ID_C92120C2D8,0.5
ID_935441D299,0.5
ID_0110AD1DE6,0.5
ID_79DE0E9BF2,0.5
ID_43D02CA23A,0.5
ID_89C99AAAFF,0.5
ID_AA40E14AE0,0.5
ID_1EE570B5A8,0.5
ID_276F0B0350,0.5
ID_18B888211F,0.5
ID_1B1E3A7507,0.5
ID_9F3B9B57E7,0.5
ID_627DB28161,0.5
ID_71E5746C24,0.5
ID_3D46175CDB,0.5
ID_F1446AD83D,0.5
ID_0818C8C35E,0.5
ID_8968C93ABA,0.5
ID_FE0D9495A6,0.5
ID_A6A4395246,0.5
ID_A00D69F253,0.5
ID_EFCCABB24E,0.5
ID_A9AD53EE87,0.5
ID_24A6701B14,0.5
ID_4045E0A157,0.5
ID_DB23E9EBDC,0.5
ID_152E92F7E7,0.5
ID_22572FC2F8,0.5
ID_05278879FF,0.5
ID_5A3459DFF6,0.5
ID_656D8E1035,0.5
ID_D95B396268,0.5
ID_1B19B34B14,0.5
ID_A8B19AAC9F,0.5
ID_5D63D4D286,0.5
ID_BB212BB065,0.5
ID_1DD3C70914,0.5
ID_12928BA3C0,0.5
ID_8867201192,0.5
ID_44E6FB9413,0.5
ID_49A6E16F9D,0.5
ID_C40E9D4F63,0.5
ID_1C180187C7,0.5
ID_16FF0ACCD4,0.5
ID_566342347E,0.5
ID_3019F25953,0.5
ID_B8365FA44B,0.5
ID_5D49601A16,0.5
ID_5034C893D2,0.5
ID_547B351A4D,0.5
ID_EAD4A19CFE,0.5
ID_6D31507E6F,0.5
ID_A677C10044,0.5
ID_54E6B236D0,0.5
ID_62456473FE,0.5
ID_8FD57617BA,0.5
ID_F77891A75E,0.5
ID_B27E1095B2,0.5
ID_3CA5FD2F77,0.5
ID_519BF6D678,0.5
ID_571EEFE4A5,0.5
ID_74467A13BE,0.5
ID_A9A218AE2D,0.5
ID_42A4026529,0.5
ID_00D3B00034,0.5
ID_5ACBCDC0E7,0.5
ID_F298DEDBF3,0.5
ID_4ABFB5D98E,0.5
ID_DA4EBDE548,0.5
ID_0EB46E6222,0.5
ID_48C82CA62A,0.5
ID_D16C10FE68,0.5
ID_CF736F1B27,0.5
ID_5F31D5B95B,0.5
ID_5D8707B97C,0.5
ID_5AB35D3698,0.5
ID_BA1FEABB82,0.5
ID_22CB248B06,0.5
ID_EB25298718,0.5
ID_18B6AF8655,0.5
ID_57496149E6,0.5
ID_58FE23D88E,0.5
ID_190687447B,0.5
ID_9FEB3F2B01,0.5
ID_08D94BF98A,0.5
ID_3BCAAEB49E,0.5
ID_4EBB89E7CB,0.5
ID_917E2493CA,0.5
ID_0D9D94587B,0.5
ID_8D832FBFA0,0.5
ID_E40AF472EC,0.5
ID_52B9DFC136,0.5
ID_E5D7226B1B,0.5
ID_4B652E4C4E,0.5
ID_47D06F9639,0.5
ID_3C18146E0F,0.5
ID_51FB50AE7B,0.5
ID_00925904CC,0.5
ID_4CA55B81AD,0.5
ID_387708C3D6,0.5
ID_93C475259C,0.5
ID_EF7CCA5CAC,0.5
ID_28386113F4,0.5
ID_907BE9A3FC,0.5
ID_0F5E5AFE03,0.5
ID_C7DC350DF7,0.5
ID_5388D7E369,0.5
ID_7893449B31,0.5
ID_667B7F14F3,0.5
ID_7ED811E9BB,0.5
ID_94E2804629,0.5
ID_DF97D0F623,0.5
ID_63096DF581,0.5
ID_742E72CBC0,0.5
ID_FBAC3030D6,0.5
ID_3E454A8484,0.5
ID_04C07DE5BD,0.5
ID_27FD84E4AF,0.5
ID_85BC3625E2,0.5
ID_92650626EC,0.5
ID_2429C3F371,0.5
ID_090D9F8D60,0.5
ID_4FDB5D6A0A,0.5
ID_B53A7762ED,0.5
ID_6EB5D34A84,0.5
ID_0FD1884249,0.5
ID_A7AB718197,0.5
ID_46285264CE,0.5
ID_6B8DD70691,0.5
ID_6193658172,0.5
ID_AB4AF53C90,0.5
ID_485316B76C,0.5
ID_B52EF55C27,0.5
ID_CF60C81B95,0.5
ID_7D932DAFF8,0.5
ID_729814DDDA,0.5
ID_D1563D909E,0.5
ID_53D4EB7DF3,0.5
ID_EF5F3A9D5E,0.5
ID_CBFC6279E7,0.5
ID_1C3D14F808,0.5
ID_6D331BF304,0.5
ID_637B62C121,0.5
ID_4C3008F5F5,0.5
ID_E189EADB5D,0.5
ID_475D64A52E,0.5
ID_E551AB7C6B,0.5
ID_AE9BF52DE3,0.5
ID_BA4E465EDB,0.5
ID_B43B1FE05C,0.5
ID_23F810436E,0.5
ID_10E881087D,0.5
ID_47A5964A36,0.5
ID_63A1D6DCDD,0.5
ID_2C924BE791,0.5
ID_AF07DF5AD7,0.5
ID_544396F2F9,0.5
ID_2E5F5B9F7B,0.5
ID_D2453A5BFC,0.5
ID_13B375FD86,0.5
ID_DF289E211A,0.5
ID_DE27AB87AB,0.5
ID_019456DF4B,0.5
ID_D71CF6A923,0.5
ID_8BA0B96537,0.5
ID_24DDD97735,0.5
ID_5E0E637D1E,0.5
ID_29C518A695,0.5
ID_B5D13E49CC,0.5
ID_7720861E94,0.5
ID_BA2CBB3A7C,0.5
ID_2E2FF45FD7,0.5
ID_983261CC8E,0.5
ID_EB43A74B59,0.5
ID_9C76501AB3,0.5
ID_16D297F31D,0.5
ID_7A067EC425,0.5
ID_2AB877F40C,0.5
ID_78A2CF1DA1,0.5
ID_88A3076488,0.5
ID_3EF07C0995,0.5
ID_7912354DED,0.5
ID_231CCAD77F,0.5
ID_1C16C94195,0.5
ID_4C9D361CCE,0.5
ID_08E88B4295,0.5
ID_C81DC637BF,0.5
ID_B07D80B5B8,0.5
ID_7958455808,0.5
ID_945619DE84,0.5
ID_9C222EF4D5,0.5
ID_6B0D464AEC,0.5
ID_B632DF5E4F,0.5
ID_7590C0F04A,0.5
ID_39A27375AD,0.5
ID_DD5074449C,0.5
ID_9EB354F559,0.5
ID_D87C3D53EE,0.5
ID_9C3C6F16FE,0.5
ID_E6CD94141D,0.5
ID_939E414EC3,0.5
ID_8F24F97CD1,0.5
ID_32488D7A45,0.5
ID_EB5699D36F,0.5
ID_B11ADE3358,0.5
ID_5E34D95401,0.5
ID_C2B8957CE3,0.5
ID_1A5FC09BF5,0.5
ID_3AE81B8221,0.5
ID_933B59442C,0.5
ID_391BA53333,0.5
ID_6D2A4DA194,0.5
ID_27B263633C,0.5
ID_EF25B7065F,0.5
ID_A9FD64A50D,0.5
ID_CE352F7153,0.5
ID_50C713A205,0.5
ID_AFFCC013C2,0.5
ID_28462BFCB5,0.5
ID_3318D82C2E,0.5
ID_96A8E67906,0.5
ID_31C301F2E8,0.5
ID_285A0AF834,0.5
ID_176CD4C12C,0.5
ID_FE897D6CB2,0.5
ID_2AC1630229,0.5
ID_6B3C068C28,0.5
ID_6D3CAB2B3B,0.5
ID_1C2AC67175,0.5
ID_A2202743A7,0.5
ID_4EC441FE3C,0.5
ID_03C8111DBD,0.5
ID_6B81F9928F,0.5
ID_E59873916A,0.5
ID_FBFCD5E012,0.5
ID_CB2909F12E,0.5
ID_7FC5A83145,0.5
ID_0461592500,0.5
ID_63AA67A614,0.5
ID_CB9BFD2C61,0.5
ID_6EB69AB28B,0.5
ID_DB59FC9328,0.5
ID_ED2E91D331,0.5
ID_AF122E7E31,0.5
ID_ABD4A06985,0.5
ID_4F6E07D121,0.5
ID_9ED84C4314,0.5
ID_55C70D197C,0.5
ID_1EE979CA9D,0.5
ID_3642891CEA,0.5
ID_61294B57E0,0.5
ID_42A48FA53A,0.5
ID_9D8DFBF32B,0.5
ID_33DE0E3EE6,0.5
ID_8518910C12,0.5
ID_0CED6E528A,0.5
ID_8F92842FE2,0.5
ID_A09551F9D6,0.5
ID_32644C0006,0.5
ID_2D66A2273B,0.5
ID_6F5558B011,0.5
ID_AA2A915FEE,0.5
ID_A44D819A6E,0.5
ID_A15DEA48A1,0.5
ID_1AE66E5704,0.5
ID_08013E549D,0.5
ID_4952FA3D77,0.5
ID_F6A0B51358,0.5
ID_3AE3B71BAA,0.5
ID_DBFE955D7E,0.5
ID_842BF16027,0.5
ID_9325C42C42,0.5
ID_53FBBBFA64,0.5
ID_AF1D757039,0.5
ID_B90D674D38,0.5
ID_BF8D996E8A,0.5
ID_46F8310EC5,0.5
ID_F282F9BA23,0.5
ID_70A805251F,0.5
ID_8C95BCCE3E,0.5
ID_6745A69F21,0.5
ID_D2436F4618,0.5
ID_0C0903D5A3,0.5
ID_184A5F4C13,0.5
ID_A04A162357,0.5
ID_EA8C118F3C,0.5
ID_16740D3CE6,0.5
ID_494ABFA91D,0.5
ID_90C45729AA,0.5
ID_F9504098CF,0.5
ID_CC09D02FAA,0.5
ID_C0667B3A30,0.5
ID_160445D086,0.5
ID_C728CAD067,0.5
ID_5F89692CDB,0.5
ID_BAF5A6AA5D,0.5
ID_50845CBF01,0.5
ID_E89414B3DD,0.5
ID_D2A8131492,0.5
ID_1592161F41,0.5
ID_02D71C73BF,0.5
ID_5996F612F6,0.5
ID_8BCE5D0FAB,0.5
ID_AC31E592A8,0.5
ID_3F8F924258,0.5
ID_022F7EF934,0.5
ID_FBED360AD3,0.5
ID_372B569A9B,0.5
ID_6EE1B2822E,0.5
ID_8FA1699CB0,0.5
ID_1B134E3894,0.5
ID_49C94E7D3B,0.5
ID_D87037C270,0.5
ID_314758D733,0.5
ID_EFDD4C2FE1,0.5
ID_D374D7DEA1,0.5
ID_47AB014E32,0.5
ID_99D558E02A,0.5
ID_D165FFC904,0.5
ID_FB3DD2D9B0,0.5
ID_BCFA76975E,0.5
ID_AACC917C69,0.5
ID_D01589E74C,0.5
ID_BEC9FC2D9C,0.5
ID_112A1BB783,0.5
ID_B6FB358A93,0.5
ID_32F469FC6F,0.5
ID_E8A4EA90D3,0.5
ID_9996D37EBC,0.5
ID_AB3CEB2B9E,0.5
ID_5507C6E183,0.5
ID_B6436C1EA8,0.5
ID_E9B3C70216,0.5
ID_95BE266A30,0.5
ID_DD12FBB7D0,0.5
ID_C2BE6362B9,0.5
ID_DAD1B260D8,0.5
ID_82501A6AC4,0.5
ID_FC0593390D,0.5
ID_2F809A42D5,0.5
ID_13197EFBB7,0.5
ID_A2FB779854,0.5
ID_1D9B8F2ECB,0.5
ID_1892A40FDB,0.5
ID_975841CC81,0.5
ID_BC33452192,0.5
ID_C41224386E,0.5
ID_F9D5B0099D,0.5
ID_A6149CB9BD,0.5
ID_B5458072B9,0.5
ID_927D0D0B40,0.5
ID_C66C7971B8,0.5
ID_1E0A43B0C1,0.5
ID_05B9F8CE01,0.5
ID_5544D3345B,0.5
ID_EFB041142C,0.5
ID_68BF6DDB8A,0.5
ID_12C57E2A6A,0.5
ID_250717A58F,0.5
ID_287CE489AD,0.5
ID_D3217EE9F5,0.5
ID_AE9E1C654F,0.5
ID_3B80AA0177,0.5
ID_36DFC220C9,0.5
ID_C2E4F8981C,0.5
ID_179D195BD0,0.5
ID_CE5A2BA758,0.5
ID_5F766F9BB1,0.5
ID_320A1F8D8D,0.5
ID_AE03349EF8,0.5
ID_7E07C5FDCA,0.5
ID_5154969762,0.5
ID_092B5F37AB,0.5
ID_F9CAFD978F,0.5
ID_173609B2CC,0.5
ID_99A4CE29AA,0.5
ID_335A12B4AE,0.5
ID_62224A03A5,0.5
ID_741A77CE3F,0.5
ID_0EC44FD9C6,0.5
ID_F7466E6AB3,0.5
ID_A27E3687B7,0.5
ID_852484DB1B,0.5
ID_EFD42D22F1,0.5
ID_3BDDABBA55,0.5
ID_0BCAE97DBF,0.5
ID_BB69D0ACB3,0.5
ID_DAB663C334,0.5
ID_BF7AE0BA97,0.5
ID_231B3A1C15,0.5
ID_84DCFCB85B,0.5
ID_4822E39BDD,0.5
ID_6114BA4A4A,0.5
ID_669B8CF409,0.5
ID_EA76A57C18,0.5
ID_8480C9984A,0.5
ID_0DD13C1B44,0.5
ID_90D46622C8,0.5
ID_56D5BE5D71,0.5
ID_0B68149590,0.5
ID_487F73AFBC,0.5
ID_4082FD3A25,0.5
ID_4D0A51914F,0.5
ID_A5CEB16858,0.5
ID_70D005B714,0.5
ID_15FAFE13AA,0.5
ID_0C2C91A045,0.5
ID_5A6DFFA6A8,0.5
ID_BAAE9EDAC0,0.5
ID_A0788E31C3,0.5
ID_761CE30363,0.5
ID_F722C92B76,0.5
ID_CB820C7B72,0.5
ID_1C6A6F0601,0.5
ID_00C64C08F2,0.5
ID_1979F85CEC,0.5
ID_F08D4042B4,0.5
ID_244AB7B9D3,0.5
ID_F4D6D9D959,0.5
ID_D027B4690A,0.5
ID_7E3BBCA892,0.5
ID_23C1E7AEE1,0.5
ID_A8751430ED,0.5
ID_00E8943D8C,0.5
ID_6809AE7641,0.5
ID_4EA56B1C42,0.5
ID_F97C2BC1D6,0.5
ID_C2D583A0CA,0.5
ID_FE0579D5D3,0.5
ID_04D092C2FA,0.5
ID_47B3755452,0.5
ID_39812AB850,0.5
ID_63E81CEB54,0.5
ID_A4E908234C,0.5
ID_73D991C0DE,0.5
ID_84AC603674,0.5
ID_84C0EF834C,0.5
ID_F9FCBCD348,0.5
ID_476FC85034,0.5
ID_7983336676,0.5
ID_574BA95972,0.5
ID_A369C8D2EC,0.5
ID_9C634BDF13,0.5
ID_3FF8DB770F,0.5
ID_BD3465F7E3,0.5
ID_F3803576A5,0.5
ID_A77FBD03ED,0.5
ID_8FFABC80C8,0.5
ID_FB41DF1DAB,0.5
ID_6BB2638F95,0.5
ID_726F08E402,0.5
ID_E52BEA205F,0.5
ID_C58FAD609E,0.5
ID_DADC9A17CF,0.5
ID_5EF7B888D3,0.5
ID_A0A233C764,0.5
ID_E66A887730,0.5
ID_68341BC6E4,0.5
ID_56322C3602,0.5
ID_F16F60120D,0.5
ID_5D83D1D5C8,0.5
ID_20982DA475,0.5
ID_0BCEC73296,0.5
ID_8F5202ABAB,0.5
ID_464530A892,0.5
ID_3994887DFA,0.5
ID_B7F581C4A7,0.5
ID_DFB2C33389,0.5
ID_3E67DF4E29,0.5
ID_BD23E07B18,0.5
ID_E1BB5317BF,0.5
ID_9833DA813A,0.5
ID_31F35EF082,0.5
ID_CD51E20F50,0.5
ID_72753EFBEF,0.5
ID_09DD887CB2,0.5
ID_58F40C3695,0.5
ID_0EB6875F89,0.5
ID_47E81D8672,0.5
ID_A5FC9BF654,0.5
ID_3DF144B8C1,0.5
ID_6E53A2CEE7,0.5
ID_F83F7C05E6,0.5
ID_E884361EA4,0.5
ID_D917662B1C,0.5
ID_8E6AB650C3,0.5
ID_1ECDF85E39,0.5
ID_1595503DBD,0.5
ID_BE68F13177,0.5
ID_81F3163CC4,0.5
ID_B79AD943FF,0.5
ID_3C48B93D08,0.5
ID_08D2DA5220,0.5
ID_CB42A85538,0.5
ID_E81C10595B,0.5
ID_4F437B3476,0.5
ID_D743C0D42E,0.5
ID_659A3BA9F4,0.5
ID_0BDC371F3B,0.5
ID_1EC813D74F,0.5
ID_FBC678ABF3,0.5
ID_B8FDDF87F5,0.5
ID_7207F11112,0.5
ID_96F82B4D06,0.5
ID_5D3043DB95,0.5
ID_33AA039490,0.5
ID_A228FB8A90,0.5
ID_6205CD0300,0.5
ID_E1A6AEAADE,0.5
ID_BD9E5762DD,0.5
ID_D64293FDE6,0.5
ID_239E0256A9,0.5
ID_A028EE9308,0.5
ID_5CC46626F0,0.5
ID_7460179CAF,0.5
ID_BDA475BC37,0.5
ID_917D3431E2,0.5
ID_0ECE3D2EAD,0.5
ID_FB92729A9F,0.5
ID_0C069B1DF7,0.5
ID_4CA6CA8D0B,0.5
ID_0F15C6351A,0.5
ID_439A2221EE,0.5
ID_544C0AADD0,0.5
ID_0CE7004CD2,0.5
ID_EE33608E99,0.5
ID_6BB7A99BE5,0.5
ID_BBC66927F4,0.5
ID_E58FB1F1CF,0.5
ID_E9AB6AB8DE,0.5
ID_0F0143FA01,0.5
ID_528112A33E,0.5
ID_7303991F08,0.5
ID_D4CB48AEB9,0.5
ID_A0DFC6E649,0.5
ID_E59864D5E3,0.5
ID_29C13AA729,0.5
ID_DD0CF119E6,0.5
ID_A346FDD7FE,0.5
ID_B320EA9295,0.5
ID_9A47AA4176,0.5
ID_73675B8735,0.5
ID_C13CE14CED,0.5
ID_39D38F296D,0.5
ID_C2A3DE2969,0.5
ID_F97C4DCF75,0.5
ID_25C66E5697,0.5
ID_9B59B14A63,0.5
ID_34845DDAC4,0.5
ID_BB7289DFAC,0.5
ID_D41EFAD2DF,0.5
ID_ACD250068F,0.5
ID_F38F56B992,0.5
ID_26E0BB07ED,0.5
ID_6053456051,0.5
ID_B7F29F1780,0.5
ID_D1F66EDCD8,0.5
ID_0B905DFAE7,0.5
ID_154B4BF6BA,0.5
ID_4BF2B68F18,0.5
ID_0450F9BA44,0.5
ID_E9965F032E,0.5
ID_03843C56A0,0.5
ID_06299F1534,0.5
ID_A25909DA78,0.5
ID_1564A9ABD0,0.5
ID_17C461F822,0.5
ID_FF8E6B7203,0.5
ID_5B4671B3D2,0.5
ID_248F84B2DA,0.5
ID_23D062BC82,0.5
ID_78ABC0F142,0.5
ID_F185E8EA07,0.5
ID_6FA5AA745C,0.5
ID_13A03893A8,0.5
ID_E447C1E71D,0.5
ID_EB2025E309,0.5
ID_ED686177AE,0.5
ID_7D6F0370D3,0.5
ID_EFFABB0219,0.5
ID_D06CE866E4,0.5
ID_1442948FA2,0.5
ID_D34A0F8A8C,0.5
ID_9A4EDB84F6,0.5
ID_D5CF11D0BE,0.5
ID_71AC1BF158,0.5
ID_4F7A79E4A8,0.5
ID_374FB86F11,0.5
ID_5651F32D17,0.5
ID_4AD176A5CC,0.5
ID_132FC7AF43,0.5
ID_4883B4E920,0.5
ID_FD8418C328,0.5
ID_89A2CF1E5E,0.5
ID_6F8AAEE1A4,0.5
ID_47F531BCC9,0.5
ID_274C2C664B,0.5
ID_7E8A5066CA,0.5
ID_639AE45AB8,0.5
ID_9BC159055C,0.5
ID_D621FEADAE,0.5
ID_7E49812204,0.5
ID_DCA4A96EC9,0.5
ID_D4B41816FB,0.5
ID_0195E321F1,0.5
ID_55BA878AA1,0.5
ID_6D83038E07,0.5
ID_C25FBDEAFE,0.5
ID_76C12037DC,0.5
ID_B792E57EDC,0.5
ID_003B712D45,0.5
ID_E820B3E7E9,0.5
ID_AB24C89299,0.5
ID_7B824B4E21,0.5
ID_953EC6A348,0.5
ID_471DE950B3,0.5
ID_79440DC0B8,0.5
ID_C801DA829D,0.5
ID_EC9249B6AB,0.5
ID_2B70272AF3,0.5
ID_7C52F75406,0.5
ID_E349EA199C,0.5
ID_43B46D3C08,0.5
ID_36A07F2586,0.5
ID_8775237C53,0.5
ID_12FCEB243E,0.5
ID_93C1EBD988,0.5
ID_77499751DD,0.5
ID_25427B306A,0.5
ID_9281459183,0.5
ID_AB7A639487,0.5
ID_69306AB6D6,0.5
ID_87F9E095CD,0.5
ID_9F56249A53,0.5
ID_1563104352,0.5
ID_F3E538E490,0.5
ID_43713C4FFB,0.5
ID_9D4C808069,0.5
ID_56EC8F4CC4,0.5
ID_EC8CCD7FC9,0.5
ID_B09BEEF03D,0.5
ID_BDF5D12A6A,0.5
ID_9F8E15E83E,0.5
ID_ACEAA427F3,0.5
ID_9894C58ADD,0.5
ID_517785857F,0.5
ID_1381A20D5E,0.5
ID_237626186F,0.5
ID_025DF3713D,0.5
ID_7E46DC86B6,0.5
ID_C193DEA189,0.5
ID_80F6D272C5,0.5
ID_6F7C864983,0.5
ID_6C258D099B,0.5
ID_784E7AB218,0.5
ID_53FB17DDA9,0.5
ID_BD6DBCC1F8,0.5
ID_A4116A7902,0.5
ID_6DCC374A1F,0.5
ID_9CF8AB50AC,0.5
ID_EF6E56263A,0.5
ID_AE307387AF,0.5
ID_2C81E0CC7D,0.5
ID_880C53E59A,0.5
ID_7730E593B4,0.5
ID_DF1E9B037B,0.5
ID_9005973B89,0.5
ID_0EFE07274F,0.5
ID_AB3E5593BD,0.5
ID_08DDD855FF,0.5
ID_DF9ECB049F,0.5
ID_9DE6411B3E,0.5
ID_2C15BD2B62,0.5
ID_EB2113E82C,0.5
ID_D681112A18,0.5
ID_23B3B45F54,0.5
ID_9B1D5DBB15,0.5
ID_D842B3AC30,0.5
ID_0C7E4A3817,0.5
ID_C1631FAFFF,0.5
ID_1DF43CBDF7,0.5
ID_3D787A9F1C,0.5
ID_E863A835A6,0.5
ID_9161A8110F,0.5
ID_19225BC632,0.5
ID_F4921B2685,0.5
ID_DBDD5AF73C,0.5
ID_A051322754,0.5
ID_069AEC3EDE,0.5
ID_9A9D84A490,0.5
ID_F58B048F47,0.5
ID_1BB1854FEF,0.5
ID_4D03DA0E86,0.5
ID_5C6387EFE7,0.5
ID_F623AA5EB3,0.5
ID_07EE548589,0.5
ID_A1F1D36CA1,0.5
ID_92E3679673,0.5
ID_A85939CD86,0.5
ID_D7FEF03485,0.5
ID_5554401A31,0.5
ID_0F30BC01EA,0.5
ID_485E90E1A0,0.5
ID_C21172C1EC,0.5
ID_8B9CF3E844,0.5
ID_057CBA1709,0.5
ID_54B7B81FC1,0.5
ID_F62B461E48,0.5
ID_3A3118DE20,0.5
ID_64CD7375A5,0.5
ID_055CF0506D,0.5
ID_65E33B75C4,0.5
ID_79733B3606,0.5
ID_6FF5A63A49,0.5
ID_FA5B9373E7,0.5
ID_DDDEED5A69,0.5
ID_61C2128CC4,0.5
ID_246CB5DA4B,0.5
ID_711FF59E89,0.5
ID_1E35977F62,0.5
ID_A2BE2DA387,0.5
ID_58610E1631,0.5
ID_21DFA9D5B9,0.5
ID_0D907251EA,0.5
ID_C2748F43A9,0.5
ID_C0F7DD8F5A,0.5
ID_95B298C073,0.5
ID_BC86E5C648,0.5
ID_EC0215992A,0.5
ID_2448445069,0.5
ID_9E2A0F34A6,0.5
ID_D71E6D656C,0.5
ID_32DC57931A,0.5
ID_5DF5487EC8,0.5
ID_0F11BB93FC,0.5
ID_56666121B3,0.5
ID_981081F535,0.5
ID_EF628459E9,0.5
ID_13F11A2EBA,0.5
ID_7FAF2221B0,0.5
ID_317DECD8C5,0.5
ID_CD8D7D62F9,0.5
ID_A2865691D0,0.5
ID_AAB3F8E934,0.5
ID_4D50793005,0.5
ID_C3241BE90F,0.5
ID_33ECF04F1E,0.5
ID_D4B047FFC4,0.5
ID_ADFA6122FA,0.5
ID_46FC9DC685,0.5
ID_D301CD3620,0.5
ID_ED69A7183C,0.5
ID_80B02DEFB6,0.5
ID_4891445C28,0.5
ID_3AA7B0A2D0,0.5
ID_45E27C9CC7,0.5
ID_B9303F3EC2,0.5
ID_D3D4C83411,0.5
ID_5E7C72C956,0.5
ID_FD36B57C9E,0.5
ID_9E50893CC1,0.5
ID_E2359E378D,0.5
ID_D9624059BB,0.5
ID_67830304EA,0.5
ID_335F27EC20,0.5
ID_E5D9A90733,0.5
ID_DCB1EEA103,0.5
ID_A373D183CE,0.5
ID_09E99F4F1C,0.5
ID_B3FC40D075,0.5
ID_7F9E8EF963,0.5
ID_8327E191E5,0.5
ID_AD5D42F6A3,0.5
ID_9505261919,0.5
ID_5F37EE9AFE,0.5
ID_8435337626,0.5
ID_F3A4FBD877,0.5
ID_85A3CB557C,0.5
ID_D7B50BD673,0.5
ID_D3DC0D85BE,0.5
ID_56EB6B67C0,0.5
ID_C15E685046,0.5
ID_73D255B009,0.5
ID_4F07F2E4B5,0.5
ID_11EBB7258D,0.5
ID_C412B7680D,0.5
ID_D14E70B738,0.5
ID_5E2B97742D,0.5
ID_C1C9D77ED3,0.5
ID_3137CFD1BF,0.5
ID_A9735F1189,0.5
ID_797395E534,0.5
ID_75BEAB1D8D,0.5
ID_697B50F53A,0.5
ID_D52F607FEE,0.5
ID_54ACADF376,0.5
ID_4888737427,0.5
ID_098A5AEC47,0.5
ID_415171615F,0.5
ID_9A35BCD38B,0.5
ID_826A25FD21,0.5
ID_2EA80A5DC4,0.5
ID_1F4AF9C395,0.5
ID_F1C94EA22F,0.5
ID_6E57F30F6B,0.5
ID_7809A0938A,0.5
ID_1121470D68,0.5
ID_B7C011CB83,0.5
ID_073E070B5E,0.5
ID_B2740A6883,0.5
ID_D4E631A4A9,0.5
ID_5FEFA9F6EF,0.5
ID_D67F80332C,0.5
ID_7C0C018E7D,0.5
ID_113058A7D6,0.5
ID_61F9FCB4AD,0.5
ID_10FACEA5B3,0.5
ID_8F23FE22C4,0.5
ID_8530D0E231,0.5
ID_9DB8B899C9,0.5
ID_D5EF870868,0.5
ID_3A8DC3EC8E,0.5
ID_E8C3C4F929,0.5
ID_2A6D8F8BEB,0.5
ID_02AC7EB12E,0.5
ID_CDB21902E0,0.5
ID_788856331B,0.5
ID_B2887DEAFE,0.5
ID_E111B7E4E0,0.5
ID_28808145AB,0.5
ID_FEB9B2C1A8,0.5
ID_AA996EF8BC,0.5
ID_47953B7CB4,0.5
ID_DD1F8B54C5,0.5
ID_F80206B93E,0.5
ID_55527C54F9,0.5
ID_7FA115DB66,0.5
ID_EA0E276062,0.5
ID_6958A0CB8E,0.5
ID_53B20BB3E1,0.5
ID_579CEA078E,0.5
ID_C343ED6F03,0.5
ID_E466BE3E10,0.5
ID_6F966FF5FB,0.5
ID_B5A30E36CA,0.5
ID_9D7DD496CB,0.5
ID_FFBDBCE420,0.5
ID_3F7015C513,0.5
ID_BCA80FE417,0.5
ID_C621AC6772,0.5
ID_FB6A222539,0.5
ID_07C9D53C9F,0.5
ID_F6C49CB367,0.5
ID_8E147C3BD7,0.5
ID_70B62E69A6,0.5
ID_CFF68F12DF,0.5
ID_4B6CF2301E,0.5
ID_6E91157001,0.5
ID_8389609A57,0.5
ID_C5811ED46B,0.5
ID_C4326E5E20,0.5
ID_5C96071195,0.5
ID_1ECBFB632C,0.5
ID_F653535AD9,0.5
ID_DA52DC2F0E,0.5
ID_F89EB57C7D,0.5
ID_B60B421C22,0.5
ID_A82C854BBD,0.5
ID_9F07DAF700,0.5
ID_F8D180AC4A,0.5
ID_B3E2A920F0,0.5
ID_E8958CDE5B,0.5
ID_F6991F7AA0,0.5
ID_27F603D276,0.5
ID_0A085B79C8,0.5
ID_C90BCE6936,0.5
ID_00D6E4FB80,0.5
ID_8E28A0A77A,0.5
ID_DD7D01D4A7,0.5
ID_1E75FDE3C8,0.5
ID_A2D856F85E,0.5
ID_8B043FADF4,0.5
ID_0F45EFB710,0.5
ID_3EFC15CECB,0.5
ID_CE706694E3,0.5
ID_5C5166CECF,0.5
ID_624589DADD,0.5
ID_1604A9FD34,0.5
ID_C8D95B5E58,0.5
ID_1C090A3EBB,0.5
ID_20D1B80B86,0.5
ID_ADA9C79396,0.5
ID_B12C2B9237,0.5
ID_356537D5E2,0.5
ID_A9A3F43D51,0.5
ID_1EF4A4E73B,0.5
ID_4EB3B066A8,0.5
ID_59D73467D7,0.5
ID_548288C764,0.5
ID_111A6C99AD,0.5
ID_74B7659D7B,0.5
ID_980C0B880C,0.5
ID_603803473F,0.5
ID_0917E8E15C,0.5
ID_6F0AA7C8C0,0.5
ID_8B44B092A6,0.5
ID_BFD8F65443,0.5
ID_4DC59C0DDC,0.5
ID_911716C475,0.5
ID_EFDD3DBCA2,0.5
ID_F12A900030,0.5
ID_AF58E0727D,0.5
ID_AEFA17646D,0.5
ID_D1E1DD067E,0.5
ID_9728A8A576,0.5
ID_86560AE019,0.5
ID_DAEBD06890,0.5
ID_F79B79FE3A,0.5
ID_42C9B24E12,0.5
ID_BD93DC4246,0.5
ID_EC1D76E531,0.5
ID_99F7208EA0,0.5
ID_391EB878BD,0.5
ID_87A8F83B90,0.5
ID_51F080DC5F,0.5
ID_F65B7FEBF5,0.5
ID_A0BC16CE15,0.5
ID_E35D539C1E,0.5
ID_D287CCE0D0,0.5
ID_31AE5130B7,0.5
ID_0C585DF109,0.5
ID_FF586E4C47,0.5
ID_34FAFFD9D7,0.5
ID_5BAE339B1C,0.5
ID_4DEEA5A9F3,0.5
ID_B1FDF8575F,0.5
ID_7E7DCA9519,0.5
ID_F430A51AB7,0.5
ID_E2EDE619A4,0.5
ID_CB135FBABA,0.5
ID_DD4853CE67,0.5
ID_402E73F29B,0.5
ID_B59E4D77B4,0.5
ID_3675078E27,0.5
ID_CDE28F46D2,0.5
ID_76D2F6F257,0.5
ID_B37D489804,0.5
ID_75640416E7,0.5
ID_08E6BEE728,0.5
ID_50451EC1AB,0.5
ID_10E55D12EA,0.5
ID_FCF97E9451,0.5
ID_FE271A327A,0.5
ID_D891D0C5BF,0.5
ID_799B21FAD8,0.5
ID_C108163FF4,0.5
ID_6FA678B6E4,0.5
ID_9C8DDE478F,0.5
ID_A1BE3BA18D,0.5
ID_E6E81C8D04,0.5
ID_6E485E8372,0.5
ID_401A9ACDD4,0.5
ID_D388EA2912,0.5
ID_87F1A3BE84,0.5
ID_C1FAF5DFE5,0.5
ID_3DEC42918E,0.5
ID_6110FEF872,0.5
ID_05CA5BD810,0.5
ID_E839F5F4B0,0.5
ID_A0686E80B4,0.5
ID_99C916F692,0.5
ID_C262AEE0F4,0.5
ID_5CADC37170,0.5
ID_DF7B9C1479,0.5
ID_244253E778,0.5
ID_B1197DC7B2,0.5
ID_96C09422D6,0.5
ID_FEABE7B60A,0.5
ID_E1B759841F,0.5
ID_729F4F8294,0.5
ID_97EF2B9CE1,0.5
ID_BF3ED964D7,0.5
ID_3B3F6E2473,0.5
ID_2B59022400,0.5
ID_F60BDF500F,0.5
ID_1C8BD3C918,0.5
ID_169980B400,0.5
ID_DF77BF0C1E,0.5
ID_622E3A780D,0.5
ID_DF0E32B5FD,0.5
ID_0F8D7D2B96,0.5
ID_D16B69762D,0.5
ID_2B16EDE9A0,0.5
ID_81D1EDEFA4,0.5
ID_FC1812C559,0.5
ID_662467877F,0.5
ID_A5B09EDBAB,0.5
ID_B261F7C98A,0.5
ID_2E2052410F,0.5
ID_ED59EE3479,0.5
ID_8382C7BB04,0.5
ID_31B4C8FAFA,0.5
ID_F7C3073C6E,0.5
ID_874927F31F,0.5
ID_71FAB56551,0.5
ID_547FC69D4D,0.5
ID_E20E30E3C5,0.5
ID_E7819277DE,0.5
ID_F2D4040A8C,0.5
ID_38F4276F50,0.5
ID_D42D8D7B24,0.5
ID_BFE758E853,0.5
ID_A9F85D0C03,0.5
ID_9D7170D06F,0.5
ID_38336F436B,0.5
ID_CA868DEF23,0.5
ID_112A817196,0.5
ID_65D26C1CF8,0.5
ID_7A1F0AF181,0.5
ID_8CD819A869,0.5
ID_8F4BA7C8F0,0.5
ID_F9A2844D4E,0.5
ID_4A26BB72C0,0.5
ID_58907A3CCC,0.5
ID_A00B408A4F,0.5
ID_027E58BD1B,0.5
ID_26C4F9A5CE,0.5
ID_770FD120A8,0.5
ID_87C5D09AE9,0.5
ID_26772E819A,0.5
ID_A027D0B19E,0.5
ID_72B4F07775,0.5
ID_FFBFE9E2CF,0.5
ID_87B8F75035,0.5
ID_A70C05BA41,0.5
ID_68801918D6,0.5
ID_D30A90C79E,0.5
ID_B14759B4D3,0.5
ID_320B6A5322,0.5
ID_65B390875B,0.5
ID_4299F6FFE1,0.5
ID_5E0774B09E,0.5
ID_626074E855,0.5
ID_B8572147D0,0.5
ID_17C4457947,0.5
ID_D4312BF8DF,0.5
ID_7080896EA1,0.5
ID_F9B8A8AC70,0.5
ID_44911C6E69,0.5
ID_CBD84D1EDE,0.5
ID_54EF16EBD6,0.5
ID_915B86AC5F,0.5
ID_FEAA35C47F,0.5
ID_DB90BC62F6,0.5
ID_AD7D628CDA,0.5
ID_705D3A85D7,0.5
ID_EC3ED8441F,0.5
ID_C872E395BD,0.5
ID_BF21F2C912,0.5
ID_D2A646627B,0.5
ID_8F7A80062B,0.5
ID_DAFC25D96E,0.5
ID_E4D845F1C5,0.5
ID_248DA56F87,0.5
ID_34EA378A79,0.5
ID_CFD26C6253,0.5
ID_E990B70406,0.5
ID_FBFB89C97E,0.5
ID_A475F19AEB,0.5
ID_2E74CAE547,0.5
ID_9AFB6DCAEF,0.5
ID_1EBC5C93A3,0.5
ID_E4E67AA92D,0.5
ID_54AE94949D,0.5
ID_12F12E5D56,0.5
ID_985764B6B5,0.5
ID_53F550F0C4,0.5
ID_70690E240E,0.5
ID_0D29478A40,0.5
ID_A96376CC4C,0.5
ID_FB715F2C48,0.5
ID_83DA9B28EB,0.5
ID_61AC9C7E8A,0.5
ID_FF075298A6,0.5
ID_3C9E48FAD6,0.5
ID_FB8BB26224,0.5
ID_F6E75762E5,0.5
ID_9857289263,0.5
ID_AB4F6A409B,0.5
ID_04B6530A56,0.5
ID_D3CC3F0C85,0.5
ID_F7E0F4D0B1,0.5
ID_699DCA499E,0.5
ID_94E3A5D474,0.5
ID_AD72BAD6DB,0.5
ID_A17B147ACB,0.5
ID_516E30DDF2,0.5
ID_2702615BF5,0.5
ID_34B4C7B9A6,0.5
ID_38099EB9B7,0.5
ID_42849B8B9F,0.5
ID_1BFA5D585A,0.5
ID_C3B82CABB7,0.5
ID_1524384E0C,0.5
ID_B34248F566,0.5
ID_A241F28B61,0.5
ID_7DC54A61F0,0.5
ID_6DA66FCA76,0.5
ID_D1182DA14D,0.5
ID_0899C84E5D,0.5
ID_752452DE10,0.5
ID_C890A59C1D,0.5
ID_E4A52D4094,0.5
ID_9847EF766B,0.5
ID_F5C7B5ED92,0.5
ID_87903015F1,0.5
ID_72D670B7AC,0.5
ID_6516C973AC,0.5
ID_4C132F19F6,0.5
ID_12AFE30CB7,0.5
ID_BDF99746ED,0.5
ID_BF337BB36D,0.5
ID_14EA50B910,0.5
ID_C77464E8CD,0.5
ID_F37C569334,0.5
ID_A4399A1FC7,0.5
ID_CE77189390,0.5
ID_49A80F701A,0.5
ID_DA598E593C,0.5
ID_1CAB6290CA,0.5
ID_6F1355401D,0.5
ID_30E43BAD3F,0.5
ID_C637144B93,0.5
ID_D7ABF3A0C3,0.5
ID_1EB0046250,0.5
ID_6F88F67EAC,0.5
ID_92FADA3DDC,0.5
ID_E720261CD4,0.5
ID_D5875853F3,0.5
ID_3DB24A57A6,0.5
ID_00C043A6C0,0.5
ID_53F9945D9B,0.5
ID_13224C8DD5,0.5
ID_1AC2CA86EC,0.5
ID_9D7F73684D,0.5
ID_66D4098DC8,0.5
ID_0CAEA7F604,0.5
ID_636C805500,0.5
ID_E8266FB03C,0.5
ID_1961B00A28,0.5
ID_99F63967F4,0.5
ID_B87A91AE45,0.5
ID_65C22456B1,0.5
ID_12B4D558EC,0.5
ID_7D4FAC0F19,0.5
ID_805AD8C156,0.5
ID_8B6DAED78F,0.5
ID_3CB75F048B,0.5
ID_ECB180EB00,0.5
ID_C914F7C99C,0.5
ID_B2D69D9282,0.5
ID_02F754E955,0.5
ID_6CAF65C913,0.5
ID_2FEDF9C669,0.5
ID_8CFE9BD7CE,0.5
ID_812FE5FCEE,0.5
ID_0FE6625FBA,0.5
ID_8B9F99A6EB,0.5
ID_5B09AB6E07,0.5
ID_C63A2D7F59,0.5
ID_D00803C1E9,0.5
ID_16E47DE97D,0.5
ID_051975967B,0.5
ID_D21F69FD2E,0.5
ID_6F6F3C0B99,0.5
ID_7CA47AD1FC,0.5
ID_C098235A96,0.5
ID_7F1AE85470,0.5
ID_665D5772ED,0.5
ID_300C1FA18C,0.5
ID_DB91D103DF,0.5
ID_3303EF2D4D,0.5
ID_1641B7D020,0.5
ID_809B8845C9,0.5
ID_C8449D2DA3,0.5
ID_9451C79E34,0.5
ID_A4715EAF4E,0.5
ID_D92DD72A93,0.5
ID_6B61737132,0.5
ID_A47F3C27CD,0.5
ID_886859E681,0.5
ID_3B4392E5F5,0.5
ID_996C5D2B83,0.5
ID_1F12902B7B,0.5
ID_CEDCB531F2,0.5
ID_D70A3253C5,0.5
ID_377D6C3C70,0.5
ID_BD2EB0C700,0.5
ID_071CE9C156,0.5
ID_71C50BEC03,0.5
ID_9E2E67B927,0.5
ID_FA94BFB72A,0.5
ID_3A8C46642C,0.5
ID_84E40B1083,0.5
ID_4948CB39CB,0.5
ID_C018ED3C3E,0.5
ID_0513767F3A,0.5
ID_1787E3CB96,0.5
ID_AC3A1B5117,0.5
ID_5593E8F953,0.5
ID_E3F20E6DA8,0.5
ID_C16B2013E3,0.5
ID_FAAB82D7A2,0.5
ID_FE96E54571,0.5
ID_D0A05A1F5F,0.5
ID_779B5C3F3D,0.5
ID_6C800E2830,0.5
ID_E8B4CB5CE4,0.5
ID_6021A63260,0.5
ID_C9CC57E214,0.5
ID_7C989B4291,0.5
ID_852684E5AF,0.5
ID_991112A394,0.5
ID_C9818B5EFE,0.5
ID_76933C6FEB,0.5
ID_F4FC24A661,0.5
ID_2B5ECE11BA,0.5
ID_3AA5C6D227,0.5
ID_00F5101CBB,0.5
ID_E16EF71BED,0.5
ID_27AEB5EC63,0.5
ID_D99037990B,0.5
ID_A513DEA4BC,0.5
ID_1379BFE470,0.5
ID_08DE317E48,0.5
ID_AF916D14E1,0.5
ID_93E4948F3C,0.5
ID_E866DE9AE0,0.5
ID_194BFD0593,0.5
ID_06A420C792,0.5
ID_3430B65273,0.5
ID_6D2F148427,0.5
ID_808CBB9CA4,0.5
ID_28A266921B,0.5
ID_D959E38D68,0.5
ID_F56C4E7925,0.5
ID_9B7FB62C95,0.5
ID_EECF710446,0.5
ID_826F1B0E69,0.5
ID_90F07FFE11,0.5
ID_B2CB8E157A,0.5
ID_079331D90E,0.5
ID_D7E742EA4B,0.5
ID_BAC070674A,0.5
ID_0F04F5BEDD,0.5
ID_8A7DF9F779,0.5
ID_7E130958D3,0.5
ID_C7F4707EE3,0.5
ID_0B42F9C787,0.5
ID_68DD53200C,0.5
ID_ABAE51EC5C,0.5
ID_A69816C9B0,0.5
ID_0196F2E342,0.5
ID_7DDFE879A9,0.5
ID_4BC0D91707,0.5
ID_899DCC065C,0.5
ID_7068E65631,0.5
ID_5498B4789E,0.5
ID_759B56353F,0.5
ID_632138D5EE,0.5
ID_3EE1C7C98E,0.5
ID_B00F6A052D,0.5
ID_CC1366E23B,0.5
ID_597FF4E3EC,0.5
ID_41EE96384F,0.5
ID_5B4BBF7642,0.5
ID_A998897EEE,0.5
ID_8B55E4BD40,0.5
ID_C005C43867,0.5
ID_9158FC8C18,0.5
ID_2397DAFDED,0.5
ID_408D45C5E4,0.5
ID_965C1771F8,0.5
ID_4C0AEE54B7,0.5
ID_7570A229B0,0.5
ID_3EDA466C83,0.5
ID_EA5AB90364,0.5
ID_001907BC2E,0.5
ID_FAB27FA4E4,0.5
ID_2D44BDFB5A,0.5
ID_A92F47C86D,0.5
ID_3E4A646193,0.5
ID_BC42DF8325,0.5
ID_B4FCA893B3,0.5
ID_68D6E86B2C,0.5
ID_990E52BF13,0.5
ID_EA12F15AE7,0.5
ID_955DF372DF,0.5
ID_8DEFA673FE,0.5
ID_4CA0ADC0B3,0.5
ID_855CDDCE4D,0.5
ID_2906FD01BE,0.5
ID_31BB83BBAB,0.5
ID_490BF884FF,0.5
ID_306C14BAA9,0.5
ID_5A3F86520C,0.5
ID_C35A871DD8,0.5
ID_3894EBB453,0.5
ID_3B53D02C11,0.5
ID_3AE8BDCF65,0.5
ID_C37B7BCA8F,0.5
ID_F6D14A3F8D,0.5
ID_C38CA4618B,0.5
ID_B7D0B21D7A,0.5
ID_EEFE35C998,0.5
ID_0286F88A31,0.5
ID_F104432B05,0.5
ID_E72129435B,0.5
ID_91DA54A2E7,0.5
ID_6EDFB47CED,0.5
ID_43B15B73DD,0.5
ID_3DADA3A42B,0.5
ID_45315AE175,0.5
ID_1D199BCFEC,0.5
ID_3D0F7C1857,0.5
ID_B742CFF35D,0.5
ID_838125CA17,0.5
ID_73807A4624,0.5
ID_6899C538D2,0.5
ID_EF79D1EAF3,0.5
ID_465B140A03,0.5
ID_D2E4CCF7B3,0.5
ID_CE94792A10,0.5
ID_2B358FE33A,0.5
ID_20EB021625,0.5
ID_5A8C403C9B,0.5
ID_88B52B9F30,0.5
ID_92AC088FAC,0.5
ID_A597185F33,0.5
ID_A73F053B61,0.5
ID_EBA0676C5A,0.5
ID_A23AD1AFAD,0.5
ID_F3321CA790,0.5
ID_4D595CC986,0.5
ID_7A8A4BE77F,0.5
ID_B4F220A4FE,0.5
ID_CDA7135922,0.5
ID_54E61CAC64,0.5
ID_1F9DD8FE6A,0.5
ID_B34FC1D55D,0.5
ID_40C92569FF,0.5
ID_88C0C36AE6,0.5
ID_2848A5165C,0.5
ID_D3901FC811,0.5
ID_3F0EFF11EA,0.5
ID_B55FCB2BB6,0.5
ID_373C68D394,0.5
ID_C7DAC3473D,0.5
ID_1049E4403E,0.5
ID_63E849DC7E,0.5
ID_2CA196FA4F,0.5
ID_3E1BD8DBF0,0.5
ID_61078C9648,0.5
ID_7660B396D1,0.5
ID_38FF1EDE4B,0.5
ID_1FEB9A854F,0.5
ID_A5A80D0BEE,0.5
ID_CA06E34877,0.5
ID_ADD374EC0C,0.5
ID_E9B02594A8,0.5
ID_6F362133EA,0.5
ID_DF37A1CF20,0.5
ID_4F285B5283,0.5
ID_DF9C2631DF,0.5
ID_4AAB90267F,0.5
ID_E3FF667A6B,0.5
ID_46BFE571A4,0.5
ID_867C1F51F4,0.5
ID_AF7C07DE88,0.5
ID_D938D47E5C,0.5
ID_FC50B15FBC,0.5
ID_DD416F8DA1,0.5
ID_2820880DB0,0.5
ID_A2528172D7,0.5
ID_C0DC8DF9D9,0.5
ID_BB06040470,0.5
ID_48E0BEB42D,0.5
ID_3FD2703992,0.5
ID_522FCF782B,0.5
ID_F976A1367A,0.5
ID_B2C77A5982,0.5
ID_517742A752,0.5
ID_80BC3C3758,0.5
ID_6BCA21A194,0.5
ID_1A6D3ECB58,0.5
ID_924ADE6192,0.5
ID_E37799187B,0.5
ID_F5B4647A78,0.5
ID_E71BD2E806,0.5
ID_B762FB97D8,0.5
ID_CE66D1A58E,0.5
ID_78A42CE999,0.5
ID_839E2924B4,0.5
ID_A91EFF0754,0.5
ID_06058D4161,0.5
ID_66CCBCA0F3,0.5
ID_ED25A124DD,0.5
ID_FB2146629C,0.5
ID_9FD0A62EE2,0.5
ID_6A67AB95FE,0.5
ID_848E21E80A,0.5
ID_A39A085D22,0.5
ID_E24FA7D075,0.5
ID_840DFF8652,0.5
ID_E9EC5AD5C9,0.5
ID_E58B8B33BC,0.5
ID_90260B16FE,0.5
ID_6F504DE6E0,0.5
ID_49263FCBED,0.5
ID_074593BBC1,0.5
ID_1DA7374B4F,0.5
ID_2BE1FBB324,0.5
ID_8304E4AEC1,0.5
ID_B3B2C7560A,0.5
ID_B03B965BFE,0.5
ID_B34C59E89C,0.5
ID_DF2D53F770,0.5
ID_0A5EB20E2A,0.5
ID_7A10E2B153,0.5
ID_26F0DC27AB,0.5
ID_36759D3BED,0.5
ID_483DA928CC,0.5
ID_CEAA417332,0.5
ID_5A41A71406,0.5
ID_84FCCD4799,0.5
ID_3835566EF6,0.5
ID_AEF3C5D88A,0.5
ID_C89BDABB27,0.5
ID_2F9C2661E4,0.5
ID_64050584E3,0.5
ID_D8D937BB59,0.5
ID_301D482766,0.5
ID_7587A8DBED,0.5
ID_98EB98FD99,0.5
ID_998ABC1378,0.5
ID_0A23DC94D1,0.5
ID_107C0F58B7,0.5
ID_AC07A3314E,0.5
ID_8492743263,0.5
ID_E5EB40C27F,0.5
ID_451104A0EB,0.5
ID_A403B6FDC4,0.5
ID_69D93819B0,0.5
ID_23E67A1FF4,0.5
ID_CD05CE18C2,0.5
ID_61D025DE61,0.5
ID_3E8207B968,0.5
ID_C6F074E184,0.5
ID_3A04A70353,0.5
ID_BD3CE1E897,0.5
ID_3CB2E5A993,0.5
ID_9E1E28D770,0.5
ID_F04C02DB0B,0.5
ID_460E18BE42,0.5
ID_B85FD4ED0B,0.5
ID_BA35E29017,0.5
ID_F9F1AECDD8,0.5
ID_FCF4571B53,0.5
ID_40E2785362,0.5
ID_1F40CA507A,0.5
ID_4F2DF2A1CB,0.5
ID_999EF6CA68,0.5
ID_0329CF4774,0.5
ID_5EAC4F00B9,0.5
ID_31FFC6FDC5,0.5
ID_82EB6CC9C6,0.5
ID_9EFE49AF43,0.5
ID_CDE493CF6E,0.5
ID_FEDBD7CC1D,0.5
ID_47865A1480,0.5
ID_47CC8D7BB5,0.5
ID_64F183DC71,0.5
ID_14D72E78BF,0.5
ID_765228D2C4,0.5
ID_DF289DC595,0.5
ID_D4F788B8A6,0.5
ID_3A0AA6FEE4,0.5
ID_3D51038B9A,0.5
ID_2FCFF89797,0.5
ID_8E5801EBA6,0.5
ID_C455C10752,0.5
ID_E6F8D396E9,0.5
ID_404AE728CD,0.5
ID_99647A78F3,0.5
ID_4970B27B93,0.5
ID_9C73E6E3BB,0.5
ID_BFE75E755D,0.5
ID_D8A47AB47D,0.5
ID_C2FCFD51E3,0.5
ID_6F8709B977,0.5
ID_397F1E89E8,0.5
ID_A387173888,0.5
ID_7B2B5E8E47,0.5
ID_C52EBDDAEC,0.5
ID_179578EDE4,0.5
ID_B3CF541A6A,0.5
ID_5D261BBB06,0.5
ID_B278B0EEBB,0.5
ID_348BA02049,0.5
ID_713F4D44A3,0.5
ID_CA7EC14D2E,0.5
ID_32F0A992F6,0.5
ID_3586A30D64,0.5
ID_9E3D80167B,0.5
ID_69A117C462,0.5
ID_78B9BE3B27,0.5
ID_0A5AC5BD47,0.5
ID_8A7029DBCF,0.5
ID_07CB0F27C2,0.5
ID_51234205B3,0.5
ID_7AF1FF7C54,0.5
ID_68E0B270E3,0.5
ID_52D8B526D1,0.5
ID_286212A84A,0.5
ID_03BFC46185,0.5
ID_4723EDD839,0.5
ID_F52A5518A2,0.5
ID_047BAD6723,0.5
ID_636845E8AE,0.5
ID_5051C54058,0.5
ID_C9A5E58D99,0.5
ID_4AE305EE5A,0.5
ID_5ABEA22272,0.5
ID_F490A5D710,0.5
ID_7E3052C1EF,0.5
ID_3BD239D2EE,0.5
ID_E2A0716A6A,0.5
ID_E6E9610439,0.5
ID_FAB70B9D1C,0.5
ID_57A365F9A2,0.5
ID_F10917B6B1,0.5
ID_420CA96C7B,0.5
ID_D2F25DAFC5,0.5
ID_D539D9AE68,0.5
ID_6DB30A6716,0.5
ID_0BC06C97BB,0.5
ID_F2AB0C5CBD,0.5
ID_722191C31B,0.5
ID_A6B95D301F,0.5
ID_C21A2861B6,0.5
ID_E75CB4F54C,0.5
ID_3417E984EF,0.5
ID_83F9C35A46,0.5
ID_07FA98E6EF,0.5
ID_0890A36015,0.5
ID_3C510371A8,0.5
ID_D87872B295,0.5
ID_0C5116B1A9,0.5
ID_CB393E182E,0.5
ID_8C97827588,0.5
ID_DE0E8A487E,0.5
ID_295D5FE1A8,0.5
ID_D820826F9F,0.5
ID_6F38336ED8,0.5
ID_1AD97C3DF7,0.5
ID_913559A0EC,0.5
ID_9EFD43BD0D,0.5
ID_6790D2348B,0.5
ID_9A06612EF8,0.5
ID_30D7C0C1E2,0.5
ID_B5855E7419,0.5
ID_75392DA30A,0.5
ID_2F5CB8D9B0,0.5
ID_1B9E1A819B,0.5
ID_B6B937CBB9,0.5
ID_8CD8755B6A,0.5
ID_FF0E0B773B,0.5
ID_2626D0B9F2,0.5
ID_EB50004518,0.5
ID_DE88B7A58A,0.5
ID_E17BFFFFD1,0.5
ID_05835B2228,0.5
ID_8D19387FA1,0.5
ID_29AC205BC5,0.5
ID_BF0ABA1C68,0.5
ID_FB65311942,0.5
ID_CFDEC59480,0.5
ID_34F34BE453,0.5
ID_8CD046A8D9,0.5
ID_55811EA8C9,0.5
ID_E57AE90DE6,0.5
ID_41D5FB68A9,0.5
ID_0364935DD9,0.5
ID_54DC05377F,0.5
ID_540BAECAE7,0.5
ID_D0EA914E3F,0.5
ID_1B8E22C2DC,0.5
ID_8709347756,0.5
ID_415DA9163A,0.5
ID_392D653F5C,0.5
ID_D1CD4742B4,0.5
ID_AD90A0B860,0.5
ID_3792712273,0.5
ID_A81ED48DDD,0.5
ID_A09A215C04,0.5
ID_2945D854FB,0.5
ID_1AAA42F7B9,0.5
ID_18A3048D08,0.5
ID_0B98BFB8B5,0.5
ID_BF5C140288,0.5
ID_055FD11AC4,0.5
ID_ADFB9044CD,0.5
ID_C6053350D1,0.5
ID_7A60850900,0.5
ID_84E04A3426,0.5
ID_7A12461C86,0.5
ID_EA42F806D5,0.5
ID_917EB78F4E,0.5
ID_4B2C31C878,0.5
ID_54E246DCFA,0.5
ID_4A73AD3616,0.5
ID_501A5DBA97,0.5
ID_0AFB0E8D5B,0.5
ID_29641D6AFC,0.5
ID_9494D68003,0.5
ID_0F417B8148,0.5
ID_C1C69E0809,0.5
ID_A806DE7644,0.5
ID_750D4CE0BF,0.5
ID_A8E48AEAEA,0.5
ID_C0194E0968,0.5
ID_977AEA21D4,0.5
ID_2E64DB287A,0.5
ID_B75C342EE0,0.5
ID_121BEA9AFC,0.5
ID_06D8FC00BB,0.5
ID_2D3CC9DB06,0.5
ID_0FFB020291,0.5
ID_F676F51BEF,0.5
ID_C65564C729,0.5
ID_69AD2259B6,0.5
ID_06B55202F7,0.5
ID_D7833DC80B,0.5
ID_04AF2C1D07,0.5
ID_9145F05085,0.5
ID_6B5734766A,0.5
ID_B1E7CED88F,0.5
ID_0F21A596E3,0.5
ID_2666C23DCF,0.5
ID_741FB384FF,0.5
ID_A9BA0C8093,0.5
ID_FEC5C09CF7,0.5
ID_D67C2253ED,0.5
ID_2A23972BA1,0.5
ID_1E7FC8957C,0.5
ID_F05AB43629,0.5
ID_ABF582EF25,0.5
ID_6294DB27C6,0.5
ID_B4A854447B,0.5
ID_2996944D8A,0.5
ID_C83725704F,0.5
ID_EF272E6EE3,0.5
ID_8B3AEE159E,0.5
ID_52ACB04216,0.5
ID_5CAEEFC938,0.5
ID_62FC3ACB49,0.5
ID_42882363CB,0.5
ID_7564460362,0.5
ID_6CB6E3F5E2,0.5
ID_E7B03CEF7B,0.5
ID_79A9685D68,0.5
ID_E11CE285FD,0.5
ID_E5768F464F,0.5
ID_F5ADA4DADA,0.5
ID_93EAF02C24,0.5
ID_97792BDBDD,0.5
ID_6B2FF82798,0.5
ID_94B6174635,0.5
ID_1B307D5245,0.5
ID_3920DF2D8F,0.5
ID_CE814DD3D0,0.5
ID_3064DAFAD5,0.5
ID_C62ADF468E,0.5
ID_FA6A5AA629,0.5
ID_DF80ACEE89,0.5
ID_F828CAFE77,0.5
ID_0D91BD652C,0.5
ID_644B62B2CD,0.5
ID_A2F2C836B5,0.5
ID_581B27A4AE,0.5
ID_262CF87D93,0.5
ID_EBE8DC9140,0.5
ID_B9AB0E6587,0.5
ID_67BB7FCA84,0.5
ID_6A39238797,0.5
ID_1B4FA78E43,0.5
ID_0E9B5A17A9,0.5
ID_B21BACCC63,0.5
ID_F0A089DEFE,0.5
ID_D92D8B6AA1,0.5
ID_E7A135C6DB,0.5
ID_28B9679915,0.5
ID_CD4BC58B10,0.5
ID_9FD0E0650D,0.5
ID_58C161E346,0.5
ID_361457F51F,0.5
ID_8546A3C21A,0.5
ID_EB0CBD5A14,0.5
ID_A6873D56DF,0.5
ID_3DD78338A3,0.5
ID_BBDA026D84,0.5
ID_37D840F513,0.5
ID_34ED3E5A89,0.5
ID_663A8E78BA,0.5
ID_A5E20003D0,0.5
ID_66676FD193,0.5
ID_9EF26D1F82,0.5
ID_F33DD4BC13,0.5
ID_9CF556F0D5,0.5
ID_08D805D9AD,0.5
ID_4D47113948,0.5
ID_28C8BB14BA,0.5
ID_C5F2736784,0.5
ID_736FEF50B8,0.5
ID_02B05DD41B,0.5
ID_FAB644F9CA,0.5
ID_D53D49750B,0.5
ID_626DA84E70,0.5
ID_8BC360B190,0.5
ID_B1091B32E0,0.5
ID_6D9DA75948,0.5
ID_9F2169FDCA,0.5
ID_6F8C592A00,0.5
ID_1B74B03870,0.5
ID_57831CE5EE,0.5
ID_B6A0F7A3F2,0.5
ID_498CE394A0,0.5
ID_E685F44C7C,0.5
ID_A12A201002,0.5
ID_CD760D17B7,0.5
ID_E27977702C,0.5
ID_EBF8934E68,0.5
ID_472F82ECEB,0.5
ID_4BE5EEE465,0.5
ID_DC181A7279,0.5
ID_D4AA013DEA,0.5
ID_51656A0429,0.5
ID_ADB9B9B3BC,0.5
ID_1C531B4614,0.5
ID_FE50F729EC,0.5
ID_0F71748193,0.5
ID_390E3EB6B2,0.5
ID_03BDF82DEC,0.5
ID_5A9C3E70F5,0.5
ID_89E7D56E2C,0.5
ID_A4E8033561,0.5
ID_4FE93CC397,0.5
ID_F8853EC574,0.5
ID_4485BD0DB3,0.5
ID_DF9A2AF658,0.5
ID_9E0A0F1B7E,0.5
ID_61F44CCA3F,0.5
ID_D1248496BF,0.5
ID_9FD6ED5F51,0.5
ID_67658043A7,0.5
ID_444803AC77,0.5
ID_3538A5D895,0.5
ID_6916ACD583,0.5
ID_52A7BF69B4,0.5
ID_745C5101E0,0.5
ID_8E7DC20E00,0.5
ID_772E6F33B7,0.5
ID_FC487CEDF0,0.5
ID_549FE8B32E,0.5
ID_0992E8A2A8,0.5
ID_25A4899A5D,0.5
ID_3DB8CCB298,0.5
ID_89DF6728DB,0.5
ID_46DEBAB3DB,0.5
ID_CF0D16B15E,0.5
ID_9C10A38EE9,0.5
ID_EB221CF9C2,0.5
ID_9AD16B3816,0.5
ID_B9EAB0D50E,0.5
ID_D6DF63F313,0.5
ID_11FA6F8F6E,0.5
ID_4DA704BFFD,0.5
ID_7C4E992680,0.5
ID_E08434DCC3,0.5
ID_4E49D3AE9B,0.5
ID_B51EABD7BE,0.5
ID_A0AC927C32,0.5
ID_6662F716D2,0.5
ID_EDDFB287DD,0.5
ID_7822D75503,0.5
ID_C049859FEA,0.5
ID_B28C56A95C,0.5
ID_85D56F4C86,0.5
ID_C256CF8F28,0.5
ID_AA4A326FD0,0.5
ID_E0FF1B5CA9,0.5
ID_62510840DA,0.5
ID_2AF199AA57,0.5
ID_FE94A01D6D,0.5
ID_B6CCDB1935,0.5
ID_9A3CD9F782,0.5
ID_482783DB65,0.5
ID_0BA0C995CD,0.5
ID_294A5FF059,0.5
ID_0535DB92CD,0.5
ID_9DCBEC4153,0.5
ID_F901A02115,0.5
ID_3FE34B94D4,0.5
ID_DBB5CA5FE3,0.5
ID_E812BADB44,0.5
ID_9E2F693C50,0.5
ID_E457B51101,0.5
ID_C77A3EE1DD,0.5
ID_90F60A528A,0.5
ID_711892F9FD,0.5
ID_EB2A95A345,0.5
ID_362C683DEB,0.5
ID_5B2E05F830,0.5
ID_B0467531F8,0.5
ID_527373F3BE,0.5
ID_DCC0BCC958,0.5
ID_08E0184E9B,0.5
ID_24606516CB,0.5
ID_7017314630,0.5
ID_83F3850040,0.5
ID_3E8D1DF788,0.5
ID_FBB8F21126,0.5
ID_1F90F30B9D,0.5
ID_932C6DD5DF,0.5
ID_CFCC39AFBD,0.5
ID_A997CB6EF3,0.5
ID_18F4E73256,0.5
ID_6CADC3489D,0.5
ID_7A06C62F2B,0.5
ID_D6547CF780,0.5
ID_97D1C1D2DE,0.5
ID_8C5194E3DE,0.5
ID_F36A45BC5C,0.5
ID_1F981ECFCA,0.5
ID_D491FFE00B,0.5
ID_FE4CCB72FB,0.5
ID_51755349B8,0.5
ID_858DFCB991,0.5
ID_2629421E0B,0.5
ID_591309AD14,0.5
ID_B6F3E78A6E,0.5
ID_FDC2D5582B,0.5
ID_471D703C35,0.5
ID_493206033D,0.5
ID_C444153A31,0.5
ID_F3F430D031,0.5
ID_0266435BCA,0.5
ID_CF58AE197A,0.5
ID_316099AB5C,0.5
ID_1663D41E54,0.5
ID_F07AA944E1,0.5
ID_B6FE707440,0.5
ID_8DDC84827D,0.5
ID_547A9792F6,0.5
ID_36C6E1C4F6,0.5
ID_1FE8FD96B9,0.5
ID_1E0ADB6AA5,0.5
ID_56522358EA,0.5
ID_C4478317A7,0.5
ID_F7A16DFAEB,0.5
ID_406A62C24F,0.5
ID_B7763B5549,0.5
ID_97B484BAD4,0.5
ID_D5E906ACAF,0.5
ID_D4D03EE163,0.5
ID_2D0BCD05B5,0.5
ID_1CE997313F,0.5
ID_62EFF0C033,0.5
ID_39D3225740,0.5
ID_A8DE2484DE,0.5
ID_DC2110F3CA,0.5
ID_0D2082DB8D,0.5
ID_7DEF601DDF,0.5
ID_9B082BF698,0.5
ID_3AD2068D32,0.5
ID_DDDFBD4D96,0.5
ID_D3B7B1344F,0.5
ID_7B698B40F3,0.5
ID_78A88267D3,0.5
ID_C6813E46EF,0.5
ID_CC8D7DDD92,0.5
ID_99237709A0,0.5
ID_9403FD0E1B,0.5
ID_8C952BA542,0.5
ID_88104F66E3,0.5
ID_49C0D3A08A,0.5
ID_3F50C67A06,0.5
ID_592D222643,0.5
ID_BE73551496,0.5
ID_D566DD0787,0.5
ID_2278BEDE06,0.5
ID_56C0A6D11F,0.5
ID_ABB0278F5C,0.5
ID_288EF7FBD0,0.5
ID_19923E3185,0.5
ID_8ACA9AB89D,0.5
ID_98BC6E9F4E,0.5
ID_DEBD28DA48,0.5
ID_823E411093,0.5
ID_E364C7D351,0.5
ID_147622928C,0.5
ID_AE71E9B2DC,0.5
ID_9592884AE2,0.5
ID_59F092C691,0.5
ID_1C437E245C,0.5
ID_37061BFCBA,0.5
ID_698A85E404,0.5
ID_C101012006,0.5
ID_DC533DADAB,0.5
ID_8A08EE7128,0.5
ID_617FEA2909,0.5
ID_13389B0324,0.5
ID_3511EB1349,0.5
ID_4D0B8370C4,0.5
ID_402F719156,0.5
ID_ECF05038CE,0.5
ID_1E43F48E00,0.5
ID_BF3EE89408,0.5
ID_BCD5337EC8,0.5
ID_1C415FE952,0.5
ID_3EF364B6AD,0.5
ID_4B68FFC5AF,0.5
ID_18FAAC9A9B,0.5
ID_FE549A1AC9,0.5
ID_93F0D36526,0.5
ID_3A57B3C9E2,0.5
ID_FCFAE5BC4A,0.5
ID_A3B9CD869A,0.5
ID_4CACB934AB,0.5
ID_CE814B4BEC,0.5
ID_57365AA9F9,0.5
ID_68FB3F1150,0.5
ID_97ACBE753E,0.5
ID_5051CDDF85,0.5
ID_250ED9D8FE,0.5
ID_106E1C7F17,0.5
ID_2BD1CF5327,0.5
ID_91CC21910B,0.5
ID_B83301A0AA,0.5
ID_1A46DFBD2E,0.5
ID_C19F89EACA,0.5
ID_F2A653B7CD,0.5
ID_CF35DC2ED4,0.5
ID_0B33BE8651,0.5
ID_62864EB259,0.5
ID_78006D1571,0.5
ID_6E156FBF8D,0.5
ID_B608994E60,0.5
ID_9A0E07FF71,0.5
ID_58AE20A63C,0.5
ID_6C72477CC8,0.5
ID_FEB6DC3D64,0.5
ID_6A48232C89,0.5
ID_D7996DB086,0.5
ID_B5D83E9CAE,0.5
ID_6357ED855B,0.5
ID_D6191A0D86,0.5
ID_38742DC3B8,0.5
ID_2D791F2E98,0.5
ID_9EDF6924E6,0.5
ID_7DBB13A040,0.5
ID_2400ACFC98,0.5
ID_4D6579E25A,0.5
ID_742FC1C53C,0.5
ID_03AE38EE83,0.5
ID_A8E26882A7,0.5
ID_71305C3A85,0.5
ID_B4C83CEB3E,0.5
ID_89AC505163,0.5
ID_CAF2A9B61A,0.5
ID_8DCA751E6A,0.5
ID_9807258CB5,0.5
ID_A1AD556A8B,0.5
ID_1DA50D5513,0.5
ID_8E3D93A7AC,0.5
ID_9359873745,0.5
ID_DEAFF5F0D6,0.5
ID_2452A2AF00,0.5
ID_C1D320BB3F,0.5
ID_3707881B48,0.5
ID_06F13C673B,0.5
ID_39216C39F4,0.5
ID_0813347C78,0.5
ID_B162BAD207,0.5
ID_E9ABA9D18F,0.5
ID_1FE01922C7,0.5
ID_46550F5945,0.5
ID_27803DE25A,0.5
ID_41B3C766C1,0.5
ID_53F717F308,0.5
ID_C5D06AA944,0.5
ID_E812C1FC0F,0.5
ID_B4D12999B8,0.5
ID_90A0D5EF33,0.5
ID_7E07329BA7,0.5
ID_A8011A03AE,0.5
ID_493BBD4510,0.5
ID_9485CD24D6,0.5
ID_01C57D57B5,0.5
ID_8E4B3324FD,0.5
ID_9B74371901,0.5
ID_1EA700E69C,0.5
ID_83E2BAC983,0.5
ID_849FDF4696,0.5
ID_40A32A1A90,0.5
ID_F4E627D930,0.5
ID_58F7C8AE08,0.5
ID_4A904F4A2C,0.5
ID_E15A4FEB3D,0.5
ID_62459FE44B,0.5
ID_B5131DEFCA,0.5
ID_C4C7BF0766,0.5
ID_2659AAB285,0.5
ID_1C6327A221,0.5
ID_4D844EF75E,0.5
ID_8F8DF72C19,0.5
ID_1048D087A4,0.5
ID_4ECDC850B8,0.5
ID_8C47B3140A,0.5
ID_1A030D5932,0.5
ID_FA3B239A29,0.5
ID_19748CFEB1,0.5
ID_9D41E15EF8,0.5
ID_6A58ECB711,0.5
ID_04D6D8474A,0.5
ID_49641340E4,0.5
ID_13F7B8377C,0.5
ID_9674E69A19,0.5
ID_779641EFE4,0.5
ID_AF47684676,0.5
ID_5143730CDF,0.5
ID_97E60AE747,0.5
ID_96BAEFEA3C,0.5
ID_332EDE41CE,0.5
ID_2BFC47527B,0.5
ID_35A9F30792,0.5
ID_727D6C9B8C,0.5
ID_1B87FB3861,0.5
ID_25CC4C7F57,0.5
ID_225BC6098E,0.5
ID_B61B76D603,0.5
ID_3A4DD04849,0.5
ID_A002FB429F,0.5
ID_A6F48F6537,0.5
ID_C39630482E,0.5
ID_A530F179E8,0.5
ID_8A81FDFDD8,0.5
ID_B2B2E59F1E,0.5
ID_769390BFA3,0.5
ID_7D3EFCCB15,0.5
ID_027498E210,0.5
ID_4464FBBFD2,0.5
ID_BCADAF38B4,0.5
ID_A05CD96CDA,0.5
ID_3E0F8EED8B,0.5
ID_B6F2BD5D42,0.5
ID_A5B023F981,0.5
ID_CB18D99D33,0.5
ID_CA2EC95505,0.5
ID_3919883522,0.5
ID_DE92087C05,0.5
ID_20AB9405BB,0.5
ID_8D2C7CB2E1,0.5
ID_AA071B7E9F,0.5
ID_0D67113637,0.5
ID_6258947749,0.5
ID_AE91946B87,0.5
ID_BCAC06A198,0.5
ID_957EF1C629,0.5
ID_2DEA4A0879,0.5
ID_9F61C5DEC1,0.5
ID_375F846430,0.5
ID_6EBBC53C22,0.5
ID_4BD910BE6B,0.5
ID_FF81337395,0.5
ID_A5CFF80568,0.5
ID_DF418D7042,0.5
ID_225CACF794,0.5
ID_1D31C0B8FB,0.5
ID_B089A95555,0.5
ID_38A94C26A2,0.5
ID_B8980B30D6,0.5
ID_76943E95AE,0.5
ID_9A607E11A9,0.5
ID_B7CC36F0F4,0.5
ID_4AAA2B2F71,0.5
ID_F67D5379DC,0.5
ID_D6803F72B7,0.5
ID_DB20439C6A,0.5
ID_B2FE5FA122,0.5
ID_21406716A7,0.5
ID_F3A73F84B1,0.5
ID_0177520790,0.5
ID_10BFC2F6A2,0.5
ID_60990D9435,0.5
ID_047AADB55C,0.5
ID_EE7149CBBA,0.5
ID_3FA91F3714,0.5
ID_FA3D761B29,0.5
ID_BC9E645288,0.5
ID_7EF232FFF6,0.5
ID_B44E93DAE0,0.5
ID_9708532B54,0.5
ID_269C0D2704,0.5
ID_BC81512DE3,0.5
ID_7140420FF2,0.5
ID_1A94DB45E0,0.5
ID_A58B9E019E,0.5
ID_DD92A19EFF,0.5
ID_D5E2739798,0.5
ID_2D12463A9F,0.5
ID_232F59C075,0.5
ID_D4CB98C446,0.5
ID_878DA6B0C9,0.5
ID_3A460D5C14,0.5
ID_1586868812,0.5
ID_C0F346C0B9,0.5
ID_2CAE45E2C0,0.5
ID_5ACBA530BF,0.5
ID_DC5AA91E5F,0.5
ID_53F0850F44,0.5
ID_A822BB3B40,0.5
ID_65006A4B2E,0.5
ID_AE9DCA83F4,0.5
ID_1313761633,0.5
ID_9AA2130AAB,0.5
ID_5A1F387429,0.5
ID_FDDF7143AE,0.5
ID_E570FAF99F,0.5
ID_9D66FFEA1B,0.5
ID_43E132F6EB,0.5
ID_39DFFE9CAC,0.5
ID_995A5B8C69,0.5
ID_DF2A7E193C,0.5
ID_AA1D66EB64,0.5
ID_4F0872874C,0.5
ID_6BE5F26C79,0.5
ID_87ACA569C3,0.5
ID_88E344B9C1,0.5
ID_5FD049E880,0.5
ID_D3B6F9877C,0.5
ID_ABB3C43748,0.5
ID_5690BD5AF1,0.5
ID_CCB0D6164B,0.5
ID_DCEEF61931,0.5
ID_FFD432AE8D,0.5
ID_2A68B21778,0.5
ID_DD1C82F979,0.5
ID_30AFF7C75C,0.5
ID_01F098E2A4,0.5
ID_3CD5028886,0.5
ID_A4929A9B72,0.5
ID_C36410E7C5,0.5
ID_7912A22317,0.5
ID_9614C4B102,0.5
ID_244E30004C,0.5
ID_FCC74489C1,0.5
ID_AE60BD21CE,0.5
ID_5777A41239,0.5
ID_6416780836,0.5
ID_1CB958000D,0.5
ID_59ECF7BC2F,0.5
ID_E190517213,0.5
ID_73E90A1B39,0.5
ID_27741BD305,0.5
ID_C19EDC452A,0.5
ID_C929010A55,0.5
ID_234CBABDB7,0.5
ID_23A10581F9,0.5
ID_87DC3D5BFD,0.5
ID_7BABD81F96,0.5
ID_3A108BEA42,0.5
ID_496E06044F,0.5
ID_8512496468,0.5
ID_17F9DC06CF,0.5
ID_FA99781482,0.5
ID_4485856EED,0.5
ID_7CC3960491,0.5
ID_5970694BC3,0.5
ID_31D3CFEBFA,0.5
ID_8C0245F290,0.5
ID_9B2E18A449,0.5
ID_7A0D5AE241,0.5
ID_DF49A9F86F,0.5
ID_136BB54E5E,0.5
ID_EB8468B234,0.5
ID_D0028AF41B,0.5
ID_FA5845EE77,0.5
ID_20C98FCF16,0.5
ID_4FC8DCF411,0.5
ID_05CFD0636A,0.5
ID_C02F33A237,0.5
ID_99BA40E8CD,0.5
ID_A4AAFE574C,0.5
ID_172C2BE9C4,0.5
ID_0D18C69521,0.5
ID_0C8AEF666A,0.5
ID_77AE5E31AD,0.5
ID_5B5921C62B,0.5
ID_B56DA82BB9,0.5
ID_F41B6F5931,0.5
ID_0DB45536D6,0.5
ID_615E31B8D0,0.5
ID_5D52A0BFD3,0.5
ID_C295E2BD53,0.5
ID_07438F8C58,0.5
ID_2E7B5B3192,0.5
ID_4101285E5C,0.5
ID_04EAC52C50,0.5
ID_7385E6305D,0.5
ID_56102947D5,0.5
ID_2FA0B007CD,0.5
ID_3C4020C5DB,0.5
ID_26A4F68A9E,0.5
ID_18C3F6D743,0.5
ID_FA7539C5CD,0.5
ID_323BDE71EA,0.5
ID_C737E34FED,0.5
ID_AD20C11F1C,0.5
ID_44AA45C794,0.5
ID_9EC65A7B0D,0.5
ID_33B91B6B2B,0.5
ID_B83EA2E0DC,0.5
ID_278BD1D169,0.5
ID_D348B69496,0.5
ID_771640E87F,0.5
ID_E2257000FE,0.5
ID_C868ADE455,0.5
ID_3044ED4FB3,0.5
ID_AD99196985,0.5
ID_DB10170B0C,0.5
ID_4FC2915A38,0.5
ID_8DBD31FCAB,0.5
ID_1ADA3A4D4E,0.5
ID_5253901FDE,0.5
ID_9F84DBE4A1,0.5
ID_E8E3F015E9,0.5
ID_86E659491C,0.5
ID_7148CBD01B,0.5
ID_66AB93B131,0.5
ID_E83742E273,0.5
ID_092136BA5F,0.5
ID_5B68EBB8D4,0.5
ID_171FE45D09,0.5
ID_ED7394392D,0.5
ID_3AE66214FD,0.5
ID_1D6931DE91,0.5
ID_7446B8C0C7,0.5
ID_553D1D1FF0,0.5
ID_A388E1418C,0.5
ID_C3B9FAD2E0,0.5
ID_61D32812F8,0.5
ID_37879E1374,0.5
ID_72F4ACAB5C,0.5
ID_40A3BB32E6,0.5
ID_A607A88373,0.5
ID_3BCAE3A7B1,0.5
ID_3E34D7271E,0.5
ID_D11314AC3C,0.5
ID_3365AF6CDB,0.5
ID_7AEDC1FB67,0.5
ID_C93B6B145C,0.5
ID_F8F192F91D,0.5
ID_E753DBE9A2,0.5
ID_60AD724C69,0.5
ID_2C19899B64,0.5
ID_CDF204C481,0.5
ID_BABFDFF55B,0.5
ID_9AC7B684D3,0.5
ID_031A314C8E,0.5
ID_8015131BD8,0.5
ID_35229C77C2,0.5
ID_647341BD42,0.5
ID_C153AAA5F3,0.5
ID_7FB656054D,0.5
ID_18FF2C3329,0.5
ID_3D079AFB95,0.5
ID_7A5D415EE1,0.5
ID_ABBEF4A073,0.5
ID_7FB4975B5A,0.5
ID_5DEB3193FA,0.5
ID_FD1E798B85,0.5
ID_D529E259AF,0.5
ID_36B364CC1C,0.5
ID_2196719B18,0.5
ID_79D2640A9E,0.5
ID_A758B55CF5,0.5
ID_F5DCCE59FA,0.5
ID_237FFA6A68,0.5
ID_E392ABBCE2,0.5
ID_79E9518B31,0.5
ID_0DE5825449,0.5
ID_9F524C3688,0.5
ID_61EDAFB87B,0.5
ID_B8D5002925,0.5
ID_925CEB1BCE,0.5
ID_F484E53084,0.5
ID_62EDB33026,0.5
ID_69E70D0D62,0.5
ID_4BF813AA1A,0.5
ID_28FCCF62C7,0.5
ID_76D24F1693,0.5
ID_4315615359,0.5
ID_AF36D0CD1E,0.5
ID_248825C47E,0.5
ID_DD711B6114,0.5
ID_A507519B1F,0.5
ID_51D85E99C3,0.5
ID_57DA3E5A3A,0.5
ID_AB7AACE41B,0.5
ID_9CC5D43345,0.5
ID_756740FBF8,0.5
ID_5E7B36B686,0.5
ID_8C325242E1,0.5
ID_D68F98C0EE,0.5
ID_0BFF50AED6,0.5
ID_F7473253A9,0.5
ID_4556D1EF82,0.5
ID_B85433DD2B,0.5
ID_C22D17915D,0.5
ID_3F2515041D,0.5
ID_91F06D9AEB,0.5
ID_A01DF37C8E,0.5
ID_C355FDDF0A,0.5
ID_8716CA3DFD,0.5
ID_21DF20E194,0.5
ID_F5AFF7EB5C,0.5
ID_7399E49B3F,0.5
ID_AF6F0A2AA5,0.5
ID_A6FA792C2A,0.5
ID_20AF211D52,0.5
ID_B39516A334,0.5
ID_7DEE5662B5,0.5
ID_B9514CBAC9,0.5
ID_CAE6E4BF03,0.5
ID_B495F62925,0.5
ID_39C3D0554A,0.5
ID_2AE4492615,0.5
ID_71D16B86B4,0.5
ID_50EC9D2B13,0.5
ID_EF63938B92,0.5
ID_3DBACC7BF2,0.5
ID_F655DF2732,0.5
ID_51DA1A3454,0.5
ID_9E88E82F05,0.5
ID_51295BE8C0,0.5
ID_431DCD4B9B,0.5
ID_D9E47F12E2,0.5
ID_303DF880E2,0.5
ID_FB6CFEB831,0.5
ID_083BE4742F,0.5
ID_EA25C633C8,0.5
ID_E9E00B92C4,0.5
ID_9C4B111016,0.5
ID_B83B83E037,0.5
ID_68C363CB50,0.5
ID_FD54F3B3A4,0.5
ID_00E9FB350C,0.5
ID_07973CC287,0.5
ID_A4E0BE00DB,0.5
ID_FB4000710C,0.5
ID_EB8BFEB8A6,0.5
ID_F993EE3510,0.5
ID_03E0ABC400,0.5
ID_7E20B02BF8,0.5
ID_78E5726944,0.5
ID_82D214A095,0.5
ID_DE481A7FA7,0.5
ID_0EA0A6A18F,0.5
ID_67B79F3E6D,0.5
ID_912CC4874E,0.5
ID_743BF8DDC4,0.5
ID_4A109F2EB4,0.5
ID_85C3C97C26,0.5
ID_0A5D3089AA,0.5
ID_842B36A812,0.5
ID_D0D3ED5B3E,0.5
ID_1B013D2008,0.5
ID_13E2B8F882,0.5
ID_71FA2FE7B4,0.5
ID_93701A3E85,0.5
ID_504FCAB46E,0.5
ID_0F1C51C920,0.5
ID_39D96F81AB,0.5
ID_0A7B652F36,0.5
ID_936ECFB5D6,0.5
ID_4734C39AC0,0.5
ID_75D3CBD1CC,0.5
ID_1DBCE90BCF,0.5
ID_7B0E517A34,0.5
ID_4064614B4E,0.5
ID_25004CD23D,0.5
ID_FA95BEC9DD,0.5
ID_AC19EB3C02,0.5
ID_75FFADCF93,0.5
ID_507B3B4054,0.5
ID_3089222AD1,0.5
ID_DA5DC0DF99,0.5
ID_79CAF29398,0.5
ID_D269077725,0.5
ID_A8A65C2288,0.5
ID_244DFAF9E7,0.5
ID_78EAA2F7D0,0.5
ID_04207AC541,0.5
ID_0F664BAA7E,0.5
ID_9E5E5567B7,0.5
ID_D2FD103CA2,0.5
ID_18738ED44F,0.5
ID_97AB149768,0.5
ID_8DFE820D3F,0.5
ID_10ADEFF71C,0.5
ID_F5B9A4DF30,0.5
ID_D6986808F1,0.5
ID_7DAA60294A,0.5
ID_25A938C9B8,0.5
ID_C3EBC05CBD,0.5
ID_8091CB7A9A,0.5
ID_5D0F1CE15F,0.5
ID_0A1FFA1944,0.5
ID_A3551D497D,0.5
ID_188FF2C798,0.5
ID_5EA3E37663,0.5
ID_843664B56E,0.5
ID_9CE052E3AC,0.5
ID_E4F53E1C4D,0.5
ID_680EFA70CF,0.5
ID_E4E77FB37D,0.5
ID_D6E743FB57,0.5
ID_8B731B60B6,0.5
ID_FFEE203ABB,0.5
ID_10F56D0AE9,0.5
ID_99050A047F,0.5
ID_56FAA94B58,0.5
ID_85ABA9992E,0.5
ID_E7FFAC3F44,0.5
ID_ED0A61E0D6,0.5
ID_5E9207223C,0.5
ID_159CC08136,0.5
ID_F6C34BE7E4,0.5
ID_FEC6B28BD7,0.5
ID_58305F59A7,0.5
ID_A78D9603CE,0.5
ID_816D517FD9,0.5
ID_C9A91E5921,0.5
ID_3065AE63E3,0.5
ID_1E0E4DE5B4,0.5
ID_85951C4B51,0.5
ID_22BE903E54,0.5
ID_6FBFAFF16F,0.5
ID_39130417C4,0.5
ID_644B0E9D96,0.5
ID_5E6C46511F,0.5
ID_FD7EA1611E,0.5
ID_8F08C33E87,0.5
ID_CABFBF56A1,0.5
ID_107FE78C77,0.5
ID_7879A39456,0.5
ID_377ACA0F2E,0.5
ID_1A66111357,0.5
ID_8D0F3F22A2,0.5
ID_B23B85B433,0.5
ID_98221B9706,0.5
ID_256CDC8EE7,0.5
ID_3152D52582,0.5
ID_FA11588C43,0.5
ID_7BEF4B3941,0.5
ID_4CD1A7DD2D,0.5
ID_7A619340F6,0.5
ID_B69D24E917,0.5
ID_4B31C833F0,0.5
ID_2A87FD271D,0.5
ID_5D31598963,0.5
ID_3D734F7F65,0.5
ID_78E149262C,0.5
ID_FB3C1F3A6D,0.5
ID_66763DB516,0.5
ID_D12EBDE6B6,0.5
ID_4DEF7EB4C6,0.5
ID_B074EA1926,0.5
ID_DD887FFE4E,0.5
ID_5C800D9363,0.5
ID_4152B65564,0.5
ID_70DF30E70E,0.5
ID_878C7D535F,0.5
ID_4D34725B71,0.5
ID_663291B3BA,0.5
ID_0A04A2BCAD,0.5
ID_ADA0349CB1,0.5
ID_4DC1EA6D48,0.5
ID_4D11D28311,0.5
ID_9A50DE4C40,0.5
ID_0B270A999E,0.5
ID_18D8ACCB5B,0.5
ID_912CB99930,0.5
ID_0CFEE1BFAA,0.5
ID_2B1FE01E16,0.5
ID_6D0EB45412,0.5
ID_5A7B769B0D,0.5
ID_056BB155F3,0.5
ID_F255BA0121,0.5
ID_04A5881B61,0.5
ID_76A55DAE01,0.5
ID_2AF74E7230,0.5
ID_2AC7373892,0.5
ID_B8679EE312,0.5
ID_5F8FB6B36C,0.5
ID_1931381E29,0.5
ID_40D5D87053,0.5
ID_C4D01DE638,0.5
ID_33F1EB82BA,0.5
ID_E3A4A6EB55,0.5
ID_CAD746820C,0.5
ID_36C411F04D,0.5
ID_1D7F6C456B,0.5
ID_3A68B2920C,0.5
ID_69C94D2E38,0.5
ID_97F4F04812,0.5
ID_27FEE0432C,0.5
ID_7789778896,0.5
ID_494A47CEA4,0.5
ID_424C5388DF,0.5
ID_E4FA89CBB1,0.5
ID_23F034A53E,0.5
ID_2421C9EE9E,0.5
ID_0B0538ED22,0.5
ID_285736B8CD,0.5
ID_345D72D0D1,0.5
ID_218F036F9D,0.5
ID_E1906B46D7,0.5
ID_80ACCF1733,0.5
ID_756E9DEB0D,0.5
ID_83BD254984,0.5
ID_786C04B679,0.5
ID_CCE16B5F68,0.5
ID_0313A1C0E8,0.5
ID_AED65F5291,0.5
ID_CD88BEBB3F,0.5
ID_20E569597D,0.5
ID_50F69B46BE,0.5
ID_45E182487C,0.5
ID_C48DB9A3B6,0.5
ID_73E0D85BFD,0.5
ID_4DAF1CAECD,0.5
ID_A566332BD4,0.5
ID_161E9ED18B,0.5
ID_751C214CD9,0.5
ID_19762F958B,0.5
ID_87F18A3964,0.5
ID_7D56A0F1C9,0.5
ID_671881E752,0.5
ID_C00A084D13,0.5
ID_5AB7B2DE80,0.5
ID_BE3A802A28,0.5
ID_E90607092F,0.5
ID_180DB895C2,0.5
ID_FF8AC131AC,0.5
ID_719C229FEF,0.5
ID_DA7A225C5D,0.5
ID_8FC668F622,0.5
ID_227E0FEF0F,0.5
ID_AF05ECDB86,0.5
ID_1F32506DA9,0.5
ID_484AA7C344,0.5
ID_A30D781E30,0.5
ID_04556CE610,0.5
ID_F544696EB4,0.5
ID_DA3B45BED1,0.5
ID_9329BDF476,0.5
ID_CE7424016C,0.5
ID_6A9615A0CF,0.5
ID_C39381C879,0.5
ID_1AC80CA9C8,0.5
ID_40825DF704,0.5
ID_85A8C93BF3,0.5
ID_86C90FC4EB,0.5
ID_3904EC1799,0.5
ID_C253BB9064,0.5
ID_E9406D7891,0.5
ID_ABF37148D9,0.5
ID_FA7C072E9C,0.5
ID_C157347D70,0.5
ID_3CAB3251F3,0.5
ID_10041C1168,0.5
ID_ADE37DD8BF,0.5
ID_B3E090011E,0.5
ID_037963B326,0.5
ID_466C9DC31C,0.5
ID_79BE4A6E61,0.5
ID_41859335B5,0.5
ID_A78496E023,0.5
ID_6E852FBCEA,0.5
ID_6D272FC255,0.5
ID_8DC9788CD7,0.5
ID_53C09774C0,0.5
ID_41EE223C52,0.5
ID_465EF2D378,0.5
ID_D4BFD1AEEB,0.5
ID_C7F09FC8FC,0.5
ID_9F07739E23,0.5
ID_7B8B272A87,0.5
ID_237C2A674B,0.5
ID_2B3DB68376,0.5
ID_4D6D366E39,0.5
ID_DF2967645F,0.5
ID_B5F4BD6895,0.5
ID_6C6D55115C,0.5
ID_2427E093AE,0.5
ID_3EE2702CBE,0.5
ID_39145AEBFD,0.5
ID_3A2819929A,0.5
ID_0F115AF345,0.5
ID_180FFA6C85,0.5
ID_BC68DD3A9B,0.5
ID_187F5EB4B9,0.5
ID_C60CC00FC4,0.5
ID_5C71A84B9F,0.5
ID_A888A8C1C5,0.5
ID_18057C2AA9,0.5
ID_CE17169BCC,0.5
ID_9DDC256678,0.5
ID_7770FE11EA,0.5
ID_B003BB9B01,0.5
ID_985944A377,0.5
ID_6FCBC53707,0.5
ID_6C4558FDB3,0.5
ID_760386FF25,0.5
ID_B07E871414,0.5
ID_33FE618519,0.5
ID_9639BB312F,0.5
ID_387E5634ED,0.5
ID_413EDCC5AC,0.5
ID_F53D93BA0C,0.5
ID_CB1054D630,0.5
ID_CCE08526FF,0.5
ID_44C65C063B,0.5
ID_4DE5DAB39C,0.5
ID_9DE1D7E7F1,0.5
ID_DF5AB1CEDD,0.5
ID_626D846A60,0.5
ID_AA1D311DDF,0.5
ID_C9A8BE8FE7,0.5
ID_BFE19E24FB,0.5
ID_44F98FDB12,0.5
ID_5E2A9D8BB6,0.5
ID_1B54E1B6EA,0.5
ID_08768C0723,0.5
ID_505064A46F,0.5
ID_0C57ED651F,0.5
ID_F46BC43502,0.5
ID_D90E89586C,0.5
ID_9D3DBA2F2F,0.5
ID_0FE0136284,0.5
ID_A39A8D77CD,0.5
ID_071A9B394D,0.5
ID_F117D280FD,0.5
ID_1C7C80D5C7,0.5
ID_F451CABB22,0.5
ID_7371C1899C,0.5
ID_806698C184,0.5
ID_C5640EB3B9,0.5
ID_CF5D84D8AB,0.5
ID_800A7DE493,0.5
ID_E95B489CE6,0.5
ID_B70403A77A,0.5
ID_1AC5EAFB6D,0.5
ID_C0D1044C78,0.5
ID_CBFCDC94C5,0.5
ID_82AF29E6F5,0.5
ID_D9B1CDD4B9,0.5
ID_C01F70B129,0.5
ID_013685BDF3,0.5
ID_D4C2791A1F,0.5
ID_5A9F1872B6,0.5
ID_936E8A0578,0.5
ID_631718D687,0.5
ID_1DD56521AC,0.5
ID_0DE0E56FED,0.5
ID_1890D88F45,0.5
ID_75B6405421,0.5
ID_81EC0EB7AD,0.5
ID_6E1F242B3B,0.5
ID_0F45DA2267,0.5
ID_BED09BC9C4,0.5
ID_3683414A1E,0.5
ID_98BDC40C76,0.5
ID_25B7A2511F,0.5
ID_0D5B699FBD,0.5
ID_88C57085F7,0.5
ID_C0A5D0BA8B,0.5
ID_AC04199086,0.5
ID_BC3E30A557,0.5
ID_6CFEFE594F,0.5
ID_9DBA8AA5E0,0.5
ID_8AA165EB39,0.5
ID_60DA1BF9EB,0.5
ID_4E4EF59768,0.5
ID_08F8FA0DDC,0.5
ID_B3D6ECC62D,0.5
ID_521FB24A0E,0.5
ID_B6E7CE445F,0.5
ID_998FF2D2A5,0.5
ID_84404C0390,0.5
ID_E515BA9314,0.5
ID_BBBC24E699,0.5
ID_7BC59B961B,0.5
ID_32D46469EF,0.5
ID_8906731E88,0.5
ID_CC9BC96507,0.5
ID_35E187F2F7,0.5
ID_BB7B131FB7,0.5
ID_194A0D6355,0.5
ID_EF5416A17D,0.5
ID_35FF69D195,0.5
ID_2A6324F4A1,0.5
ID_CB1F7DDC93,0.5
ID_027E6B171B,0.5
ID_59A24BBED7,0.5
ID_DB718DBCAB,0.5
ID_0FF234DA2B,0.5
ID_B47CBEFFFA,0.5
ID_73F771B43B,0.5
ID_6868A1D8A6,0.5
ID_AC63E872BF,0.5
ID_E84D5A7DD5,0.5
ID_B66DB6E171,0.5
ID_CEBBE8435B,0.5
ID_4D7123BC3B,0.5
ID_7F34AB1075,0.5
ID_B47DB27A0A,0.5
ID_32D79EFFB0,0.5
ID_EF81E1D271,0.5
ID_330C8659F2,0.5
ID_926454F3B5,0.5
ID_ED73BFD6BC,0.5
ID_31ADB46B44,0.5
ID_98CF7F924B,0.5
ID_8A2D6B5A5F,0.5
ID_18AA0EF601,0.5
ID_6DE8AE3CE5,0.5
ID_A2BE5100BD,0.5
ID_2D63F1CC0C,0.5
ID_93703C6974,0.5
ID_F1334A38F9,0.5
ID_75645782BF,0.5
ID_99DBE45B38,0.5
ID_13F6F87FC9,0.5
ID_ADEDB5C69E,0.5
ID_74F31604DA,0.5
ID_94B4729335,0.5
ID_4FF7CBD90E,0.5
ID_CB2A35DAF9,0.5
ID_5E5FBA1C72,0.5
ID_38F5FD11B4,0.5
ID_3398F9A02A,0.5
ID_7A708AB581,0.5
ID_232BE0679D,0.5
ID_E116E296F0,0.5
ID_60C4CF6F0A,0.5
ID_0F10F9BD16,0.5
ID_0887E8CFA7,0.5
ID_B58F9DCB82,0.5
ID_3D2C49DCDF,0.5
ID_4D45E4C306,0.5
ID_61EFAE3266,0.5
ID_DA3B61879F,0.5
ID_0ED7B36582,0.5
ID_1A40032874,0.5
ID_EBDF556BC9,0.5
ID_451DC0212A,0.5
ID_8729C6FACD,0.5
ID_DEAB3D79C0,0.5
ID_C6C0E741E9,0.5
ID_7377401EB3,0.5
ID_D4E7DA1AC3,0.5
ID_0369369EA9,0.5
ID_D4D363253C,0.5
ID_33ED0D7D0B,0.5
ID_913823D8EC,0.5
ID_A6D3C832B8,0.5
ID_821DCEC0FE,0.5
ID_82F5FEE2AA,0.5
ID_C791A8983D,0.5
ID_2FC877A495,0.5
ID_B92CD0BB86,0.5
ID_AD813C5EED,0.5
ID_2E638B3BDF,0.5
ID_700A1D2A05,0.5
ID_F84E566D2A,0.5
ID_41DDDACF0B,0.5
ID_CF97674549,0.5
ID_EB6D790570,0.5
ID_592A2DE81D,0.5
ID_AAE265E21D,0.5
ID_1E4AFC6E64,0.5
ID_0C3F119319,0.5
ID_36863E6362,0.5
ID_B10063E3D9,0.5
ID_F4FB41A1F7,0.5
ID_187B409045,0.5
ID_45ABF3A8D8,0.5
ID_754427EAE6,0.5
ID_5CE2C9DD10,0.5
ID_8CFFCC73BD,0.5
ID_8484763E4D,0.5
ID_170DDC738F,0.5
ID_88FC59F67A,0.5
ID_A93D4E48F7,0.5
ID_F46607E707,0.5
ID_B643C3AF80,0.5
ID_37B32AD1D0,0.5
ID_F48D7DD35A,0.5
ID_752577B839,0.5
ID_88A25C2434,0.5
ID_690DBCFA9B,0.5
ID_05C8898EF7,0.5
ID_BC88E92A6B,0.5
ID_CF9C932F4E,0.5
ID_DA840D48AD,0.5
ID_4360EC600D,0.5
ID_DF647CB6CC,0.5
ID_15E353CB8F,0.5
ID_7BB74C1B35,0.5
ID_8D839F5481,0.5
ID_BD67DA0DF8,0.5
ID_A69CBAC4E5,0.5
ID_A881299283,0.5
ID_A70DCD5278,0.5
ID_E66EA9C648,0.5
ID_CDB6194B91,0.5
ID_579F6FBE88,0.5
ID_574ABFE616,0.5
ID_9283D2CF47,0.5
ID_604C4FA72F,0.5
ID_89CE99DE52,0.5
ID_396B18C5B8,0.5
ID_D6174C7494,0.5
ID_E077E1E1DC,0.5
ID_DE3762D372,0.5
ID_CE01F8BB2E,0.5
ID_361597D763,0.5
ID_A562584756,0.5
ID_3BA84FE738,0.5
ID_66EA2CAD9B,0.5
ID_F58471EDB1,0.5
ID_D61BF9DEDF,0.5
ID_6BA5C082C2,0.5
ID_D3F46BFB18,0.5
ID_3AF6685FB6,0.5
ID_B9320A5681,0.5
ID_01A397FD97,0.5
ID_2B22416248,0.5
ID_97C75924B2,0.5
ID_34261949FD,0.5
ID_352E17CFFB,0.5
ID_B128DE812B,0.5
ID_487C5A4319,0.5
ID_81A24A8A25,0.5
ID_8847C6F23B,0.5
ID_E619EFA2E3,0.5
ID_90D3D58B33,0.5
ID_B0A92DCFD7,0.5
ID_EAD9BD4EAD,0.5
ID_77DED50654,0.5
ID_AB44703456,0.5
ID_950CD5E0ED,0.5
ID_05DE506FC8,0.5
ID_BF25521FC0,0.5
ID_39AC574AA9,0.5
ID_A6C4112611,0.5
ID_764D711984,0.5
ID_E4685CB0EF,0.5
ID_0F0021ED3A,0.5
ID_8D7AD48359,0.5
ID_16F16183AE,0.5
ID_3D183A4DB4,0.5
ID_7D8BE9BE71,0.5
ID_8687CE516B,0.5
ID_48FE49E7ED,0.5
ID_FD2F2A4A51,0.5
ID_0A50E6324A,0.5
ID_4B3CA02A16,0.5
ID_EB5B0D195B,0.5
ID_F7F9B4DCEF,0.5
ID_970AD31B8A,0.5
ID_3361A18214,0.5
ID_0A3F83268C,0.5
ID_569649496A,0.5
ID_BDBA893109,0.5
ID_4A726BC15F,0.5
ID_136BE687C6,0.5
ID_711FE910AA,0.5
ID_99E179478C,0.5
ID_6F2E93D67E,0.5
ID_78A74FA831,0.5
ID_7F4E0E3236,0.5
ID_23B1B4635F,0.5
ID_66224E6EE8,0.5
ID_C6CBA70FD6,0.5
ID_621E3A6629,0.5
ID_6306A4C4B7,0.5
ID_E8388569B5,0.5
ID_F96C2E3F86,0.5
ID_44C6079C1B,0.5
ID_58BAF3268C,0.5
ID_AA5144C47E,0.5
ID_CEC0FB417F,0.5
ID_415A34B214,0.5
ID_9D1599AC8E,0.5
ID_17D84CD9CA,0.5
ID_BF235B1F4D,0.5
ID_01D1AD7A74,0.5
ID_6C2486A6CE,0.5
ID_EB9BB15063,0.5
ID_0659525F0C,0.5
ID_A5863E8845,0.5
ID_F449EA8164,0.5
ID_B385EA1E87,0.5
ID_29540BBF20,0.5
ID_A32F6FA642,0.5
ID_2CF98F2AF8,0.5
ID_4777E74DE5,0.5
ID_BA3621BD89,0.5
ID_20315BD70E,0.5
ID_55D70D5DA0,0.5
ID_99982CE366,0.5
ID_DC2C9FDA87,0.5
ID_5F26161C2B,0.5
ID_060B469655,0.5
ID_23661C9ADC,0.5
ID_89348C9E0F,0.5
ID_A8A8CAB3AC,0.5
ID_1070770F52,0.5
ID_F7419BE082,0.5
ID_560333F36C,0.5
ID_48F18115E8,0.5
ID_130CF343A0,0.5
ID_061EF16080,0.5
ID_A1B7F621B9,0.5
ID_0C87735D0C,0.5
ID_59215B5ABB,0.5
ID_AACBB67B53,0.5
ID_2DB2EC6E87,0.5
ID_4C45D1A442,0.5
ID_AE73AF213D,0.5
ID_5E505B18DE,0.5
ID_099DD287E3,0.5
ID_33F6076487,0.5
ID_53D3F427E4,0.5
ID_0316179941,0.5
ID_E64BAA102B,0.5
ID_7A5E1D7F29,0.5
ID_2D54286DFF,0.5
ID_748646F788,0.5
ID_700DCA2998,0.5
ID_2A8C858C37,0.5
ID_C9D1A843C8,0.5
ID_767A0339B7,0.5
ID_84D333107A,0.5
ID_D1AE0BB695,0.5
ID_A54EA8E83C,0.5
ID_4DBC1161CE,0.5
ID_75350446DC,0.5
ID_E5ECABEAD1,0.5
ID_F5AF561DB8,0.5
ID_3CE1C60B20,0.5
ID_8D4C66A3E8,0.5
ID_7BA4099AB1,0.5
ID_6A27BCAB5F,0.5
ID_37FA07768B,0.5
ID_336F7B9ECB,0.5
ID_A6A204D69A,0.5
ID_5157F48BF5,0.5
ID_2CF8BF46B7,0.5
ID_34A4114CE5,0.5
ID_980C15C5E0,0.5
ID_D63277411E,0.5
ID_DE543A0287,0.5
ID_DC6C28A389,0.5
ID_54D10E8317,0.5
ID_DEEF149FC7,0.5
ID_1ABBA10B40,0.5
ID_6F489CF6D4,0.5
ID_EB6425943E,0.5
ID_BFC6DC28AC,0.5
ID_C3D45E6712,0.5
ID_712801B573,0.5
ID_6B0FC2829E,0.5
ID_F7DEA22EE0,0.5
ID_AF2FE5CD42,0.5
ID_D273DD1EE3,0.5
ID_CAA0173633,0.5
ID_7BAB8643C9,0.5
ID_D4ADFBFCB7,0.5
ID_17CC5BED3C,0.5
ID_CCE81E0C00,0.5
ID_4C6C2E86DC,0.5
ID_BEC42C3A1C,0.5
ID_50F932CB7B,0.5
ID_D57FC264FF,0.5
ID_B805FE84E8,0.5
ID_13C72C0BC4,0.5
ID_62B5E76CEA,0.5
ID_788E6D1F9B,0.5
ID_10C94073E9,0.5
ID_174C176602,0.5
ID_7F16D92595,0.5
ID_25D53D4AB2,0.5
ID_AA863A06F9,0.5
ID_CDD4F630E0,0.5
ID_DFE89619F5,0.5
ID_7F919AA96B,0.5
ID_3A8A3482CE,0.5
ID_303B61382E,0.5
ID_A8DDA76694,0.5
ID_807859A478,0.5
ID_7C27844B03,0.5
ID_15E674142B,0.5
ID_066F88D784,0.5
ID_F5AA4DC4B7,0.5
ID_F77576204C,0.5
ID_D187C501A5,0.5
ID_60C68E2F0B,0.5
ID_2EA093F0B8,0.5
ID_DFBF42E84C,0.5
ID_8235378CEC,0.5
ID_12D1EF6A51,0.5
ID_CFE6DACDC5,0.5
ID_248E96F8A2,0.5
ID_4B972604CA,0.5
ID_2C0E06AB05,0.5
ID_D0781EDF60,0.5
ID_5021DB8AEC,0.5
ID_B39351AF4E,0.5
ID_CFF4B0827C,0.5
ID_D27813AFD6,0.5
ID_D429BBC5AD,0.5
ID_608A3A7D81,0.5
ID_686178D345,0.5
ID_C2C7392FB6,0.5
ID_9DA6EE0678,0.5
ID_A25954CD60,0.5
ID_075343D308,0.5
ID_CE74C68FC5,0.5
ID_87C0B8B534,0.5
ID_F28B2F4B52,0.5
ID_7F7FAD1F32,0.5
ID_279DE9A9C5,0.5
ID_A9BB7C7409,0.5
ID_5D5DF94C33,0.5
ID_06D9E75779,0.5
ID_DB7C7EB563,0.5
ID_27A9307E4E,0.5
ID_2A3232769A,0.5
ID_DC652DFF6E,0.5
ID_1FE693B59C,0.5
ID_FDB206C8F3,0.5
ID_992078423C,0.5
ID_89F7FE2E62,0.5
ID_37BFCADABE,0.5
ID_E896273BD7,0.5
ID_868552ABBE,0.5
ID_D83585422B,0.5
ID_60B4899F07,0.5
ID_334CF667F4,0.5
ID_D412B75EEB,0.5
ID_88BE091F5E,0.5
ID_BFBA0268AC,0.5
ID_591ADB5C83,0.5
ID_B57E57F743,0.5
ID_BA9A686F7F,0.5
ID_2B6E6F2930,0.5
ID_66DD87D3D4,0.5
ID_F7F9AE8D38,0.5
ID_E4918EB003,0.5
ID_A036E61CF4,0.5
ID_4E74BEDCC3,0.5
ID_949C9E5FB7,0.5
ID_2FE104639D,0.5
ID_6EEFDD9E1F,0.5
ID_5A5D51923C,0.5
ID_F7E684F5DA,0.5
ID_937B8ACAD0,0.5
ID_BD78FD8E04,0.5
ID_B7297CC86E,0.5
ID_1E3F674D08,0.5
ID_C2AB1DC8E3,0.5
ID_1AC25A899E,0.5
ID_E215BFCDCD,0.5
ID_2D4C8BCC1F,0.5
ID_4B3F5F59B2,0.5
ID_90309A245A,0.5
ID_A0211F2979,0.5
ID_B6EDC3590A,0.5
ID_96B111AB03,0.5
ID_5D7E372C4F,0.5
ID_FF3754B9D5,0.5
ID_9F96D4515F,0.5
ID_48BE2E8A7E,0.5
ID_95D785664D,0.5
ID_45CA561D85,0.5
ID_AC307208EF,0.5
ID_53DC36EFE3,0.5
ID_EEB5984916,0.5
ID_6A81E35A79,0.5
ID_7DDF2CB3F8,0.5
ID_E7E9B59095,0.5
ID_345E2F4DF9,0.5
ID_33967B9DA3,0.5
ID_01BC53E2D4,0.5
ID_F98AEA7260,0.5
ID_37120C71B3,0.5
ID_4BC3755758,0.5
ID_E8024BE503,0.5
ID_AFD05B2A66,0.5
ID_4412BF5D3E,0.5
ID_8826DEE2CF,0.5
ID_D7C6591D7D,0.5
ID_F9A02873FE,0.5
ID_61E61F7817,0.5
ID_56D98DC57C,0.5
ID_AE2AC933FF,0.5
ID_D2AE641CF5,0.5
ID_BEFF72C7A9,0.5
ID_3E7EE9D7CD,0.5
ID_F723AAB965,0.5
ID_541AC80B6F,0.5
ID_A477849AE5,0.5
ID_5D429A96A7,0.5
ID_A93BEAE5A7,0.5
ID_B843EE8EA1,0.5
ID_D71192D842,0.5
ID_9D5E79F1A2,0.5
ID_097C5F1973,0.5
ID_525DDD8E7E,0.5
ID_7CB9F32E62,0.5
ID_0905F0BAA6,0.5
ID_BC0B0520C7,0.5
ID_CDA5864D68,0.5
ID_1019196ECC,0.5
ID_5C06917482,0.5
ID_29026D41D5,0.5
ID_C5CEE8A0A7,0.5
ID_AB249BB193,0.5
ID_D7D3D64394,0.5
ID_0FD80AF43C,0.5
ID_F9FFC4599A,0.5
ID_5393FD19D5,0.5
ID_CB56ED13D8,0.5
ID_E8F0461D11,0.5
ID_3F5B70B694,0.5
ID_F8D6D81EDF,0.5
ID_3C018BAD02,0.5
ID_F589592BBE,0.5
ID_EC6E4B101E,0.5
ID_B91F41EAD1,0.5
ID_53C1FBAA15,0.5
ID_B518ADFF08,0.5
ID_795B18235F,0.5
ID_FEE97006C2,0.5
ID_0B96AF19A7,0.5
ID_CAB448E214,0.5
ID_98074D276A,0.5
ID_4BBA667010,0.5
ID_0E04A5AB1C,0.5
ID_4CA39E3F9F,0.5
ID_995E75C9EE,0.5
ID_E689E0F7A8,0.5
ID_5A73AC65BB,0.5
ID_91081FC117,0.5
ID_8B70B7A909,0.5
ID_5AD6C9B18A,0.5
ID_5F1FA0BF0C,0.5
ID_F7A4175D26,0.5
ID_5F2ECCF944,0.5
ID_742496718B,0.5
ID_7061C1CF52,0.5
ID_36EFCD56B3,0.5
ID_78FFBE6DA8,0.5
ID_A0AB87EF7D,0.5
ID_8371B880ED,0.5
ID_C7964B2408,0.5
ID_6650B444CF,0.5
ID_761E3B0CA0,0.5
ID_E7894D3843,0.5
ID_BF0AE2ECA8,0.5
ID_4B5F03D605,0.5
ID_86DC92F670,0.5
ID_F90123507D,0.5
ID_5469265E50,0.5
ID_00790561CD,0.5
ID_AAF81FC8CB,0.5
ID_F54A19B9CC,0.5
ID_9C2318FAF1,0.5
ID_CFE3067E53,0.5
ID_764075330A,0.5
ID_C984A9A1A4,0.5
ID_F948CAE351,0.5
ID_5F3385EE8D,0.5
ID_AEDCB56DCF,0.5
ID_0577BC0A4D,0.5
ID_3CABC6580B,0.5
ID_0C3863BB94,0.5
ID_18FDD302D9,0.5
ID_2703E33590,0.5
ID_E46B693CB8,0.5
ID_3D819A3EF5,0.5
ID_50A111617B,0.5
ID_2990AB7274,0.5
ID_F1E2BCCC9A,0.5
ID_8D4CCFB734,0.5
ID_8444B87B69,0.5
ID_93C94EB93B,0.5
ID_69E7756B17,0.5
ID_FD7616A148,0.5
ID_D3429916BD,0.5
ID_5821CE6CCF,0.5
ID_079D01D548,0.5
ID_DF9DC5F48F,0.5
ID_C33580F5D0,0.5
ID_1291FE6A4F,0.5
ID_B87456BD84,0.5
ID_A8D084556C,0.5
ID_302D25CA55,0.5
ID_383253CF6B,0.5
ID_22E5738B9B,0.5
ID_0894D3456F,0.5
ID_DBB7B13533,0.5
ID_AB607707CB,0.5
ID_567C89CD60,0.5
ID_88A6B7AC81,0.5
ID_106963DFE8,0.5
ID_75018A1A3F,0.5
ID_3EA902D48E,0.5
ID_E63ED8FE8B,0.5
ID_5CB287DCE9,0.5
ID_D6BC821006,0.5
ID_324278B506,0.5
ID_B2D7E0C28D,0.5
ID_F6D69B5A49,0.5
ID_D1C46C8ED6,0.5
ID_C5125F1EDD,0.5
ID_686C22C413,0.5
ID_2C59A79A89,0.5
ID_463B170DF5,0.5
ID_832294AE1B,0.5
ID_A0B8026F78,0.5
ID_A83497E634,0.5
ID_B666190CA4,0.5
ID_AD9C082B82,0.5
ID_4CDC09C760,0.5
ID_30BAA06B94,0.5
ID_F534C75698,0.5
ID_5503ADACE7,0.5
ID_EA17DC7CCC,0.5
ID_09BFDD0850,0.5
ID_8262CF70AB,0.5
ID_A8104914DA,0.5
ID_9D6EB7EA3F,0.5
ID_24A88D7B52,0.5
ID_48395EF368,0.5
ID_A7764A6E3D,0.5
ID_4FF70F107F,0.5
ID_43AE9551EB,0.5
ID_6D9D656D13,0.5
ID_5A19C007C4,0.5
ID_1407861C3D,0.5
ID_86B31281BB,0.5
ID_67EF7EA4A5,0.5
ID_24B138ECB8,0.5
ID_9DF2D90DF0,0.5
ID_9154F19AC0,0.5
ID_E819716CC7,0.5
ID_04EF68A064,0.5
ID_D50D5A0B4E,0.5
ID_8077C65E65,0.5
ID_0812A643E1,0.5
ID_C43013D57F,0.5
ID_5F07865CCB,0.5
ID_38D37F47B7,0.5
ID_F021DCCEEA,0.5
ID_2C7DA6B03E,0.5
ID_C59739D124,0.5
ID_DB9B9AD5E6,0.5
ID_B6B195B105,0.5
ID_58C4A0BF7E,0.5
ID_F535BBD7E4,0.5
ID_259ED8EA6B,0.5
ID_59DECE5B10,0.5
ID_09C0C8658A,0.5
ID_2CB0F42072,0.5
ID_BE63DD2938,0.5
ID_3FEA2009C0,0.5
ID_5C590EEAC8,0.5
ID_E0AADAFFF2,0.5
ID_44D3832859,0.5
ID_F36E36C590,0.5
ID_B3FA4544FD,0.5
ID_C3DC1EEBD7,0.5
ID_D686721566,0.5
ID_C39E71B034,0.5
ID_FE88B8F827,0.5
ID_E9C6D34611,0.5
ID_D74014BEB7,0.5
ID_73F615EDC8,0.5
ID_A284A4649B,0.5
ID_0AA177672D,0.5
ID_F3FA2733BF,0.5
ID_0E927D28A0,0.5
ID_843830E8E0,0.5
ID_15F5E3D6A9,0.5
ID_524E8E4560,0.5
ID_46E2A52883,0.5
ID_9C7AE287A3,0.5
ID_B0216E5CA5,0.5
ID_539892F75D,0.5
ID_B932DB4172,0.5
ID_4B4936016D,0.5
ID_DCA08F5883,0.5
ID_26D42891B8,0.5
ID_26741980B8,0.5
ID_972B3AF728,0.5
ID_22AB3B9F20,0.5
ID_51A90D4C31,0.5
ID_F1A36C1FCD,0.5
ID_FEDCE62798,0.5
ID_59969ACECD,0.5
ID_4623808AD0,0.5
ID_13F234E82C,0.5
ID_82CF41C04C,0.5
ID_4AD521E36F,0.5
ID_8D79649736,0.5
ID_A8299C3548,0.5
ID_0CE1768597,0.5
ID_FCBCBC2DF1,0.5
ID_A088D688F4,0.5
ID_4092DB57DB,0.5
ID_3737644F76,0.5
ID_9ADB52B81D,0.5
ID_27CCE901F9,0.5
ID_1FE82496BF,0.5
ID_814D0A95D6,0.5
ID_86E2E2DB43,0.5
ID_09D5DD5D72,0.5
ID_D6D569F065,0.5
ID_B8A19D8A70,0.5
ID_A38CE91EFB,0.5
ID_1B6722BB4E,0.5
ID_C356111F2F,0.5
ID_37C6FCD607,0.5
ID_143A86F3C2,0.5
ID_AE078A08CF,0.5
ID_99410179A7,0.5
ID_ADC9C2AD28,0.5
ID_2EEFBB7899,0.5
ID_619B511008,0.5
ID_EC5350A13A,0.5
ID_4ACDDB5386,0.5
ID_3AE2310495,0.5
ID_8EB1ADF2FD,0.5
ID_2B23F2F69E,0.5
ID_BEAEC01ECC,0.5
ID_DB28E203D8,0.5
ID_B0581DC2F5,0.5
ID_E0B9C0B4AE,0.5
ID_B429BF48CA,0.5
ID_6435DA5697,0.5
ID_3F0491D8DF,0.5
ID_BDF43EDE4B,0.5
ID_2CBF04CB71,0.5
ID_AAC967E1D7,0.5
ID_82A62B8DA3,0.5
ID_1A72BA616A,0.5
ID_636B1B92AF,0.5
ID_377D594FAE,0.5
ID_00FE8DF9AB,0.5
ID_2EC6FE0A05,0.5
ID_A6515323EB,0.5
ID_FC45207ACF,0.5
ID_1638CF5DD0,0.5
ID_70A07EF835,0.5
ID_D5097DFA7F,0.5
ID_FD7A6A7D00,0.5
ID_BCD89D7F8D,0.5
ID_36FB0A4E82,0.5
ID_6CB03F4FD3,0.5
ID_EFAFF32211,0.5
ID_34D402B315,0.5
ID_C105A0CC40,0.5
ID_4663470643,0.5
ID_B0D098219C,0.5
ID_863D28A8FA,0.5
ID_66B7259D4A,0.5
ID_684274B6BA,0.5
ID_9140EEFFD9,0.5
ID_C24581A76F,0.5
ID_7D30F2E841,0.5
ID_51B2D7C7F0,0.5
ID_751E20DECE,0.5
ID_40FA80C078,0.5
ID_AE6B2C156C,0.5
ID_A3C27336A0,0.5
ID_184344CA9E,0.5
ID_E45C5FE3F4,0.5
ID_5855D3F796,0.5
ID_1EFA44360E,0.5
ID_DD797222A7,0.5
ID_819435436B,0.5
ID_7947F9993C,0.5
ID_B1EF4BF409,0.5
ID_5DC1FC9682,0.5
ID_618BA13098,0.5
ID_760F7D6507,0.5
ID_00FF8265B6,0.5
ID_ACB4B4245C,0.5
ID_EA1972135D,0.5
ID_A6B3EAFB3E,0.5
ID_1DA236FF49,0.5
ID_9A8726EC3E,0.5
ID_FA5FEE6D2C,0.5
ID_FFA8D10F76,0.5
ID_1997BDFBA7,0.5
ID_BAC0EE52F9,0.5
ID_0CCE4A25D1,0.5
ID_CB3BA19D57,0.5
ID_49C3EAD803,0.5
ID_3AC0ABDE62,0.5
ID_C50E6A9600,0.5
ID_2A157534A2,0.5
ID_8F9147BAA6,0.5
ID_AFBA2D517E,0.5
ID_41AF2D1213,0.5
ID_E81CA5A261,0.5
ID_54CD675038,0.5
ID_770434BC17,0.5
ID_0D64938220,0.5
ID_8DC77BA42C,0.5
ID_6D5DC82B78,0.5
ID_9657867DAC,0.5
ID_4640F4603E,0.5
ID_ED2674E0E5,0.5
ID_1C7B28A8DB,0.5
ID_5AFF388246,0.5
ID_90A2BA5A35,0.5
ID_4976F054D7,0.5
ID_94733555D5,0.5
ID_DD5B6393DA,0.5
ID_724E0A184F,0.5
ID_6447E8BA12,0.5
ID_03AD14CF80,0.5
ID_EB396694CD,0.5
ID_88AD0A1A44,0.5
ID_50B04685A7,0.5
ID_47862F6D4F,0.5
ID_691EC851A9,0.5
ID_786CD36D8A,0.5
ID_AA65F2F625,0.5
ID_D4ADF3ED40,0.5
ID_89D33D18B6,0.5
ID_E256B190D8,0.5
ID_AA55230FCA,0.5
ID_E4C20394FD,0.5
ID_A7D8048B7E,0.5
ID_0C02C3C2E4,0.5
ID_63252B4848,0.5
ID_719B5BF28A,0.5
ID_311A9D363C,0.5
ID_A85EB2D739,0.5
ID_6A0DCA6EE3,0.5
ID_83BC27F9D1,0.5
ID_D2D02102A7,0.5
ID_443D690B6D,0.5
ID_EB7B472D84,0.5
ID_79C88FAD69,0.5
ID_3DF42EB961,0.5
ID_61AA43E0A0,0.5
ID_BEA0DB630A,0.5
ID_7337FC6D57,0.5
ID_0757C17E16,0.5
ID_546E5F568D,0.5
ID_D6FF86B7B1,0.5
ID_4D7C1E4250,0.5
ID_C27076DA01,0.5
ID_E85DF257A5,0.5
ID_9441091622,0.5
ID_3BAE76C8B0,0.5
ID_0069FE7D47,0.5
ID_0BAAF83793,0.5
ID_9C517573F7,0.5
ID_DB380F1A19,0.5
ID_EFFAFDFB44,0.5
ID_7BF10CE87F,0.5
ID_CDB6B78377,0.5
ID_1E85D74124,0.5
ID_3354DFD149,0.5
ID_2134AC8937,0.5
ID_CDAA84E5B1,0.5
ID_34521374F4,0.5
ID_E5C015B4D6,0.5
ID_D0B745318D,0.5
ID_409E99D2CE,0.5
ID_94E1BEDDFF,0.5
ID_C2D91FE45C,0.5
ID_508F99188A,0.5
ID_5B66BD3B4B,0.5
ID_3BE8B89204,0.5
ID_026220014F,0.5
ID_168C0C053C,0.5
ID_2CD22132CE,0.5
ID_8426817976,0.5
ID_3BDAF11732,0.5
ID_5AFE18FD34,0.5
ID_A084497F45,0.5
ID_8E00CDE8FA,0.5
ID_0217203A98,0.5
ID_EA4320089E,0.5
ID_449A4CB367,0.5
ID_2F91C3AC9F,0.5
ID_14DCFE5138,0.5
ID_4ACA4DEE6F,0.5
ID_65ECAC997F,0.5
ID_5FFCAB5DB4,0.5
ID_5C5B5E56D5,0.5
ID_914E0300A2,0.5
ID_0303450C2A,0.5
ID_835ABB15C3,0.5
ID_217E4977D0,0.5
ID_F16B88479E,0.5
ID_CC503CCDD8,0.5
ID_8443A29BA2,0.5
ID_5C045295FF,0.5
ID_68EC2E3870,0.5
ID_9241C9CD29,0.5
ID_30B96CEC89,0.5
ID_1EB44F861B,0.5
ID_9B259B610E,0.5
ID_8A794B80C7,0.5
ID_95012EFFCE,0.5
ID_31FD5DE089,0.5
ID_F47FA24AF3,0.5
ID_F3A177A669,0.5
ID_C976055B69,0.5
ID_8C590F2A97,0.5
ID_7A67F3BB54,0.5
ID_A94118D2C9,0.5
ID_60F401D50A,0.5
ID_1C7DAE2677,0.5
ID_0608350267,0.5
ID_134D84AD8C,0.5
ID_3CE0D184F4,0.5
ID_51DB611101,0.5
ID_3759AD5298,0.5
ID_B764E89A62,0.5
ID_F56195AE1B,0.5
ID_2D7015CAF8,0.5
ID_C1C654EA7A,0.5
ID_1D971E50CA,0.5
ID_8D5202C0B0,0.5
ID_F4AA89C763,0.5
ID_EEC1A973EA,0.5
ID_94AFBB1514,0.5
ID_7E8B781A6D,0.5
ID_B729D84DAC,0.5
ID_559EFC9AF5,0.5
ID_DCC6103F88,0.5
ID_0A441AFCB9,0.5
ID_7E1ED8F9C7,0.5
ID_C73F3B7BC8,0.5
ID_0CFD6152C8,0.5
ID_44392E8E29,0.5
ID_C5E7B45C56,0.5
ID_55448B0A15,0.5
ID_8F3B90E4A7,0.5
ID_91C488B2F8,0.5
ID_1DB83B568A,0.5
ID_24BDD93B58,0.5
ID_9FC2B41115,0.5
ID_5C3BDF955D,0.5
ID_67BB8C0683,0.5
ID_46AC85F414,0.5
ID_649C7032FE,0.5
ID_45540556D4,0.5
ID_FAB07F595B,0.5
ID_6D3F359C21,0.5
ID_C0B97DC3A1,0.5
ID_2231E19ACD,0.5
ID_2523E690B9,0.5
ID_5374D6E0C5,0.5
ID_E12065809A,0.5
ID_3891A73DC3,0.5
ID_3D31B10142,0.5
ID_3EF2069BC8,0.5
ID_FC6410CC91,0.5
ID_33B46B357D,0.5
ID_0D05283ED0,0.5
ID_53F919765E,0.5
ID_A40B3BF02D,0.5
ID_CFEFD8AE65,0.5
ID_80DC4B6C9B,0.5
ID_D4F1BD0D46,0.5
ID_298B80AF2B,0.5
ID_2A6816E364,0.5
ID_44AF353569,0.5
ID_62042AC3F5,0.5
ID_055AA442BA,0.5
ID_43075F6CCF,0.5
ID_329DFD6A75,0.5
ID_18B067588B,0.5
ID_E2CC42F043,0.5
ID_1CB8E93B00,0.5
ID_977EF05C63,0.5
ID_5CA8190826,0.5
ID_7FC8B3B465,0.5
ID_8D013925B5,0.5
ID_897CC93B7A,0.5
ID_73772952CE,0.5
ID_B21913E0CB,0.5
ID_E675622B41,0.5
ID_9FB1265AB9,0.5
ID_E99DE511D7,0.5
ID_339F83268A,0.5
ID_E6A8765C0D,0.5
ID_13ADBD37FC,0.5
ID_8557432F68,0.5
ID_800DBD030F,0.5
ID_E8F7CCDAFA,0.5
ID_B95DED433C,0.5
ID_DA68E301D5,0.5
ID_0AFD56DFA5,0.5
ID_77E23875C3,0.5
ID_826384AD35,0.5
ID_3D075FE536,0.5
ID_350BE350D2,0.5
ID_A4CE2EA5E3,0.5
ID_0CD5146DB3,0.5
ID_D1926A8895,0.5
ID_35CACBD1A1,0.5
ID_50B37E96CA,0.5
ID_705B0A7A73,0.5
ID_0CEFB6A7B8,0.5
ID_2F8834FAFB,0.5
ID_1C0363C8EF,0.5
ID_84F83BD895,0.5
ID_7926DCD520,0.5
ID_D9301D8AF3,0.5
ID_7346DDF795,0.5
ID_9D05D3059A,0.5
ID_4ADD173CF8,0.5
ID_54372DDF38,0.5
ID_A57B70B9CA,0.5
ID_D3D5A82956,0.5
ID_9E6C867719,0.5
ID_F9357E4222,0.5
ID_E68C10FB21,0.5
ID_260EC6C585,0.5
ID_5EB6E64A3C,0.5
ID_7FABE86A09,0.5
ID_4D94E47CDF,0.5
ID_BF74B9AE53,0.5
ID_5EA0550957,0.5
ID_B5EEDE091E,0.5
ID_394F44654D,0.5
ID_11F2562781,0.5
ID_528F5D3ABB,0.5
ID_47A6870EC8,0.5
ID_CA680E1479,0.5
ID_D1858A1251,0.5
ID_095B2D7768,0.5
ID_2BE2413BF4,0.5
ID_742A24AF2B,0.5
ID_FA8B06FCD8,0.5
ID_7989FBEBB7,0.5
ID_C81F8A8280,0.5
ID_D5ECDDB191,0.5
ID_06DC952FD5,0.5
ID_52CEE65287,0.5
ID_4F661E34DB,0.5
ID_057190B964,0.5
ID_213400214F,0.5
ID_ACCD74AA90,0.5
ID_7C4FDF21D3,0.5
ID_86219F844F,0.5
ID_649A8D08D5,0.5
ID_1B67DA1F3D,0.5
ID_AD0EF37743,0.5
ID_E884C08C47,0.5
ID_A00DD5E9E4,0.5
ID_63B8FE7B8E,0.5
ID_90AA2CD4ED,0.5
ID_5A931318A3,0.5
ID_16B67C6A0A,0.5
ID_56C58E1E4A,0.5
ID_32817221E2,0.5
ID_0DD4AA7E09,0.5
ID_86D5DE88E2,0.5
ID_7EE9E5C55D,0.5
ID_8E27B0C6DC,0.5
ID_9B9A13392D,0.5
ID_ADFED4DC0A,0.5
ID_C64988BB41,0.5
ID_F25A1A4634,0.5
ID_1CA9DC504D,0.5
ID_762FE13F3E,0.5
ID_FBDD4D7983,0.5
ID_A31A9157B3,0.5
ID_3437DB78B4,0.5
ID_B0D45842D1,0.5
ID_0E03D46751,0.5
ID_EDCE7B67C0,0.5
ID_0A89E0F74B,0.5
ID_013CC31F16,0.5
ID_E313A421AF,0.5
ID_4C33F0CB07,0.5
ID_DD14BA433F,0.5
ID_3D4D0A21E7,0.5
ID_A60210A020,0.5
ID_5A0F585785,0.5
ID_AF536F9C02,0.5
ID_C4E639A97C,0.5
ID_01C7CD25A0,0.5
ID_E868E60307,0.5
ID_66A7C0926D,0.5
ID_67E73B985F,0.5
ID_776D298B31,0.5
ID_8B0747AAC2,0.5
ID_2369D879D4,0.5
ID_F6CB900024,0.5
ID_8956ED2052,0.5
ID_92B0366C5F,0.5
ID_A8D5FAE82F,0.5
ID_B77BC3E2EE,0.5
ID_816A197325,0.5
ID_3738AA497D,0.5
ID_24EC7795F8,0.5
ID_2F096DE127,0.5
ID_BCCFF845A6,0.5
ID_893D6F0EDE,0.5
ID_6456EE4908,0.5
ID_45B5D3EF04,0.5
ID_9A25CCF995,0.5
ID_D3F6B5EACD,0.5
ID_F650C72981,0.5
ID_9D5138CD15,0.5
ID_25227768F1,0.5
ID_97EA5970CF,0.5
ID_F8E2DCE94E,0.5
ID_29909F9AA1,0.5
ID_29CB809C57,0.5
ID_4F46177A04,0.5
ID_C01B24D86B,0.5
ID_78FC819B94,0.5
ID_6C976ACED2,0.5
ID_976FA2047B,0.5
ID_4B969AEF06,0.5
ID_02960226A1,0.5
ID_EC58AF7DAB,0.5
ID_228E6E4A8B,0.5
ID_918EECC08F,0.5
ID_CEAAB8B2BC,0.5
ID_8648660BDE,0.5
ID_8AD82574B2,0.5
ID_D6CE2024A2,0.5
ID_5B1AF5013A,0.5
ID_5EAEC0ED94,0.5
ID_652D8E3443,0.5
ID_CA3A74025B,0.5
ID_34B0C78F6A,0.5
ID_F9569302CA,0.5
ID_9FEC220F74,0.5
ID_53F1F96DF3,0.5
ID_4C0E0EB6DC,0.5
ID_E78FF5F471,0.5
ID_029EFD51CD,0.5
ID_0FC09AF8C2,0.5
ID_6E202C6677,0.5
ID_0923AE4026,0.5
ID_DFBACF8932,0.5
ID_2CC7472AD5,0.5
ID_2160ECB9F4,0.5
ID_513088FE41,0.5
ID_9949543383,0.5
ID_16D4012CF1,0.5
ID_69E6CEE45B,0.5
ID_AEA4D49946,0.5
ID_6FA01B3467,0.5
ID_84D15193A8,0.5
ID_02AE6E6863,0.5
ID_4934CA6947,0.5
ID_7FBA984088,0.5
ID_01DAE1E4F4,0.5
ID_D5051E2563,0.5
ID_302C026643,0.5
ID_32F7E58D53,0.5
ID_D2DFF522C8,0.5
ID_16FFC58BE3,0.5
ID_FEE7A826BB,0.5
ID_1F8E166E68,0.5
ID_2F9E640539,0.5
ID_5AB5F2A220,0.5
ID_F5A0306638,0.5
ID_3CE938CBF6,0.5
ID_E50F1A2F6F,0.5
ID_3343D0DB90,0.5
ID_5FB4536CE7,0.5
ID_D1108EC730,0.5
ID_0EEA2EA0E8,0.5
ID_8942B6BB0F,0.5
ID_4B89EC96B1,0.5
ID_1634E0A2DE,0.5
ID_FE58EBBC7D,0.5
ID_D61F747329,0.5
ID_1ADB59E6C4,0.5
ID_5AA37A9C46,0.5
ID_9780612A23,0.5
ID_A1BB256370,0.5
ID_66AF0EB930,0.5
ID_B996B13F7E,0.5
ID_26E19ED0CC,0.5
ID_8229A6E099,0.5
ID_FCCF33C961,0.5
ID_E21092E391,0.5
ID_B391B6BD60,0.5
ID_2E125781A4,0.5
ID_C2993AF422,0.5
ID_334E803F30,0.5
ID_925E59A972,0.5
ID_B242DDDB12,0.5
ID_1D7454FAD6,0.5
ID_0221B1AD53,0.5
ID_6989C04755,0.5
ID_8F3F2C7BC4,0.5
ID_E6636C5209,0.5
ID_F980186FC0,0.5
ID_35A46D63D7,0.5
ID_5A8FFD2B54,0.5
ID_5CBD61BCD6,0.5
ID_045D278E6C,0.5
ID_84EF6EEAA6,0.5
ID_23AA851BC6,0.5
ID_0343DC0471,0.5
ID_5A8210DAB3,0.5
ID_3AAD2ECD38,0.5
ID_9804E5D700,0.5
ID_A3F3DEB73D,0.5
ID_F2D4ECB94A,0.5
ID_A707B9BBCB,0.5
ID_291E58A0E3,0.5
ID_8EF294A00A,0.5
ID_432553FD14,0.5
ID_977B8BCE86,0.5
ID_63DE1419D7,0.5
ID_C243ED7369,0.5
ID_6D4AF71050,0.5
ID_30359B43A4,0.5
ID_BB037C3F8B,0.5
ID_B5AA3BC098,0.5
ID_E392DDA67F,0.5
ID_19C0C3D7A6,0.5
ID_8E0286EEC6,0.5
ID_C6A59FF8D7,0.5
ID_BA2AF7E45A,0.5
ID_941716299B,0.5
ID_B01636CF78,0.5
ID_91002B45AA,0.5
ID_A1DCAD0FA1,0.5
ID_641565A249,0.5
ID_C32B203C60,0.5
ID_6DCEC57E2C,0.5
ID_157600DC1B,0.5
ID_C68B30C13F,0.5
ID_90792B027B,0.5
ID_A0082E0E03,0.5
ID_60CED8FD97,0.5
ID_79EC0D544E,0.5
ID_3D58D30F72,0.5
ID_4EEAE36C7A,0.5
ID_BC29149320,0.5
ID_5AD852B2EE,0.5
ID_3BEBA249A2,0.5
ID_B94B947A6E,0.5
ID_834B33F852,0.5
ID_797B7C1A95,0.5
ID_EBE4AC5D9C,0.5
ID_11006700C6,0.5
ID_8CF5EF90CF,0.5
ID_6346D51F82,0.5
ID_23428B7145,0.5
ID_A5A07BF692,0.5
ID_E4693F1694,0.5
ID_ED5804C896,0.5
ID_177A3A65C4,0.5
ID_65CDFFB8E8,0.5
ID_766891AD08,0.5
ID_BE49F8C8AB,0.5
ID_0B9EBAF1FB,0.5
ID_CF4E8424C9,0.5
ID_A723235B64,0.5
ID_0757295A36,0.5
ID_DF906E9A9B,0.5
ID_B8C1659BCD,0.5
ID_4A7CC95571,0.5
ID_3D51A9B886,0.5
ID_1E21F1EF99,0.5
ID_8AE65690BD,0.5
ID_4F50988B4D,0.5
ID_18CC04678B,0.5
ID_C584B6FE45,0.5
ID_2430EC6B41,0.5
ID_0098AC6578,0.5
ID_70134FDF01,0.5
ID_9F3A395206,0.5
ID_37104D06F8,0.5
ID_F72263DF04,0.5
ID_19DB6A43FA,0.5
ID_3255602C7F,0.5
ID_F089BCEF22,0.5
ID_4466609881,0.5
ID_DE95543D1F,0.5
ID_A0C09BB49B,0.5
ID_5B17D39188,0.5
ID_1A30EF6CB7,0.5
ID_08B871FAC6,0.5
ID_E98F4E2C13,0.5
ID_BE67DAF0FB,0.5
ID_9C39D9B3D4,0.5
ID_4F4C419E0F,0.5
ID_921CCC5F3A,0.5
ID_F8675349D0,0.5
ID_034C2BE666,0.5
ID_A8E705AF68,0.5
ID_7E5738EC57,0.5
ID_6A6005849A,0.5
ID_524FAEDB11,0.5
ID_096D5C7497,0.5
ID_32F0F41728,0.5
ID_1E65596FD8,0.5
ID_51CDB50A5B,0.5
ID_9D167363AA,0.5
ID_3F385F126C,0.5
ID_2441A953BE,0.5
ID_7F84CA486D,0.5
ID_ADC97DCD2F,0.5
ID_07068D806F,0.5
ID_0492FB9F41,0.5
ID_8529F36CC0,0.5
ID_B88F2467EE,0.5
ID_75F7FFE930,0.5
ID_6E51298D53,0.5
ID_C59D2990CB,0.5
ID_5AD074180D,0.5
ID_75B839FD10,0.5
ID_3718AB7C5A,0.5
ID_60A524065D,0.5
ID_B7E2D9CE52,0.5
ID_ED9335859C,0.5
ID_0910DE7C73,0.5
ID_24E178F2FE,0.5
ID_41E460E7A4,0.5
ID_26D5F6BB98,0.5
ID_3594AC48B5,0.5
ID_C53AD548DB,0.5
ID_8FEF9F4AB9,0.5
ID_1AEFE41BC6,0.5
ID_258CBED5DC,0.5
ID_1C2D660606,0.5
ID_0E429535E9,0.5
ID_5ADCEA091C,0.5
ID_6EDFF29FC5,0.5
ID_3B1FBDF2E4,0.5
ID_18A48A0951,0.5
ID_66F70F0415,0.5
ID_58FD76A90A,0.5
ID_2502E17A29,0.5
ID_CEB4438D34,0.5
ID_B5965609AC,0.5
ID_9427E704B7,0.5
ID_22B7A9C6A9,0.5
ID_BF23EF00FA,0.5
ID_EA52C5D96F,0.5
ID_CAD36519CF,0.5
ID_1C82E02B1E,0.5
ID_C1DC5FDD3A,0.5
ID_4F8883D789,0.5
ID_069BE4CCA3,0.5
ID_80EFE834AD,0.5
ID_F201529A42,0.5
ID_6F8D9E8A19,0.5
ID_62391DE788,0.5
ID_10AE185CFB,0.5
ID_5D10608212,0.5
ID_D1A07502D8,0.5
ID_CF3E7AA041,0.5
ID_3E43C3203C,0.5
ID_4EE0F498EA,0.5
ID_9024AD2E9D,0.5
ID_4DD336BB68,0.5
ID_E4C2765CA9,0.5
ID_2CE0FBB8E0,0.5
ID_6F6CEF031D,0.5
ID_73DC217CDF,0.5
ID_AF5A817B14,0.5
ID_D111D42EF8,0.5
ID_4CF1C2903C,0.5
ID_BB9811D996,0.5
ID_27FBF96DBA,0.5
ID_37E47C77CE,0.5
ID_B86CE4AC36,0.5
ID_CA50E02579,0.5
ID_CDF5873D06,0.5
ID_0F8DA41DBA,0.5
ID_869BFC3B54,0.5
ID_141A5BF384,0.5
ID_571523EB5F,0.5
ID_DEC8FF3E51,0.5
ID_FD37CFF6B2,0.5
ID_C65EDA3368,0.5
ID_177C8CC7B2,0.5
ID_4E69FF120C,0.5
ID_5FB0D26B76,0.5
ID_8050ABA1B4,0.5
ID_79ABFF1015,0.5
ID_14447E3620,0.5
ID_1F2F463050,0.5
ID_795D2FBE87,0.5
ID_A5735C9C30,0.5
ID_F613308F02,0.5
ID_D265F467BA,0.5
ID_389A40B5E8,0.5
ID_8C3C120F89,0.5
ID_E30CB019FC,0.5
ID_4D02568B34,0.5
ID_43DBC9CC24,0.5
ID_6FA17774B4,0.5
ID_97EED9E0EE,0.5
ID_1C934450E1,0.5
ID_52D96C2649,0.5
ID_74192359A2,0.5
ID_04FEE07F41,0.5
ID_A413595C10,0.5
ID_10EBDFACB0,0.5
ID_908144B348,0.5
ID_E246ECDC7E,0.5
ID_6C468209F9,0.5
ID_7EF024AB0E,0.5
ID_C8ADE38571,0.5
ID_0F614C21B7,0.5
ID_83F1BCF392,0.5
ID_786985D2F0,0.5
ID_E21399B70D,0.5
ID_20692DFC6B,0.5
ID_D2C7995DA8,0.5
ID_B9B11D756C,0.5
ID_F244CF0A66,0.5
ID_2B897E7AA5,0.5
ID_4F4A43B8E6,0.5
ID_302420385C,0.5
ID_B609C22882,0.5
ID_7B71C2914A,0.5
ID_C9E59F6780,0.5
ID_18F213E053,0.5
ID_965C3152C0,0.5
ID_C2DB6AF8CD,0.5
ID_51E92A1D4D,0.5
ID_0E41F1D71C,0.5
ID_EECD736FC6,0.5
ID_69E58D0CD5,0.5
ID_16D298ADCC,0.5
ID_8B602424AF,0.5
ID_DCBC4F0C4E,0.5
ID_F7AC0E494B,0.5
ID_DA8719AA1F,0.5
ID_80A4DFE3B2,0.5
ID_6B62858FDA,0.5
ID_2FFD089998,0.5
ID_E1C0088B51,0.5
ID_27BAFF523F,0.5
ID_97C3C54A09,0.5
ID_E017EFFF51,0.5
ID_8540B55DA7,0.5
ID_D4B4ECE003,0.5
ID_BBEE482385,0.5
ID_C0A2182F63,0.5
ID_0660272D32,0.5
ID_4EBAB1F632,0.5
ID_FBEEA42B30,0.5
ID_5BAADC07D8,0.5
ID_0E591F0A3C,0.5
ID_F2E0D2F425,0.5
ID_C695F6DB6D,0.5
ID_05EEDAF852,0.5
ID_E51B300D4F,0.5
ID_80B6578B34,0.5
ID_9CEFC97F37,0.5
ID_CDF9156A1C,0.5
ID_D3694F1FDA,0.5
ID_55AC2A1777,0.5
ID_7156B6010F,0.5
ID_0E5D95B2D1,0.5
ID_8891E31983,0.5
ID_C8D04B0122,0.5
ID_A94EE4D201,0.5
ID_1049CBBCD8,0.5
ID_D0CE22DFFB,0.5
ID_5E1855D91E,0.5
ID_FE20AD6EAC,0.5
ID_2AC5B71527,0.5
ID_1B1F234D38,0.5
ID_5520D43D31,0.5
ID_9E87CB0F49,0.5
ID_51361C46BB,0.5
ID_DC1DD68FD2,0.5
ID_7900740722,0.5
ID_408AB18217,0.5
ID_C3C8979DDD,0.5
ID_07BA7914A8,0.5
ID_3FD4AFF11D,0.5
ID_F3B0D9C1B4,0.5
ID_DFA2F837BD,0.5
ID_0F161F3E6A,0.5
ID_892F212469,0.5
ID_FB3AF82C03,0.5
ID_7081468CB5,0.5
ID_933D73FF62,0.5
ID_6E96D02FCC,0.5
ID_952A62A419,0.5
ID_3AB6BDD4FD,0.5
ID_BB28C87406,0.5
ID_95B3908B62,0.5
ID_F65320EB84,0.5
ID_54F05DB1E6,0.5
ID_AE0CFDBF46,0.5
ID_BCA3D322D9,0.5
ID_00614D2753,0.5
ID_CEA66F957B,0.5
ID_1B3011D72E,0.5
ID_C5E7AB0C31,0.5
ID_C784A30DD2,0.5
ID_D55E25ED73,0.5
ID_FCA0B2FF4A,0.5
ID_453AA65A8D,0.5
ID_A378EA776C,0.5
ID_9495C3B2EC,0.5
ID_443E6A31B0,0.5
ID_1564DDFB7F,0.5
ID_09DDEFBE68,0.5
ID_F9C7665E24,0.5
ID_5A774533E1,0.5
ID_B34EC2C264,0.5
ID_4987510D00,0.5
ID_BFB4631497,0.5
ID_9D3D668FF9,0.5
ID_4C391CA380,0.5
ID_786BE89F5A,0.5
ID_CCB42496A5,0.5
ID_1EB3DF1BED,0.5
ID_E9BD093124,0.5
ID_E2D30B073E,0.5
ID_A47B70CB89,0.5
ID_6A8FFEDC46,0.5
ID_7CF8A4542E,0.5
ID_89FDC2AB98,0.5
ID_F2268769B8,0.5
ID_86BC7A2BA7,0.5
ID_DB4E079D9F,0.5
ID_C87994DCE3,0.5
ID_CC199D5556,0.5
ID_97B18A9F55,0.5
ID_44A391AFF2,0.5
ID_1FD2888D48,0.5
ID_0F978D2751,0.5
ID_F379AAD177,0.5
ID_6FDAC24EF9,0.5
ID_1C8F0347D8,0.5
ID_9E5F00B1B7,0.5
ID_519D74BA82,0.5
ID_D2B709AA2D,0.5
ID_7E8ECE0A8B,0.5
ID_DEC0AB16AF,0.5
ID_9DE3F09FF5,0.5
ID_3EEA19DB45,0.5
ID_0BC737DE4C,0.5
ID_E1E7735AB5,0.5
ID_FFA8516FEB,0.5
ID_829891A392,0.5
ID_B02337E772,0.5
ID_E63B2543AB,0.5
ID_6B194B51E4,0.5
ID_578792C33F,0.5
ID_A2434E18DB,0.5
ID_A82415DC93,0.5
ID_ACD75CF66C,0.5
ID_E7C741F562,0.5
ID_C9F3D59C8C,0.5
ID_2C266D7662,0.5
ID_590ECBD78E,0.5
ID_3AF73FA078,0.5
ID_57786D3861,0.5
ID_4783D06865,0.5
ID_3CCCACCA7C,0.5
ID_4AFFE502ED,0.5
ID_E945BE5023,0.5
ID_2D53B840A1,0.5
ID_CEB7F21B8A,0.5
ID_73D1F6C17C,0.5
ID_DAD6A4CD35,0.5
ID_F372F0C4D8,0.5
ID_55F67764D6,0.5
ID_6DB98749D6,0.5
ID_7CB2D93F71,0.5
ID_8859967433,0.5
ID_9E931EE670,0.5
ID_7839017B89,0.5
ID_E2B8146628,0.5
ID_160B19D5AD,0.5
ID_79CACAFE8F,0.5
ID_8D0000AFDE,0.5
ID_F8E9F9572C,0.5
ID_A0AF664940,0.5
ID_4208C8381C,0.5
ID_82FB4791AA,0.5
ID_283ACE557F,0.5
ID_D249606162,0.5
ID_D477732ADB,0.5
ID_B8DC5A912C,0.5
ID_040A8C1DB7,0.5
ID_FF98DE4726,0.5
ID_0FA5CA0111,0.5
ID_8C9BC84A78,0.5
ID_57349555E0,0.5
ID_07DD1F4C90,0.5
ID_8D902B2F6A,0.5
ID_8079632F85,0.5
ID_576C7AB020,0.5
ID_8E0EB8ED34,0.5
ID_86669C345C,0.5
ID_FECDAC7D30,0.5
ID_146FA31255,0.5
ID_70054231D6,0.5
ID_42B779A408,0.5
ID_79DF6F7B42,0.5
ID_CB75D40358,0.5
ID_6D96CB6FFC,0.5
ID_DAB89FCA36,0.5
ID_D21E80B3B0,0.5
ID_924465A2B8,0.5
ID_D58BC61152,0.5
ID_C50D7257C6,0.5
ID_ED27BD8121,0.5
ID_F84B8AA13D,0.5
ID_04377DF6C4,0.5
ID_1D6A2032E4,0.5
ID_129835805A,0.5
ID_A6ED02578E,0.5
ID_08F48CEE0D,0.5
ID_85C09E66E6,0.5
ID_0EB000AD74,0.5
ID_32F4C5CA89,0.5
ID_322D79682E,0.5
ID_DE13ADD476,0.5
ID_9E87FB2005,0.5
ID_A6876EC094,0.5
ID_7AB163EF06,0.5
ID_03B38C5639,0.5
ID_716845E519,0.5
ID_A51586C8C6,0.5
ID_7630CA48C2,0.5
ID_71DC59E93F,0.5
ID_57DD844415,0.5
ID_69D04CA25D,0.5
ID_99D9DFD05E,0.5
ID_5A895D060D,0.5
ID_FC938DA278,0.5
ID_403CBED9DD,0.5
ID_D5A6913165,0.5
ID_38FF003354,0.5
ID_0F2920809D,0.5
ID_3CD0FF8E04,0.5
ID_C4B06099B8,0.5
ID_65B4A5EA9D,0.5
ID_09EA34D339,0.5
ID_B93B6E26D3,0.5
ID_632794D8B8,0.5
ID_95214BC71D,0.5
ID_37DD707F45,0.5
ID_61A0B2CA2A,0.5
ID_EC20B84CC8,0.5
ID_D232E0854B,0.5
ID_104224D8AD,0.5
ID_FAB52EF627,0.5
ID_BF4E8D2BD5,0.5
ID_6E5B2F4818,0.5
ID_7248890C7B,0.5
ID_7D4769DF84,0.5
ID_0199A50699,0.5
ID_86F4E60E76,0.5
ID_38880CFD96,0.5
ID_75E24C9182,0.5
ID_5F73891711,0.5
ID_B3B3B37CF7,0.5
ID_A42395B8FF,0.5
ID_DFB1A9E151,0.5
ID_30B54A885B,0.5
ID_A47F615D89,0.5
ID_480E2794C2,0.5
ID_F6D4B9F1DA,0.5
ID_8131A1E68E,0.5
ID_E84B76DFD6,0.5
ID_115965CEA7,0.5
ID_FC8E44480B,0.5
ID_CACFE707E0,0.5
ID_8FF9230AD0,0.5
ID_F0E0AD5A75,0.5
ID_E2C246D4D5,0.5
ID_0C03225A58,0.5
ID_822220422C,0.5
ID_1077C6CF79,0.5
ID_8C40CE0B94,0.5
ID_5A37218E3D,0.5
ID_C638CA3E26,0.5
ID_22EE01D3D8,0.5
ID_EC87FE0E08,0.5
ID_93E06B23F1,0.5
ID_CC4A38E248,0.5
ID_15D6DFF870,0.5
ID_CC40744DA1,0.5
ID_4FDF31C3D8,0.5
ID_3514691581,0.5
ID_28F7F98409,0.5
ID_860D2C4352,0.5
ID_D361E1E9E4,0.5
ID_17F2909EFF,0.5
ID_75DE397253,0.5
ID_3C50449EEA,0.5
ID_428C65C866,0.5
ID_02D673107D,0.5
ID_E5AAA39D86,0.5
ID_6BD17E1523,0.5
ID_AA60056FD3,0.5
ID_E4843945E6,0.5
ID_A61CDBB817,0.5
ID_89FB09BB1D,0.5
ID_4C004A2D03,0.5
ID_1686DD6EA4,0.5
ID_2EB0CDB3C1,0.5
ID_B5909C6B35,0.5
ID_BFEAF76FFE,0.5
ID_798B4AF025,0.5
ID_E619A4F022,0.5
ID_BF16275012,0.5
ID_14C67BABD2,0.5
ID_BBA949151A,0.5
ID_4768BAA123,0.5
ID_87B8972E12,0.5
ID_BC805D7B2B,0.5
ID_9B3B81C2AC,0.5
ID_75BBA0E0AB,0.5
ID_F80966481D,0.5
ID_318B25FCE2,0.5
ID_6CD854CD1F,0.5
ID_3017F4A5D5,0.5
ID_5729EA3914,0.5
ID_83764C10B7,0.5
ID_BF0C6504C7,0.5
ID_60F0FB57E2,0.5
ID_7A364D27AA,0.5
ID_E4D9A1D5EA,0.5
ID_C788AAB685,0.5
ID_F90D5D7797,0.5
ID_EE677FD3D5,0.5
ID_ED1E3DD2B5,0.5
ID_C4B5741886,0.5
ID_962A51F1FF,0.5
ID_63F4F5E8B1,0.5
ID_2079F7F329,0.5
ID_C0160C1805,0.5
ID_AFE2331031,0.5
ID_0CC214EDCD,0.5
ID_69C41BA195,0.5
ID_8B7D734E00,0.5
ID_AF6B1B065C,0.5
ID_8280B3F927,0.5
ID_D48577DD00,0.5
ID_6C4D181707,0.5
ID_6E49328452,0.5
ID_11EBC0AC96,0.5
ID_15BF7BA8E2,0.5
ID_6E83097268,0.5
ID_13ED20D209,0.5
ID_74EA16DA0F,0.5
ID_52001B312D,0.5
ID_D09177BDB5,0.5
ID_ADD1FCBECC,0.5
ID_A590DE55F9,0.5
ID_DF65C675A0,0.5
ID_E5F08BAF7F,0.5
ID_63CAB90923,0.5
ID_3C50F8B6DE,0.5
ID_E790FD9488,0.5
ID_098FFC874B,0.5
ID_2272E6E913,0.5
ID_3B1918C5E5,0.5
ID_1E49CAE671,0.5
ID_B1A01FB08E,0.5
ID_F9C399E2D9,0.5
ID_227373BE6F,0.5
ID_C6FC6443ED,0.5
ID_C82177428B,0.5
ID_42B47993EE,0.5
ID_B3A845A130,0.5
ID_4F7B01096A,0.5
ID_50B41C6CCC,0.5
ID_573C74DFB8,0.5
ID_C031C0A247,0.5
ID_B660AB7F44,0.5
ID_624C40A882,0.5
ID_9E7CD2E969,0.5
ID_C63AE55A62,0.5
ID_D9EFF056EB,0.5
ID_137539E760,0.5
ID_B61559B56C,0.5
ID_AAB081DA13,0.5
ID_B0CADB15BB,0.5
ID_8DDEE81AD3,0.5
ID_2DF929761E,0.5
ID_4D0351A714,0.5
ID_2223598760,0.5
ID_AA296670CC,0.5
ID_F6E148B282,0.5
ID_0A7301934E,0.5
ID_9F3FC96500,0.5
ID_5809A31712,0.5
ID_F5B88161B3,0.5
ID_23C2CE9B20,0.5
ID_C6F87A28BF,0.5
ID_75A749C0AA,0.5
ID_76E32E6DA6,0.5
ID_6343ED392C,0.5
ID_745AD10F50,0.5
ID_FD1D2C5BB2,0.5
ID_59BA57F682,0.5
ID_C3A136BEE7,0.5
ID_C36C940F9E,0.5
ID_26534E4BCB,0.5
ID_0314C3EC43,0.5
ID_6F713705FA,0.5
ID_B60E44D104,0.5
ID_442F0E6791,0.5
ID_7B94FFBB98,0.5
ID_AF682159DA,0.5
ID_475F528791,0.5
ID_C9A9BADE7F,0.5
ID_E5201DCDFD,0.5
ID_DC24033CD9,0.5
ID_D968E523A5,0.5
ID_78B278B6B3,0.5
ID_BF38E80CB2,0.5
ID_93353D4119,0.5
ID_006E4F50AC,0.5
ID_1ABC27B841,0.5
ID_F2305D342B,0.5
ID_D9D6847A51,0.5
ID_6342BEE85E,0.5
ID_9595811241,0.5
ID_D95C35D1B9,0.5
ID_FA9EBD8D6D,0.5
ID_11BE9DA507,0.5
ID_04D107E3DD,0.5
ID_881CB94A1B,0.5
ID_3BBA1FC266,0.5
ID_6747857740,0.5
ID_144A025EE3,0.5
ID_D0F177250A,0.5
ID_5675AF254C,0.5
ID_3090EE07E0,0.5
ID_28647C1EE0,0.5
ID_36CC1A5106,0.5
ID_AE303683F0,0.5
ID_0B50106538,0.5
ID_21DD827A86,0.5
ID_B85C1EE51A,0.5
ID_BE650BEEC6,0.5
ID_80B3921264,0.5
ID_C8D9EA99C0,0.5
ID_B910087167,0.5
ID_146A5CE377,0.5
ID_F4CBC1B31F,0.5
ID_3028BBC74D,0.5
ID_04193B679A,0.5
ID_F6D1244881,0.5
ID_5F86D1DAB7,0.5
ID_71EC15E149,0.5
ID_CC1AA82048,0.5
ID_8079E49A36,0.5
ID_C0387994AA,0.5
ID_3D1E6A89B1,0.5
ID_6E195F287C,0.5
ID_AA24F93252,0.5
ID_6872B77824,0.5
ID_E2829C2840,0.5
ID_6104558D31,0.5
ID_517D72DAF8,0.5
ID_20812E4BE9,0.5
ID_B441397B64,0.5
ID_0C6C1137F9,0.5
ID_766EA86156,0.5
ID_B1517138F8,0.5
ID_75D3E38857,0.5
ID_7D90375F98,0.5
ID_9C3822990F,0.5
ID_C10BD543FA,0.5
ID_16BECC6783,0.5
ID_5F3587AB40,0.5
ID_0BAEBC619C,0.5
ID_CA6EF11685,0.5
ID_8585DA3494,0.5
ID_B25A079202,0.5
ID_4D8F3084E6,0.5
ID_A9FC6A426B,0.5
ID_4B250F56C1,0.5
ID_2695EF5B5D,0.5
ID_920F18C0BC,0.5
ID_2170D2B3F0,0.5
ID_60E729F759,0.5
ID_3A3A350E68,0.5
ID_E028F3B1CD,0.5
ID_29DC854689,0.5
ID_91A16CB0FD,0.5
ID_9380A2252E,0.5
ID_959900BA5D,0.5
ID_ECBC4EAD12,0.5
ID_1A9EAC9273,0.5
ID_AA43D1D965,0.5
ID_D0FEA4F9D3,0.5
ID_DD8BFFE870,0.5
ID_B1AC95E731,0.5
ID_4BDB7CD9EA,0.5
ID_3D6FECA236,0.5
ID_CD8DE168D7,0.5
ID_1C9B7EDC42,0.5
ID_7D21CF379F,0.5
ID_BB61B5FFDE,0.5
ID_FD6DDB88EB,0.5
ID_FAB8C424D3,0.5
ID_9C7FDE1F47,0.5
ID_CE55060F73,0.5
ID_B0CB7F319E,0.5
ID_D945709CDD,0.5
ID_4E75D3C85B,0.5
ID_6F9655E738,0.5
ID_2CC41EC469,0.5
ID_BA2610F35A,0.5
ID_3B9E80E257,0.5
ID_FFF084FCB1,0.5
ID_02BFFA787A,0.5
ID_4336F757E9,0.5
ID_A35C6A7CE4,0.5
ID_1EBC7BA853,0.5
ID_38A5A1BE31,0.5
ID_36AED99CC7,0.5
ID_DF449A352E,0.5
ID_C59817D5A3,0.5
ID_5119CB8092,0.5
ID_217DFEA21F,0.5
ID_7D551B41D5,0.5
ID_72FF77C8C1,0.5
ID_6CD0A83E11,0.5
ID_FA5B864488,0.5
ID_5AF4DC794B,0.5
ID_ECA2034BF7,0.5
ID_817B41D7C9,0.5
ID_492EB86997,0.5
ID_5BD4BC8E4D,0.5
ID_89A26B494B,0.5
ID_1BB7B2D385,0.5
ID_17EF4006F5,0.5
ID_EAE85C4EA6,0.5
ID_73B6BF3C28,0.5
ID_4895F50EDD,0.5
ID_F04228D3F8,0.5
ID_AA61DC2825,0.5
ID_5EFF7393AC,0.5
ID_D23DECE279,0.5
ID_06C361169F,0.5
ID_28B7A9357D,0.5
ID_D4B09EEC2C,0.5
ID_FA92EDC4FD,0.5
ID_A86D7D6006,0.5
ID_CB1CBF8445,0.5
ID_D19C49E9CC,0.5
ID_4B71ED36F7,0.5
ID_D3D24DB839,0.5
ID_AFA3787691,0.5
ID_79E15AE3D9,0.5
ID_069721C569,0.5
ID_9A68873528,0.5
ID_B20AC5781A,0.5
ID_60315183A4,0.5
ID_913C4B8AAC,0.5
ID_7124F21A4C,0.5
ID_2CD86969ED,0.5
ID_8D601C5508,0.5
ID_03F7CFF56B,0.5
ID_CDEC2B1933,0.5
ID_C0E6DBB206,0.5
ID_EF9B2938CA,0.5
ID_9743059D0B,0.5
ID_FE23CE2AE6,0.5
ID_542DC34923,0.5
ID_19DE834997,0.5
ID_262D3D5D88,0.5
ID_C9A8365532,0.5
ID_A3768323B6,0.5
ID_59ABBC08E6,0.5
ID_3AA599C76E,0.5
ID_9DA081DD6F,0.5
ID_E9B5324576,0.5
ID_BB2A555366,0.5
ID_2DC1EE465A,0.5
ID_F705B8BF46,0.5
ID_42FFB932EE,0.5
ID_906B4802B1,0.5
ID_2770D2506B,0.5
ID_BD4BD14DC1,0.5
ID_B74BC94554,0.5
ID_0A1752D2BB,0.5
ID_1AD963D2E8,0.5
ID_8E0BB5E9D4,0.5
ID_620BF34274,0.5
ID_0559CE6317,0.5
ID_25BD9A778D,0.5
ID_F5ECF12077,0.5
ID_5B1E94C452,0.5
ID_F625B1A9F4,0.5
ID_486FA3BB28,0.5
ID_005F0F6E8A,0.5
ID_935423ACDE,0.5
ID_A429D9DF0D,0.5
ID_BAC8608AA6,0.5
ID_772EE797A1,0.5
ID_FED9E7B775,0.5
ID_6B1F7CCA91,0.5
ID_9EC6D5080D,0.5
ID_45385EC7D3,0.5
ID_C73F4B20F6,0.5
ID_0E3F8B9FF4,0.5
ID_36B765127C,0.5
ID_C711E7647B,0.5
ID_EB9D558402,0.5
ID_CA28D28E8A,0.5
ID_90D4DEB37B,0.5
ID_50BC436C8B,0.5
ID_2B888A034B,0.5
ID_D5E67C6A89,0.5
ID_B9A813A2EF,0.5
ID_A575E801DC,0.5
ID_24C994C31C,0.5
ID_6E0FBC921A,0.5
ID_D6B9FFCBF7,0.5
ID_721EA65F82,0.5
ID_1BD17E8C92,0.5
ID_BA48B7A073,0.5
ID_B53C2B9EA9,0.5
ID_44B60AAE26,0.5
ID_76A9DB9343,0.5
ID_FB5CF502B3,0.5
ID_845B87C3EB,0.5
ID_9439F2650F,0.5
ID_0A7957AFD0,0.5
ID_E3A6352061,0.5
ID_5E72754C3A,0.5
ID_9F9A328A05,0.5
ID_0D71652A4F,0.5
ID_9B3E08D9FA,0.5
ID_0E2A194800,0.5
ID_2EDA5D1A7A,0.5
ID_27361F75EB,0.5
ID_4324A10483,0.5
ID_007B95B7FA,0.5
ID_EA4FB7CC18,0.5
ID_082B4DF5BD,0.5
ID_5C5D383493,0.5
ID_7428BE0F40,0.5
ID_D9F5C01420,0.5
ID_BB34F9A995,0.5
ID_1FEA040761,0.5
ID_D56F5DFE55,0.5
ID_90B279ABA9,0.5
ID_BAD50D637B,0.5
ID_C0C02CE868,0.5
ID_54AE00A58F,0.5
ID_9DBE4ECBF3,0.5
ID_18E097BABC,0.5
ID_1D03A1EE12,0.5
ID_3B963160DC,0.5
ID_1239AD2B44,0.5
ID_FF43F3396E,0.5
ID_B1EF7D8AF1,0.5
ID_55F3B1373B,0.5
ID_C6AF6C6909,0.5
ID_C040EB98E5,0.5
ID_2F62E97E4A,0.5
ID_31EB564498,0.5
ID_BDAB2A7236,0.5
ID_92435668B8,0.5
ID_78AD98CE9D,0.5
ID_66C69C65DC,0.5
ID_B08CAF792A,0.5
ID_7826E4D496,0.5
ID_8FEC6C78E7,0.5
ID_0C4CFBE71D,0.5
ID_B26020EB2F,0.5
ID_EB32BCDD5A,0.5
ID_D5BE08B1E6,0.5
ID_63536D28D6,0.5
ID_E691883703,0.5
ID_933F3C0C74,0.5
ID_4CFE636A97,0.5
ID_9455F56CA6,0.5
ID_4C3ABA6E5A,0.5
ID_8BBF0FEE59,0.5
ID_539E4238DD,0.5
ID_02DDA7698F,0.5
ID_4226C30C43,0.5
ID_D7A7F6C170,0.5
ID_07AC4FC4ED,0.5
ID_EB0105BF54,0.5
ID_27437F542A,0.5
ID_9D5946F23B,0.5
ID_81480A23DA,0.5
ID_F8D9706268,0.5
ID_948BE3A159,0.5
ID_71CB9C831C,0.5
ID_1BE72FD90B,0.5
ID_39892BB9AE,0.5
ID_F4D8D55AEB,0.5
ID_B319C844BC,0.5
ID_344D2D52AC,0.5
ID_FE47CAA8C9,0.5
ID_8F3DFDD467,0.5
ID_FC0F98C2AD,0.5
ID_7F282E5435,0.5
ID_A414873058,0.5
ID_ED8A43BA7C,0.5
ID_70AA95499E,0.5
ID_E9EEBEBEE7,0.5
ID_E81BA7C5D0,0.5
ID_938E0D676B,0.5
ID_A3BEB9A816,0.5
ID_EB691C3EFD,0.5
ID_344A91B1BF,0.5
ID_CA6C043EF4,0.5
ID_C47729368D,0.5
ID_5C6A62CC5E,0.5
ID_FDDEB05591,0.5
ID_5806AAEA0F,0.5
ID_8D0CDA9FCB,0.5
ID_9BCF8F525D,0.5
ID_B9750C2B6E,0.5
ID_1A705BD3CF,0.5
ID_4C81E21C7B,0.5
ID_81786BD74E,0.5
ID_E75363D390,0.5
ID_CAE39CC27A,0.5
ID_A1A1C9C189,0.5
ID_E29DC2AE54,0.5
ID_FE752EBCE0,0.5
ID_13C4801ED1,0.5
ID_19612AE778,0.5
ID_1C1F284E48,0.5
ID_5D249732A9,0.5
ID_0DE3C599EC,0.5
ID_D84A95EFDF,0.5
ID_4A8F1AD829,0.5
ID_AC878DC8C1,0.5
ID_55CBD26CEA,0.5
ID_C3F32E3EA5,0.5
ID_3496F6CFAB,0.5
ID_CD8E46041E,0.5
ID_19BF223850,0.5
ID_D25BBAEF96,0.5
ID_5AED185A10,0.5
ID_9444465E90,0.5
ID_D6D688B5EC,0.5
ID_DE2F63C0E5,0.5
ID_CEA14ACDA4,0.5
ID_1F5366A8A5,0.5
ID_4BB73BDB6E,0.5
ID_CE49563AAD,0.5
ID_A9EA9B49AE,0.5
ID_B3B49A33AF,0.5
ID_032E9E70BA,0.5
ID_A1B59077FE,0.5
ID_6CB960ABFA,0.5
ID_39486F7A8B,0.5
ID_C182693FF7,0.5
ID_0CA8F3C2C4,0.5
ID_26F40D371A,0.5
ID_1A13E590C1,0.5
ID_D2613338E7,0.5
ID_6D939606D8,0.5
ID_50E78CCEB9,0.5
ID_AFDC890668,0.5
ID_D5874541CA,0.5
ID_6844F61FC3,0.5
ID_89A2EFD0CC,0.5
ID_553F5B3680,0.5
ID_6771174CC8,0.5
ID_D9F2FBD1A2,0.5
ID_96D671B02B,0.5
ID_76D33B7874,0.5
ID_6B226F0C44,0.5
ID_836C135985,0.5
ID_5A07D05E70,0.5
ID_6E9A1E9885,0.5
ID_2EB64FD156,0.5
ID_9FE2339AC4,0.5
ID_3145CE012B,0.5
ID_0901394A19,0.5
ID_0AB198D6E3,0.5
ID_E8D36D7815,0.5
ID_2D2BBB0646,0.5
ID_D6ACE322B2,0.5
ID_F67CBD27BE,0.5
ID_1832097C91,0.5
ID_A89CEB215C,0.5
ID_69EF8C7A54,0.5
ID_6C3A533755,0.5
ID_0309F5C8AB,0.5
ID_6705D752B4,0.5
ID_0481B91645,0.5
ID_787C8A665A,0.5
ID_BABA3A6637,0.5
ID_31440B9BBD,0.5
ID_D654E95F07,0.5
ID_7B6775B0F6,0.5
ID_25012413CE,0.5
ID_2245FE5B2B,0.5
ID_C598D8B38D,0.5
ID_D512850E23,0.5
ID_018C52644D,0.5
ID_A31FF9112C,0.5
ID_E867E46F1D,0.5
ID_20E5A6306F,0.5
ID_020E58C406,0.5
ID_216B50619A,0.5
ID_6EF8448C73,0.5
ID_7F04E844F1,0.5
ID_8FC0BE79BE,0.5
ID_8C29041E28,0.5
ID_57E281ED1B,0.5
ID_91932C2205,0.5
ID_EC27AEA723,0.5
ID_85B20EA1F5,0.5
ID_367AE03B07,0.5
ID_00E48AF8A4,0.5
ID_E28AD7A0A3,0.5
ID_C1D5AD0E95,0.5
ID_D1E1E6D230,0.5
ID_594306C98F,0.5
ID_1789AF63B5,0.5
ID_D0056364EB,0.5
ID_5CFDA95704,0.5
ID_4F74EB1380,0.5
ID_CC0476EDA1,0.5
ID_D698F1C5DC,0.5
ID_06CC86ECF6,0.5
ID_FA3E1BDEE6,0.5
ID_E67D1D7BBD,0.5
ID_75FDC122D6,0.5
ID_BC12F0DB59,0.5
ID_6EC33E9BF1,0.5
ID_166967FB72,0.5
ID_B8D7760679,0.5
ID_FFE4B2B725,0.5
ID_AB763B7F80,0.5
ID_04BDFB34BE,0.5
ID_03EFE9475E,0.5
ID_8DAAD10B51,0.5
ID_15478A63BC,0.5
ID_484201F697,0.5
ID_13B36DC480,0.5
ID_D705F0F838,0.5
ID_362EB658C6,0.5
ID_EDA5BF303B,0.5
ID_0381F0F2E6,0.5
ID_B985784347,0.5
ID_FE502EF5A9,0.5
ID_968110CD41,0.5
ID_41E60584D3,0.5
ID_D645F2E794,0.5
ID_50D4C8D81B,0.5
ID_0DDC276C15,0.5
ID_92880E0FAA,0.5
ID_BDD6097039,0.5
ID_3F81899137,0.5
ID_A1F37B50FA,0.5
ID_CC85619B5D,0.5
ID_D18E34A631,0.5
ID_B9A1718C24,0.5
ID_F835DD6DFE,0.5
ID_91CACD1247,0.5
ID_F0F42ECD7E,0.5
ID_E6DC8EF305,0.5
ID_EEF6041FF6,0.5
ID_449F1646D9,0.5
ID_C664E2C0E1,0.5
ID_4710360858,0.5
ID_945B66F76A,0.5
ID_CA5877F1E3,0.5
ID_84AB0084B4,0.5
ID_5178D73106,0.5
ID_F1913A5026,0.5
ID_40AA143A59,0.5
ID_90C08410DF,0.5
ID_27F299DD4B,0.5
ID_FB1B4DD1CC,0.5
ID_3EC0445035,0.5
ID_AF16B33217,0.5
ID_E2349994F7,0.5
ID_910A5A7CA1,0.5
ID_623788D036,0.5
ID_441FEE6CD4,0.5
ID_51249389B8,0.5
ID_206F2C435E,0.5
ID_1E0D23F2B3,0.5
ID_5C64431E71,0.5
ID_018277C6D9,0.5
ID_7DF4BD3915,0.5
ID_B5238042CE,0.5
ID_590BA38E0C,0.5
ID_C888F1C501,0.5
ID_CCC8B544E4,0.5
ID_492D6BE3BA,0.5
ID_5C898DAEA4,0.5
ID_60863D3D3A,0.5
ID_50A0EC2C4F,0.5
ID_B8B5B362C1,0.5
ID_AF64635162,0.5
ID_23F635E086,0.5
ID_AF0922246B,0.5
ID_341F4E1653,0.5
ID_B8ED1895E2,0.5
ID_C86EE1804A,0.5
ID_F460EE4FC2,0.5
ID_3FCE4C6E1E,0.5
ID_530B616AB2,0.5
ID_C29B55F04C,0.5
ID_4D47713D9A,0.5
ID_571B648D2A,0.5
ID_38B9B70BB1,0.5
ID_C4C629B19E,0.5
ID_3B70A1ECD5,0.5
ID_E4F5CCBCAE,0.5
ID_A75A9AF2E3,0.5
ID_2F0340EF11,0.5
ID_DED7DBC371,0.5
ID_6EDE611FCB,0.5
ID_9BB2FBB1E4,0.5
ID_A8A1D6EC87,0.5
ID_5EAA507DE6,0.5
ID_F25090E6C7,0.5
ID_9288D04AD7,0.5
ID_C9DC203A1F,0.5
ID_5DEA286175,0.5
ID_3CB62FE78B,0.5
ID_AF2A1BB662,0.5
ID_8A23CBF24E,0.5
ID_305BABF840,0.5
ID_62812BA3A1,0.5
ID_2CCAEA0003,0.5
ID_5463B5D37D,0.5
ID_80ABEEA863,0.5
ID_389A4250D3,0.5
ID_493D49D32A,0.5
ID_230459A6EC,0.5
ID_D64F04EBBC,0.5
ID_9BFD554BB9,0.5
ID_1E7EDC5AF2,0.5
ID_5DD708D865,0.5
ID_649E75F7AA,0.5
ID_7AE3486E39,0.5
ID_D4B04A99D6,0.5
ID_71FCB16110,0.5
ID_99B59B82CF,0.5
ID_FDA973AE73,0.5
ID_346923432C,0.5
ID_4430B309EC,0.5
ID_50E21292B1,0.5
ID_835F7FC9FC,0.5
ID_AC56E170D6,0.5
ID_A85D0F8295,0.5
ID_6A4E69113C,0.5
ID_E60A219593,0.5
ID_6DBF5CD63C,0.5
ID_60955515B0,0.5
ID_E9DF1BB5DC,0.5
ID_80FA1721E5,0.5
ID_6F3126AD96,0.5
ID_03E4DE66EC,0.5
ID_08611A9D81,0.5
ID_44033986F3,0.5
ID_77012B6D70,0.5
ID_19245C80EA,0.5
ID_70D9AA154F,0.5
ID_16F94D490A,0.5
ID_27B41A6FE2,0.5
ID_5794C5FEB9,0.5
ID_6DD866AA42,0.5
ID_C579A06C24,0.5
ID_BE8B45D52E,0.5
ID_68A6F90382,0.5
ID_E2BF91774A,0.5
ID_72D4CC2352,0.5
ID_A54E5C9675,0.5
ID_5C81366765,0.5
ID_D1933F44CD,0.5
ID_475868C3F3,0.5
ID_BE0436A963,0.5
ID_66DC20C6A2,0.5
ID_F22DFB765D,0.5
ID_505DD58547,0.5
ID_4E5AE1FD83,0.5
ID_1A1DCE2503,0.5
ID_3B0867C3D6,0.5
ID_0288D4174B,0.5
ID_72ACD6E316,0.5
ID_C75F8F556D,0.5
ID_6550FB4940,0.5
ID_CAD51A1E1D,0.5
ID_9CE020A4D1,0.5
ID_CC0CD460EB,0.5
ID_C52507C5E7,0.5
ID_BE6D0D0F85,0.5
ID_D6793C55A8,0.5
ID_1E212102DD,0.5
ID_63EC278060,0.5
ID_6484A27CA7,0.5
ID_2C8795D999,0.5
ID_E0028A838D,0.5
ID_A64486683E,0.5
ID_88C43B9243,0.5
ID_11B161527B,0.5
ID_8520FED7E3,0.5
ID_30EAF57BDB,0.5
ID_4A5263A8E3,0.5
ID_CE3CB2A711,0.5
ID_AA5C7F96A4,0.5
ID_435F898C33,0.5
ID_95E78D7227,0.5
ID_482BBC75D4,0.5
ID_64EEDDE5FE,0.5
ID_83422D6695,0.5
ID_61720F01F6,0.5
ID_B821FE8B73,0.5
ID_0D590BEC57,0.5
ID_FC15D8BC2B,0.5
ID_42625214AA,0.5
ID_C062D6A3C7,0.5
ID_CF5F696379,0.5
ID_2B2E5AD7ED,0.5
ID_3D3B5F409E,0.5
ID_08745ACE1C,0.5
ID_58D78455B8,0.5
ID_13C6729AC1,0.5
ID_0A7D57078B,0.5
ID_46C4D96F6B,0.5
ID_11470564EE,0.5
ID_E9A8967D1A,0.5
ID_2179237313,0.5
ID_201A971332,0.5
ID_C730D76672,0.5
ID_DA2A9D8135,0.5
ID_6090425593,0.5
ID_40341E7EA5,0.5
ID_FAA7CF7BFC,0.5
ID_C8C97DA617,0.5
ID_63D9E85DA1,0.5
ID_DDD1183EE3,0.5
ID_8EAACAE3E0,0.5
ID_DD409A4C63,0.5
ID_DB98C2C6CE,0.5
ID_68D3FFA52A,0.5
ID_4D352AAB23,0.5
ID_AABD3FF2B7,0.5
ID_0AEA264919,0.5
ID_E8AAADBD3F,0.5
ID_0D471AE962,0.5
ID_A86CEA63ED,0.5
ID_7C003AA022,0.5
ID_BDCC29BE3D,0.5
ID_072399D630,0.5
ID_032EF6B086,0.5
ID_5720F72B9E,0.5
ID_05A20FBB39,0.5
ID_4D9B5DE6C1,0.5
ID_1F8E117DDB,0.5
ID_36E0A2AB04,0.5
ID_1A73D393C3,0.5
ID_80DB6B87C8,0.5
ID_8229BDCD60,0.5
ID_8BCE451268,0.5
ID_82397BDED6,0.5
ID_6032200A0D,0.5
ID_B13B8524D6,0.5
ID_F478EA9D2F,0.5
ID_F34ADD503F,0.5
ID_9C52814612,0.5
ID_FC36F11823,0.5
ID_018A21BB3E,0.5
ID_91EC7E8088,0.5
ID_EF5265E915,0.5
ID_015D303654,0.5
ID_E53E3F042A,0.5
ID_ED627EA3E4,0.5
ID_5F8C29AE22,0.5
ID_30E6BDCDCB,0.5
ID_4BE3101C0A,0.5
ID_A5E7B7DF80,0.5
ID_F459CA03F4,0.5
ID_4CBEB837A4,0.5
ID_C8C4071F33,0.5
ID_4F868F08B4,0.5
ID_F59EE2CAAB,0.5
ID_3911914539,0.5
ID_328AEFF34E,0.5
ID_8E4D69E203,0.5
ID_8FF96E60FC,0.5
ID_89EB7543B7,0.5
ID_A49F6E8E8E,0.5
ID_8FB0A2EABC,0.5
ID_0E9C84ABE5,0.5
ID_A4A6CE2B31,0.5
ID_BE93C5F100,0.5
ID_4E98B9B478,0.5
ID_043AEDD936,0.5
ID_4C62ACED48,0.5
ID_467696D898,0.5
ID_076D1924C7,0.5
ID_0A1F621E09,0.5
ID_E958FE7370,0.5
ID_059928A5B4,0.5
ID_E644585FDB,0.5
ID_244A096851,0.5
ID_B8A66F0B18,0.5
ID_06303FCBDC,0.5
ID_A191DE3B40,0.5
ID_B35B12FFC2,0.5
ID_A36CE739BA,0.5
ID_29592EF3F7,0.5
ID_846BF06330,0.5
ID_3127734681,0.5
ID_EDB036D90F,0.5
ID_262FC6D043,0.5
ID_F2C81DDA13,0.5
ID_5B184528EB,0.5
ID_24DE3DF030,0.5
ID_CF88BBE267,0.5
ID_548D494AC2,0.5
ID_F12FD430D5,0.5
ID_B7E0FE9CED,0.5
ID_7559C482B9,0.5
ID_8817AF8C37,0.5
ID_CBB57ACCCF,0.5
ID_1355DFAA37,0.5
ID_85F8A1E1C9,0.5
ID_C87662B9E2,0.5
ID_D9AD6E3548,0.5
ID_5FA2BE29A7,0.5
ID_DD9EE5385C,0.5
ID_6D40FF69B0,0.5
ID_5FBE428412,0.5
ID_30AB2FABFB,0.5
ID_6C3E5EA336,0.5
ID_FFDB265FBA,0.5
ID_2D77CA1A19,0.5
ID_5B2C9394F8,0.5
ID_7D81931E68,0.5
ID_EFD1378EE3,0.5
ID_8C8D049FD5,0.5
ID_63104B2168,0.5
ID_67D2202B33,0.5
ID_8D439A151E,0.5
ID_800D6C555E,0.5
ID_ADE8DF88E9,0.5
ID_BD6883AC68,0.5
ID_3D9C4FB45D,0.5
ID_4BB82E23C3,0.5
ID_E7D17E7328,0.5
ID_DD999E2167,0.5
ID_7DEA39717D,0.5
ID_6F72D8CE4F,0.5
ID_E30D9A426C,0.5
ID_EF96C519C7,0.5
ID_B8F9B13EA0,0.5
ID_C04975BF75,0.5
ID_41B74B85DD,0.5
ID_6F50B79570,0.5
ID_DCDADB14D8,0.5
ID_A50A93EF35,0.5
ID_D5A316A909,0.5
ID_7BA3767BEA,0.5
ID_A5D7386AA9,0.5
ID_CD6F1C86BD,0.5
ID_4BCB95D870,0.5
ID_E88E842FA5,0.5
ID_3E79749E64,0.5
ID_37B46A88D6,0.5
ID_14105FCD42,0.5
ID_3A43C8848E,0.5
ID_A1172E0AD1,0.5
ID_112E08B8C9,0.5
ID_4D07908310,0.5
ID_DBBD79485C,0.5
ID_32124DE373,0.5
ID_EB50273609,0.5
ID_D634A034F6,0.5
ID_A3BB617C6A,0.5
ID_CCE46B43E8,0.5
ID_278032543E,0.5
ID_329A2B2330,0.5
ID_D6DCDC990F,0.5
ID_29AE1BB08E,0.5
ID_9F134572BD,0.5
ID_567E50F9E9,0.5
ID_FD694149B6,0.5
ID_3469620BF6,0.5
ID_82D07497D0,0.5
ID_FFE950B4C7,0.5
ID_494DE93AF0,0.5
ID_107D092AF4,0.5
ID_567F123D20,0.5
ID_F4BC3A2E5D,0.5
ID_BCC88E1BD5,0.5
ID_C5B68A5772,0.5
ID_451FFBEF37,0.5
ID_AE8A42FBBA,0.5
ID_443B40D0E5,0.5
ID_DF4A3E0F4D,0.5
ID_7912C6385F,0.5
ID_F68B25B14B,0.5
ID_D8DB740DE7,0.5
ID_34C510AF69,0.5
ID_6500FC787D,0.5
ID_2F127C67C2,0.5
ID_698AD8D0E2,0.5
ID_F57FCBB3CA,0.5
ID_10C0FBB527,0.5
ID_89D992E7F0,0.5
ID_81A94DB380,0.5
ID_EB6530D866,0.5
ID_ACC228B3F1,0.5
ID_0CFA55EC98,0.5
ID_DA6FB91B34,0.5
ID_C93BEA307F,0.5
ID_0ECDC22290,0.5
ID_166C4F30F2,0.5
ID_37ADCA23CA,0.5
ID_A241A0A46D,0.5
ID_0D160DAD19,0.5
ID_708EDE8B1A,0.5
ID_6342C410A6,0.5
ID_04428B18D6,0.5
ID_1E341241BD,0.5
ID_56DE4D8BF4,0.5
ID_8E93A7910C,0.5
ID_4E87BB86FA,0.5
ID_F307B8FEB3,0.5
ID_12FF715612,0.5
ID_8CF168CDF1,0.5
ID_C4EF26170C,0.5
ID_0B9715C9ED,0.5
ID_ABFD42F4AF,0.5
ID_1357AD883B,0.5
ID_DE7AB13A65,0.5
ID_0A17BE5E65,0.5
ID_16688A3479,0.5
ID_3D70EE455D,0.5
ID_67008BBD41,0.5
ID_EDD66FD950,0.5
ID_7C970B4571,0.5
ID_3B1AC2D3FC,0.5
ID_923B1F37A3,0.5
ID_717FB11974,0.5
ID_5A6488C316,0.5
ID_F07E9C7EB6,0.5
ID_F08B6E03A0,0.5
ID_76D108A5E1,0.5
ID_FCF09F69ED,0.5
ID_746BD45B5A,0.5
ID_AB3186CAF2,0.5
ID_A51CC9B31B,0.5
ID_F77B2D4787,0.5
ID_984011B589,0.5
ID_4C26B928EF,0.5
ID_F127E386A4,0.5
ID_DA5F6938E6,0.5
ID_A8638CAFEF,0.5
ID_EB62397F1E,0.5
ID_3475A81FEA,0.5
ID_E6C63423FF,0.5
ID_66911D7E9B,0.5
ID_F6172B7537,0.5
ID_BA1CA53973,0.5
ID_5C0ACAA0ED,0.5
ID_BDF008B5CA,0.5
ID_CEAF2488FF,0.5
ID_63B039EFE8,0.5
ID_9EE90937B0,0.5
ID_B9FD6C8EC1,0.5
ID_A5EF723B38,0.5
ID_39F170FB70,0.5
ID_562E8672BE,0.5
ID_36D41D14CF,0.5
ID_68A6C04704,0.5
ID_7DEF21FDB8,0.5
ID_9F94C6219E,0.5
ID_83E5AB8BA5,0.5
ID_881211D416,0.5
ID_E338DF15A0,0.5
ID_F5F426702B,0.5
ID_D5ADFAA967,0.5
ID_509FBC5486,0.5
ID_BF68D524FE,0.5
ID_273946B3E4,0.5
ID_BCF3C2FCC6,0.5
ID_9F1D3FF5EF,0.5
ID_3C5C86A906,0.5
ID_FD8904E651,0.5
ID_A25B4242D0,0.5
ID_F14A28175F,0.5
ID_2578B7E65F,0.5
ID_1428FA604C,0.5
ID_A7C1ABFDC2,0.5
ID_D4F9F1BC4D,0.5
ID_96ED52528F,0.5
ID_EAE44BC2A9,0.5
ID_987B7FD1B4,0.5
ID_619A20360C,0.5
ID_D75A649E1F,0.5
ID_93ABF26450,0.5
ID_BABC64BF5B,0.5
ID_29B6BC63C5,0.5
ID_8EEE37DAAC,0.5
ID_6031C47E2F,0.5
ID_DC42C4579C,0.5
ID_A3637A2425,0.5
ID_EFBA81179E,0.5
ID_628BB7A117,0.5
ID_8AEEA7E9B2,0.5
ID_2949091D5E,0.5
ID_7DF480BFE4,0.5
ID_52B7B3FAA7,0.5
ID_823D2B75D5,0.5
ID_9D17266E09,0.5
ID_84D757893C,0.5
ID_C226FCD6AA,0.5
ID_A5D320D6C4,0.5
ID_413F3CF9F9,0.5
ID_A69C1FFAF0,0.5
ID_8E8B11CCE1,0.5
ID_DD80E679FB,0.5
ID_DDBD630755,0.5
ID_10DEEF4E4E,0.5
ID_AA4568B4EA,0.5
ID_A058D54671,0.5
ID_33C969BC08,0.5
ID_8A03C2DCDE,0.5
ID_6F69631E41,0.5
ID_4E9112A8FA,0.5
ID_304237E0F8,0.5
ID_D1B8861567,0.5
ID_16127A5C60,0.5
ID_01C920CE6D,0.5
ID_986CDAEC1C,0.5
ID_544A3417DA,0.5
ID_41E023FB16,0.5
ID_BA92D05BB7,0.5
ID_67DDE469C5,0.5
ID_FE62F9C9B7,0.5
ID_EAF1B41E3F,0.5
ID_963E148E18,0.5
ID_4B3EDC7B03,0.5
ID_E06AB4229B,0.5
ID_82C9078A1D,0.5
ID_A9B0DF5FC0,0.5
ID_0E54A28929,0.5
ID_D842B5783C,0.5
ID_F89FAC6EA6,0.5
ID_E0A0E3A61C,0.5
ID_4703490706,0.5
ID_15306B4DC1,0.5
ID_CB5126E3D4,0.5
ID_50561023AF,0.5
ID_2356E08EBB,0.5
ID_DB74620E6F,0.5
ID_06C0E3EA36,0.5
ID_0700BD02BD,0.5
ID_D95943D223,0.5
ID_F7086180E3,0.5
ID_1E6574DC4D,0.5
ID_783F01B399,0.5
ID_0B28748F19,0.5
ID_0B06138263,0.5
ID_50BAB951C7,0.5
ID_AEC9D13AC7,0.5
ID_4F03BC7AD0,0.5
ID_E94E494DEC,0.5
ID_1103F8F382,0.5
ID_A12551F3EC,0.5
ID_7FF0C5BA84,0.5
ID_56AC2C6484,0.5
ID_819679E4ED,0.5
ID_EE281DAFD8,0.5
ID_129F569236,0.5
ID_74D89871A7,0.5
ID_16D5B26525,0.5
ID_6E9D60C26B,0.5
ID_DB41051F51,0.5
ID_C59A1813E2,0.5
ID_122D89C9E5,0.5
ID_F07F6DA2CF,0.5
ID_1EA56CFF23,0.5
ID_73298F9C09,0.5
ID_325635C161,0.5
ID_18EFFF11D2,0.5
ID_43D3227FDC,0.5
ID_8C50CA4198,0.5
ID_F27634429E,0.5
ID_F1E373F7C6,0.5
ID_4A83B124A6,0.5
ID_1B27D12587,0.5
ID_FB1A6FDA9D,0.5
ID_6B571C5842,0.5
ID_3081459659,0.5
ID_D49A597FE5,0.5
ID_266ED98DA9,0.5
ID_D8518BB02C,0.5
ID_5577076DCC,0.5
ID_50EDA933AF,0.5
ID_C54BE4C65D,0.5
ID_9B80F1E8AE,0.5
ID_F204FF58C8,0.5
ID_0FD4302421,0.5
ID_34FE9099CC,0.5
ID_0826F86A5E,0.5
ID_0B7056CA20,0.5
ID_FA9181C3C9,0.5
ID_4F3F32DAFA,0.5
ID_B5DF0F77FB,0.5
ID_118B991D9D,0.5
ID_201A551AD1,0.5
ID_C5805A16CE,0.5
ID_099DA53259,0.5
ID_629BC9972A,0.5
ID_EA316D6E34,0.5
ID_326ECE6F11,0.5
ID_4F423D3293,0.5
ID_C61CBCC86F,0.5
ID_069BC3FDAC,0.5
ID_7765E302D2,0.5
ID_5544E0EA8B,0.5
ID_A422DA05A6,0.5
ID_7D7FADEA79,0.5
ID_0F43C25D1F,0.5
ID_086A704F0F,0.5
ID_9C3AE34554,0.5
ID_A16D4D3A96,0.5
ID_5DE3C2B50A,0.5
ID_04CF3BC2EE,0.5
ID_3674A39682,0.5
ID_AD24386925,0.5
ID_765B0A7B27,0.5
ID_09F9C4D0AF,0.5
ID_89DE5184DA,0.5
ID_5023919973,0.5
ID_79127BF159,0.5
ID_B92DDCBA46,0.5
ID_AB038FE1C5,0.5
ID_CDF9866A7B,0.5
ID_7BC4657DEA,0.5
ID_07DB9DC865,0.5
ID_37BE29AD7F,0.5
ID_3013538172,0.5
ID_8926983D97,0.5
ID_1741B0D86A,0.5
ID_7D4F177F7C,0.5
ID_CE94D8D333,0.5
ID_887C227211,0.5
ID_62537C621C,0.5
ID_E877887EF1,0.5
ID_1A31C6EBDB,0.5
ID_A591E885C9,0.5
ID_2C9CF5282F,0.5
ID_0B83328D86,0.5
ID_593AEF97CE,0.5
ID_3C93D6A86B,0.5
ID_3B78984B90,0.5
ID_32340F38CC,0.5
ID_2691C3945D,0.5
ID_5578138112,0.5
ID_FB5ECC35F5,0.5
ID_911AE8B9D5,0.5
ID_36F9776B15,0.5
ID_033B5AADA1,0.5
ID_594B27C727,0.5
ID_31039ABDBA,0.5
ID_C63FCD4A44,0.5
ID_9FB7A42D8F,0.5
ID_A4B4190429,0.5
ID_56423AE205,0.5
ID_7BC1F6A897,0.5
ID_675FC3A1F8,0.5
ID_6E8A55799E,0.5
ID_1D9FE7ECAA,0.5
ID_F254C7AA21,0.5
ID_41AF9E6065,0.5
ID_49E6469500,0.5
ID_6E8070D702,0.5
ID_E5509E33A8,0.5
ID_A39879BF03,0.5
ID_3CC3986B67,0.5
ID_11B0FE28E3,0.5
ID_24874546DF,0.5
ID_85420795F4,0.5
ID_C41D7BE2F1,0.5
ID_A23195112B,0.5
ID_B51A41080D,0.5
ID_029DC970B9,0.5
ID_B3B1D78A1F,0.5
ID_D995A28EAD,0.5
ID_0084BD27A9,0.5
ID_A368A7598B,0.5
ID_C7A8AA54DD,0.5
ID_0B4949FFA3,0.5
ID_7DCA1A2334,0.5
ID_5BCAD0BAEA,0.5
ID_FAA004FB71,0.5
ID_F02DAAA862,0.5
ID_342A4B73F5,0.5
ID_9A12949BBB,0.5
ID_E32479DA11,0.5
ID_88C8902EF8,0.5
ID_AEB48A41DF,0.5
ID_8365FAE33E,0.5
ID_F1887ED73D,0.5
ID_25088CD4AA,0.5
ID_835F00275C,0.5
ID_34321294E3,0.5
ID_96FEA9B310,0.5
ID_8F629F2788,0.5
ID_19D1710C9F,0.5
ID_0F8B8F46AA,0.5
ID_2E4AF60FDE,0.5
ID_3EC34D4AFD,0.5
ID_808D8E780D,0.5
ID_B1DB3CE17E,0.5
ID_8370C7A371,0.5
ID_518FF6BDCF,0.5
ID_DC0993921D,0.5
ID_EE03A97D3A,0.5
ID_594FC1A5EC,0.5
ID_48EC1C11FF,0.5
ID_DABE449EAB,0.5
ID_18F77BE689,0.5
ID_B897281D73,0.5
ID_36C033EDAA,0.5
ID_4F5DC06D3D,0.5
ID_A594F96731,0.5
ID_5F954EF694,0.5
ID_1F26DD36D1,0.5
ID_04632C4D56,0.5
ID_5F6ACD046D,0.5
ID_FE3B070F22,0.5
ID_4A22FFC4D5,0.5
ID_717E2C7EEC,0.5
ID_F0391A9D36,0.5
ID_FEB8C8E8D4,0.5
ID_A19A8DAA4E,0.5
ID_C07B3ABAF9,0.5
ID_5568A73DAF,0.5
ID_A1BDFAD708,0.5
ID_94076973CB,0.5
ID_DB4BE1F7FC,0.5
ID_8542D2CD7B,0.5
ID_886CD4EE17,0.5
ID_D609657CBF,0.5
ID_85B7DCA330,0.5
ID_5228924CCB,0.5
ID_04B34FC670,0.5
ID_8DC2C9F04B,0.5
ID_0D9D1B9DE8,0.5
ID_23DCEEDCE5,0.5
ID_448F182E75,0.5
ID_66F5753367,0.5
ID_27E0DA421C,0.5
ID_95477B60B2,0.5
ID_E311462C52,0.5
ID_13CED2B8A3,0.5
ID_9C479AD33C,0.5
ID_A4BC6ABC07,0.5
ID_F4DC875775,0.5
ID_4184F4A7CD,0.5
ID_9EB91ECC88,0.5
ID_EFA0E526D3,0.5
ID_F7A4634489,0.5
ID_E38AA3E760,0.5
ID_8E77869072,0.5
ID_5436FCB8D3,0.5
ID_2CD2AECCE7,0.5
ID_7DC2AF90E5,0.5
ID_00CFF41917,0.5
ID_C6CF9B322E,0.5
ID_E0646513ED,0.5
ID_169B3A056B,0.5
ID_BED01F5AE7,0.5
ID_D212C1EDB8,0.5
ID_B47474D0DE,0.5
ID_FEC11EBBDF,0.5
ID_39B52818D8,0.5
ID_595924AAE8,0.5
ID_1FA98BD27C,0.5
ID_5F7C87A846,0.5
ID_420B1E32E7,0.5
ID_1D090912F1,0.5
ID_A06CCD5EC0,0.5
ID_5623AA70AC,0.5
ID_69DB82505A,0.5
ID_12B160E5D9,0.5
ID_F79DB5E605,0.5
ID_5F16F6F600,0.5
ID_58A9A94FF4,0.5
ID_A91098F944,0.5
ID_418ADBA49C,0.5
ID_4EE97FCE96,0.5
ID_923E322F29,0.5
ID_8BA97B936E,0.5
ID_4904782843,0.5
ID_60EB3FEAC1,0.5
ID_B076CEA91F,0.5
ID_CEA4EDCC47,0.5
ID_CD7D8E0A47,0.5
ID_8E4E4CACE4,0.5
ID_93E0678850,0.5
ID_4240ECCC4C,0.5
ID_05DEB38F0D,0.5
ID_65876CF54F,0.5
ID_62F5DE9DC8,0.5
ID_781556796C,0.5
ID_22DDB961B6,0.5
ID_69C1CD97A8,0.5
ID_1D38D084A7,0.5
ID_F1D3618EB4,0.5
ID_1BE06B4539,0.5
ID_BF0FC78242,0.5
ID_57108D4783,0.5
ID_0713F7D6D3,0.5
ID_33C9A46BA4,0.5
ID_70FB4254A1,0.5
ID_4AEB3CAC20,0.5
ID_43DB240B53,0.5
ID_9AFE42469E,0.5
ID_B6D67D4FB9,0.5
ID_C95DE8E8FC,0.5
ID_3596D1CADB,0.5
ID_C4EE04EF35,0.5
ID_57D533FB5A,0.5
ID_2EFCAE68FD,0.5
ID_65A88E770C,0.5
ID_CDB76B8BC5,0.5
ID_D8D9293432,0.5
ID_EAB0BB2B59,0.5
ID_8F97B80F3D,0.5
ID_D7DD374930,0.5
ID_51CF98570B,0.5
ID_28BFA1036A,0.5
ID_4C1535B72B,0.5
ID_CCEAA81306,0.5
ID_61F2931FFC,0.5
ID_9F2DF16137,0.5
ID_8C26B0DDC7,0.5
ID_DC24E549FB,0.5
ID_58435E2731,0.5
ID_A3407BCDBD,0.5
ID_F581953533,0.5
ID_4046FD84B6,0.5
ID_8915C3CCA2,0.5
ID_D8E987D3CA,0.5
ID_443749CE7C,0.5
ID_913C32C8D3,0.5
ID_5990877CCC,0.5
ID_29BE292255,0.5
ID_92B8255E8D,0.5
ID_4B5F71064E,0.5
ID_BA0D0189A1,0.5
ID_687F7DECED,0.5
ID_4D2A735D80,0.5
ID_6C374252B2,0.5
ID_DB588663B1,0.5
ID_EF548D6887,0.5
ID_09F2ADD635,0.5
ID_F185BC1DD3,0.5
ID_96F19A7B50,0.5
ID_B8A2C13AAE,0.5
ID_9BA35A826F,0.5
ID_D5A4545B86,0.5
ID_7FF58805DC,0.5
ID_691C59C84B,0.5
ID_D9539A460C,0.5
ID_FA0426F0E5,0.5
ID_9FE5E69949,0.5
ID_3A00630FC4,0.5
ID_3972FCDCDF,0.5
ID_213ACF66C3,0.5
ID_221B1F43DA,0.5
ID_093794D26D,0.5
ID_9F668287FA,0.5
ID_93EAC38914,0.5
ID_16C5DDC4F3,0.5
ID_C21855773E,0.5
ID_D052537D48,0.5
ID_92E25B045B,0.5
ID_5D41E2B736,0.5
ID_7BAE6D2DF5,0.5
ID_54FE319675,0.5
ID_C9BBDF4376,0.5
ID_9E17FDECB3,0.5
ID_E743053DF0,0.5
ID_BCEAB0A473,0.5
ID_9C901EE17E,0.5
ID_5A0C8D5B03,0.5
ID_D11DAD7317,0.5
ID_61865C09F3,0.5
ID_931906B2DA,0.5
ID_32E4A05630,0.5
ID_83A4488948,0.5
ID_9BC0232A1F,0.5
ID_2EE2C216FE,0.5
ID_626426F3A5,0.5
ID_40CDC31476,0.5
ID_22C939D934,0.5
ID_1DFD3219F0,0.5
ID_85ED186BAC,0.5
ID_1900AD6B04,0.5
ID_678826DE50,0.5
ID_77D71076B1,0.5
ID_92F0393BBE,0.5
ID_671DCC303C,0.5
ID_8D58FEF275,0.5
ID_C6D61FDF82,0.5
ID_7AAB3AC93B,0.5
ID_1E6D78E5E9,0.5
ID_598EA2AA92,0.5
ID_61BFCB7D9C,0.5
ID_B4D863896E,0.5
ID_D55D69D2B0,0.5
ID_BFB40CFD48,0.5
ID_1E97AC0A8B,0.5
ID_FA9D351CD7,0.5
ID_D3149550C6,0.5
ID_F4BFC25D2B,0.5
ID_47875B5784,0.5
ID_94FA210016,0.5
ID_3C98EC278B,0.5
ID_1A804F714B,0.5
ID_F48E29BBD5,0.5
ID_81385AF194,0.5
ID_C1A4DFD083,0.5
ID_E0EFCADDBB,0.5
ID_F7EA2D997E,0.5
ID_928897F866,0.5
ID_A6C81C85C2,0.5
ID_43BFCC8115,0.5
ID_7ACFF8BAFA,0.5
ID_5FB456A0DF,0.5
ID_B42A7BF8C0,0.5
ID_3AA751E726,0.5
ID_072066B92C,0.5
ID_FC8631C075,0.5
ID_FD3DEB6874,0.5
ID_636B5BF211,0.5
ID_E9841A0C6C,0.5
ID_E644B2C66D,0.5
ID_2CE3D74C44,0.5
ID_60C493D284,0.5
ID_530214FA69,0.5
ID_8BA3709CAF,0.5
ID_BE6DC23A98,0.5
ID_D682C936AA,0.5
ID_3BA4F367E6,0.5
ID_F019E4BA7A,0.5
ID_5BA261DE62,0.5
ID_6EE6D77B60,0.5
ID_4F6030D632,0.5
ID_3B5DCDECDC,0.5
ID_09B5D168DB,0.5
ID_3E47A0524B,0.5
ID_BED1AFECF1,0.5
ID_E1B5E9AF14,0.5
ID_D5D460F20D,0.5
ID_C976C982D9,0.5
ID_AD8093619D,0.5
ID_012E8ABE0D,0.5
ID_195516AF21,0.5
ID_9959D5432F,0.5
ID_3F2D4E163A,0.5
ID_1A0BB41D72,0.5
ID_08E0B3A91B,0.5
ID_B98334A877,0.5
ID_700C3917A9,0.5
ID_CCD478B8F5,0.5
ID_3CB8D218B0,0.5
ID_7FEFEDA53A,0.5
ID_3D90F9AD83,0.5
ID_AD2B7C8F23,0.5
ID_BA647CDA68,0.5
ID_E3ECD854CB,0.5
ID_C829488E83,0.5
ID_005A601D03,0.5
ID_494BE2C259,0.5
ID_252AD63BB1,0.5
ID_76AA15A055,0.5
ID_A3FC0BCC94,0.5
ID_F94CB8F830,0.5
ID_8B1FFB4D0C,0.5
ID_AB0934DAF6,0.5
ID_3395A95670,0.5
ID_725F8967DA,0.5
ID_D6E4CA5EC9,0.5
ID_86B9CB971B,0.5
ID_167FF952D0,0.5
ID_F9A2529C8E,0.5
ID_84B036A64E,0.5
ID_7C59F42154,0.5
ID_D102C673F5,0.5
ID_3CA31A3629,0.5
ID_D2172C3F52,0.5
ID_030127448F,0.5
ID_B128FE10A5,0.5
ID_62F5CA6973,0.5
ID_E5D3D25A86,0.5
ID_8EE3A7E541,0.5
ID_01D328D51C,0.5
ID_8479141D26,0.5
ID_29FFCD7696,0.5
ID_AE977EC723,0.5
ID_DAAF4C90FD,0.5
ID_88A8D07309,0.5
ID_876E1F6629,0.5
ID_D3118D7755,0.5
ID_B8EE53AD23,0.5
ID_0C1F6B0531,0.5
ID_5BD9BB1499,0.5
ID_0C4D86279B,0.5
ID_218609E1B2,0.5
ID_41C84B21B8,0.5
ID_C1AFBC3648,0.5
ID_3FFCDDA7BF,0.5
ID_39933AF9E6,0.5
ID_36F5453A30,0.5
ID_E5545C0A0F,0.5
ID_A62E2407E1,0.5
ID_28BD3B4F09,0.5
ID_023BA9D3C2,0.5
ID_0AD473FE64,0.5
ID_C0F158FE03,0.5
ID_0F204FBC5A,0.5
ID_CC947FC14F,0.5
ID_FFC0644E88,0.5
ID_12005E774B,0.5
ID_7BCADDD966,0.5
ID_4C45CB58BF,0.5
ID_C255C09D17,0.5
ID_3561E5C2B3,0.5
ID_55538A2500,0.5
ID_DD4830EEEE,0.5
ID_DE999147F0,0.5
ID_97827AC013,0.5
ID_65B3F2FAEE,0.5
ID_0E502BA393,0.5
ID_002A6FB8DE,0.5
ID_DFD4C33928,0.5
ID_B6E1F3FC1E,0.5
ID_52FDD75590,0.5
ID_2B220791E2,0.5
ID_7CA96114BC,0.5
ID_9C560097BD,0.5
ID_AE568C1480,0.5
ID_67CB6E3310,0.5
ID_D985A0AC13,0.5
ID_1768FE2DE9,0.5
ID_80DB4161E5,0.5
ID_AFD695DF83,0.5
ID_35E243DB9B,0.5
ID_AE64987628,0.5
ID_174AC583CC,0.5
ID_5E8C49B159,0.5
ID_1F00F93BE4,0.5
ID_645F1ABA18,0.5
ID_1B9E98A1D6,0.5
ID_BAD1628663,0.5
ID_80FA8957D9,0.5
ID_26BA733310,0.5
ID_C69A57955B,0.5
ID_1F559582C0,0.5
ID_FE026E9648,0.5
ID_6A66CE0CD9,0.5
ID_D980200368,0.5
ID_ECE6B289EE,0.5
ID_76A359B2F6,0.5
ID_0214B3E401,0.5
ID_E51A8FAFCC,0.5
ID_713C94E591,0.5
ID_0B50854FCB,0.5
ID_E4872F7C9E,0.5
ID_BD8EE6703A,0.5
ID_E9B1C82483,0.5
ID_6F2EE30EF9,0.5
ID_94C87AF44C,0.5
ID_E35C6C1D1E,0.5
ID_C156B44072,0.5
ID_C3F6091FB3,0.5
ID_E1E571643D,0.5
ID_FC51147B61,0.5
ID_BEE20D90E9,0.5
ID_EE2274843F,0.5
ID_67BC030A54,0.5
ID_520E4F83DD,0.5
ID_6E2EB89DE5,0.5
ID_3661B50F09,0.5
ID_17CA93C141,0.5
ID_94D628D5DA,0.5
ID_976EA9713E,0.5
ID_4B965BCD81,0.5
ID_E281D983F0,0.5
ID_DCA0D3F5D4,0.5
ID_6F4F358822,0.5
ID_2DBD0801C8,0.5
ID_1938733643,0.5
ID_DEA5036DF5,0.5
ID_AF65D4A19F,0.5
ID_551AB2D7A6,0.5
ID_C88EA51774,0.5
ID_6B6E18AB86,0.5
ID_7B240F7092,0.5
ID_BEC291D4C2,0.5
ID_7028F16524,0.5
ID_915CC22955,0.5
ID_2698081B3B,0.5
ID_2854BD6180,0.5
ID_9AD4BC7603,0.5
ID_BC91403FD1,0.5
ID_DF24744BAE,0.5
ID_98B16ACF4A,0.5
ID_6FB86929E8,0.5
ID_01518F32F3,0.5
ID_56360D913A,0.5
ID_BEF0928C7B,0.5
ID_2587E61137,0.5
ID_4D6B22464A,0.5
ID_0EDDFE180D,0.5
ID_696621085C,0.5
ID_F96C07F5F3,0.5
ID_97C7895D5F,0.5
ID_649ADA90D9,0.5
ID_69C655DDDD,0.5
ID_AA492027DA,0.5
ID_DC8A5E6FBF,0.5
ID_6D78E302ED,0.5
ID_FD102DF70A,0.5
ID_319CE5595D,0.5
ID_52D6DE4F00,0.5
ID_EAF2E40B5C,0.5
ID_B7A37E4E65,0.5
ID_8AACBD92E1,0.5
ID_83A686EDBB,0.5
ID_FB8F4DB5A7,0.5
ID_822EF4A428,0.5
ID_F5D244396E,0.5
ID_7D6C2C69F9,0.5
ID_F5E87E9486,0.5
ID_6C13414625,0.5
ID_1F99FD329C,0.5
ID_4BEFC340B9,0.5
ID_D5D8B43137,0.5
ID_2FE134B8AB,0.5
ID_767D6BB40B,0.5
ID_4B6ABB1760,0.5
ID_ABD75D772D,0.5
ID_FF135495C0,0.5
ID_CEB83A4048,0.5
ID_57118D3324,0.5
ID_2433FE9097,0.5
ID_4F7499AC6C,0.5
ID_9B02A80826,0.5
ID_8BDF7C940D,0.5
ID_F5E007A054,0.5
ID_FD7F8C5364,0.5
ID_20EB02BD33,0.5
ID_1A6550EE12,0.5
ID_468A99A160,0.5
ID_BECDE1A8F6,0.5
ID_5C353CB847,0.5
ID_FAF4EE53E8,0.5
ID_84F39C78CE,0.5
ID_96ABE9BE32,0.5
ID_62FF5D12C7,0.5
ID_B2B06B4AB3,0.5
ID_C73789037C,0.5
ID_751B3247CA,0.5
ID_53F5841FAA,0.5
ID_406432DB34,0.5
ID_91F64FFB2E,0.5
ID_48603349E1,0.5
ID_C78231767F,0.5
ID_5D9F64A770,0.5
ID_55F32D4FF6,0.5
ID_D33459ABFE,0.5
ID_AECA363951,0.5
ID_B552E7E9F0,0.5
ID_7B2EDF94D4,0.5
ID_909AE2C220,0.5
ID_50E3A67BCC,0.5
ID_7EA2B0A2E4,0.5
ID_89D84556C5,0.5
ID_CF5C7F4D9C,0.5
ID_BDE3B85743,0.5
ID_CA626605EC,0.5
ID_5C5101CB76,0.5
ID_9072E79B4F,0.5
ID_B452FD21CD,0.5
ID_C7E73671E6,0.5
ID_69597C05BB,0.5
ID_F0CE471E90,0.5
ID_665D136189,0.5
ID_7DD7606810,0.5
ID_2493EF92EB,0.5
ID_1345FD3088,0.5
ID_54A823DC38,0.5
ID_A6D7D39FA2,0.5
ID_2633E6A1FA,0.5
ID_8DAC5FF89E,0.5
ID_D8E645199F,0.5
ID_0572BF7AA2,0.5
ID_A0E66907DD,0.5
ID_190EF427A0,0.5
ID_666B15595A,0.5
ID_49667E2DC1,0.5
ID_8EF39BC1DF,0.5
ID_A60AFE399D,0.5
ID_18CA9BE24A,0.5
ID_7165861A5D,0.5
ID_069E97C067,0.5
ID_C4CA2FB6A3,0.5
ID_918E548170,0.5
ID_40137673F5,0.5
ID_87DC5E89F3,0.5
ID_5F29EEDD28,0.5
ID_4D66709B1C,0.5
ID_1EDDD87158,0.5
ID_AABD6CE886,0.5
ID_CBB6A6F917,0.5
ID_18DFDFFC00,0.5
ID_804F1AF2A6,0.5
ID_03E798FD3E,0.5
ID_53A7E8F227,0.5
ID_34C8912792,0.5
ID_67B9019EE6,0.5
ID_DB5BA22071,0.5
ID_EBAB03B1F9,0.5
ID_23E63778B1,0.5
ID_375F43CE0E,0.5
ID_E6839C7F61,0.5
ID_BE321C608E,0.5
ID_4F67A3E4D8,0.5
ID_641E0E64FF,0.5
ID_EA1CB965D5,0.5
ID_A7E726B91B,0.5
ID_6CA5B8C181,0.5
ID_0840CA9080,0.5
ID_FA3488595F,0.5
ID_D9086E4E9D,0.5
ID_891AF6B0FA,0.5
ID_E1E5BB5038,0.5
ID_D985214194,0.5
ID_2CD3EAA35F,0.5
ID_E51057F245,0.5
ID_AE52A2E528,0.5
ID_AEC26218EE,0.5
ID_B8823BF08F,0.5
ID_60CD525F25,0.5
ID_CC0D2CBF26,0.5
ID_3D9F183D04,0.5
ID_3EA3DB3666,0.5
ID_F7976397FF,0.5
ID_7F79FF0802,0.5
ID_00CEF61140,0.5
ID_4B72A68F88,0.5
ID_E34CD9BB68,0.5
ID_7A6D25816C,0.5
ID_0BE04C58C4,0.5
ID_C66F88D1D1,0.5
ID_A46EEC15FA,0.5
ID_65335797E4,0.5
ID_D43460D874,0.5
ID_5B81CFE79F,0.5
ID_84369AC8EE,0.5
ID_6447E26484,0.5
ID_3859A1C9C7,0.5
ID_14B91E5BAB,0.5
ID_B7D7F38847,0.5
ID_9EA7790899,0.5
ID_BFF7C0D612,0.5
ID_1CCB6B900A,0.5
ID_6B72C34FED,0.5
ID_A398502E9D,0.5
ID_4532F224DA,0.5
ID_0F4C3CBE6B,0.5
ID_AEDCE5BF10,0.5
ID_3FDE45CED8,0.5
ID_851AD17CD6,0.5
ID_ABD3868F15,0.5
ID_A760477091,0.5
ID_716A5AA547,0.5
ID_2FBE3D375E,0.5
ID_154E9587FF,0.5
ID_BA324C1586,0.5
ID_F6D62EA1B6,0.5
ID_C636664FEA,0.5
ID_6E0EC39AEB,0.5
ID_4B1CBBB1D7,0.5
ID_1CF8337833,0.5
ID_91372256D9,0.5
ID_C850590FC2,0.5
ID_10B8515F2E,0.5
ID_C8CB1288FD,0.5
ID_39305EFF3B,0.5
ID_06523BE01F,0.5
ID_FE454064B3,0.5
ID_E67722011D,0.5
ID_541F3FAF66,0.5
ID_2559114C6D,0.5
ID_76B9587705,0.5
ID_8994946BCC,0.5
ID_B06354EC02,0.5
ID_50B1CE8834,0.5
ID_DA225CEE85,0.5
ID_3CFDE58DC7,0.5
ID_54CAC6E3F3,0.5
ID_BFD4FF4BDF,0.5
ID_A43F44693E,0.5
ID_833D605256,0.5
ID_55E16C28AF,0.5
ID_9F98D62CB0,0.5
ID_251A42B756,0.5
ID_76C754D5D2,0.5
ID_8E29A432AA,0.5
ID_2FAECEEFC1,0.5
ID_C656BE276E,0.5
ID_283FC1C6E5,0.5
ID_1DCE576A0B,0.5
ID_BDAAA6142C,0.5
ID_7685FCDDF4,0.5
ID_53B36295A1,0.5
ID_656D131B8F,0.5
ID_B9F0B88CF3,0.5
ID_612BE450F5,0.5
ID_82E6908E69,0.5
ID_8DA9475609,0.5
ID_F824B3BD4C,0.5
ID_DF907D32F9,0.5
ID_943CB3D4D3,0.5
ID_9451AE05F4,0.5
ID_B0972C9E8C,0.5
ID_209B5C4226,0.5
ID_9BFBF1DE71,0.5
ID_BBA7ED7B9E,0.5
ID_E75E8E3AA6,0.5
ID_C48E5318AF,0.5
ID_94A2063941,0.5
ID_59CFE44D81,0.5
ID_0732D40154,0.5
ID_27253F17F9,0.5
ID_7FE7EED981,0.5
ID_7BE6292335,0.5
ID_276686BEA4,0.5
ID_DC16E348B7,0.5
ID_D052A74D14,0.5
ID_0B414E20A2,0.5
ID_CFCAA13D12,0.5
ID_AD1523BDE6,0.5
ID_0236F5AA24,0.5
ID_D7E914EDBB,0.5
ID_B0069163C9,0.5
ID_E5835513EB,0.5
ID_FE3CE1C152,0.5
ID_0B854A0C1A,0.5
ID_EE453BFA7C,0.5
ID_38613DAD0F,0.5
ID_05C8462144,0.5
ID_734943E3CE,0.5
ID_863FA62135,0.5
ID_2BF94F84BE,0.5
ID_E1043D8C08,0.5
ID_762BA0084B,0.5
ID_E150DA1020,0.5
ID_5F1CC262FD,0.5
ID_23D1102EB5,0.5
ID_1DA7F2DA30,0.5
ID_0A166FB589,0.5
ID_819B54E4A7,0.5
ID_578F336E9E,0.5
ID_126B9C56E4,0.5
ID_3049B00214,0.5
ID_D98831E528,0.5
ID_84694AD8EE,0.5
ID_04734ED56F,0.5
ID_7F76EFCB8E,0.5
ID_B4D071F70B,0.5
ID_2DE117DA1C,0.5
ID_DC140813E2,0.5
ID_9964D67CC1,0.5
ID_634E0E6398,0.5
ID_92EBC85FB4,0.5
ID_A6527A412E,0.5
ID_C1381E6D6B,0.5
ID_30C12BF803,0.5
ID_43BF163A93,0.5
ID_4F4110ACB9,0.5
ID_EF087FFC8F,0.5
ID_476ED78647,0.5
ID_5828F14A50,0.5
ID_8B9AFCC8CC,0.5
ID_068CE8C3ED,0.5
ID_EA7B619EFE,0.5
ID_EE764BAA02,0.5
ID_C3E4EA3988,0.5
ID_A8CDC33696,0.5
ID_EF2FED0D81,0.5
ID_8FC26BB921,0.5
ID_6808CE072E,0.5
ID_5BED21E5E8,0.5
ID_F439E7C18F,0.5
ID_25E5D86817,0.5
ID_F02B693DBD,0.5
ID_757765C272,0.5
ID_9171C8F127,0.5
ID_B19D40267D,0.5
ID_9138D17680,0.5
ID_68EA29A2F9,0.5
ID_2A30D25A72,0.5
ID_C7289E2686,0.5
ID_EF61DFBCC7,0.5
ID_537E36E349,0.5
ID_E8C688C0EC,0.5
ID_39E1F8D479,0.5
ID_6943D9E786,0.5
ID_CDB77FEB0D,0.5
ID_3FCB334503,0.5
ID_016479807A,0.5
ID_E04A5878E8,0.5
ID_E96CBECC79,0.5
ID_8E5EC3981C,0.5
ID_3E1439BF02,0.5
ID_04F00E33F7,0.5
ID_93D8367732,0.5
ID_3FDA9584D2,0.5
ID_38ED53D5FB,0.5
ID_E9B1F70DF8,0.5
ID_4521739A44,0.5
ID_75AEB32352,0.5
ID_23B995FB5A,0.5
ID_67FEB40D09,0.5
ID_30C0338DCE,0.5
ID_0BC29C76B9,0.5
ID_7B646837B9,0.5
ID_3616145FE6,0.5
ID_F95DF52337,0.5
ID_BAE230B173,0.5
ID_7AA24CCD31,0.5
ID_412C5D4422,0.5
ID_C43863D16B,0.5
ID_DED2950E37,0.5
ID_4AD7C706EC,0.5
ID_E29F9D25BF,0.5
ID_CF974835EC,0.5
ID_BB1770FCC1,0.5
ID_26ABF38EB7,0.5
ID_4D1A7FE823,0.5
ID_911AD92EB9,0.5
ID_FD84F492DB,0.5
ID_2473EE8579,0.5
ID_FDFF75D032,0.5
ID_82BBDADD73,0.5
ID_5163E6ADD0,0.5
ID_158E95CFBD,0.5
ID_5A78347E0F,0.5
ID_C3A128160E,0.5
ID_0C065BE53D,0.5
ID_2E69BE3385,0.5
ID_07CE91A35F,0.5
ID_48C9918A62,0.5
ID_A638AC763F,0.5
ID_B2B73F1F75,0.5
ID_FFD1F2F0BE,0.5
ID_E4EA2CD9CA,0.5
ID_61CF5A7476,0.5
ID_479D7EA7AB,0.5
ID_35EC774451,0.5
ID_EB8C1E193D,0.5
ID_CCE3067FDD,0.5
ID_508C0BFBC8,0.5
ID_9276B1B3A7,0.5
ID_127C3189B7,0.5
ID_7611689EA3,0.5
ID_F67B2711EC,0.5
ID_B9EC61CDBE,0.5
ID_59BD9B2D9B,0.5
ID_AE51513F17,0.5
ID_7C5C64B95B,0.5
ID_F596F2B6B3,0.5
ID_2BAF88041A,0.5
ID_4B0FB3AF8B,0.5
ID_3400BDD243,0.5
ID_91A15DC87F,0.5
ID_309B457DBD,0.5
ID_D35C74A317,0.5
ID_80702E9102,0.5
ID_E82FB06DF2,0.5
ID_577E8D4AE5,0.5
ID_E56D17797A,0.5
ID_37ED9FC147,0.5
ID_A13AB6A26A,0.5
ID_036037EE5E,0.5
ID_26696FF4EF,0.5
ID_068C27E1C0,0.5
ID_FC3D9E3A30,0.5
ID_AE5D49FE4C,0.5
ID_7986FC8982,0.5
ID_D8ABC97D5D,0.5
ID_151FDCE8AB,0.5
ID_69C59D68F5,0.5
ID_DB9AFADFC7,0.5
ID_3311E04C79,0.5
ID_9A1B417B5B,0.5
ID_2B3BD724A9,0.5
ID_0D225CEB86,0.5
ID_BFDFA5D6EC,0.5
ID_C2F6132531,0.5
ID_185ADA4A99,0.5
ID_AF3A6F3A36,0.5
ID_AC83D80D5A,0.5
ID_CF5A5A0330,0.5
ID_AAA174A5E8,0.5
ID_39EE19B7A7,0.5
ID_BE78F81F9F,0.5
ID_3495A95EE3,0.5
ID_CB1B05A28B,0.5
ID_BEF54088D9,0.5
ID_D4B835A30C,0.5
ID_B85DA6CB22,0.5
ID_4BBF50A25B,0.5
ID_97C24DB8B1,0.5
ID_98E96CD598,0.5
ID_AEFC889AFA,0.5
ID_7D231A20EF,0.5
ID_51207E96A0,0.5
ID_2F94091925,0.5
ID_384862AA7F,0.5
ID_B85F451134,0.5
ID_D2202C4AB3,0.5
ID_C8562A6DBD,0.5
ID_91F46FE48B,0.5
ID_B88B78C3C1,0.5
ID_396FF71D78,0.5
ID_26C7959602,0.5
ID_D936E108B5,0.5
ID_4ABFEEEC2B,0.5
ID_73C9650DF4,0.5
ID_1E84AC958D,0.5
ID_3D84C29AA3,0.5
ID_1C9B9D0B2A,0.5
ID_5AF17DA5CC,0.5
ID_7610D364A2,0.5
ID_8A3A9FCEBA,0.5
ID_39305241DD,0.5
ID_28AA4789FB,0.5
ID_217234227F,0.5
ID_0197F628BC,0.5
ID_D53B2B1A4E,0.5
ID_E74D6286D6,0.5
ID_C6B3C9ECBA,0.5
ID_19E4011DCB,0.5
ID_A6060CAB01,0.5
ID_E38A830994,0.5
ID_D03DD3C20F,0.5
ID_D69AC66EA9,0.5
ID_A500DA91FF,0.5
ID_08628B221C,0.5
ID_5092FF286E,0.5
ID_177B347B3A,0.5
ID_FA4D6FD914,0.5
ID_4B60302F73,0.5
ID_F666AE0609,0.5
ID_91224C2D15,0.5
ID_A13AD3AA29,0.5
ID_95A7F06E65,0.5
ID_F1CD90AEDE,0.5
ID_89A87131AB,0.5
ID_6240CAD781,0.5
ID_431681B8A3,0.5
ID_436C80CABD,0.5
ID_90591F9F0C,0.5
ID_4E949097C6,0.5
ID_65A3137D58,0.5
ID_8FF826EE08,0.5
ID_3EA6B65625,0.5
ID_C41779A3DE,0.5
ID_50C10A81B2,0.5
ID_D0F2AF4C4C,0.5
ID_BE9C4E66EB,0.5
ID_8EB6CF08D6,0.5
ID_292D495E04,0.5
ID_0F842293E1,0.5
ID_FF649F3B45,0.5
ID_D038D513E5,0.5
ID_5929F1E503,0.5
ID_889E4B1791,0.5
ID_8465968C04,0.5
ID_DF297BED82,0.5
ID_DF07DFA54C,0.5
ID_1CE095066F,0.5
ID_2503107997,0.5
ID_E226BC012F,0.5
ID_C9E8589DED,0.5
ID_6ABAD4CAFB,0.5
ID_31FEBDF63B,0.5
ID_00A75276F9,0.5
ID_35D76B00A9,0.5
ID_E68CE0C73C,0.5
ID_3D3A64AC93,0.5
ID_F5C8204481,0.5
ID_B45F5DFEE5,0.5
ID_AA5BFB9834,0.5
ID_C654751AC6,0.5
ID_8FC4428942,0.5
ID_938DB17A70,0.5
ID_A5055A4ADA,0.5
ID_323F15520A,0.5
ID_4054DDF033,0.5
ID_C82FBC5CB2,0.5
ID_B88E7B5B24,0.5
ID_6A88FEA487,0.5
ID_96FCBF4795,0.5
ID_5DB13B16E2,0.5
ID_82912BB728,0.5
ID_D663B88528,0.5
ID_FB8181617C,0.5
ID_9FF35AEC04,0.5
ID_5C28F14DDA,0.5
ID_D09D80E963,0.5
ID_497F1844E9,0.5
ID_3766740A0A,0.5
ID_33F2460470,0.5
ID_F2A43B4921,0.5
ID_5B2014B14F,0.5
ID_66D962EBCA,0.5
ID_C02725F8FE,0.5
ID_3CA7EF334A,0.5
ID_4ED4AFDD3B,0.5
ID_089AE36DD9,0.5
ID_2E4AE4D694,0.5
ID_951A2FE82F,0.5
ID_307023AFF0,0.5
ID_B0EF004D0C,0.5
ID_F3AC6DDCCC,0.5
ID_CA9368A38C,0.5
ID_E29A040EBE,0.5
ID_323CFEA0AF,0.5
ID_7F16A207A6,0.5
ID_BB451F70A9,0.5
ID_4D87C8F768,0.5
ID_64052701D2,0.5
ID_7304B38582,0.5
ID_0EF301EF7B,0.5
ID_EAF62C2405,0.5
ID_D96368B164,0.5
ID_210D36F488,0.5
ID_BA24F08BAC,0.5
ID_A7633B4495,0.5
ID_FF53F1DD99,0.5
ID_08739E9B78,0.5
ID_A2AB3EDC26,0.5
ID_9A2039886D,0.5
ID_434579B94C,0.5
ID_6CA344B29C,0.5
ID_591454C110,0.5
ID_45B0B0BD8C,0.5
ID_531EE31453,0.5
ID_02B8502EC3,0.5
ID_6076146999,0.5
ID_C7ED3306AB,0.5
ID_E9288F4EF5,0.5
ID_3CB6A514E1,0.5
ID_21EDD0ABB8,0.5
ID_3406F4D013,0.5
ID_E1E94A6189,0.5
ID_4A74BE8360,0.5
ID_DF8082C69E,0.5
ID_DD72207466,0.5
ID_2A0594D6AD,0.5
ID_F88EC5F0CC,0.5
ID_A95F306CD5,0.5
ID_D5349B29C5,0.5
ID_D234832D5D,0.5
ID_6B9A515339,0.5
ID_6301AFC59E,0.5
ID_9B89614953,0.5
ID_D5B615D810,0.5
ID_E11B563311,0.5
ID_329E050B75,0.5
ID_A2CF7D34B1,0.5
ID_144CBECE90,0.5
ID_3F5C214729,0.5
ID_31F2FED12C,0.5
ID_E5917FCF1D,0.5
ID_C883E1D453,0.5
ID_A4ECFC3A6E,0.5
ID_98C747A076,0.5
ID_0D8CB914CC,0.5
ID_B54051EB78,0.5
ID_D7D2B15C29,0.5
ID_2A0F6C638B,0.5
ID_ABFA7692C3,0.5
ID_0A3540AB89,0.5
ID_1EA5D8559A,0.5
ID_2264D885BB,0.5
ID_0618E25740,0.5
ID_267D7B2D6F,0.5
ID_C50ED6292E,0.5
ID_DEF1A5C33F,0.5
ID_06CF419D4B,0.5
ID_510635E162,0.5
ID_0144F958AB,0.5
ID_27358E714E,0.5
ID_5344C0DF59,0.5
ID_9E8CC03B42,0.5
ID_49A94F99A9,0.5
ID_FA116CFB1A,0.5
ID_17A3ED9F5C,0.5
ID_4F3825CFAD,0.5
ID_A429771DE1,0.5
ID_9BC9CC604B,0.5
ID_873E28D8C1,0.5
ID_FD83F985C3,0.5
ID_93A8FCAC08,0.5
ID_24D47B5EA2,0.5
ID_E1F31DF5FB,0.5
ID_9F002E68ED,0.5
ID_ED9EA87D05,0.5
ID_7B2B259CDF,0.5
ID_11937603B3,0.5
ID_11A65327C0,0.5
ID_0272EE81EC,0.5
ID_D698BFD4CD,0.5
ID_BBF5941546,0.5
ID_6DE182A42D,0.5
ID_E618D799BB,0.5
ID_06EAD52B75,0.5
ID_0F51947758,0.5
ID_3A85882E31,0.5
ID_68A57392C3,0.5
ID_72D8EC6035,0.5
ID_AAB843AA9F,0.5
ID_B470EB21CB,0.5
ID_FE90521821,0.5
ID_E2FBE6D5D4,0.5
ID_2576707F3E,0.5
ID_0B7FB6E4E3,0.5
ID_6DFF337761,0.5
ID_6E810D143D,0.5
ID_C46F306183,0.5
ID_A1E41ABB1B,0.5
ID_C9EF243ECE,0.5
ID_4E6E3471D7,0.5
ID_E33B91DAF6,0.5
ID_CA07980845,0.5
ID_729813BC79,0.5
ID_5077B5CC58,0.5
ID_55383C4767,0.5
ID_829062AE17,0.5
ID_CF81930404,0.5
ID_F00AFCEC10,0.5
ID_EE7EF04D5C,0.5
ID_617A1BA0F0,0.5
ID_6F5F244822,0.5
ID_991EAD21DF,0.5
ID_1B01FB6B95,0.5
ID_40734606C3,0.5
ID_17C3AB82D0,0.5
ID_0F6B4F4337,0.5
ID_2BF9FD15E7,0.5
ID_58E74DA81E,0.5
ID_598EDD46A3,0.5
ID_37A8572627,0.5
ID_A03EF124EB,0.5
ID_635BDB5D50,0.5
ID_A076CF7B32,0.5
ID_A3ED7C34B0,0.5
ID_ACCD44B0D2,0.5
ID_646A2EB224,0.5
ID_3BD94A6BDF,0.5
ID_180D4CA768,0.5
ID_F371B4B8BB,0.5
ID_AE3D417F35,0.5
ID_5803FAB67F,0.5
ID_865BDB31C7,0.5
ID_AF5DE3B4DC,0.5
ID_C6E1EB0C70,0.5
ID_89F8875C73,0.5
ID_7E58FEF7FB,0.5
ID_8C3F8F028B,0.5
ID_618233228B,0.5
ID_AB146CCCDE,0.5
ID_DC24271F5D,0.5
ID_73226AF471,0.5
ID_0425430188,0.5
ID_E5404F79AC,0.5
ID_81AC1B0203,0.5
ID_AA37D3D9F1,0.5
ID_33916C9047,0.5
ID_51E73DDCE1,0.5
ID_E38220DB74,0.5
ID_A792F48DDC,0.5
ID_D33C05329B,0.5
ID_776AAFA4AD,0.5
ID_5C2BFF6D36,0.5
ID_AFAE16BDC3,0.5
ID_8D960A47C3,0.5
ID_8868CCB793,0.5
ID_44E427DB5A,0.5
ID_CBA41651A6,0.5
ID_FD85751103,0.5
ID_3EE88840CC,0.5
ID_83AB1D0E3E,0.5
ID_FDA29574FD,0.5
ID_B40CA8502E,0.5
ID_430D0AD283,0.5
ID_B8E81CB260,0.5
ID_6D14FB35CD,0.5
ID_263BBFC2EB,0.5
ID_34EED55602,0.5
ID_DEB4088FCD,0.5
ID_A0E03EC769,0.5
ID_E683B9FDC7,0.5
ID_2CDB121491,0.5
ID_5D006E524A,0.5
ID_508BCC289C,0.5
ID_657ECC9962,0.5
ID_ACFC07D37E,0.5
ID_0B29DD1CD4,0.5
ID_A0F2B8296E,0.5
ID_80890257AB,0.5
ID_B97B0E4426,0.5
ID_950CD5AF4D,0.5
ID_A82B0B874B,0.5
ID_23EA69793A,0.5
ID_E3825264CF,0.5
ID_4988A95DCB,0.5
ID_D26AFA44B4,0.5
ID_76F2503B0B,0.5
ID_24FE511DBF,0.5
ID_5D20A5BD1E,0.5
ID_662C9D2353,0.5
ID_9912109EDE,0.5
ID_1EB72372D9,0.5
ID_D89932BB88,0.5
ID_6975542413,0.5
ID_A1810AE2F4,0.5
ID_633283E5EC,0.5
ID_01DC48C28C,0.5
ID_904E3A1029,0.5
ID_459B518E3B,0.5
ID_5A0CE28671,0.5
ID_28A8C5AF63,0.5
ID_7594BFF623,0.5
ID_2E8ACB69F1,0.5
ID_929C6035BA,0.5
ID_400FFB1A33,0.5
ID_A038615445,0.5
ID_21A10164CF,0.5
ID_8B3D449924,0.5
ID_3973562CC1,0.5
ID_FFE42589CD,0.5
ID_4E876C528D,0.5
ID_41001D5216,0.5
ID_D57F6B5714,0.5
ID_4EE0D865F1,0.5
ID_48261A66A6,0.5
ID_85BBD2C8D8,0.5
ID_5996432C15,0.5
ID_DAEFFDB9EB,0.5
ID_A9E4C104A8,0.5
ID_1ECC87FDB7,0.5
ID_078621DE6D,0.5
ID_CC2F0C681B,0.5
ID_946CAB2BC3,0.5
ID_C4C92DA52C,0.5
ID_4E554EDEDF,0.5
ID_BB0FAAB376,0.5
ID_AEE6BC7FC2,0.5
ID_4B9B5AC91E,0.5
ID_6F54700021,0.5
ID_CB2A9BD16F,0.5
ID_BF437EC3A1,0.5
ID_BA184396F0,0.5
ID_C866A915B4,0.5
ID_9DB7F35AA1,0.5
ID_95A51FF137,0.5
ID_6C0E97FEE2,0.5
ID_3ACB9013BA,0.5
ID_F8F311264C,0.5
ID_B28C8599E0,0.5
ID_B46582C7E0,0.5
ID_49FD45C1FA,0.5
ID_9B985DB4F9,0.5
ID_21DD562826,0.5
ID_2EAFA7E992,0.5
ID_4AB5D0D4EE,0.5
ID_DECD2BFCCD,0.5
ID_D55A43C7A3,0.5
ID_6E257FED5F,0.5
ID_5EFEC97045,0.5
ID_FC907445AD,0.5
ID_B14B9202D7,0.5
ID_C13727AD4F,0.5
ID_05F93BF8B5,0.5
ID_6ADDE81748,0.5
ID_17B8212C1C,0.5
ID_742A546229,0.5
ID_05502C50F1,0.5
ID_5B68E59373,0.5
ID_00571482FC,0.5
ID_E7AF3AEE21,0.5
ID_B12CB4CA6D,0.5
ID_9EE1FEE0F4,0.5
ID_7DA046F0FA,0.5
ID_009AA7DABA,0.5
ID_269ED78157,0.5
ID_4C5165863C,0.5
ID_15DFFE8EA7,0.5
ID_ED7948D4AE,0.5
ID_C6DF5F8A81,0.5
ID_E7EEFA9394,0.5
ID_DCA3837415,0.5
ID_2C75BD1786,0.5
ID_579EDDBF17,0.5
ID_F5F4AC8234,0.5
ID_3953121940,0.5
ID_5A3AD10D12,0.5
ID_0B51A54B77,0.5
ID_544E251136,0.5
ID_926067D292,0.5
ID_93187E4939,0.5
ID_F092E2CB0C,0.5
ID_723CEB15A5,0.5
ID_0B961520A1,0.5
ID_2D2E04EA23,0.5
ID_B8A369DDE0,0.5
ID_6D2A17FD1C,0.5
ID_7074DD418F,0.5
ID_E851394C07,0.5
ID_BC7BCC1191,0.5
ID_77B0267C87,0.5
ID_97FABE86D1,0.5
ID_A2282D1996,0.5
ID_0EAEF694CF,0.5
ID_C238A291EB,0.5
ID_80D3CF6614,0.5
ID_24D5693626,0.5
ID_2FC694B920,0.5
ID_31C5126BD8,0.5
ID_7AA48D0644,0.5
ID_62320CABF8,0.5
ID_A7CB39CAE8,0.5
ID_42271CFE90,0.5
ID_80AE5A5E2A,0.5
ID_F79FBB43FC,0.5
ID_0CE3CA96E1,0.5
ID_8FE1E3E549,0.5
ID_6EFBE59B91,0.5
ID_3117C7B020,0.5
ID_8FC2384046,0.5
ID_D0D61DB022,0.5
ID_15125B0B81,0.5
ID_5FA856823C,0.5
ID_6E9E66EAE5,0.5
ID_4E9800C062,0.5
ID_F7C395AF42,0.5
ID_8E6AE1E10F,0.5
ID_5E536D4BC9,0.5
ID_E36BD83D0A,0.5
ID_94FD61D294,0.5
ID_55C679C7C8,0.5
ID_6E64162BD5,0.5
ID_81C0E18DF4,0.5
ID_4A406AE282,0.5
ID_3F021CE071,0.5
ID_58F63CBC2E,0.5
ID_3B29B9AB8D,0.5
ID_ED6134B841,0.5
ID_C4EDD63A3C,0.5
ID_E80C831BEE,0.5
ID_FD8D9701B3,0.5
ID_04305B46D7,0.5
ID_E1C9BFF860,0.5
ID_91D4C96E67,0.5
ID_8982AE6DA9,0.5
ID_CD5882AA64,0.5
ID_0875B7C338,0.5
ID_5072C9F101,0.5
ID_0C382DE41C,0.5
ID_B5A6DEA6BC,0.5
ID_275933FD69,0.5
ID_42DBFD4AF8,0.5
ID_4992B2E1C3,0.5
ID_E395933C7B,0.5
ID_5DCADB898F,0.5
ID_AD5D81F5E7,0.5
ID_67D0816FF0,0.5
ID_7A9A2D5AB3,0.5
ID_9454EE0B0C,0.5
ID_F5521C5CA3,0.5
ID_9A3F47801F,0.5
ID_8F860B9DAC,0.5
ID_600860E089,0.5
ID_D0553092B8,0.5
ID_FEE718AC47,0.5
ID_C5DE2F1E4E,0.5
ID_1825160EDE,0.5
ID_49D34D8B8F,0.5
ID_6AE147B0C0,0.5
ID_93CE7588A5,0.5
ID_66291C8623,0.5
ID_B59EF74E11,0.5
ID_1F9B425A29,0.5
ID_4500F4747B,0.5
ID_3FA9BB934A,0.5
ID_F5259903AE,0.5
ID_C36D7C9049,0.5
ID_B9FB999EE0,0.5
ID_B066290687,0.5
ID_F293AD5993,0.5
ID_42FBD8C59D,0.5
ID_FEB12092B0,0.5
ID_CEAF9658D1,0.5
ID_C8D6AA2FBC,0.5
ID_DDA6B85D60,0.5
ID_AC7F090F51,0.5
ID_C392928573,0.5
ID_5B4FB51962,0.5
ID_0C65063BE0,0.5
ID_738708BF7B,0.5
ID_2A867D3FE5,0.5
ID_DE6E6B9D14,0.5
ID_99DCA24119,0.5
ID_DA870B7253,0.5
ID_6AE557AF5E,0.5
ID_778C378235,0.5
ID_6A08EAA029,0.5
ID_AEE7567153,0.5
ID_F25A9C4B7C,0.5
ID_1713303DC6,0.5
ID_D4E7DF2CC2,0.5
ID_CA5FDB55B3,0.5
ID_E214A40773,0.5
ID_B904107921,0.5
ID_C18ED2498B,0.5
ID_A537CF0571,0.5
ID_ECB555323C,0.5
ID_D42F12917C,0.5
ID_7080738F89,0.5
ID_83DAD18B9D,0.5
ID_8D09977813,0.5
ID_017B965ACE,0.5
ID_9D4F8D5B1F,0.5
ID_FE4A15E3DE,0.5
ID_54132C7C32,0.5
ID_B81E480D3C,0.5
ID_B8BBB2B59D,0.5
ID_3980FAD00E,0.5
ID_D7CAED037E,0.5
ID_B13B52488B,0.5
ID_8988424FEA,0.5
ID_FEC2703AD1,0.5
ID_A317EA00EB,0.5
ID_73DFA380FD,0.5
ID_A96787C7AC,0.5
ID_F75C9260E0,0.5
ID_EB40A92699,0.5
ID_621E80653D,0.5
ID_50D2D6EEC8,0.5
ID_9CBCE796AA,0.5
ID_6869627587,0.5
ID_DE07304DD1,0.5
ID_FC199219A9,0.5
ID_C0FFDFE598,0.5
ID_B52A86E23A,0.5
ID_80D4760074,0.5
ID_9895DFDCC1,0.5
ID_52B2F054E5,0.5
ID_6943DBB482,0.5
ID_A3D868C161,0.5
ID_A94E585FE5,0.5
ID_55D9358A69,0.5
ID_129F674EF3,0.5
ID_142E82BA69,0.5
ID_6A51B04E83,0.5
ID_6AF268D179,0.5
ID_3BBC60835A,0.5
ID_13D51C71C1,0.5
ID_9DB1591347,0.5
ID_5E0FE5BEE2,0.5
ID_757596B9DF,0.5
ID_D8C34B5CAB,0.5
ID_6317A28197,0.5
ID_5F8DEAEB2F,0.5
ID_6E12A01B07,0.5
ID_DFABD16861,0.5
ID_0073E2A00B,0.5
ID_34048917B7,0.5
ID_A344419DAD,0.5
ID_81BD93FEAB,0.5
ID_15D2D5CC2A,0.5
ID_67EBBD1C24,0.5
ID_63E57DBD76,0.5
ID_D1CC66C35D,0.5
ID_FC866145A3,0.5
ID_573468D83B,0.5
ID_B01ACC534E,0.5
ID_3A908BBE43,0.5
ID_3415B49187,0.5
ID_E7AD82FB16,0.5
ID_A92CDCBCE7,0.5
ID_67D7C0E648,0.5
ID_DF4AFEFBD2,0.5
ID_9643A239A2,0.5
ID_5896C235BC,0.5
ID_E5C812B1F2,0.5
ID_F4F36F02A9,0.5
ID_E74507A983,0.5
ID_E7048168CE,0.5
ID_6D11A8DEDE,0.5
ID_2E937DD32E,0.5
ID_3FB27F2634,0.5
ID_7F1AB6FB86,0.5
ID_BDE7F56469,0.5
ID_83A82711ED,0.5
ID_2182893159,0.5
ID_D0107BF726,0.5
ID_B7CDA7CEDA,0.5
ID_AF955F33C8,0.5
ID_E4CD02F6F6,0.5
ID_C683CF8965,0.5
ID_6FF94A57F3,0.5
ID_7799B7362C,0.5
ID_D6EBC76B4B,0.5
ID_8E88571A20,0.5
ID_17CB87FA4C,0.5
ID_1353938799,0.5
ID_4AB52EA258,0.5
ID_5360B7F476,0.5
ID_7D17C03B38,0.5
ID_80C38FF7A8,0.5
ID_9151781CB2,0.5
ID_D7C4CC8773,0.5
ID_776699B766,0.5
ID_C225932EEF,0.5
ID_0D54D5422B,0.5
ID_491F796103,0.5
ID_D1BF8BA72B,0.5
ID_EF3F8312E8,0.5
ID_8E3F5B4B41,0.5
ID_86A4AE15D0,0.5
ID_01EE6458BF,0.5
ID_3D8A36F2CE,0.5
ID_E3229ABCE2,0.5
ID_46A351A236,0.5
ID_E56B00EF7E,0.5
ID_742E3A371D,0.5
ID_6A12AECF26,0.5
ID_B7A3B7FEAC,0.5
ID_421451EF16,0.5
ID_B944FA8517,0.5
ID_4D6964D54D,0.5
ID_18A890338C,0.5
ID_108C1E5D2B,0.5
ID_7E5938B531,0.5
ID_3726C0749D,0.5
ID_F7522603D3,0.5
ID_41CE80CAE2,0.5
ID_F6125DE4DC,0.5
ID_B3E0EB52EC,0.5
ID_C9051362B9,0.5
ID_5CCB9E4BB5,0.5
ID_C5EC6F34F3,0.5
ID_42A2B250AF,0.5
ID_7C987DF994,0.5
ID_EEA0882F28,0.5
ID_0006CA159A,0.5
ID_26FA3C8DE7,0.5
ID_1C081FD260,0.5
ID_1186BECFAB,0.5
ID_32A9283DD7,0.5
ID_0244516172,0.5
ID_C9B1B276F3,0.5
ID_59157CA678,0.5
ID_A971ADD62E,0.5
ID_EDA07FCE62,0.5
ID_8548FB0F09,0.5
ID_57CC466DF6,0.5
ID_42B447CC99,0.5
ID_60BC73A95A,0.5
ID_167C76141C,0.5
ID_0E5103E6DB,0.5
ID_A2CB58AB26,0.5
ID_C5C60AA2C8,0.5
ID_68C3920629,0.5
ID_563124D76A,0.5
ID_6D20407BD5,0.5
ID_E896A6BEFE,0.5
ID_2F345C3203,0.5
ID_305F49340E,0.5
ID_558C8F99A3,0.5
ID_5BF2F6403F,0.5
ID_F44A9EF96E,0.5
ID_C862E79C06,0.5
ID_2F24BCCC2C,0.5
ID_35E750B223,0.5
ID_E54D1E808D,0.5
ID_1E44204D8D,0.5
ID_418880D09D,0.5
ID_8D08584782,0.5
ID_9B8DA4A596,0.5
ID_822FAECE5D,0.5
ID_DE6FEA95E2,0.5
ID_C3BB36C50B,0.5
ID_6B1333E384,0.5
ID_D19BE83C9D,0.5
ID_CBE304A04D,0.5
ID_0B91B17E4C,0.5
ID_0E5A0A41E0,0.5
ID_6AC9ED81D1,0.5
ID_E81FCBE3AC,0.5
ID_A0018D1C7F,0.5
ID_96BD7CBE39,0.5
ID_FEE820A639,0.5
ID_05E43551F8,0.5
ID_1CBBDD0F14,0.5
ID_AAA15B03D6,0.5
ID_9DE760B5C3,0.5
ID_41C62E6655,0.5
ID_73C8BA9098,0.5
ID_0A5EBA70A7,0.5
ID_92D9D221CF,0.5
ID_6610616237,0.5
ID_B2BE4FA598,0.5
ID_2C5723A0AD,0.5
ID_977D507D2C,0.5
ID_408B0F6DBA,0.5
ID_D92F8E6A90,0.5
ID_42CBA22012,0.5
ID_2F320199F1,0.5
ID_B1A213E83D,0.5
ID_92707ADFAB,0.5
ID_FD8B9B2475,0.5
ID_81F1C81599,0.5
ID_BC6B70078D,0.5
ID_5622C034BB,0.5
ID_321D26562C,0.5
ID_6E182DBE9A,0.5
ID_CF6370C907,0.5
ID_D50D333D9E,0.5
ID_04CE6A1C52,0.5
ID_DB7387A052,0.5
ID_2A052DE94C,0.5
ID_281D2B6983,0.5
ID_13ABA2F0BD,0.5
ID_5227435864,0.5
ID_79BB462209,0.5
ID_EA16739937,0.5
ID_CFA793E51B,0.5
ID_5C87110250,0.5
ID_224F1432F4,0.5
ID_DF5CA73FC6,0.5
ID_E0333A35EB,0.5
ID_B9DEB20F1E,0.5
ID_FD92D6D643,0.5
ID_047FCBE710,0.5
ID_E226601DD7,0.5
ID_363C1A39FC,0.5
ID_170AA72F39,0.5
ID_5FFA8BE977,0.5
ID_40C077B957,0.5
ID_01E382BE1F,0.5
ID_8763DD0998,0.5
ID_8F040E5745,0.5
ID_79C4C91422,0.5
ID_5B4CEEC3DE,0.5
ID_640272F811,0.5
ID_8C77B544E4,0.5
ID_4C19B1CAC0,0.5
ID_8735848438,0.5
ID_68E19F7876,0.5
ID_D2FAB60F05,0.5
ID_99285B9922,0.5
ID_950F169378,0.5
ID_1567FE0E2A,0.5
ID_C6E468A26C,0.5
ID_F3EE5B46F3,0.5
ID_E277E7BD33,0.5
ID_0F5CE0FC01,0.5
ID_B53EB3F8A3,0.5
ID_D99998A724,0.5
ID_D6164EC05C,0.5
ID_95591C3F29,0.5
ID_8718AD3255,0.5
ID_9196FA2B97,0.5
ID_069F9CB6AF,0.5
ID_CAD2403AD5,0.5
ID_9A4DA0E5F8,0.5
ID_6D63F9E3AE,0.5
ID_67377A6DBF,0.5
ID_B7D187661A,0.5
ID_5E2610116D,0.5
ID_A08C72A526,0.5
ID_D3680D05EC,0.5
ID_C045C7FE52,0.5
ID_59E3B1B2A3,0.5
ID_8506D1BDBD,0.5
ID_486294D9A2,0.5
ID_071573BCA3,0.5
ID_418305DCC5,0.5
ID_A860EFD4BE,0.5
ID_1912A0A56D,0.5
ID_ABAFF8BA56,0.5
ID_35CB1596B1,0.5
ID_BE816495A3,0.5
ID_EF6EA6D7BD,0.5
ID_EE4AF0194C,0.5
ID_92FEB45D26,0.5
ID_7E4630801A,0.5
ID_E5BBBA40B8,0.5
ID_AA4A69CE69,0.5
ID_AA926619CA,0.5
ID_56026961EB,0.5
ID_DEB947123C,0.5
ID_9FF51D8BC9,0.5
ID_709BB133ED,0.5
ID_C3779421A6,0.5
ID_AB6081D66A,0.5
ID_C3A45BE906,0.5
ID_BD714A9C22,0.5
ID_A3EF4C18FC,0.5
ID_B431A71DCA,0.5
ID_DF17F54E11,0.5
ID_6FF2B5903F,0.5
ID_E1BA03CE96,0.5
ID_673BD30953,0.5
ID_D9FBEDA62E,0.5
ID_E707CD3E02,0.5
ID_490DED1E1C,0.5
ID_1D07B4F4FE,0.5
ID_9549078F1B,0.5
ID_A37E4FDB3B,0.5
ID_B94EE9FCD3,0.5
ID_8EFFA8563E,0.5
ID_5D95D278BB,0.5
ID_0ADCD8B1E4,0.5
ID_836C2AF2CF,0.5
ID_6BB7A63E27,0.5
ID_A7568A38DF,0.5
ID_622EF5B68F,0.5
ID_AC57519DF5,0.5
ID_E9BE27A976,0.5
ID_DE915269FA,0.5
ID_622EA37DE8,0.5
ID_18A3051249,0.5
ID_88ADB8B312,0.5
ID_FC83E8E724,0.5
ID_E0E78FF91C,0.5
ID_18273234E6,0.5
ID_B654C97E81,0.5
ID_4C6C29794C,0.5
ID_489E63D354,0.5
ID_4B8CF6E9E1,0.5
ID_D118CB9D9B,0.5
ID_EF08AE0C7B,0.5
ID_33E58F9ED7,0.5
ID_F1EBE300B6,0.5
ID_EA16511758,0.5
ID_C4FD8B6575,0.5
ID_4673035F2B,0.5
ID_5065AE7216,0.5
ID_03CBF35FF6,0.5
ID_5A0E671485,0.5
ID_A3ACE9ED4C,0.5
ID_6442FFC272,0.5
ID_09FEE7E85B,0.5
ID_4F5CD30063,0.5
ID_3FB040B29E,0.5
ID_D0916EFC18,0.5
ID_96163A0738,0.5
ID_CCED82CBBE,0.5
ID_05D65C8D89,0.5
ID_FC14F8786B,0.5
ID_7B760B66A0,0.5
ID_3F394730B9,0.5
ID_B2F48270D1,0.5
ID_ADA9697FE5,0.5
ID_4CB715216A,0.5
ID_7A21F08EB4,0.5
ID_E4AED78817,0.5
ID_4487721CA9,0.5
ID_F9DCDBE9A7,0.5
ID_606F2602F3,0.5
ID_163CB1FDE6,0.5
ID_344FDE02C7,0.5
ID_9F7F8FEFA6,0.5
ID_658E4C7ED6,0.5
ID_6338338678,0.5
ID_9E6C33D296,0.5
ID_7281D050D5,0.5
ID_9D0D8A20B5,0.5
ID_B02B0B7C77,0.5
ID_DE0CEB40EE,0.5
ID_EC70E4A5E6,0.5
ID_CA0ACC0525,0.5
ID_AA3329EEED,0.5
ID_F09711E61E,0.5
ID_D625FE78BE,0.5
ID_C8AAB96411,0.5
ID_A240687443,0.5
ID_70D0F35676,0.5
ID_E84B4BE952,0.5
ID_7385FA44F5,0.5
ID_0EADB60106,0.5
ID_EC8FB6A0FC,0.5
ID_8ACC5FB02B,0.5
ID_16637AB34B,0.5
ID_F86A93CED8,0.5
ID_64FA23396E,0.5
ID_DFDBED1BB2,0.5
ID_AAF49A8422,0.5
ID_8CB80CA5DB,0.5
ID_B0C63F799A,0.5
ID_C81D6E06A4,0.5
ID_7B11C86B47,0.5
ID_79041C0C58,0.5
ID_0619CE1D74,0.5
ID_A6EE6A91FA,0.5
ID_23B57FB813,0.5
ID_DDFDAF0C18,0.5
ID_B6A642C3FF,0.5
ID_5ACB27E136,0.5
ID_4B4F69209A,0.5
ID_D77FFD795C,0.5
ID_D86A3C132F,0.5
ID_4CC66529A5,0.5
ID_F2EF47F736,0.5
ID_61CD1B1EEF,0.5
ID_531E65B0FD,0.5
ID_F3E98157DE,0.5
ID_75DD58701E,0.5
ID_1F3443D31E,0.5
ID_7958D82DD5,0.5
ID_C973E1EDD5,0.5
ID_94AB8366CA,0.5
ID_A40288B60F,0.5
ID_56B1462CB4,0.5
ID_6FD1458AC4,0.5
ID_8DC704CDE0,0.5
ID_0967035BDF,0.5
ID_722258F257,0.5
ID_4812BE8656,0.5
ID_23E84EC85A,0.5
ID_0BA78773A3,0.5
ID_8B6DFC55B9,0.5
ID_B3A71C294E,0.5
ID_22C372FC6E,0.5
ID_20261BF3A5,0.5
ID_1C36F9DFA9,0.5
ID_72ADF49B2E,0.5
ID_E909367D3D,0.5
ID_6C11A9BBA7,0.5
ID_583EDD03A0,0.5
ID_113C5D7806,0.5
ID_837CC2F9DD,0.5
ID_039518DB59,0.5
ID_0CB8149B32,0.5
ID_E3631B43CC,0.5
ID_2519EEEA17,0.5
ID_DBB1F37106,0.5
ID_F13381BE33,0.5
ID_F4E96E14D6,0.5
ID_AAFA3C4483,0.5
ID_832A5732E5,0.5
ID_2124D43634,0.5
ID_E5D0B8FA6F,0.5
ID_C73BE02FF7,0.5
ID_649170CA4F,0.5
ID_7BBF4BCAF2,0.5
ID_11C3F44DF3,0.5
ID_2742775BE0,0.5
ID_600756A335,0.5
ID_CCE255FD05,0.5
ID_48CAD9771E,0.5
ID_57F45ECCB4,0.5
ID_3DF9FABEEE,0.5
ID_43C647FCC3,0.5
ID_2F4780AF1A,0.5
ID_51765A0C4B,0.5
ID_CB9B292784,0.5
ID_B9FC64338B,0.5
ID_A2B5286147,0.5
ID_349DA9CF3E,0.5
ID_C31B8DB557,0.5
ID_2CF8092EEE,0.5
ID_F6BE83E40E,0.5
ID_DC7C73FAE3,0.5
ID_66908B2D31,0.5
ID_CDCB3D328F,0.5
ID_6A94697F94,0.5
ID_BD04834FD5,0.5
ID_BF18523CB3,0.5
ID_0D007635AC,0.5
ID_0A62229BFA,0.5
ID_3004067022,0.5
ID_81C4C13280,0.5
ID_631CBB6341,0.5
ID_3AFD50D2B2,0.5
ID_3D1D68C316,0.5
ID_8D9DDC06FD,0.5
ID_8BE8D304B9,0.5
ID_7523113CC5,0.5
ID_EA104E102E,0.5
ID_3525F9E9BF,0.5
ID_7171BB5C77,0.5
ID_8A6DD5433F,0.5
ID_F7010EBA55,0.5
ID_4BFF79488B,0.5
ID_C3DEFFFB5D,0.5
ID_331F7EE7E9,0.5
ID_567C2C1866,0.5
ID_584ABA0893,0.5
ID_C79FF343A8,0.5
ID_A22CDA168B,0.5
ID_EE5D0A6072,0.5
ID_3115E4A3FC,0.5
ID_8E8F5705D9,0.5
ID_F80733856D,0.5
ID_11785F0173,0.5
ID_10164B2CC8,0.5
ID_9D9D87DDBA,0.5
ID_34F2E88605,0.5
ID_16E9520A24,0.5
ID_CC8D8E5030,0.5
ID_0221DBD5A9,0.5
ID_BAE07CAD4B,0.5
ID_449C471632,0.5
ID_392DA9B3C7,0.5
ID_250496F1C0,0.5
ID_2D4E5B6BAE,0.5
ID_B2C6F43336,0.5
ID_D6F24563B7,0.5
ID_E1F39EF560,0.5
ID_DFD00B96DE,0.5
ID_8324470A07,0.5
ID_A5BFA94B07,0.5
ID_97BCD18390,0.5
ID_87CDAE0EDA,0.5
ID_B31E18EA93,0.5
ID_85F40FDE8F,0.5
ID_FD90F97EF6,0.5
ID_E8613956D8,0.5
ID_201A6FC0C2,0.5
ID_DE39673A03,0.5
ID_E679C1726F,0.5
ID_AB4636363A,0.5
ID_83B8551E7A,0.5
ID_0A5FCDBEAB,0.5
ID_6743C43E62,0.5
ID_9E544CD268,0.5
ID_8E4EBCC56E,0.5
ID_CD6B8A5D6F,0.5
ID_854C300187,0.5
ID_BC74483408,0.5
ID_6923372A16,0.5
ID_29F74158D2,0.5
ID_D5FBB998C7,0.5
ID_DB956982C6,0.5
ID_AD10B3F275,0.5
ID_6F1720ED0A,0.5
ID_AF33A1F793,0.5
ID_D7B3D9ADFB,0.5
ID_4B1F94FCC7,0.5
ID_8E8B685ED2,0.5
ID_195C4F90FB,0.5
ID_E4D956889D,0.5
ID_98B2A4145D,0.5
ID_4AC7B4E2AB,0.5
ID_8DF6A0D74F,0.5
ID_ED11BE4123,0.5
ID_40E2D1C6AB,0.5
ID_BA79DBA76C,0.5
ID_61B4C23C18,0.5
ID_C47561A9E7,0.5
ID_8FFF70DA5F,0.5
ID_A68243907F,0.5
ID_D0691408C8,0.5
ID_54E00ED21F,0.5
ID_FC61E782A7,0.5
ID_C017A1603B,0.5
ID_2B1324ADCD,0.5
ID_7852833462,0.5
ID_F0F54F0F32,0.5
ID_24BE7467F5,0.5
ID_1C1CBD3C34,0.5
ID_4EA2A2FA45,0.5
ID_493098E70C,0.5
ID_8341E75D7A,0.5
ID_9635D3CBCD,0.5
ID_AE0A424587,0.5
ID_90BB12389C,0.5
ID_DD0168AF08,0.5
ID_0B217BC14A,0.5
ID_62B2DF49CF,0.5
ID_5C389451A6,0.5
ID_2C01AA0A32,0.5
ID_688E5ED7FE,0.5
ID_B3E56C35FF,0.5
ID_2DF87B2F78,0.5
ID_AFC0C3B309,0.5
ID_7EE6C1C7E9,0.5
ID_8C5C492B05,0.5
ID_476EA1FFDD,0.5
ID_C91BA2B820,0.5
ID_8A1C360DAF,0.5
ID_9E577DB8FB,0.5
ID_C47C529D93,0.5
ID_67BA9DDE32,0.5
ID_4B24A212BB,0.5
ID_212553CCE9,0.5
ID_9B86A3DFF5,0.5
ID_34A7CCF43D,0.5
ID_C5245384DE,0.5
ID_2CD38E885F,0.5
ID_C53704496B,0.5
ID_844160A270,0.5
ID_B53CAB4BD8,0.5
ID_C6C6BA7608,0.5
ID_E72C51AE51,0.5
ID_36E61DA2A3,0.5
ID_2B9DDFEFCD,0.5
ID_6898EC56E6,0.5
ID_CD5EC7964E,0.5
ID_21AB2C2C00,0.5
ID_D8047924C6,0.5
ID_53D87911D0,0.5
ID_D278F2FED7,0.5
ID_70192296D1,0.5
ID_38BC111E35,0.5
ID_A8F96B60D0,0.5
ID_E3D984D348,0.5
ID_B452F27419,0.5
ID_16622BF241,0.5
ID_6C02213E15,0.5
ID_27E30C4B40,0.5
ID_14D798EB94,0.5
ID_7EF5254901,0.5
ID_9C634ED023,0.5
ID_E7C90B7C2D,0.5
ID_52EBA7F712,0.5
ID_113E2DE956,0.5
ID_902821A16A,0.5
ID_16E93E077F,0.5
ID_763AE3CB77,0.5
ID_9F7F1BF43F,0.5
ID_849CF7A48E,0.5
ID_CC4ED1FAB2,0.5
ID_0690AFC8E4,0.5
ID_2672C70B9A,0.5
ID_E6236B3718,0.5
ID_0C1D6847C2,0.5
ID_908CE7B65F,0.5
ID_B21DCADF7B,0.5
ID_A5C799029D,0.5
ID_31AB57B72A,0.5
ID_936BCA875C,0.5
ID_06391E6F54,0.5
ID_A9A3F5AE66,0.5
ID_01EB1C2BF1,0.5
ID_22C8EDE51D,0.5
ID_30A9B107C4,0.5
ID_F55F2200D7,0.5
ID_5D9FDCC4EB,0.5
ID_AF5C1C6A46,0.5
ID_40A25E4601,0.5
ID_124F88A00E,0.5
ID_26967FB48D,0.5
ID_5AE6DEB0D2,0.5
ID_E6F1E71826,0.5
ID_25480D65E7,0.5
ID_7400FC5C3B,0.5
ID_4FF3F016BB,0.5
ID_5AD46B481E,0.5
ID_901AE0918F,0.5
ID_2572B00A69,0.5
ID_7A74BD4286,0.5
ID_9B5E301BFC,0.5
ID_248A75C6FA,0.5
ID_E81235A9E8,0.5
ID_BADA77A910,0.5
ID_7873ED35BD,0.5
ID_C1974920B3,0.5
ID_27C325E941,0.5
ID_02E5347A4D,0.5
ID_4E70FAC6D5,0.5
ID_9D82E08178,0.5
ID_1311AFD34C,0.5
ID_750B9B9FF3,0.5
ID_DE72B5852D,0.5
ID_53B90E33F2,0.5
ID_4D94F526C9,0.5
ID_5BD41933F9,0.5
ID_F98CE28FD8,0.5
ID_E27BAC5437,0.5
ID_AB9D758A64,0.5
ID_3B7A89C1A6,0.5
ID_699C8F6F40,0.5
ID_AF99D99126,0.5
ID_1C5518A56B,0.5
ID_23E63CEF89,0.5
ID_8D5ED287E3,0.5
ID_2E3FA0111F,0.5
ID_3F189BF408,0.5
ID_7A1F2EF9D3,0.5
ID_100B92EDDE,0.5
ID_BD53DF1D26,0.5
ID_24ED909D30,0.5
ID_FF07D9FA70,0.5
ID_89FD275CFD,0.5
ID_EE63F8358B,0.5
ID_544A9D747A,0.5
ID_E1BB168870,0.5
ID_CA7A156805,0.5
ID_8A44BF80A6,0.5
ID_03DBE833C1,0.5
ID_9729ABFEF5,0.5
ID_77F90268B2,0.5
ID_EBCA334FF1,0.5
ID_A24DA77E34,0.5
ID_F47EAB8EEF,0.5
ID_A93983A5DD,0.5
ID_B36D36D105,0.5
ID_ADC07A23F0,0.5
ID_E6116774CF,0.5
ID_89C5D600BB,0.5
ID_A92CC63569,0.5
ID_B1DD73C75C,0.5
ID_0BA8B92767,0.5
ID_B4A36BEC5D,0.5
ID_BF7824ACE1,0.5
ID_FDD22070B2,0.5
ID_C46D1E8F68,0.5
ID_981ACCD9CB,0.5
ID_48F3208137,0.5
ID_AAE92A4C76,0.5
ID_C05830B039,0.5
ID_3A94D42F8D,0.5
ID_3204E3F379,0.5
ID_EE8F912BC9,0.5
ID_CB3038550E,0.5
ID_DA4F1E73B4,0.5
ID_63F9364BB6,0.5
ID_F5EBED6579,0.5
ID_3CAD9306CF,0.5
ID_D92359949F,0.5
ID_286CDDD279,0.5
ID_9DB3C79C5E,0.5
ID_997DC123C4,0.5
ID_AA8182DDB6,0.5
ID_BE141D8114,0.5
ID_0AF91A10CE,0.5
ID_63AE21D76B,0.5
ID_2A06DF8E83,0.5
ID_0ED17BB3C3,0.5
ID_F5D41C527E,0.5
ID_53727967EC,0.5
ID_F739B60CB6,0.5
ID_2C3C5D9610,0.5
ID_E29DCDD494,0.5
ID_E79E718890,0.5
ID_786586E7E6,0.5
ID_D449B9FAF2,0.5
ID_24D04A75CE,0.5
ID_F3DD360029,0.5
ID_BC33CB8E62,0.5
ID_30CC71EAFF,0.5
ID_C1CF161116,0.5
ID_7AF0BAAADA,0.5
ID_555948E937,0.5
ID_28A6FDBA21,0.5
ID_0FD69AB7DD,0.5
ID_7A6D57ECD4,0.5
ID_A6F2FFD334,0.5
ID_C20EFAFA98,0.5
ID_59D8E7FF87,0.5
ID_46A82F2D74,0.5
ID_81C26B8946,0.5
ID_C2A89D9BAA,0.5
ID_8D10838FCB,0.5
ID_BE14E2030B,0.5
ID_E957261478,0.5
ID_76CC22C698,0.5
ID_DCED858E98,0.5
ID_612258CACC,0.5
ID_BD7B841719,0.5
ID_709A0ED985,0.5
ID_6C19A8843A,0.5
ID_E81ED53958,0.5
ID_AC0011C414,0.5
ID_25253CD6F7,0.5
ID_1337F8CEC7,0.5
ID_32E51C7C3A,0.5
ID_BF3EB0F910,0.5
ID_6E76D52794,0.5
ID_6872CDB832,0.5
ID_1DD8B18A3A,0.5
ID_4BA151C97C,0.5
ID_C01DDFB134,0.5
ID_5AC09241AD,0.5
ID_506FE36EE4,0.5
ID_11DCDE122C,0.5
ID_1B290F9476,0.5
ID_402BA88E7A,0.5
ID_682E183B1A,0.5
ID_146B9CA8A6,0.5
ID_50BDB85796,0.5
ID_D885B80671,0.5
ID_1810C1402F,0.5
ID_BEB9720D93,0.5
ID_5D2195A994,0.5
ID_7A4E707452,0.5
ID_9AE01FC2F7,0.5
ID_4808191A59,0.5
ID_8B44D64FFD,0.5
ID_3B76191B7B,0.5
ID_17DDDD4FD4,0.5
ID_F2B65D2473,0.5
ID_7F96E7B535,0.5
ID_5D9FF1828C,0.5
ID_93C20411F3,0.5
ID_1E4327518B,0.5
ID_737F088218,0.5
ID_33A817F5D2,0.5
ID_22B7DC2437,0.5
ID_0E7398C946,0.5
ID_AED419C1D5,0.5
ID_FC600EBA41,0.5
ID_A0CFD2050B,0.5
ID_3C48E7FA07,0.5
ID_0B52292311,0.5
ID_4B7B197CB8,0.5
ID_3218C64598,0.5
ID_3FF8B36FC8,0.5
ID_9894820DD9,0.5
ID_618B4D4B99,0.5
ID_DB06C617AE,0.5
ID_17BE1D2D0D,0.5
ID_30FACE0504,0.5
ID_D3FC49E8D2,0.5
ID_A9CAD763DC,0.5
ID_C8911101E1,0.5
ID_10AD9ED5C2,0.5
ID_B09BB73747,0.5
ID_D1CE21AD41,0.5
ID_93AB94BB76,0.5
ID_A3D5195768,0.5
ID_7B7556C9B8,0.5
ID_C934F7771C,0.5
ID_1922D95B95,0.5
ID_DFF1812999,0.5
ID_9CDDCCA70E,0.5
ID_188BE4F052,0.5
ID_3E6CFB08D0,0.5
ID_AB6DDD5404,0.5
ID_F11B3ECE40,0.5
ID_433AA550AE,0.5
ID_011A96AFFC,0.5
ID_EE36C1E499,0.5
ID_1A7C389B44,0.5
ID_B851329F65,0.5
ID_6C386EDA9F,0.5
ID_9CF9521CC0,0.5
ID_6F8E6F61F8,0.5
ID_30408B9B39,0.5
ID_823C139C7C,0.5
ID_71B376ABAA,0.5
ID_E8865C1D3D,0.5
ID_2D5B3401AA,0.5
ID_E678EE03B0,0.5
ID_7249D25751,0.5
ID_5B80E94DBF,0.5
ID_105E31CEDD,0.5
ID_4FA38A7B39,0.5
ID_A2BE6FD29E,0.5
ID_027C2397EA,0.5
ID_0FA0A5A5AC,0.5
ID_6988B0CB3C,0.5
ID_50D7810DF3,0.5
ID_93D2B0BCB2,0.5
ID_B87134E3CC,0.5
ID_E618098C14,0.5
ID_B538B83B57,0.5
ID_6236DD0660,0.5
ID_7818B4A1C1,0.5
ID_483DE8CDAC,0.5
ID_1A5C47EF59,0.5
ID_09A0C1A561,0.5
ID_A697A2B79B,0.5
ID_27F1E5D3BA,0.5
ID_ECC8A1A3C9,0.5
ID_68FAF647EE,0.5
ID_D6BB7F88F8,0.5
ID_5C1363D5FD,0.5
ID_AC033763D1,0.5
ID_D51B03F899,0.5
ID_053E3F90E7,0.5
ID_0757C97DDC,0.5
ID_07ABC80356,0.5
ID_2275055293,0.5
ID_B892FDFDC4,0.5
ID_2307CC9BFD,0.5
ID_143E727877,0.5
ID_50275ADEB7,0.5
ID_92DF3ECEC4,0.5
ID_E394F1AE77,0.5
ID_10A6FA84AC,0.5
ID_D00A0FFD4B,0.5
ID_1795545153,0.5
ID_FF6D334033,0.5
ID_D6AE2A1586,0.5
ID_F6E87E2B10,0.5
ID_FC576ECB81,0.5
ID_DD8857F467,0.5
ID_65CF3E2035,0.5
ID_3D8760FDBD,0.5
ID_59280DBD3F,0.5
ID_12696F1914,0.5
ID_0C3325E88F,0.5
ID_D3C86A331F,0.5
ID_14506BEA96,0.5
ID_CE0E4DCF34,0.5
ID_3D6D6784CA,0.5
ID_67C1ECBA22,0.5
ID_28F754965C,0.5
ID_81D4E9473F,0.5
ID_04EC8A55D9,0.5
ID_002A8F4328,0.5
ID_F377E1374C,0.5
ID_1FE5A84A5A,0.5
ID_D890A0478F,0.5
ID_D79E879F35,0.5
ID_27F7197773,0.5
ID_2C67D41919,0.5
ID_09D4CE6198,0.5
ID_1CFCB101D4,0.5
ID_635F256A3C,0.5
ID_6BB9967A94,0.5
ID_7EB19616B4,0.5
ID_5BEE51CC60,0.5
ID_11628F4113,0.5
ID_CA9A6BE351,0.5
ID_9F37EA489A,0.5
ID_FA06497D7A,0.5
ID_F7B2331644,0.5
ID_4C83F89C32,0.5
ID_4EA8AD3B09,0.5
ID_130286B4D4,0.5
ID_AFEAD28CA3,0.5
ID_3DEC2DB740,0.5
ID_A02953FA45,0.5
ID_1A9A693197,0.5
ID_EAA1044BD5,0.5
ID_298969E97F,0.5
ID_B06AF36D18,0.5
ID_AEECA0BCDD,0.5
ID_7A8BE28F1A,0.5
ID_E11949AAC0,0.5
ID_5FEA2AA302,0.5
ID_B0A4DA4DD2,0.5
ID_AC54D9EF1C,0.5
ID_A5FE698C63,0.5
ID_040F7E9AC3,0.5
ID_19D5079DE7,0.5
ID_493DBA4B7B,0.5
ID_9C334AC44D,0.5
ID_6F59FCE3A7,0.5
ID_7C9D07AD09,0.5
ID_536BA87BAF,0.5
ID_A9B1B04E01,0.5
ID_D83DE67564,0.5
ID_D831783DFF,0.5
ID_1BD32D654F,0.5
ID_CA7C06FDB9,0.5
ID_0ECD5E9D37,0.5
ID_BB831095A0,0.5
ID_21AC9E4248,0.5
ID_A0D0084598,0.5
ID_7B994C4441,0.5
ID_C51422DB33,0.5
ID_AEAC782B50,0.5
ID_6F500168E9,0.5
ID_3C90542365,0.5
ID_8048685F36,0.5
ID_E7EECC832C,0.5
ID_285A705AF0,0.5
ID_CD6183F209,0.5
ID_61BA59CD7C,0.5
ID_9D741AEE90,0.5
ID_15C6DEA06F,0.5
ID_70DD88FABC,0.5
ID_7E5B10F25F,0.5
ID_FAA3B1EC9E,0.5
ID_7FCDED2E52,0.5
ID_CCCFBEF116,0.5
ID_1A6DBACFCE,0.5
ID_114A1DC723,0.5
ID_9ACF01FD9B,0.5
ID_BDB4F6DF3A,0.5
ID_C2CBEA0AAA,0.5
ID_6DB0421E8B,0.5
ID_ACAED2D959,0.5
ID_EC5741F1E2,0.5
ID_AC139EFAFD,0.5
ID_ED1ADA3126,0.5
ID_E5A4150775,0.5
ID_F5756918D5,0.5
ID_D369891491,0.5
ID_A69BD192A4,0.5
ID_39ED3F2C31,0.5
ID_ABCB66251E,0.5
ID_32F7D6DF13,0.5
ID_EC0C0A42D9,0.5
ID_A99F830A9D,0.5
ID_B88A882F2E,0.5
ID_C6746AA4B8,0.5
ID_480EB36A60,0.5
ID_1F5A72F439,0.5
ID_0201F53310,0.5
ID_D40079CF48,0.5
ID_AA594CF225,0.5
ID_3099CF3636,0.5
ID_40F5080655,0.5
ID_ADD5ED4B19,0.5
ID_9D5ADDACE6,0.5
ID_8B897B9718,0.5
ID_2D2313C430,0.5
ID_A961977C5D,0.5
ID_7FFB9BC3AF,0.5
ID_0488A12564,0.5
ID_2869AA4DC1,0.5
ID_8E35CF91B8,0.5
ID_587BCA2D75,0.5
ID_15BA153224,0.5
ID_ED6773FEAF,0.5
ID_6227B1E9EA,0.5
ID_0CE37CEB98,0.5
ID_2B67496EE6,0.5
ID_AA2DE5C177,0.5
ID_DDED08FA7F,0.5
ID_184ECE32B4,0.5
ID_71392F9852,0.5
ID_2CAF8E38E2,0.5
ID_2173D676CF,0.5
ID_A23C16E8F9,0.5
ID_B52C992F98,0.5
ID_63187DAD66,0.5
ID_42F65C9161,0.5
ID_DB229C6C34,0.5
ID_BC9BB49D61,0.5
ID_BB82380F53,0.5
ID_04F79D58BD,0.5
ID_4601396FCF,0.5
ID_079C3C4C49,0.5
ID_9BA8A87CAD,0.5
ID_2D3022037D,0.5
ID_52A6E66D2F,0.5
ID_A0C7E7C63D,0.5
ID_265925A57D,0.5
ID_709224233B,0.5
ID_83246EB8C3,0.5
ID_D130EF50F6,0.5
ID_D5F5F8A165,0.5
ID_30412A5838,0.5
ID_A56C0A9237,0.5
ID_14DD4CCB9E,0.5
ID_830071994A,0.5
ID_6707BD1DBD,0.5
ID_6262053AA8,0.5
ID_EEFBE83841,0.5
ID_1BDA20E1E1,0.5
ID_252E4D0BD5,0.5
ID_5BDC672418,0.5
ID_69FABD74EE,0.5
ID_D0F941FE28,0.5
ID_FB2FC1A285,0.5
ID_33A2F2BF18,0.5
ID_17A1FA6A79,0.5
ID_67B8D5946C,0.5
ID_B35128CF20,0.5
ID_9DFC238F76,0.5
ID_F981B82BC3,0.5
ID_AEDDBA3C5E,0.5
ID_E5D38C414E,0.5
ID_EC1948C5C6,0.5
ID_9B6C4DD13A,0.5
ID_E4021916B6,0.5
ID_D90ADE16BF,0.5
ID_8B8F5450C0,0.5
ID_030D1C88B8,0.5
ID_C15425B60A,0.5
ID_C2386C7D15,0.5
ID_A8702F8664,0.5
ID_E640019321,0.5
ID_404B323CD0,0.5
ID_6BBB533A6D,0.5
ID_41A5E1DB66,0.5
ID_FC422541FA,0.5
ID_B1877AD036,0.5
ID_2171132A7C,0.5
ID_8BB6902575,0.5
ID_01A7BFA8C5,0.5
ID_687F96C0C7,0.5
ID_5146875613,0.5
ID_F6F54601CE,0.5
ID_81444279A7,0.5
ID_99099EEFE8,0.5
ID_69105B40D6,0.5
ID_32B1F4D7DB,0.5
ID_4E7D163DCD,0.5
ID_1773263C36,0.5
ID_0A9F372F6E,0.5
ID_AFF8BF6DFB,0.5
ID_BD8B9B7A1B,0.5
ID_3C84CC409D,0.5
ID_519C41F2F6,0.5
ID_57EEDEFB03,0.5
ID_8B4AEC1082,0.5
ID_CC6125467A,0.5
ID_5E40877F6A,0.5
ID_5622926B69,0.5
ID_8CAFA025AE,0.5
ID_211147FF34,0.5
ID_BEE16D3267,0.5
ID_FBE305A248,0.5
ID_6D2D3F3766,0.5
ID_696F33F88B,0.5
ID_69886887C5,0.5
ID_DE181CC0A5,0.5
ID_50FF4235B5,0.5
ID_FD36D13A9B,0.5
ID_F2D8D136F4,0.5
ID_5B1404E8D9,0.5
ID_D5B94B62EC,0.5
ID_3330FA9A9C,0.5
ID_064762412C,0.5
ID_8706964C77,0.5
ID_3BA4AC0AB6,0.5
ID_FC613CE85A,0.5
ID_25EBCFB2B4,0.5
ID_5AAAE29483,0.5
ID_2B908C9BA1,0.5
ID_C1F45F2719,0.5
ID_1719F4562F,0.5
ID_C09F014D89,0.5
ID_5C15694979,0.5
ID_303514ABB1,0.5
ID_FB5D1D3EE6,0.5
ID_4C55C4106A,0.5
ID_C7BF766C28,0.5
ID_2DA759E1BB,0.5
ID_448BE00E28,0.5
ID_087A2A9D84,0.5
ID_A8CCB13FFA,0.5
ID_2B290261FD,0.5
ID_7F074C8775,0.5
ID_CA58E76D61,0.5
ID_3A01840938,0.5
ID_2FB3A7E764,0.5
ID_8FF751C12A,0.5
ID_966FF21760,0.5
ID_A6C17913C6,0.5
ID_FE064487EF,0.5
ID_D2A47790EF,0.5
ID_0F9576271E,0.5
ID_965778D61D,0.5
ID_E86387B421,0.5
ID_A5415DCFB4,0.5
ID_D6A4958177,0.5
ID_E98387E270,0.5
ID_1D1CBCCCA7,0.5
ID_19536935BB,0.5
ID_35528ACB76,0.5
ID_74F3265AA3,0.5
ID_AA21D85ACC,0.5
ID_FDE005690A,0.5
ID_364FB8BCBF,0.5
ID_67DB190F6E,0.5
ID_13C451A288,0.5
ID_BD8828E492,0.5
ID_EA90444BA1,0.5
ID_59BA95088F,0.5
ID_1EF93836AB,0.5
ID_7E77F6BB0D,0.5
ID_A93F8DA314,0.5
ID_88DFA229DD,0.5
ID_467CFCC02A,0.5
ID_1CDBC5C2D7,0.5
ID_EE84E547D5,0.5
ID_73250815B0,0.5
ID_A288F15CC9,0.5
ID_3A07F4F58F,0.5
ID_EAFA93317C,0.5
ID_AB62489D08,0.5
ID_7AC80DF497,0.5
ID_992763FA11,0.5
ID_8A208FFEF7,0.5
ID_E2EDF35651,0.5
ID_03B4388675,0.5
ID_C871B0CC39,0.5
ID_64A8F49DE8,0.5
ID_696A389C00,0.5
ID_E8CEF96AD0,0.5
ID_D007A98E6E,0.5
ID_98DFE068B4,0.5
ID_D4C16AB3BC,0.5
ID_20DB400FFB,0.5
ID_16EC8F6B37,0.5
ID_AA8E1E186B,0.5
ID_B01D482D6F,0.5
ID_ED606CB173,0.5
ID_7AD5DB17F0,0.5
ID_3CEC008E2F,0.5
ID_BD598CEC69,0.5
ID_0B77911312,0.5
ID_2E521163B5,0.5
ID_85E84A09C8,0.5
ID_F1391B4642,0.5
ID_82D647C6B9,0.5
ID_19E593C950,0.5
ID_D93927A8F8,0.5
ID_F01716E73B,0.5
ID_A9DB582FA5,0.5
ID_62A48BEF23,0.5
ID_FD801E421F,0.5
ID_8F58AD0C11,0.5
ID_1B40C79110,0.5
ID_9F569B6297,0.5
ID_A3EEA545D7,0.5
ID_94E3DC466A,0.5
ID_B072781B84,0.5
ID_051CC688ED,0.5
ID_4BAFDC1DB2,0.5
ID_01B65166FA,0.5
ID_C0ACD1D9D8,0.5
ID_345381737E,0.5
ID_B8E422B4DB,0.5
ID_F39CD1BE69,0.5
ID_612B93F778,0.5
ID_3FC3C6E3E1,0.5
ID_B63464A543,0.5
ID_797EA771A0,0.5
ID_75DC8CAA68,0.5
ID_F4EF975B7F,0.5
ID_174266D246,0.5
ID_D2341F5C48,0.5
ID_0EE1897E4E,0.5
ID_96454C139B,0.5
ID_6477BE7798,0.5
ID_A62AA3BDD8,0.5
ID_83930CC162,0.5
ID_C814A98739,0.5
ID_9980F8D214,0.5
ID_7287E211AB,0.5
ID_2016ACF5AE,0.5
ID_49D22D1DF6,0.5
ID_BD0E6EF3FD,0.5
ID_ABE308CC09,0.5
ID_8B1663C8D8,0.5
ID_A8FA58B885,0.5
ID_F537069B46,0.5
ID_5295732042,0.5
ID_0ADD06DD1E,0.5
ID_FF1658F7A7,0.5
ID_DE5CA20B68,0.5
ID_42C7F76CEA,0.5
ID_536B8CA580,0.5
ID_21E42EC548,0.5
ID_4A95592330,0.5
ID_2DA9FE0D91,0.5
ID_8600148829,0.5
ID_516A502C90,0.5
ID_A397D3B4E6,0.5
ID_30F3CDEC3A,0.5
ID_8B520FAC37,0.5
ID_96E8EA243E,0.5
ID_5F5611727C,0.5
ID_CBE86F6245,0.5
ID_29B71D6610,0.5
ID_184EDCF9E7,0.5
ID_FFA4CE02CA,0.5
ID_73AC498959,0.5
ID_A0B9E3E8BB,0.5
ID_4233D53779,0.5
ID_DB58E33471,0.5
ID_7556E03424,0.5
ID_9646F40991,0.5
ID_2CFEF7FAC7,0.5
ID_86F3493A25,0.5
ID_CDA7C1B7B3,0.5
ID_9D95A1642B,0.5
ID_027BB3FB1E,0.5
ID_6D0A3DDFAE,0.5
ID_66EFB1C34D,0.5
ID_38946B40C7,0.5
ID_CD3794529E,0.5
ID_43B56E74A6,0.5
ID_20A6626F0D,0.5
ID_418F3B14FF,0.5
ID_F0F6D7B3F3,0.5
ID_F966A68CAD,0.5
ID_2BBBEA4701,0.5
ID_E19F24B267,0.5
ID_A4A21B6930,0.5
ID_AD9894DEE8,0.5
ID_7547BD49A5,0.5
ID_D09F4E831F,0.5
ID_ED2EAAEEF9,0.5
ID_E744DB5DB1,0.5
ID_CC2F29034A,0.5
ID_D37F301CAC,0.5
ID_C999B3C7B6,0.5
ID_EA024D196B,0.5
ID_F354A1D3E9,0.5
ID_68CDB0774F,0.5
ID_0C863B3AE9,0.5
ID_4727767B93,0.5
ID_1A9B3AFB98,0.5
ID_F10EC57E02,0.5
ID_145BEF2A13,0.5
ID_34730CC93E,0.5
ID_30E6B6CC32,0.5
ID_71B7D5B400,0.5
ID_2DF62F1CCE,0.5
ID_B03FC6AA04,0.5
ID_802B07690E,0.5
ID_4356E37D87,0.5
ID_FF079A6A71,0.5
ID_DDD009D9FC,0.5
ID_D32F710391,0.5
ID_F842E8C055,0.5
ID_E9B482D375,0.5
ID_6E80664C98,0.5
ID_CBECB34842,0.5
ID_8C9AA8535E,0.5
ID_79ABA55D4C,0.5
ID_23444CBDC1,0.5
ID_BFCC9EC4A0,0.5
ID_0DB1D5998E,0.5
ID_05756FE862,0.5
ID_BDB57EE7CE,0.5
ID_FD265ACDC6,0.5
ID_B990CF0D5D,0.5
ID_363E8A2F2B,0.5
ID_CB4BEF8ABD,0.5
ID_8BA67A8D90,0.5
ID_128565E92B,0.5
ID_E29EB8F802,0.5
ID_EC1F6C9E44,0.5
ID_09B1BC0655,0.5
ID_86E961AAB1,0.5
ID_F38BC3D19D,0.5
ID_F80B24D34C,0.5
ID_4172A30574,0.5
ID_1F163EE59D,0.5
ID_B2A54CB64D,0.5
ID_D0B34CDE19,0.5
ID_16A45D475A,0.5
ID_8758C4D766,0.5
ID_F17694A328,0.5
ID_0CC8905DDF,0.5
ID_45F09E4DC4,0.5
ID_9FD694A8D3,0.5
ID_5DF57A627E,0.5
ID_4A85891A26,0.5
ID_80F10E116E,0.5
ID_FCAD2C1162,0.5
ID_9F16DAA6A9,0.5
ID_C89A61CF35,0.5
ID_1C223AE4C7,0.5
ID_1B3952E79A,0.5
ID_D3C72C8510,0.5
ID_AA2751D414,0.5
ID_4E2367B27A,0.5
ID_0CF55C857D,0.5
ID_EFBDEAD39E,0.5
ID_574F6AA805,0.5
ID_53D3F65991,0.5
ID_643AB2B6BA,0.5
ID_5053505A48,0.5
ID_B6867B9A27,0.5
ID_65A1B3C0D7,0.5
ID_FB37769812,0.5
ID_AF1DB4204D,0.5
ID_BAFC436593,0.5
ID_1CCEF8FCC4,0.5
ID_5A83D0967B,0.5
ID_03B180A1DA,0.5
ID_30A154FB7A,0.5
ID_CC76D6801E,0.5
ID_7686876695,0.5
ID_B261D28A62,0.5
ID_5C0FE36632,0.5
ID_62DE2186A1,0.5
ID_6F653E8530,0.5
ID_F263935CCB,0.5
ID_2D6B11D2D1,0.5
ID_F7FE5A64DA,0.5
ID_B9D9296A4D,0.5
ID_DCBF313758,0.5
ID_54DC228D88,0.5
ID_EC4CCC492D,0.5
ID_61BDC6D620,0.5
ID_4A0C652F6A,0.5
ID_F84C55EB69,0.5
ID_83B1F43059,0.5
ID_E770349709,0.5
ID_8B5CF7CDFF,0.5
ID_78C172E010,0.5
ID_5734971D17,0.5
ID_E9570B82EA,0.5
ID_241B99FA65,0.5
ID_6DF169A680,0.5
ID_3918600140,0.5
ID_5F4D43AC26,0.5
ID_D3E165E5C6,0.5
ID_97A539C9DF,0.5
ID_555F56CA97,0.5
ID_2A0B6B8EBD,0.5
ID_9F127F66C7,0.5
ID_32127A1E6C,0.5
ID_C862B6D80B,0.5
ID_1C337DBA0D,0.5
ID_B69CA4F30E,0.5
ID_C10F153906,0.5
ID_31B3B7CD9D,0.5
ID_807A8C9A6B,0.5
ID_292ED47A31,0.5
ID_2D3B637B69,0.5
ID_D0014EA6CC,0.5
ID_EA5CB9F318,0.5
ID_B34CAEE9CA,0.5
ID_B9D9751A7D,0.5
ID_927789DBBF,0.5
ID_9E2D4B7944,0.5
ID_CD56162156,0.5
ID_CEF422AAB0,0.5
ID_39D080A1F8,0.5
ID_FD077B12EE,0.5
ID_D83CA25F6C,0.5
ID_AA9329CC27,0.5
ID_38BA209527,0.5
ID_BFF1941209,0.5
ID_5111ECC1E0,0.5
ID_F231C7FAF9,0.5
ID_38DEC25F1A,0.5
ID_8534F2E03A,0.5
ID_D40B7EA8A9,0.5
ID_8FDCF6220E,0.5
ID_E949D15ABD,0.5
ID_FDC3FD7393,0.5
ID_30D23ED5C2,0.5
ID_9CB36EB9A2,0.5
ID_A614937EC3,0.5
ID_67D16E2668,0.5
ID_304DFF829A,0.5
ID_23E8E4190E,0.5
ID_444C8FAB8A,0.5
ID_DA2D98B25B,0.5
ID_BDA55EE44C,0.5
ID_86E45072BB,0.5
ID_47A8D07B48,0.5
ID_A6BB653208,0.5
ID_269BD5134C,0.5
ID_541402D270,0.5
ID_8A5682B05D,0.5
ID_E044301917,0.5
ID_84792CB544,0.5
ID_3700BD9DF8,0.5
ID_32B29174B6,0.5
ID_D2E9D337AD,0.5
ID_9AF038111D,0.5
ID_C629491D79,0.5
ID_55B9F1F386,0.5
ID_FC299F6B4A,0.5
ID_372CF782B2,0.5
ID_6815D4679A,0.5
ID_08E7308C53,0.5
ID_02F69CF0B4,0.5
ID_08C6621CA1,0.5
ID_76D137C1CF,0.5
ID_2AF2BE19DD,0.5
ID_2216C93632,0.5
ID_D0B2D88EEA,0.5
ID_86A8601187,0.5
ID_A147F11432,0.5
ID_9210A54361,0.5
ID_B6EB3E0D60,0.5
ID_B390E0F42A,0.5
ID_D78F9D7C80,0.5
ID_7F01132B8F,0.5
ID_3841790291,0.5
ID_5FECF6D38B,0.5
ID_DF335084F0,0.5
ID_86D813CB43,0.5
ID_A27A418D3F,0.5
ID_16BD0D4A0B,0.5
ID_1CCD6705FB,0.5
ID_ADFEDFF9B0,0.5
ID_502A4602B2,0.5
ID_CBB28F96DD,0.5
ID_0D6363539A,0.5
ID_445FA27562,0.5
ID_3320CB94A8,0.5
ID_4700F0B9D6,0.5
ID_C87AFB830B,0.5
ID_E6E6488959,0.5
ID_E7ADC06689,0.5
ID_4EFC9C2052,0.5
ID_57C9BE78A0,0.5
ID_3F93C914AE,0.5
ID_B8DC17C4EB,0.5
ID_56C201D95C,0.5
ID_1D0F23C508,0.5
ID_F0157ADF30,0.5
ID_4684BF2301,0.5
ID_06C5ED9EAE,0.5
ID_04307B8B1B,0.5
ID_BC2B4C7E48,0.5
ID_3355860C45,0.5
ID_512F899FE6,0.5
ID_025AF952BF,0.5
ID_3ECC878312,0.5
ID_254CD9CE70,0.5
ID_8CC51FFD90,0.5
ID_1BE8299CD2,0.5
ID_12F734B970,0.5
ID_8AFF3EC19A,0.5
ID_8B412324F9,0.5
ID_54D653B9BD,0.5
ID_6D84AB8B9E,0.5
ID_1A77012419,0.5
ID_C5839DB5A8,0.5
ID_4CC7A10F40,0.5
ID_25704AF11F,0.5
ID_1F7C6C66A5,0.5
ID_A3C3278929,0.5
ID_044237B505,0.5
ID_BE60891F2A,0.5
ID_BAFEAC41A7,0.5
ID_58B8E32403,0.5
ID_24B3CA01DF,0.5
ID_0BA643DF3F,0.5
ID_C31BDB1234,0.5
ID_00FA57A743,0.5
ID_A0DA67B963,0.5
ID_80F75443CA,0.5
ID_FFE31E994B,0.5
ID_D873D50C4A,0.5
ID_F08128186A,0.5
ID_5BE95DA6E4,0.5
ID_D7DCC37B29,0.5
ID_6CD7DFEC3F,0.5
ID_B11D00033B,0.5
ID_10A05F22A9,0.5
ID_D4E5FEF353,0.5
ID_859607CC71,0.5
ID_58C5483826,0.5
ID_2CA7AD0FB2,0.5
ID_7B3B703AF9,0.5
ID_8AE66D3FEB,0.5
ID_A6E9535DAC,0.5
ID_0DF845A617,0.5
ID_2447E07A62,0.5
ID_AEFC3702CD,0.5
ID_952BD4F3EC,0.5
ID_EE683285C2,0.5
ID_7947F1A9C2,0.5
ID_9A3107E046,0.5
ID_8474BE690B,0.5
ID_093C9A1409,0.5
ID_C6BFF65D8C,0.5
ID_07CB3AD4C8,0.5
ID_7F4F558B88,0.5
ID_C8C3560F09,0.5
ID_2A30C6D505,0.5
ID_17F3ECCE66,0.5
ID_F1AD3A63C5,0.5
ID_D590005137,0.5
ID_A3821251B8,0.5
ID_411F6FD35C,0.5
ID_F25772433E,0.5
ID_3D57B60338,0.5
ID_DFB86FD678,0.5
ID_A2340BD314,0.5
ID_30C4A6E003,0.5
ID_E2F685AE7B,0.5
ID_70420DC0F7,0.5
ID_6C5577C248,0.5
ID_18E56532CF,0.5
ID_6E4E934B57,0.5
ID_10A19E1ADC,0.5
ID_2EE085E81D,0.5
ID_70326D4A04,0.5
ID_B04C07D42B,0.5
ID_BFDE969A26,0.5
ID_728DA4A26C,0.5
ID_232EC79658,0.5
ID_647AB2AC62,0.5
ID_E6207F1298,0.5
ID_4EA6E64395,0.5
ID_C1426FB657,0.5
ID_9CD32B921C,0.5
ID_8AF273F291,0.5
ID_85DAE92C77,0.5
ID_18A4A3BFB6,0.5
ID_D441DD9795,0.5
ID_4564FF175C,0.5
ID_7D0A724EDA,0.5
ID_A5493B0154,0.5
ID_772E6F9856,0.5
ID_B4E8AFF2FB,0.5
ID_62AD45E512,0.5
ID_29F297F17F,0.5
ID_D36C139C98,0.5
ID_873BBA38CC,0.5
ID_8E23BC8E08,0.5
ID_8E6DB1CF83,0.5
ID_8B78FB700C,0.5
ID_D42F1AB886,0.5
ID_5039E74490,0.5
ID_F4158EA856,0.5
ID_B6B5A8897C,0.5
ID_47B899D313,0.5
ID_E860BAFD6A,0.5
ID_41003C8E1F,0.5
ID_B9AA87E1B8,0.5
ID_F7FDB980B6,0.5
ID_268E55E0CB,0.5
ID_25F3904EE5,0.5
ID_0446D88DDB,0.5
ID_2F80ACCBCA,0.5
ID_3731F029FB,0.5
ID_5572D8964C,0.5
ID_EC835D388F,0.5
ID_32F120AC13,0.5
ID_C59C5EF06F,0.5
ID_31E95D5C13,0.5
ID_C0D97ACC7A,0.5
ID_6ECFFF1138,0.5
ID_0825EDAB5A,0.5
ID_B618599C8D,0.5
ID_14F3D5C3B4,0.5
ID_20D00A988C,0.5
ID_CFE3F98CE2,0.5
ID_157AB314FD,0.5
ID_42558A0C3B,0.5
ID_6495A978BB,0.5
ID_8A4AB293B7,0.5
ID_E42FB37B19,0.5
ID_38F7199E4F,0.5
ID_75B2C1B135,0.5
ID_8A86AC8915,0.5
ID_A996E06673,0.5
ID_5AB9BDEC31,0.5
ID_0B39AB1853,0.5
ID_D7377C167F,0.5
ID_4E2A61090C,0.5
ID_5917538594,0.5
ID_F9CBC45801,0.5
ID_413E44CAB6,0.5
ID_43FAFE6696,0.5
ID_1C4A9BEA8F,0.5
ID_E1D7ADB105,0.5
ID_07D8B327BD,0.5
ID_701B1CD071,0.5
ID_07842AC1CD,0.5
ID_AE94C4894F,0.5
ID_1D63EDB9A8,0.5
ID_B39BC12051,0.5
ID_9D80A1178F,0.5
ID_9F999FA901,0.5
ID_378AC0EE73,0.5
ID_D44239EDE4,0.5
ID_F7A49735B2,0.5
ID_32C56B3B64,0.5
ID_A638476689,0.5
ID_6029BF34E9,0.5
ID_EF7211F632,0.5
ID_4BA2560495,0.5
ID_1E27976722,0.5
ID_7FAA2EAE3A,0.5
ID_95F34D4460,0.5
ID_4354847CB3,0.5
ID_C732B85685,0.5
ID_DD29D58364,0.5
ID_A3D97676B7,0.5
ID_69D9B30D8A,0.5
ID_8D7A2DCB09,0.5
ID_2EEDCF12F5,0.5
ID_AF5F894A3D,0.5
ID_36DCA910E5,0.5
ID_019D6E2273,0.5
ID_47300266CC,0.5
ID_681EE60A54,0.5
ID_F836BD0F17,0.5
ID_A2A53CF9AE,0.5
ID_00DA51351B,0.5
ID_ED11D98474,0.5
ID_D95392FCD2,0.5
ID_68B737B158,0.5
ID_3279D53C45,0.5
ID_48DB9B13C6,0.5
ID_81F22A59EB,0.5
ID_3373F3FE71,0.5
ID_82CE855536,0.5
ID_884AE79069,0.5
ID_E98FB47F54,0.5
ID_0EE5DAC809,0.5
ID_421AEE6DD9,0.5
ID_B07069C1E1,0.5
ID_87AAC3898E,0.5
ID_E3F2B84765,0.5
ID_123D1F7533,0.5
ID_B601D486FB,0.5
ID_20F07F6EDA,0.5
ID_85A3A06D2A,0.5
ID_93CEB9481D,0.5
ID_4FC00DBDDC,0.5
ID_9B210EAED0,0.5
ID_88708ACE2F,0.5
ID_80DF379BA4,0.5
ID_611E878795,0.5
ID_ED030AE3AF,0.5
ID_8829FABB45,0.5
ID_D86E110324,0.5
ID_8EB40FC4B7,0.5
ID_9D5790AB63,0.5
ID_876C9BA665,0.5
ID_F2DC2B0E6B,0.5
ID_C0E5ADBBE3,0.5
ID_873473CFBF,0.5
ID_A9BCD3EA6F,0.5
ID_D940D3369F,0.5
ID_50BE5580E1,0.5
ID_EA64091CF7,0.5
ID_C3CE3E5BE6,0.5
ID_7D9B65D8C2,0.5
ID_9F4C1966D2,0.5
ID_36A5702743,0.5
ID_92377298E2,0.5
ID_7D5F90C079,0.5
ID_1B266248E3,0.5
ID_4EE83822D7,0.5
ID_BAAB21B0D9,0.5
ID_1F263F808C,0.5
ID_19E3E4145B,0.5
ID_A82938187E,0.5
ID_83D83FEBEB,0.5
ID_D9A905D4CC,0.5
ID_DFB5DD5902,0.5
ID_20893C1B2C,0.5
ID_6351AB66C7,0.5
ID_7EBAECC7B2,0.5
ID_FA538B8587,0.5
ID_28B004F699,0.5
ID_5430BF3B6D,0.5
ID_13D4626AD8,0.5
ID_255ADA72F5,0.5
ID_1C7C5A4D47,0.5
ID_0B922189E6,0.5
ID_326D25A34D,0.5
ID_D1DADB9402,0.5
ID_63A48B2701,0.5
ID_EB1C46B107,0.5
ID_E1EE2E813D,0.5
ID_8327D6D7E5,0.5
ID_A075C09BF2,0.5
ID_7C53B3AE79,0.5
ID_142D7DC2E0,0.5
ID_B81E36C4E6,0.5
ID_9FA3529631,0.5
ID_E7F8ACFC30,0.5
ID_DAF098434F,0.5
ID_A20A3B33D8,0.5
ID_8E58E158A7,0.5
ID_A95908438E,0.5
ID_039BC6ACA8,0.5
ID_4086FAF889,0.5
ID_BBE9602FD3,0.5
ID_D6A530EE48,0.5
ID_F3C2E18B39,0.5
ID_0E82D8B6F6,0.5
ID_A9846D5618,0.5
ID_061A45D88F,0.5
ID_FBE7688B22,0.5
ID_0334E6295F,0.5
ID_F7D91738EC,0.5
ID_43B86E7977,0.5
ID_3A6DA51019,0.5
ID_1D33F69E91,0.5
ID_A36FF54221,0.5
ID_72A5CC2B40,0.5
ID_F79076F5D2,0.5
ID_EDDEC7C993,0.5
ID_51DE177797,0.5
ID_727E7492D4,0.5
ID_226FE1AB6E,0.5
ID_20EBF3DE91,0.5
ID_E064A132F5,0.5
ID_851BA45440,0.5
ID_6404144A34,0.5
ID_A6134F641C,0.5
ID_FD59A720D1,0.5
ID_093E2C6CF6,0.5
ID_2019E20348,0.5
ID_7784CA732D,0.5
ID_4BD1286E08,0.5
ID_F115202609,0.5
ID_6930E1E9A3,0.5
ID_F8C0FC1556,0.5
ID_083F00557F,0.5
ID_CEA0B0FCF6,0.5
ID_9815C4A01B,0.5
ID_9ACA11F7D9,0.5
ID_6A0C1D22DA,0.5
ID_D4368F9190,0.5
ID_BF575AD707,0.5
ID_5C0A33A475,0.5
ID_D17F8870FB,0.5
ID_CC483050F3,0.5
ID_3E3A145261,0.5
ID_7821B7C4AE,0.5
ID_F3B1BE529C,0.5
ID_23EBCF431A,0.5
ID_A95091F0B4,0.5
ID_3C9B642F83,0.5
ID_BBFA25D1C4,0.5
ID_C6CFB7F868,0.5
ID_A521FD0106,0.5
ID_6E1EC9A155,0.5
ID_8270D77FA4,0.5
ID_4E89A69E6C,0.5
ID_F4283F49F2,0.5
ID_DE51D5A99A,0.5
ID_E987A54F41,0.5
ID_4A18BE4729,0.5
ID_D68A5369AB,0.5
ID_0B12A83B82,0.5
ID_45AB1D3AB7,0.5
ID_1909C6A041,0.5
ID_19A121D478,0.5
ID_6836F74FBE,0.5
ID_675DD232F4,0.5
ID_6B7836EB5E,0.5
ID_704F9C0E2C,0.5
ID_33AE9B4BD0,0.5
ID_D4898C7188,0.5
ID_4605011E02,0.5
ID_C36BAC6428,0.5
ID_6F5C24EC96,0.5
ID_027ECB0EEF,0.5
ID_B0A999E8D6,0.5
ID_31F16D164A,0.5
ID_2CF66FC785,0.5
ID_7DE754E005,0.5
ID_1205131718,0.5
ID_F85F679BB5,0.5
ID_C8FD08D506,0.5
ID_7FD24CE8E2,0.5
ID_C445778827,0.5
ID_D6F1E5F415,0.5
ID_FB48017E97,0.5
ID_77421F623D,0.5
ID_42D7AE9C4B,0.5
ID_1A8446B401,0.5
ID_D1F737B8A2,0.5
ID_535E7906DA,0.5
ID_C04603DF40,0.5
ID_C594B2F167,0.5
ID_90CAD5F901,0.5
ID_2D6595AC56,0.5
ID_5050A0A318,0.5
ID_8BFD80E4F6,0.5
ID_259C46632F,0.5
ID_91D998378C,0.5
ID_1A40BF5638,0.5
ID_DED82DED27,0.5
ID_BF9216A081,0.5
ID_92A5F20A09,0.5
ID_106A27815F,0.5
ID_F55DCB2BF8,0.5
ID_6EC3FEA7D2,0.5
ID_FC5879F2B6,0.5
ID_3726D0588B,0.5
ID_F6F909C24C,0.5
ID_EF74ACA5D2,0.5
ID_D88754C2D5,0.5
ID_2D356450F8,0.5
ID_2937EF495B,0.5
ID_8FF854514E,0.5
ID_1FB1C28D29,0.5
ID_4C58C672E3,0.5
ID_48A6566C84,0.5
ID_5900874C8A,0.5
ID_B93A1EB10F,0.5
ID_B2460B322D,0.5
ID_A74DAF1BAF,0.5
ID_59E1CDEDAC,0.5
ID_1FA0C9A12E,0.5
ID_61BE941CD9,0.5
ID_3CA78CAFCA,0.5
ID_F17FB2A8CA,0.5
ID_B6F0FD4829,0.5
ID_2514E6940F,0.5
ID_3D632A88A2,0.5
ID_27360A7E6B,0.5
ID_9C8FE05065,0.5
ID_3B5D0C6BFE,0.5
ID_2E9A38D381,0.5
ID_D5CF5C2A28,0.5
ID_D0FB5D150E,0.5
ID_5260E03CDE,0.5
ID_2E87E3A965,0.5
ID_53B1562652,0.5
ID_42E280B0B0,0.5
ID_748765CF43,0.5
ID_8DE45981E8,0.5
ID_CF2538B734,0.5
ID_96D926FC3E,0.5
ID_2289ED96C4,0.5
ID_CD35DEC888,0.5
ID_023D083C34,0.5
ID_0EFEF0E216,0.5
ID_55B183676C,0.5
ID_A516CA8C9C,0.5
ID_7892E892C4,0.5
ID_1B2D865875,0.5
ID_577EB13BBF,0.5
ID_FEDC5F2A75,0.5
ID_BBA5EF5F78,0.5
ID_77582E26D5,0.5
ID_2669DE1FEB,0.5
ID_861926D717,0.5
ID_9564972AE5,0.5
ID_F9369F904A,0.5
ID_DD50D72D62,0.5
ID_AFFCB1F510,0.5
ID_28BD2A98F6,0.5
ID_BEF186510E,0.5
ID_C10A041072,0.5
ID_4675BD0455,0.5
ID_DF524C3846,0.5
ID_DA81F3A8DB,0.5
ID_B6DF71645F,0.5
ID_641E8B664F,0.5
ID_D6C47F4644,0.5
ID_F9A9D1740E,0.5
ID_E993776C98,0.5
ID_4165D85123,0.5
ID_D88CB2B946,0.5
ID_B90B95367F,0.5
ID_9ACA9FFB68,0.5
ID_4BBBE006B2,0.5
ID_05F63B1835,0.5
ID_60E8531E6F,0.5
ID_574B7A8145,0.5
ID_83E651196A,0.5
ID_DB05FB987E,0.5
ID_E71CAD797A,0.5
ID_39D598A967,0.5
ID_12FA70BDCC,0.5
ID_1C4A8E271F,0.5
ID_030533413B,0.5
ID_E433DD7217,0.5
ID_69A67FE071,0.5
ID_4D37F24FAA,0.5
ID_DF4A1873BB,0.5
ID_B84C7A0883,0.5
ID_B459827D98,0.5
ID_E68F6E010A,0.5
ID_CFE5C3988B,0.5
ID_675060DB9E,0.5
ID_47DE56EF33,0.5
ID_A629AE8D51,0.5
ID_A8E1C43EA2,0.5
ID_F0EE11ED7B,0.5
ID_02342E45C8,0.5
ID_4A799C2B94,0.5
ID_5BDA44974F,0.5
ID_2D1A75CFCA,0.5
ID_8483A8B7B2,0.5
ID_DC7FEA0164,0.5
ID_3A4A22E61A,0.5
ID_87AAAE096D,0.5
ID_BB430031FA,0.5
ID_C84ABA2C29,0.5
ID_08910DA962,0.5
ID_AA3C3CDFBD,0.5
ID_D54C691CF2,0.5
ID_3E2145B80C,0.5
ID_6307719484,0.5
ID_11BD870A51,0.5
ID_F29026C3ED,0.5
ID_A93C2B267B,0.5
ID_07B83B454D,0.5
ID_CB5ABC9BA1,0.5
ID_597498E614,0.5
ID_E3A445114D,0.5
ID_208684BE97,0.5
ID_9CB9AB7FCD,0.5
ID_5768163A83,0.5
ID_33284E5AF7,0.5
ID_7C9BA3AB4F,0.5
ID_7C31D865E5,0.5
ID_4B14BAEA72,0.5
ID_5F48E373F3,0.5
ID_8F7F595000,0.5
ID_FEF9B85424,0.5
ID_DC70251C33,0.5
ID_D6BA67337E,0.5
ID_D07B489043,0.5
ID_69BCCE737C,0.5
ID_C6B1826F6B,0.5
ID_6AA4A7489B,0.5
ID_464FE5B3BA,0.5
ID_EA1DFD1025,0.5
ID_B05FB7B5A1,0.5
ID_176763A8A1,0.5
ID_1C3AAD5AAA,0.5
ID_7876F9546D,0.5
ID_C5C9FD4275,0.5
ID_5673CD4364,0.5
ID_4DC82536BA,0.5
ID_27687ED0EA,0.5
ID_0C4755F21B,0.5
ID_ED5D12445A,0.5
ID_718B81FF54,0.5
ID_35BC1D0E31,0.5
ID_6AF686ECE1,0.5
ID_C30098FAA6,0.5
ID_9C5B5EE057,0.5
ID_C49F202677,0.5
ID_F361527F8E,0.5
ID_26B89064DB,0.5
ID_CAF625703A,0.5
ID_EBC3886F0D,0.5
ID_C1399F471D,0.5
ID_74DF2BC6DE,0.5
ID_1D31420D8E,0.5
ID_FF752AAE8F,0.5
ID_B7A19DA98D,0.5
ID_6B64625B77,0.5
ID_021A23A9DC,0.5
ID_A5A8FD6BE1,0.5
ID_60AA52B419,0.5
ID_362FFF5CDB,0.5
ID_6C6073D7A3,0.5
ID_43DF80DB88,0.5
ID_8509855404,0.5
ID_7034EEF23C,0.5
ID_55E10C78D2,0.5
ID_E9DE27D3E7,0.5
ID_56BF80E5F1,0.5
ID_988A189189,0.5
ID_90EB366F13,0.5
ID_EE137FB5A2,0.5
ID_1E03321D92,0.5
ID_48B22DC35B,0.5
ID_35D98D7F93,0.5
ID_E9A7C0F6B1,0.5
ID_7534EF7B20,0.5
ID_36A3A385A9,0.5
ID_7AD9A7DB66,0.5
ID_AAF853BC53,0.5
ID_0EFBDB7C7C,0.5
ID_BA0412313B,0.5
ID_64506EB267,0.5
ID_8574EB82AE,0.5
ID_CCC62101CC,0.5
ID_BAD19551BD,0.5
ID_0DEDD98323,0.5
ID_40BEC2E121,0.5
ID_3C1AFBCE36,0.5
ID_47EADF7A63,0.5
ID_E8CCD52BA0,0.5
ID_13C60EAAD7,0.5
ID_F0ED6023D7,0.5
ID_95BB4BCD70,0.5
ID_EE27A57C93,0.5
ID_E03F3427BC,0.5
ID_913A9CE71D,0.5
ID_D0ADAAFBA1,0.5
ID_97C21EBFD5,0.5
ID_9395CDBE3C,0.5
ID_02D93618F1,0.5
ID_7D6DEB6F90,0.5
ID_E3CDEB0897,0.5
ID_B327828F3F,0.5
ID_7F8B2352B4,0.5
ID_CE33301D08,0.5
ID_A0FE893F96,0.5
ID_2A9E93894D,0.5
ID_9210FBEC2C,0.5
ID_0794835FA8,0.5
ID_40EE91DD1A,0.5
ID_CCED8B7B6F,0.5
ID_D94196EFA2,0.5
ID_D72AB75AC6,0.5
ID_92CF851B80,0.5
ID_BA21E0E3EC,0.5
ID_052156A617,0.5
ID_8D52D97503,0.5
ID_78C0E5002A,0.5
ID_E333AD40C5,0.5
ID_478645FC5C,0.5
ID_1CF83B9F39,0.5
ID_B1DE07A802,0.5
ID_7C74F4EE4F,0.5
ID_505F787ED7,0.5
ID_A1D3BC5C96,0.5
ID_6B92ADBECE,0.5
ID_045A262EB0,0.5
ID_85962FCF7B,0.5
ID_AF260687D9,0.5
ID_24CADC1664,0.5
ID_AF85AE6058,0.5
ID_48D36C0D07,0.5
ID_632EF6A82D,0.5
ID_4C76B92ACB,0.5
ID_D8BB1634AC,0.5
ID_3C753F3175,0.5
ID_62EDDFACC9,0.5
ID_6EE9B7DF49,0.5
ID_639AFE8AB0,0.5
ID_D8EC0E8893,0.5
ID_BB7FBCA38C,0.5
ID_00BF97892F,0.5
ID_242A87FFC2,0.5
ID_92222C98DB,0.5
ID_861C0426A9,0.5
ID_28AA8147FF,0.5
ID_78F1945FDD,0.5
ID_377D0296E5,0.5
ID_760FEAC134,0.5
ID_FDA014ABC1,0.5
ID_643FBFF5CE,0.5
ID_3D964D9621,0.5
ID_59D607BF34,0.5
ID_686AADE753,0.5
ID_A88013F3DC,0.5
ID_AA43D4BD3C,0.5
ID_EB2250F227,0.5
ID_102BE93CF4,0.5
ID_7A64D90112,0.5
ID_D584B450E1,0.5
ID_C06960A3FD,0.5
ID_74095F1E74,0.5
ID_E5DC91B55B,0.5
ID_5251104764,0.5
ID_9622B3851F,0.5
ID_2F9CA12C0A,0.5
ID_18B719991F,0.5
ID_14043D7AAE,0.5
ID_9A620D0B39,0.5
ID_0FE5481A3F,0.5
ID_3052B18F1A,0.5
ID_0E04EBFB22,0.5
ID_921FFF955E,0.5
ID_6B2116B28C,0.5
ID_4008407CFA,0.5
ID_6CC699FF14,0.5
ID_279006C8C4,0.5
ID_8972029DF1,0.5
ID_3013961C51,0.5
ID_F5CE626A19,0.5
ID_5BEDA1D88E,0.5
ID_ED7BAFED72,0.5
ID_D7755D1440,0.5
ID_F0A3F273BA,0.5
ID_80AD2D8703,0.5
ID_0382C3DD32,0.5
ID_33177D594F,0.5
ID_EC33C8273F,0.5
ID_62E8274C8A,0.5
ID_5AAC0E7A2C,0.5
ID_830AECE4B7,0.5
ID_6514E1BB9E,0.5
ID_BCD9F51413,0.5
ID_F0AAAD8973,0.5
ID_78BD372CD5,0.5
ID_E271CA810B,0.5
ID_B746702EB0,0.5
ID_FE57335A04,0.5
ID_9362C09BED,0.5
ID_A39D46FEB5,0.5
ID_28F7A06711,0.5
ID_3DA9D5802F,0.5
ID_C1C5725476,0.5
ID_99134A9403,0.5
ID_7682761ED8,0.5
ID_F5B229B660,0.5
ID_593CE55A8F,0.5
ID_0ED2CC0249,0.5
ID_6B93F575A2,0.5
ID_A0759122F5,0.5
ID_413FB9A967,0.5
ID_18B262C1BD,0.5
ID_7B06DF3A8A,0.5
ID_6E261A1A49,0.5
ID_2F7443DB7B,0.5
ID_3FAE698CE1,0.5
ID_756A74BFE1,0.5
ID_0C7C4D05A4,0.5
ID_F16F9DF8D5,0.5
ID_0A73FE8043,0.5
ID_97E1DAEF05,0.5
ID_41EB2B334A,0.5
ID_921C577911,0.5
ID_400DF245C5,0.5
ID_5A097EE0F6,0.5
ID_F836DC07B8,0.5
ID_E6C9AF0918,0.5
ID_E48BBAE1F9,0.5
ID_68BCF6B630,0.5
ID_252BAA441A,0.5
ID_6A7D1BE5D8,0.5
ID_088276630C,0.5
ID_A31A249D69,0.5
ID_D1ADB15917,0.5
ID_83A2417116,0.5
ID_AB2DB2CE9F,0.5
ID_23AD0B51F2,0.5
ID_5F67E4AB24,0.5
ID_B409C4625A,0.5
ID_C9BBC14082,0.5
ID_32571CC7A8,0.5
ID_3EE7D26111,0.5
ID_D69A21FB80,0.5
ID_47589B97A3,0.5
ID_316F3CD785,0.5
ID_6FAE105BF4,0.5
ID_0FC21F0DE0,0.5
ID_0D5592EF5D,0.5
ID_7471D11D24,0.5
ID_6B5BF5711B,0.5
ID_A9AC41FD89,0.5
ID_E5C9F0CD34,0.5
ID_1AC9F1DCED,0.5
ID_59627A1BFF,0.5
ID_E7F64C9FB2,0.5
ID_11B31A7FD8,0.5
ID_0BFD13BF79,0.5
ID_7AB85981A3,0.5
ID_A16A359CF0,0.5
ID_130000BE66,0.5
ID_2C193FE7EC,0.5
ID_39134CDCA1,0.5
ID_972115DFC1,0.5
ID_D99F633FCE,0.5
ID_E7CF5C72A5,0.5
ID_538B0CA7A4,0.5
ID_6CA06D6ADA,0.5
ID_1A77B520B7,0.5
ID_B1FC8AD575,0.5
ID_14B37B1053,0.5
ID_95C71EFC72,0.5
ID_B591B83FAC,0.5
ID_FD83AE102F,0.5
ID_46DC90037F,0.5
ID_1544E30265,0.5
ID_4908E40246,0.5
ID_ABA556F203,0.5
ID_EE69478961,0.5
ID_27BB22ADB9,0.5
ID_43D6E976A9,0.5
ID_A9147EA106,0.5
ID_E297446B75,0.5
ID_F59882D9CA,0.5
ID_D7081AD548,0.5
ID_AEB20744AE,0.5
ID_BE866DB721,0.5
ID_57E5C3DAF9,0.5
ID_0A8D352FF0,0.5
ID_80E15F19AA,0.5
ID_839AB0B28B,0.5
ID_35EC0FC5A7,0.5
ID_CACFCBD139,0.5
ID_BE82623BF0,0.5
ID_BBD7900CAF,0.5
ID_34D3E3AC05,0.5
ID_EEC328CFB5,0.5
ID_7D6E70FF55,0.5
ID_E9AC8612FB,0.5
ID_B5A113CA1F,0.5
ID_62A3015231,0.5
ID_C055ECE166,0.5
ID_458B50F87D,0.5
ID_5B0AE58D7C,0.5
ID_0DA3E6526E,0.5
ID_BAD2369C06,0.5
ID_912B09F2AF,0.5
ID_0548C358A9,0.5
ID_43DA738DC8,0.5
ID_F356F75BAE,0.5
ID_97A6D6B137,0.5
ID_9CBB23F70E,0.5
ID_184A7EC250,0.5
ID_EFDB3560D4,0.5
ID_74B466B96F,0.5
ID_094E3527BE,0.5
ID_4A5A76BB86,0.5
ID_B72C8121EA,0.5
ID_EB7CDBD978,0.5
ID_E1B90A9308,0.5
ID_9247BB9F50,0.5
ID_E788EF79B5,0.5
ID_BE89513A5E,0.5
ID_C03CC7F2A5,0.5
ID_563ED852ED,0.5
ID_C9D943C7B3,0.5
ID_2BE2872595,0.5
ID_F00240B2F8,0.5
ID_ED355AD46F,0.5
ID_6D9BA5D59A,0.5
ID_6B393FF31A,0.5
ID_AE76569675,0.5
ID_D9CFAAB0DE,0.5
ID_B5444F65E3,0.5
ID_51B2227527,0.5
ID_02C8BBADCF,0.5
ID_09E5A9779B,0.5
ID_C5669BEFF5,0.5
ID_187040AE13,0.5
ID_F9539C6BAA,0.5
ID_B134ADBD07,0.5
ID_089D4167EE,0.5
ID_DC403821A4,0.5
ID_4A14FF9BCD,0.5
ID_A37229EDEE,0.5
ID_A81248E5DB,0.5
ID_004EFF8AB3,0.5
ID_A943282B6A,0.5
ID_D91348B289,0.5
ID_62E80BA4F0,0.5
ID_2CC3A5547A,0.5
ID_9D42B21293,0.5
ID_39EB372A59,0.5
ID_B4D31C3F03,0.5
ID_E72880AB45,0.5
ID_F6C5B8CC4D,0.5
ID_B9DB9EB3AB,0.5
ID_DE14B64D26,0.5
ID_EFC35F4E5E,0.5
ID_86FBF591FA,0.5
ID_4EC0744E9C,0.5
ID_3C7713027C,0.5
ID_AC1908E9CA,0.5
ID_F3C9853E68,0.5
ID_77D25D775B,0.5
ID_28EC7D0D82,0.5
ID_CD622B972E,0.5
ID_A7AC56C0AE,0.5
ID_2D550A58BF,0.5
ID_D3E765D034,0.5
ID_B9366340DD,0.5
ID_8850C3942D,0.5
ID_BE3F70678F,0.5
ID_024E908A7B,0.5
ID_E93D452CB7,0.5
ID_9618EA2F7A,0.5
ID_04C4F54B2A,0.5
ID_E36A864877,0.5
ID_04215AC3D5,0.5
ID_8DA09E39ED,0.5
ID_065D4532D1,0.5
ID_4F9EC7E89A,0.5
ID_AE900E036D,0.5
ID_49E5B4B4EE,0.5
ID_B8372CED70,0.5
ID_8D1D0ACF85,0.5
ID_3BD7552BFE,0.5
ID_05FAD0BEB7,0.5
ID_FCC955EEC2,0.5
ID_B7D854DBC1,0.5
ID_034DA34B81,0.5
ID_345888FFBC,0.5
ID_5D19AE8136,0.5
ID_9022C73DCC,0.5
ID_D44697FD9E,0.5
ID_94C46E8180,0.5
ID_1B1AEEBA09,0.5
ID_F99825C838,0.5
ID_A3AA3506DF,0.5
ID_27605959D9,0.5
ID_DE7D44DFEB,0.5
ID_59A2456166,0.5
ID_6EAD05BE69,0.5
ID_F11F0070C8,0.5
ID_2ACF7B1ADE,0.5
ID_74AEAD1FE8,0.5
ID_AD689EEAEF,0.5
ID_B313B0141E,0.5
ID_9B08E5E604,0.5
ID_32B8B402B2,0.5
ID_03585DCC0A,0.5
ID_91461EAD6E,0.5
ID_0234344D8F,0.5
ID_89C46B6429,0.5
ID_75D740692C,0.5
ID_CF403F8DEC,0.5
ID_A4B0898191,0.5
ID_4E446F6D7F,0.5
ID_F6BCB3D580,0.5
ID_0BA3EE2EA2,0.5
ID_7B58D0395A,0.5
ID_636F94557C,0.5
ID_0696345BD8,0.5
ID_4F8D472D30,0.5
ID_6DE2F280A5,0.5
ID_1DA3F4B0FF,0.5
ID_4ED05B48B9,0.5
ID_EEDB4E4162,0.5
ID_34E87505A8,0.5
ID_7067D4CBCE,0.5
ID_16D1CC0BA9,0.5
ID_2873216F4E,0.5
ID_2491081B48,0.5
ID_48F856EB1F,0.5
ID_819A1108DF,0.5
ID_3A7D1A2E4A,0.5
ID_8417CC0B07,0.5
ID_5C8B1F97BA,0.5
ID_90B05C8F70,0.5
ID_E5B5CB676B,0.5
ID_FF0816302D,0.5
ID_CF1F08CF1C,0.5
ID_8A031AB293,0.5
ID_5A56D5EDA3,0.5
ID_C4F9F47489,0.5
ID_8A55B80A0B,0.5
ID_9DB1965D13,0.5
ID_9DC4E76022,0.5
ID_4A16D1AB41,0.5
ID_8B203F9F14,0.5
ID_CDEF790E3C,0.5
ID_01E0FD344D,0.5
ID_80CFCF23DC,0.5
ID_E0D6F5FE31,0.5
ID_CA02EF4A3F,0.5
ID_B3757E1618,0.5
ID_2AD6CB568F,0.5
ID_E3BB7CD552,0.5
ID_363BD0C2F5,0.5
ID_7CA7681F6A,0.5
ID_F1DDD84D1D,0.5
ID_4E5BD07E90,0.5
ID_EC5D1BEDF2,0.5
ID_8A140DA0EE,0.5
ID_8A79BC0982,0.5
ID_793F60F6FF,0.5
ID_546D8E6CC5,0.5
ID_FE7E6FBA15,0.5
ID_42AA094A57,0.5
ID_C75A96E738,0.5
ID_33E43B4C32,0.5
ID_3B1E634F23,0.5
ID_2A634F9089,0.5
ID_4F106E7BED,0.5
ID_E7E117F6D4,0.5
ID_9F083FC25F,0.5
ID_EFEE0BDCA2,0.5
ID_AAB7DB605F,0.5
ID_EBB0E1B364,0.5
ID_863B977836,0.5
ID_E6DD7CB326,0.5
ID_34786986E3,0.5
ID_2FAC21DF39,0.5
ID_BF726C0785,0.5
ID_6FA6009ACC,0.5
ID_4828ACA090,0.5
ID_042C145A05,0.5
ID_BCB2516051,0.5
ID_8CB7C23C56,0.5
ID_C7F449F00E,0.5
ID_EE36A9E9C5,0.5
ID_C4A9E0D313,0.5
ID_8197B61168,0.5
ID_7A93C4A776,0.5
ID_E383BAA4E7,0.5
ID_23B3972E77,0.5
ID_BAB3238B87,0.5
ID_8C7D593D64,0.5
ID_EEDFA5F40B,0.5
ID_C8C80E7101,0.5
ID_0DDA6A9B53,0.5
ID_A7FA411911,0.5
ID_40C982CEFE,0.5
ID_1A49765A68,0.5
ID_DEE5D30E3C,0.5
ID_B35C063393,0.5
ID_92AC9D254E,0.5
ID_BE31228217,0.5
ID_69B0366228,0.5
ID_04476921E9,0.5
ID_1477F55B67,0.5
ID_3DF14DB417,0.5
ID_9FA0C7BE5D,0.5
ID_A4C8F4D570,0.5
ID_BA756FA3FF,0.5
ID_261EA1EDA5,0.5
ID_9350269385,0.5
ID_4A847EF01B,0.5
ID_E0D221CB3F,0.5
ID_5D55263AD9,0.5
ID_EC643C57EE,0.5
ID_00443D04FA,0.5
ID_F37F247D97,0.5
ID_2292DB9D53,0.5
ID_8247894CBB,0.5
ID_2CEA2B5D19,0.5
ID_99F572F67D,0.5
ID_90A4A18666,0.5
ID_284420BD23,0.5
ID_A822E81497,0.5
ID_FEF48F96F8,0.5
ID_CF02B979CE,0.5
ID_5E3358DE42,0.5
ID_E863E380ED,0.5
ID_71C1EBB688,0.5
ID_776783D1F0,0.5
ID_4CB0CBEB97,0.5
ID_0B8776C8D4,0.5
ID_9002984816,0.5
ID_0BC405963C,0.5
ID_892F55770A,0.5
ID_EC0335FABD,0.5
ID_08389547A4,0.5
ID_466F7B630E,0.5
ID_FDCCDBFE7B,0.5
ID_D84EECC220,0.5
ID_C33BD8CD06,0.5
ID_90D1CA8E8D,0.5
ID_921B8695B9,0.5
ID_8701A23BC3,0.5
ID_FA85339CDD,0.5
ID_46790CA5F7,0.5
ID_359AB8465E,0.5
ID_0CB195B355,0.5
ID_7F32DC5DBD,0.5
ID_508F8452E9,0.5
ID_99F5801251,0.5
ID_D6B744A7FB,0.5
ID_183973B5F6,0.5
ID_4C29D292E7,0.5
ID_4B56881A9B,0.5
ID_E68C7A17FE,0.5
ID_EED12C3F5F,0.5
ID_0363B17454,0.5
ID_0345BF6DDB,0.5
ID_548272A449,0.5
ID_BAF01BC780,0.5
ID_A4C6541320,0.5
ID_6B8FFBB01E,0.5
ID_BB2893561F,0.5
ID_0D44CD7D94,0.5
ID_9BFF65017D,0.5
ID_E4CA0BDBF4,0.5
ID_C827B34227,0.5
ID_B2ADF1CC9A,0.5
ID_2EF6CA00A2,0.5
ID_4BA08C92B8,0.5
ID_70A65A6A6F,0.5
ID_633FF79FFB,0.5
ID_64706C302B,0.5
ID_56E7BE45EB,0.5
ID_8E52488A3F,0.5
ID_7A5A1CCBFF,0.5
ID_60D112B3EE,0.5
ID_1CF78D065E,0.5
ID_DB2F434667,0.5
ID_5C8A2DEBEF,0.5
ID_90666A2BC9,0.5
ID_13AFAB086F,0.5
ID_FB01F137DF,0.5
ID_98B29D8050,0.5
ID_F91C2C39D2,0.5
ID_A710EDDE6C,0.5
ID_0308985FCA,0.5
ID_A45280928D,0.5
ID_40CFC68F29,0.5
ID_3E678B3F21,0.5
ID_0E2896D52A,0.5
ID_482142FAFA,0.5
ID_8E4E0BD9B7,0.5
ID_58DD943718,0.5
ID_42D5037F1A,0.5
ID_22044A41B5,0.5
ID_B12624148C,0.5
ID_6A354F1090,0.5
ID_5372ED459E,0.5
ID_B8C80FED5A,0.5
ID_36BEBE7194,0.5
ID_102CB47BD4,0.5
ID_DD820DCBF2,0.5
ID_C5336110B1,0.5
ID_1B9A07F464,0.5
ID_BBE96DB516,0.5
ID_BF51D93F28,0.5
ID_0F3C97EF60,0.5
ID_E16CB0F15D,0.5
ID_71DE38DCE1,0.5
ID_C1FFAC88CB,0.5
ID_DF0CE8B3F6,0.5
ID_EB3A3FA416,0.5
ID_ADBA06639F,0.5
ID_F772E30124,0.5
ID_9D4071311F,0.5
ID_0DAE3E0B69,0.5
ID_4BB7782FC1,0.5
ID_2A073C1352,0.5
ID_A6AACF7662,0.5
ID_73369F8500,0.5
ID_A9BE01B036,0.5
ID_B9CEF3C0C1,0.5
ID_EBC3FFEFE2,0.5
ID_75DB368A4A,0.5
ID_4AC57FF904,0.5
ID_1D4C9B173A,0.5
ID_8980ED964E,0.5
ID_FA953EAAE4,0.5
ID_49C70B3E75,0.5
ID_6F4D3D0289,0.5
ID_F3C96967C3,0.5
ID_FF9192E702,0.5
ID_D446C43030,0.5
ID_D6476400DE,0.5
ID_66036605CF,0.5
ID_D356D69A3A,0.5
ID_61EBC39987,0.5
ID_19181BA56D,0.5
ID_0CFCB25E52,0.5
ID_BC7E666633,0.5
ID_DDDD1617B9,0.5
ID_8BD5B10492,0.5
ID_68BCE0D368,0.5
ID_784C16192C,0.5
ID_D1AC9998D9,0.5
ID_0F29637F95,0.5
ID_1785BF8418,0.5
ID_15DEE1C70E,0.5
ID_86BAAB6548,0.5
ID_CB9BE54A0E,0.5
ID_8380404B1E,0.5
ID_E53D114AD7,0.5
ID_6A88882024,0.5
ID_4CBE11FD44,0.5
ID_E378F35029,0.5
ID_5572281C18,0.5
ID_2EC20663FC,0.5
ID_CC26AAB69D,0.5
ID_D86B87F760,0.5
ID_3F3A992622,0.5
ID_E2A09AA169,0.5
ID_8133105FEE,0.5
ID_E8B1BCB411,0.5
ID_FF2281BF1B,0.5
ID_10D563B4E6,0.5
ID_AD7D4A0ABC,0.5
ID_D8559B8DDE,0.5
ID_36EA2F1DE5,0.5
ID_18DA85985D,0.5
ID_20AD6F0F92,0.5
ID_8DE71721CD,0.5
ID_49B385610D,0.5
ID_8A4F6A1574,0.5
ID_B77681C262,0.5
ID_BB048712A3,0.5
ID_CA190C0533,0.5
ID_EB90EB637F,0.5
ID_7A50A4A2DC,0.5
ID_FF4389D665,0.5
ID_0E62C7BCC1,0.5
ID_6095241285,0.5
ID_FBCF457754,0.5
ID_45C49C808B,0.5
ID_A078DD5529,0.5
ID_B73023840B,0.5
ID_7B2F4F05C8,0.5
ID_9BE1626665,0.5
ID_C9AB184FCD,0.5
ID_4951A43DC8,0.5
ID_992FBE9C14,0.5
ID_4A2B532573,0.5
ID_E50F562A7F,0.5
ID_6E2E3A8BC0,0.5
ID_AE68748392,0.5
ID_BD8F6F3D7F,0.5
ID_9F31C806B7,0.5
ID_78E7B09E73,0.5
ID_E661F227BC,0.5
ID_EAE1E245BA,0.5
ID_01CC80A04C,0.5
ID_642B1A8F48,0.5
ID_7B2D5C6C65,0.5
ID_FA3E09905D,0.5
ID_6A25991793,0.5
ID_475F9F5537,0.5
ID_ACEB5A2638,0.5
ID_1A2A049D15,0.5
ID_7019DC2548,0.5
ID_CDD5CDEDCC,0.5
ID_7D0C0F78C6,0.5
ID_6FDEE2D3FD,0.5
ID_BB131F225D,0.5
ID_9B5DABFA62,0.5
ID_538242E7EA,0.5
ID_F03068AA83,0.5
ID_D70999F1C9,0.5
ID_854B449826,0.5
ID_AF0410DDF1,0.5
ID_73BCDC29B4,0.5
ID_E70B11AADB,0.5
ID_FD213FC4FE,0.5
ID_858F74AC02,0.5
ID_40350B7513,0.5
ID_161E1CDD63,0.5
ID_4A32682C05,0.5
ID_767478D17F,0.5
ID_3BF91BB2D6,0.5
ID_9A8F8250F2,0.5
ID_BEB430225B,0.5
ID_CECF66AAAA,0.5
ID_B7BB9CC934,0.5
ID_628CCF8C98,0.5
ID_18A2DC6D3B,0.5
ID_1794710C5D,0.5
ID_DAEFFA64DE,0.5
ID_9F1DC24AE8,0.5
ID_63A654441F,0.5
ID_7F765B4D2D,0.5
ID_BFC2197895,0.5
ID_50EC088E20,0.5
ID_3400C22D90,0.5
ID_B1564F2623,0.5
ID_A439B2CCBF,0.5
ID_93A59E0F94,0.5
ID_236EA711A8,0.5
ID_0C06B2D970,0.5
ID_3F1A0B7CF8,0.5
ID_228A1C7E38,0.5
ID_DBD36AB8A9,0.5
ID_44ADEE4238,0.5
ID_33DB8F1BF2,0.5
ID_E616987E19,0.5
ID_180C4FD6D0,0.5
ID_69F8A9CF83,0.5
ID_CB343DFA55,0.5
ID_4CD5AA8F35,0.5
ID_1A3BDBC5DB,0.5
ID_E2516A9890,0.5
ID_1DEC2EFAA3,0.5
ID_4ECA9F88DE,0.5
ID_5D76BB4B6C,0.5
ID_71244414A2,0.5
ID_CE2889AE88,0.5
ID_58067AC240,0.5
ID_617F32850F,0.5
ID_62B8F76AFF,0.5
ID_9C3DDBA6A1,0.5
ID_ABA7B0FC4F,0.5
ID_2830092638,0.5
ID_D85B201C83,0.5
ID_9949F9DE7F,0.5
ID_9C92C70163,0.5
ID_6896530AC3,0.5
ID_5E416DA25B,0.5
ID_F41975F20F,0.5
ID_925AE2ED58,0.5
ID_6CCEC135BA,0.5
ID_5478F2E7E9,0.5
ID_75776D8E69,0.5
ID_5DBF872456,0.5
ID_13C53A14C1,0.5
ID_AE725E2D4A,0.5
ID_98FFC5B72F,0.5
ID_0164FA6D4A,0.5
ID_096EF2B6AA,0.5
ID_5E97346356,0.5
ID_7EA05B518B,0.5
ID_2A223E762A,0.5
ID_07F017D12E,0.5
ID_78EA9319DD,0.5
ID_CA5691628C,0.5
ID_B8FB38F762,0.5
ID_AFA2439DCA,0.5
ID_47DEC18662,0.5
ID_BA98499A93,0.5
ID_CE94812F11,0.5
ID_4F1ECD2B8D,0.5
ID_605AE7A1C1,0.5
ID_B16D258AA8,0.5
ID_460910DEF2,0.5
ID_71D9A7A9DF,0.5
ID_02BE0D2397,0.5
ID_C3A7402D8E,0.5
ID_802D39CAF6,0.5
ID_85E5303BB4,0.5
ID_CD55174516,0.5
ID_9C484B10EE,0.5
ID_250DAD735E,0.5
ID_44F1169D06,0.5
ID_836A22D999,0.5
ID_C3AABA981E,0.5
ID_A1F0A5518B,0.5
ID_DEF809AF5B,0.5
ID_FC4A3AEF8C,0.5
ID_5FB38B5146,0.5
ID_C7767FB40A,0.5
ID_5C6C4140D4,0.5
ID_8980A3B5C6,0.5
ID_C9C0EF1ADD,0.5
ID_E1F720318D,0.5
ID_81059BB0AC,0.5
ID_6DC084252D,0.5
ID_3EB697D4D9,0.5
ID_335429EDAB,0.5
ID_C4C4BAD158,0.5
ID_66CE15F72B,0.5
ID_5A5B378502,0.5
ID_026025B676,0.5
ID_491D9D1A9C,0.5
ID_2E7E5FBC1D,0.5
ID_D530B5397B,0.5
ID_4E1C427B61,0.5
ID_C423536B2C,0.5
ID_4BB8940AFE,0.5
ID_1EC0467B23,0.5
ID_3919A8BD18,0.5
ID_0121486403,0.5
ID_AA11478E26,0.5
ID_FB57535616,0.5
ID_8ECFF453D8,0.5
ID_91F2D2E68B,0.5
ID_5D71915244,0.5
ID_5C6F56A11E,0.5
ID_D104810643,0.5
ID_4925B1C32F,0.5
ID_973E798965,0.5
ID_8799EF105F,0.5
ID_D39DE7C1AA,0.5
ID_235E39EB3C,0.5
ID_1A91558403,0.5
ID_C1D6B730AF,0.5
ID_5C1444D490,0.5
ID_A6FD79C8C6,0.5
ID_85EBACAA17,0.5
ID_472AB7E9EB,0.5
ID_805B088731,0.5
ID_526A4CEFE0,0.5
ID_5EF5E4EC32,0.5
ID_4DFFADE7BF,0.5
ID_F8472519BF,0.5
ID_59CCF239B1,0.5
ID_3AB1414ED2,0.5
ID_C1EE2B1B75,0.5
ID_089039611A,0.5
ID_75BFDE2C68,0.5
ID_3435444642,0.5
ID_D31908BA11,0.5
ID_09A5C29307,0.5
ID_71A9A38C73,0.5
ID_02E71F5AC2,0.5
ID_031B672CCD,0.5
ID_6804D10D9A,0.5
ID_84B123C7DC,0.5
ID_B92C504A8E,0.5
ID_3764797D92,0.5
ID_0A3D19E37D,0.5
ID_522E443543,0.5
ID_D6ABD465DA,0.5
ID_DEF707973F,0.5
ID_B02CC53C1C,0.5
ID_F41908C374,0.5
ID_675794BBE4,0.5
ID_F2F2C00E25,0.5
ID_10E5F6876E,0.5
ID_48EFE75466,0.5
ID_CB56F32E1A,0.5
ID_6727C00325,0.5
ID_9C12DD1FBE,0.5
ID_03FB100940,0.5
ID_54C49D6697,0.5
ID_1F829363A0,0.5
ID_64F6A8250D,0.5
ID_31476C3C35,0.5
ID_126A0256D0,0.5
ID_1A01D75BF2,0.5
ID_DF6DE2C1BA,0.5
ID_ACDC672ACC,0.5
ID_5F6B9E0C65,0.5
ID_A51281B1E3,0.5
ID_0DC391D6E0,0.5
ID_75EAF9334F,0.5
ID_43FB0F8B7B,0.5
ID_B958C9CD52,0.5
ID_8B46B44732,0.5
ID_7D9F814B6C,0.5
ID_CE36DDA8BD,0.5
ID_A31FDDA7F5,0.5
ID_2EA9194F2C,0.5
ID_519C6E0831,0.5
ID_26B6EC4B66,0.5
ID_150180CEE1,0.5
ID_D938599C21,0.5
ID_A26905ABE2,0.5
ID_6682E8D601,0.5
ID_D681F3839D,0.5
ID_D7E23A724C,0.5
ID_5007BF22B2,0.5
ID_F09CD8931A,0.5
ID_F7B2454286,0.5
ID_68DE1764BB,0.5
ID_4CBAFA9FCA,0.5
ID_9296F7FDAF,0.5
ID_B876B051D0,0.5
ID_A30A3D814F,0.5
ID_1C72EFEB83,0.5
ID_D60103862D,0.5
ID_8AF451BB20,0.5
ID_70520C4B2A,0.5
ID_5EB99C5B47,0.5
ID_F6027876E4,0.5
ID_2E2A697D3B,0.5
ID_5AF6E0E87C,0.5
ID_7F82F5DF43,0.5
ID_92FDF207DF,0.5
ID_CCBCA0D3CB,0.5
ID_C1272DC6D5,0.5
ID_116407F136,0.5
ID_551141886B,0.5
ID_11A9D23805,0.5
ID_3CC8D4EC27,0.5
ID_5E2F26E42E,0.5
ID_C482F6C0E7,0.5
ID_0C80B3A901,0.5
ID_6ABFBB384A,0.5
ID_95B6072C91,0.5
ID_14DBAE79C4,0.5
ID_0B98F19443,0.5
ID_AF8BE0EF1B,0.5
ID_A8CF27D4FF,0.5
ID_EDBD1380A8,0.5
ID_38B0B42826,0.5
ID_A414992AE1,0.5
ID_520E1A1BB8,0.5
ID_2B86ABD694,0.5
ID_0C2062D5F3,0.5
ID_6B5B053BF4,0.5
ID_4F0AA42536,0.5
ID_50FA1ABAF8,0.5
ID_7E4E0EEFFD,0.5
ID_246F87E6D7,0.5
ID_1AFD523B5D,0.5
ID_4188A192C1,0.5
ID_6A875D154F,0.5
ID_931D067148,0.5
ID_6534A5212D,0.5
ID_EDE5B2CE72,0.5
ID_837075B5C8,0.5
ID_91F5CF14AB,0.5
ID_1F180104AB,0.5
ID_544DF21804,0.5
ID_C1D3952D42,0.5
ID_C44F231B05,0.5
ID_94F4127066,0.5
ID_BEC20A54B8,0.5
ID_D166B823A9,0.5
ID_E85D381958,0.5
ID_149E631938,0.5
ID_8E1FD45561,0.5
ID_EB72760B73,0.5
ID_8FABD0CF60,0.5
ID_A6CEA1EA98,0.5
ID_3553F25010,0.5
ID_F76C62B31F,0.5
ID_05489D332D,0.5
ID_1C9FFEE86E,0.5
ID_9A5466C295,0.5
ID_B01B913DA6,0.5
ID_2ACACE4EB4,0.5
ID_799DDEAD8A,0.5
ID_F73A4CB41B,0.5
ID_78DA98FECC,0.5
ID_C15CA85D5C,0.5
ID_08C0C27FCF,0.5
ID_847845B280,0.5
ID_320BE9A0B3,0.5
ID_D52A04E7FE,0.5
ID_CD1EFD9CC2,0.5
ID_B7229AD4A0,0.5
ID_77EEEE7950,0.5
ID_EFE4294429,0.5
ID_CBA2F8AB01,0.5
ID_79CBC38CAF,0.5
ID_2C74370ADA,0.5
ID_F3508692F0,0.5
ID_F2B6BE1F10,0.5
ID_3B12D7F4E5,0.5
ID_E340DBD17E,0.5
ID_D243FD78DA,0.5
ID_68CFF9D20F,0.5
ID_6013571070,0.5
ID_D80EBBDB6F,0.5
ID_751153435E,0.5
ID_93F9103CF4,0.5
ID_E5796A4A3E,0.5
ID_F927473A64,0.5
ID_6FE6DDFA7A,0.5
ID_47945409F8,0.5
ID_280F964867,0.5
ID_1AFBC7569D,0.5
ID_4A99EA1237,0.5
ID_C0FC61B653,0.5
ID_63B235E3D6,0.5
ID_1CF56E6692,0.5
ID_20EF1FBEC5,0.5
ID_4864ED031E,0.5
ID_D937DFDFAE,0.5
ID_CBDD771ACD,0.5
ID_06F42A46BB,0.5
ID_B82BE47C11,0.5
ID_8EA8932462,0.5
ID_FEF7453D60,0.5
ID_580CFFE02E,0.5
ID_14859C7232,0.5
ID_373443A2F7,0.5
ID_9B64B083E5,0.5
ID_21365D0F02,0.5
ID_A980C72FCA,0.5
ID_AD192CCCF1,0.5
ID_4706F7C06F,0.5
ID_BA6314A07D,0.5
ID_AD2AB2D23B,0.5
ID_8AC3FCB270,0.5
ID_3BC62B1C7C,0.5
ID_5D620B5806,0.5
ID_9E63389264,0.5
ID_7C8E2E18E3,0.5
ID_769FC3A864,0.5
ID_94BC729BDB,0.5
ID_28E6A7AEEC,0.5
ID_E44797FAB3,0.5
ID_DBC5EB0DD7,0.5
ID_B576716E44,0.5
ID_435C25D419,0.5
ID_2614B26D50,0.5
ID_1DB19D9927,0.5
ID_3D710F5BB4,0.5
ID_0D4551E6AD,0.5
ID_6EA36F9FE2,0.5
ID_62B2979B65,0.5
ID_1FAEFE9F9B,0.5
ID_2A881E46B4,0.5
ID_49DC0CE0F4,0.5
ID_3198629C79,0.5
ID_E8A825B0F2,0.5
ID_F73076EE94,0.5
ID_88CEAA4036,0.5
ID_4BD19B9AF2,0.5
ID_01E5077796,0.5
ID_652AAC6B97,0.5
ID_7399F2EEDE,0.5
ID_1D34FD599D,0.5
ID_0A8B8B0189,0.5
ID_ABFEDBA351,0.5
ID_E7033A494C,0.5
ID_B106A58744,0.5
ID_F43465B062,0.5
ID_A85FDD574B,0.5
ID_342A767FBB,0.5
ID_AB8ED82CF1,0.5
ID_35CDA2F352,0.5
ID_1334847478,0.5
ID_6CCD462BD2,0.5
ID_F7F68E2C45,0.5
ID_FFB990EA92,0.5
ID_C06AAB70A9,0.5
ID_D0A5837995,0.5
ID_EF67731DF6,0.5
ID_B8C8AA9A13,0.5
ID_DB6BDAB7E0,0.5
ID_D16500AB6C,0.5
ID_E75D0AB313,0.5
ID_F178CBD05A,0.5
ID_E89055A9A1,0.5
ID_0DBDB68593,0.5
ID_6187B5C70E,0.5
ID_207F95765B,0.5
ID_91066D5C7A,0.5
ID_9878AE412E,0.5
ID_F7D06CF341,0.5
ID_057236BDCC,0.5
ID_510144A14D,0.5
ID_6627D1AAAC,0.5
ID_EBB82BD629,0.5
ID_CE551CE8E8,0.5
ID_BECF173F5E,0.5
ID_90F5AE808E,0.5
ID_9EE04044AB,0.5
ID_15406D7B92,0.5
ID_0AD66F682F,0.5
ID_75A15FBD7D,0.5
ID_91A19E3520,0.5
ID_A35CD60B79,0.5
ID_A220EFB146,0.5
ID_977313B7EB,0.5
ID_FCE575E168,0.5
ID_02038E09C2,0.5
ID_3C600DA81B,0.5
ID_3D7A418C5E,0.5
ID_70CA586B63,0.5
ID_356DBF4E0F,0.5
ID_7494E947A3,0.5
ID_451C0BF159,0.5
ID_48FC636DBB,0.5
ID_8D23FB92A1,0.5
ID_F88A4A65A7,0.5
ID_65BBB35617,0.5
ID_8E90D5414E,0.5
ID_29F9B62853,0.5
ID_9CAF574A46,0.5
ID_6A3504A43C,0.5
ID_DA024EE8D5,0.5
ID_8E07E556B2,0.5
ID_73D77FD688,0.5
ID_A7AB2F2FE1,0.5
ID_454AEA6D16,0.5
ID_62AE0B13A7,0.5
ID_CE3AFED353,0.5
ID_9D9603EB1E,0.5
ID_B846731131,0.5
ID_0D54A3193E,0.5
ID_873F696692,0.5
ID_6E59CC8ABF,0.5
ID_650DA26B92,0.5
ID_DCAB2F5783,0.5
ID_675B9AFD49,0.5
ID_08ACAC45FC,0.5
ID_AAF2744F84,0.5
ID_B6F0D1E07E,0.5
ID_8151778C47,0.5
ID_3846F40A53,0.5
ID_956BC8F820,0.5
ID_93523190B7,0.5
ID_31C2CFA859,0.5
ID_6CFE1616C3,0.5
ID_94711D77BF,0.5
ID_6010942343,0.5
ID_75DFECE2ED,0.5
ID_7D047C8959,0.5
ID_5CFD9226F5,0.5
ID_212DBE8E9F,0.5
ID_A6FD1BC6C6,0.5
ID_43C729097B,0.5
ID_009732EDBD,0.5
ID_39A1917656,0.5
ID_5262B00E41,0.5
ID_79E0632790,0.5
ID_1055F75E7D,0.5
ID_AF60466DA9,0.5
ID_01CFECDA63,0.5
ID_A4240FC9E0,0.5
ID_A7934071B1,0.5
ID_2A19DCFE10,0.5
ID_C0FF34B762,0.5
ID_FF59182923,0.5
ID_99427BDBBB,0.5
ID_85B0E1AA6C,0.5
ID_869D12739D,0.5
ID_BCF5B7E7D2,0.5
ID_68C35732D4,0.5
ID_B8433D9C4C,0.5
ID_5EA8EB6661,0.5
ID_9B4DAFFDCC,0.5
ID_9815B5EB24,0.5
ID_C51C245DA9,0.5
ID_90E69EEEA9,0.5
ID_90D401ED70,0.5
ID_B5E3CEB15B,0.5
ID_7117A329D7,0.5
ID_013A13B4A3,0.5
ID_D9C189312F,0.5
ID_13CB6392ED,0.5
ID_88731FDBA5,0.5
ID_08206BF75B,0.5
ID_00072AC2B3,0.5
ID_3661C9CD60,0.5
ID_5BF9442438,0.5
ID_CD826E7E16,0.5
ID_6F9154BE28,0.5
ID_28CC9AD56D,0.5
ID_4452986406,0.5
ID_600E081910,0.5
ID_5A9E54770F,0.5
ID_CA26AF8529,0.5
ID_948C6F94E3,0.5
ID_36DEBE70C7,0.5
ID_734AB90CD7,0.5
ID_D97469E410,0.5
ID_386B540122,0.5
ID_A57371A1DE,0.5
ID_44AF7368E3,0.5
ID_6FCF98B1F1,0.5
ID_27D4D24654,0.5
ID_0D7172392A,0.5
ID_0C4B537CD1,0.5
ID_6A2567D198,0.5
ID_32086F958F,0.5
ID_829DC28074,0.5
ID_5530FB0080,0.5
ID_9F05BEDB8E,0.5
ID_AD4522A72F,0.5
ID_E3046F19C7,0.5
ID_53B3EF0A79,0.5
ID_EC5BBDA6BF,0.5
ID_6EF53B972A,0.5
ID_081E63BB60,0.5
ID_339C37C22B,0.5
ID_CBA82EF3D4,0.5
ID_11E1FFAFA0,0.5
ID_939A3A3CC1,0.5
ID_9AC7695B19,0.5
ID_496D41FE4A,0.5
ID_5897CE48DF,0.5
ID_496D36B5B3,0.5
ID_EA8D852B80,0.5
ID_19835919BB,0.5
ID_2084CA7BF0,0.5
ID_A1ED350FDC,0.5
ID_3667959B66,0.5
ID_1ECE061F3E,0.5
ID_EBA4F2B20D,0.5
ID_CD98CED3DF,0.5
ID_91257984D2,0.5
ID_E1E8F5A2F3,0.5
ID_1EDEE3A961,0.5
ID_CE8EE54888,0.5
ID_776872D088,0.5
ID_6E1075D1C7,0.5
ID_9E371C6260,0.5
ID_86F4FE8CE4,0.5
ID_363F61EE77,0.5
ID_58E53A660D,0.5
ID_5348529DD9,0.5
ID_43F3C1044F,0.5
ID_9BF5F03335,0.5
ID_CB6260B218,0.5
ID_090A812346,0.5
ID_38C1BF12C1,0.5
ID_243F0407F9,0.5
ID_CAFC2B54C7,0.5
ID_543E94A044,0.5
ID_748EECD011,0.5
ID_8B042DA19A,0.5
ID_5F56DC2D5D,0.5
ID_6C43A38D1A,0.5
ID_B453CFFE92,0.5
ID_406A0A1BB4,0.5
ID_D287516D8F,0.5
ID_2D2C84BF03,0.5
ID_23DAA5491A,0.5
ID_80928E15F5,0.5
ID_21B2B8322B,0.5
ID_69EF360235,0.5
ID_03B83A4A5E,0.5
ID_9B31A374C2,0.5
ID_4C46B9777C,0.5
ID_84784D7DB4,0.5
ID_1C67E2A51F,0.5
ID_2F4A14FB5B,0.5
ID_9DB90C9E74,0.5
ID_A3FF9F1E64,0.5
ID_2178D90789,0.5
ID_A5DB52828E,0.5
ID_04CFC49BA7,0.5
ID_8AF4F04D12,0.5
ID_2C5A3D47D4,0.5
ID_9D34764B99,0.5
ID_FD0DCA58AB,0.5
ID_C028DE3660,0.5
ID_692A289861,0.5
ID_2F66B85836,0.5
ID_76DB19B5EF,0.5
ID_AF96A812C8,0.5
ID_619E3EB396,0.5
ID_F853CA8E34,0.5
ID_509FD8D7FD,0.5
ID_DE33E323BD,0.5
ID_1393035C69,0.5
ID_B12465A792,0.5
ID_122EEF189C,0.5
ID_F2F6E239A9,0.5
ID_C413AFE94E,0.5
ID_006283BAC1,0.5
ID_DC7534E9E1,0.5
ID_E2EE169525,0.5
ID_62A2616E72,0.5
ID_A7C0D8BFEF,0.5
ID_4578592027,0.5
ID_1E96FA904C,0.5
ID_8B3D7DD480,0.5
ID_20B7E9186D,0.5
ID_7D199BA310,0.5
ID_50837B2DE7,0.5
ID_F800524755,0.5
ID_104E3FFA52,0.5
ID_97F50346CF,0.5
ID_DCF3842C5B,0.5
ID_F78B079FD2,0.5
ID_7DCBAC1DCD,0.5
ID_E78A01D391,0.5
ID_02D5D5B723,0.5
ID_C167EAC9D4,0.5
ID_2DCD691AD7,0.5
ID_8D40118491,0.5
ID_D1972E545D,0.5
ID_C33FCD0D32,0.5
ID_7691724762,0.5
ID_D8AF63577D,0.5
ID_52B5D4054B,0.5
ID_6849818B2D,0.5
ID_9B24AD4E1E,0.5
ID_E69985592E,0.5
ID_EACF704D65,0.5
ID_CA4C390610,0.5
ID_A1723B3376,0.5
ID_3198250C62,0.5
ID_51936CF7A0,0.5
ID_F8192D1613,0.5
ID_7D0264BB9A,0.5
ID_6461D2BBCF,0.5
ID_4322E8CAD8,0.5
ID_73F0251FCB,0.5
ID_E3A33614A2,0.5
ID_AB478CD070,0.5
ID_3FA118D95B,0.5
ID_3419CD5496,0.5
ID_F918BCD921,0.5
ID_92911443C6,0.5
ID_75A4609969,0.5
ID_5AE914F528,0.5
ID_C293A544A9,0.5
ID_C822F7E034,0.5
ID_B4D650CE21,0.5
ID_9AFC509F9C,0.5
ID_74F89FFD1A,0.5
ID_F5D4C2C65D,0.5
ID_166D4E96EB,0.5
ID_4A6EE56C7C,0.5
ID_9CE078F50F,0.5
ID_0AA2A7BA9F,0.5
ID_6556387BDC,0.5
ID_D788CC0B25,0.5
ID_6AE1FB3062,0.5
ID_E201D596FB,0.5
ID_DB42AAFFFE,0.5
ID_BBF4311C20,0.5
ID_B1ED925E35,0.5
ID_D5242F23AE,0.5
ID_AD5443C023,0.5
ID_07607BFF2C,0.5
ID_31E007963A,0.5
ID_283A6963F2,0.5
ID_F11F04E42A,0.5
ID_5BF9BFDCA6,0.5
ID_6B124EAD9B,0.5
ID_CA0539C60C,0.5
ID_FBB6091F34,0.5
ID_472A1FE685,0.5
ID_063CD46141,0.5
ID_459B7E5358,0.5
ID_47C47CB93D,0.5
ID_9768A1F806,0.5
ID_012EBDC7ED,0.5
ID_F88377503C,0.5
ID_4928844CBC,0.5
ID_EC670167C8,0.5
ID_285EAE29D1,0.5
ID_3788A255BD,0.5
ID_F285E6C648,0.5
ID_CE102C14BD,0.5
ID_CC8506E3B4,0.5
ID_8CB9A9319A,0.5
ID_140ED69BDA,0.5
ID_5A83E98E89,0.5
ID_9B06528C4B,0.5
ID_523E3ACFE7,0.5
ID_B72CBEC7AC,0.5
ID_F95BC2E22C,0.5
ID_794B33CDED,0.5
ID_EDC138AD13,0.5
ID_03443EFE1E,0.5
ID_6A5174DBF9,0.5
ID_796F797CB8,0.5
ID_CB5D592929,0.5
ID_AEB45AE713,0.5
ID_29D7E17B1A,0.5
ID_E80FE1EB8D,0.5
ID_4F9766522A,0.5
ID_089E16BBB4,0.5
ID_9B93C5564C,0.5
ID_5FFB42E201,0.5
ID_6CBD1FA180,0.5
ID_E5CCED8F53,0.5
ID_DE28CFD383,0.5
ID_564645177C,0.5
ID_2918F4015E,0.5
ID_E1F480FF2F,0.5
ID_2ED4871D53,0.5
ID_8C8F7BB8FD,0.5
ID_473628A205,0.5
ID_0E074C9DB3,0.5
ID_645D07DE0D,0.5
ID_9AAC6199F3,0.5
ID_65B10D21EF,0.5
ID_11641A5515,0.5
ID_DE65AA8D5A,0.5
ID_65014B3AA3,0.5
ID_BFE1463B21,0.5
ID_81607927F6,0.5
ID_BA87C7201F,0.5
ID_9C3B17BB68,0.5
ID_3A8A96F118,0.5
ID_352DC16A85,0.5
ID_54DBCDEF15,0.5
ID_F40697BD18,0.5
ID_6523FDE686,0.5
ID_1153888319,0.5
ID_99A5ADA971,0.5
ID_C0C634C552,0.5
ID_77F767A454,0.5
ID_08E451DE23,0.5
ID_BF36284285,0.5
ID_B742BCB625,0.5
ID_E35C8EF529,0.5
ID_3B764AA43D,0.5
ID_932A24FF41,0.5
ID_0011F452EC,0.5
ID_AB3B8ECF99,0.5
ID_79745FF544,0.5
ID_820018851F,0.5
ID_1F226C393F,0.5
ID_191951BD2A,0.5
ID_C98828D739,0.5
ID_ED28DF0E45,0.5
ID_20C92D6932,0.5
ID_AFC51C0AD8,0.5
ID_76B8A6975A,0.5
ID_9624F1A1CB,0.5
ID_06C9BEB297,0.5
ID_195DDCF339,0.5
ID_2E6CAB3BCA,0.5
ID_A2F0F481A7,0.5
ID_365A5FF8D1,0.5
ID_92E6B6A1D4,0.5
ID_C441196D26,0.5
ID_17C3E7E9DE,0.5
ID_AD0B452F42,0.5
ID_DC10A26B65,0.5
ID_9291D3D5C2,0.5
ID_730373AB2F,0.5
ID_D65E0AEF79,0.5
ID_786D2C0861,0.5
ID_C08C3BA8E2,0.5
ID_74760B6AA7,0.5
ID_65C6D676CB,0.5
ID_DEBF3234E3,0.5
ID_5E01B65A14,0.5
ID_D56EBBBF89,0.5
ID_213E1BC3B4,0.5
ID_0265376B46,0.5
ID_1BD1EFA5DC,0.5
ID_67CEDA0BD2,0.5
ID_9C234561ED,0.5
ID_2534881096,0.5
ID_75C79DDA35,0.5
ID_CC54709CC7,0.5
ID_3655154140,0.5
ID_75A4860505,0.5
ID_30BACDB791,0.5
ID_802A781FD4,0.5
ID_42AE761043,0.5
ID_A64F415942,0.5
ID_6ABFBC25E6,0.5
ID_2EBF0B5619,0.5
ID_D82FCCEFD4,0.5
ID_602FCF76B8,0.5
ID_5FD6723CA3,0.5
ID_9B600B4E2F,0.5
ID_F073D28046,0.5
ID_8E496DE9FD,0.5
ID_1F94EEA146,0.5
ID_B97D0C2725,0.5
ID_4B4875D8B8,0.5
ID_337C7C9129,0.5
ID_709CA6E203,0.5
ID_667362D53B,0.5
ID_239D4EE788,0.5
ID_7DB4391B09,0.5
ID_9E4C42A4EA,0.5
ID_6FA57A90EE,0.5
ID_89D08F6BFE,0.5
ID_7C655D4002,0.5
ID_FEB1A77895,0.5
ID_4B8C28C804,0.5
ID_AF837C26E2,0.5
ID_5AD2FA1817,0.5
ID_ADDE1AFCB8,0.5
ID_21DC1160DF,0.5
ID_66E6798060,0.5
ID_4B41736BD0,0.5
ID_CDA0C018FF,0.5
ID_A47B2B6245,0.5
ID_19A13CB87C,0.5
ID_FC79FD7894,0.5
ID_28B751841A,0.5
ID_B16C8A04E1,0.5
ID_95E6ECE081,0.5
ID_F130219204,0.5
ID_95EC79B7A3,0.5
ID_DA36D86140,0.5
ID_7D80E7F6A9,0.5
ID_0FD8DCB131,0.5
ID_9E7CD335B3,0.5
ID_CD9EA53AF3,0.5
ID_BD1687265F,0.5
ID_7A1B520FBB,0.5
ID_B447053CFD,0.5
ID_CFA883CBAE,0.5
ID_6906DBD76A,0.5
ID_C0AAC9FFD6,0.5
ID_DF3CF071F0,0.5
ID_2AFEF97C29,0.5
ID_0207257EC2,0.5
ID_53DCB0C2FE,0.5
ID_8588C1B927,0.5
ID_96389A25EE,0.5
ID_061C72E7F1,0.5
ID_1A2263F62D,0.5
ID_7BCA3B390F,0.5
ID_C3C63A2382,0.5
ID_3B7188C60A,0.5
ID_F9F7E921B0,0.5
ID_8B8187ABAB,0.5
ID_F301F1C01A,0.5
ID_A61C51E31D,0.5
ID_CA3A59795E,0.5
ID_83C9A46AF1,0.5
ID_E66A503B47,0.5
ID_FFF22BAFD4,0.5
ID_D39598096F,0.5
ID_30C9E8CC53,0.5
ID_C8374A7C8E,0.5
ID_D0E1461A95,0.5
ID_77AF3A0F49,0.5
ID_F0D5A60491,0.5
ID_29A45D346A,0.5
ID_5B3F5E7A73,0.5
ID_C0DBEEEFFB,0.5
ID_0B231449E5,0.5
ID_C9E1D54CDF,0.5
ID_543E1C897D,0.5
ID_8922C080E1,0.5
ID_06BB2A84FF,0.5
ID_093962EBC7,0.5
ID_7F1485C01D,0.5
ID_6DAC062720,0.5
ID_EB731C1079,0.5
ID_18101A07E3,0.5
ID_2BBB07CF25,0.5
ID_7F652B0F9A,0.5
ID_ABA1AB4144,0.5
ID_D8564F400E,0.5
ID_8A4B18B3AB,0.5
ID_8E179891E9,0.5
ID_E0E0A9B5E9,0.5
ID_A9067DE9D6,0.5
ID_E48D3A87C8,0.5
ID_9A2986BA3F,0.5
ID_317639659C,0.5
ID_0FD1BD4EBE,0.5
ID_49CB7F8A0E,0.5
ID_40356849AD,0.5
ID_6FA9FA3FB9,0.5
ID_344C83C5C8,0.5
ID_89E4DAB05B,0.5
ID_6DF1613C36,0.5
ID_87C3C03BBD,0.5
ID_53EDC616E0,0.5
ID_516FC2FEEE,0.5
ID_B029BD9828,0.5
ID_7C46E7C29D,0.5
ID_B8B7443464,0.5
ID_B6C60B5D82,0.5
ID_19B74372C3,0.5
ID_F936EF3CFD,0.5
ID_BEBC872E4B,0.5
ID_191C9F1907,0.5
ID_CA5E41D1ED,0.5
ID_38196BB849,0.5
ID_3E5D89933D,0.5
ID_DACBE5D19E,0.5
ID_F9AE38C053,0.5
ID_E91623720A,0.5
ID_86CA83F8B3,0.5
ID_23A9BE4FC6,0.5
ID_0DC42FAF05,0.5
ID_3F5130C96A,0.5
ID_24B308BD47,0.5
ID_0AC155F217,0.5
ID_8050E95484,0.5
ID_EE40C20A23,0.5
ID_BCD8A7D23F,0.5
ID_463026277D,0.5
ID_429CD480F2,0.5
ID_E15FBA9760,0.5
ID_3FCD1223A7,0.5
ID_B54E9CEDFF,0.5
ID_B7306736BA,0.5
ID_6611C3EEC3,0.5
ID_831A7427E3,0.5
ID_81A9135539,0.5
ID_0DFB6A612C,0.5
ID_F4EEFD3A40,0.5
ID_BBBB632B5A,0.5
ID_C71FA7613A,0.5
ID_38FF1EA684,0.5
ID_A08E318CCB,0.5
ID_FC1E076ED0,0.5
ID_21FA03026B,0.5
ID_61EF8E08AD,0.5
ID_BBD5C409F3,0.5
ID_A7783BD50C,0.5
ID_F1E7A6C63C,0.5
ID_018DDDFB17,0.5
ID_4EBF81589F,0.5
ID_1E0B9D540C,0.5
ID_D2BF9329B9,0.5
ID_F5D460F743,0.5
ID_1C1FE7C944,0.5
ID_94955E0256,0.5
ID_50BD0EC12A,0.5
ID_199F049AA3,0.5
ID_82102BEFDE,0.5
ID_B5740AB4BE,0.5
ID_EC324AF50F,0.5
ID_5FA3D3281A,0.5
ID_3D7EEC67C5,0.5
ID_33DC915CCB,0.5
ID_D6D64D30E7,0.5
ID_30A7AE89E9,0.5
ID_674455A60F,0.5
ID_C4E7969719,0.5
ID_C408E9F29C,0.5
ID_DC1724F2F6,0.5
ID_242BB5BCD1,0.5
ID_5FEBFA345F,0.5
ID_4A4F7C8432,0.5
ID_18CE332EDF,0.5
ID_3AA5ED8A5E,0.5
ID_4078EF6B5E,0.5
ID_5F0A6D69D2,0.5
ID_0B98F3761F,0.5
ID_3268811C94,0.5
ID_04F7A4EBC2,0.5
ID_FBB4E7DBA2,0.5
ID_18208D7C70,0.5
ID_67A4AB721D,0.5
ID_72BB058448,0.5
ID_02EAB4FAD4,0.5
ID_2102E96455,0.5
ID_C2C3DA3A4D,0.5
ID_D35185DE39,0.5
ID_2012EC331C,0.5
ID_48440DFB83,0.5
ID_DCA4C1EFFE,0.5
ID_974FC10F13,0.5
ID_22B72AADDF,0.5
ID_0D67396C7E,0.5
ID_1E381D6483,0.5
ID_B0CBAA4AF3,0.5
ID_7501CB4967,0.5
ID_FE2C48A839,0.5
ID_38F8885222,0.5
ID_366544B499,0.5
ID_AAE3D351D2,0.5
ID_E708D7BE56,0.5
ID_5B467C56EB,0.5
ID_1BE67D5F07,0.5
ID_9337C59A7C,0.5
ID_F35DDBF27F,0.5
ID_D6D8D1BBE9,0.5
ID_9A5F5D2F7D,0.5
ID_32664A98EA,0.5
ID_54444AD490,0.5
ID_44CC9DE198,0.5
ID_ECC501CCAF,0.5
ID_4E27F59CB9,0.5
ID_820AF3FE10,0.5
ID_584937995C,0.5
ID_F94F1965B9,0.5
ID_A1E4E2B366,0.5
ID_A0C79FBA49,0.5
ID_AC591DA1A3,0.5
ID_88FE627B2D,0.5
ID_46F8BB8C3F,0.5
ID_DF28542AC5,0.5
ID_9929294295,0.5
ID_5623D59889,0.5
ID_D0EF508DA9,0.5
ID_68452FFFAA,0.5
ID_DE5AA9BF7A,0.5
ID_8360E0B57A,0.5
ID_0BEEF8075D,0.5
ID_10AE835153,0.5
ID_5031443154,0.5
ID_7C20DD2B66,0.5
ID_3C69B1A477,0.5
ID_C9919702FE,0.5
ID_5B98065726,0.5
ID_AB6FD51AED,0.5
ID_0964F9A382,0.5
ID_353C3288D3,0.5
ID_BF3BDA9052,0.5
ID_29CDCD61EE,0.5
ID_93D16ADFC0,0.5
ID_13AE01C3E9,0.5
ID_357ABF8543,0.5
ID_6EDECA8052,0.5
ID_55788FB15E,0.5
ID_712C91C972,0.5
ID_21777A56EC,0.5
ID_8379D9D2DB,0.5
ID_33BBD6B96A,0.5
ID_E6FE245E79,0.5
ID_78C304AFD0,0.5
ID_78C84604B0,0.5
ID_A8AAEA41AB,0.5
ID_35D943E935,0.5
ID_6FB3338F9D,0.5
ID_22B7905533,0.5
ID_185423EBD5,0.5
ID_D9942687D4,0.5
ID_F06101D843,0.5
ID_FB7C4DC122,0.5
ID_0CEB2E2842,0.5
ID_F01AF188D9,0.5
ID_F74B2E8C9F,0.5
ID_F922AFBD0C,0.5
ID_3D1609B5D7,0.5
ID_0681998C52,0.5
ID_685E9DB5A5,0.5
ID_A27D7BE0E0,0.5
ID_CDD56ABC01,0.5
ID_BB6DA0CC8D,0.5
ID_3BFB75F3CF,0.5
ID_89A7E2AF25,0.5
ID_E741BE4DEC,0.5
ID_8B823918F6,0.5
ID_3B7D64E865,0.5
ID_18725ACC19,0.5
ID_04D83FD691,0.5
ID_FBD7E55D96,0.5
ID_7B1F7330CE,0.5
ID_CCA899589B,0.5
ID_273CF6DBEA,0.5
ID_8E4045DC75,0.5
ID_E0039D8F65,0.5
ID_1D16EE9A57,0.5
ID_C4A1E23908,0.5
ID_7A3DEE7A86,0.5
ID_8950508FB7,0.5
ID_81FD61E1A5,0.5
ID_DDFA8A3B9A,0.5
ID_E02905941D,0.5
ID_B33FF1E3BC,0.5
ID_F58D04AFCB,0.5
ID_1798DF13D6,0.5
ID_ECEE15E9EE,0.5
ID_08C9F1B7E9,0.5
ID_473DE836A6,0.5
ID_799CBCA3B0,0.5
ID_3DA033412A,0.5
ID_20F60FA737,0.5
ID_FCF410CF69,0.5
ID_D170B327BD,0.5
ID_37375D0E3A,0.5
ID_7F66F794CE,0.5
ID_E17862F957,0.5
ID_A5AA744C68,0.5
ID_5751674A36,0.5
ID_0061641487,0.5
ID_A3D600B337,0.5
ID_AD2728040A,0.5
ID_D63D5954CB,0.5
ID_FEA5CC618E,0.5
ID_75A466B7D0,0.5
ID_EEA7CF02B6,0.5
ID_B4A8D043F1,0.5
ID_764AB36AA1,0.5
ID_F93323C785,0.5
ID_33FEA97E89,0.5
ID_E6E5B7FB75,0.5
ID_8B029F9BC4,0.5
ID_4B03C973C7,0.5
ID_326C3365BE,0.5
ID_6B5AD0D481,0.5
ID_6D198203CF,0.5
ID_D5421557E8,0.5
ID_7AFBA9E157,0.5
ID_28B2925013,0.5
ID_47BF8BDCF5,0.5
ID_B944DEB4D3,0.5
ID_FC8FEC4C63,0.5
ID_7BD95E62D3,0.5
ID_7FB97E5977,0.5
ID_BA523F7E92,0.5
ID_583D8F2014,0.5
ID_70D1036A34,0.5
ID_F6C4A43110,0.5
ID_5D917E7B3B,0.5
ID_16D16F2AE4,0.5
ID_CB2F1833DC,0.5
ID_4E6512EECB,0.5
ID_73C988AC36,0.5
ID_B2ECE2776D,0.5
ID_7C562675E4,0.5
ID_273E802AC1,0.5
ID_DB53BC1956,0.5
ID_81FF07E632,0.5
ID_92D6A346DA,0.5
ID_2074B38A13,0.5
ID_9C89532D95,0.5
ID_5A6E7A4534,0.5
ID_4CC8738A5C,0.5
ID_3D4390E9C0,0.5
ID_940B159629,0.5
ID_7474792454,0.5
ID_625EA0098E,0.5
ID_D165FC89AC,0.5
ID_EFB7F9FDBD,0.5
ID_88BB75B11C,0.5
ID_837483F258,0.5
ID_BDE565B104,0.5
ID_5367F5F3F6,0.5
ID_0BDEE005D0,0.5
ID_CEF8579EE1,0.5
ID_6F613BE4AF,0.5
ID_6AD135C31E,0.5
ID_F8CD11484B,0.5
ID_C84D4801FF,0.5
ID_D458CC51EB,0.5
ID_27CDA4C71C,0.5
ID_159FDC808F,0.5
ID_4202D6BD42,0.5
ID_E25E666B3D,0.5
ID_68C94B98E9,0.5
ID_07D555AAF1,0.5
ID_4F591DC070,0.5
ID_9EE09D99B0,0.5
ID_8BA20CC13F,0.5
ID_F6C640FFF4,0.5
ID_B1B70F9B74,0.5
ID_E87879BB51,0.5
ID_C63F807391,0.5
ID_B7FDA746B5,0.5
ID_75C2F00F6E,0.5
ID_EE5DA9CC3E,0.5
ID_FDB6AC1FAD,0.5
ID_251AF0C7CA,0.5
ID_2A00B2BF2D,0.5
ID_54405B0BC9,0.5
ID_3864197B15,0.5
ID_B05CEA05B5,0.5
ID_FA08B691EB,0.5
ID_00E6ABB682,0.5
ID_E0AE1CD61F,0.5
ID_C017A8BEE2,0.5
ID_98DF915099,0.5
ID_A83DB34D77,0.5
ID_27D9D6BC55,0.5
ID_404C98BB95,0.5
ID_38273884E7,0.5
ID_3AC9ADC389,0.5
ID_FE2F34C715,0.5
ID_606B265610,0.5
ID_554628ECF0,0.5
ID_2E79A8DE47,0.5
ID_8E518C0921,0.5
ID_5A7364BF58,0.5
ID_4C51430C2A,0.5
ID_9819A4A8E9,0.5
ID_E308B3D164,0.5
ID_50763E4497,0.5
ID_8F97368B56,0.5
ID_7E426394DF,0.5
ID_3EA5CE60E4,0.5
ID_2398F28417,0.5
ID_F70A987B9F,0.5
ID_A571EFEB87,0.5
ID_038839288A,0.5
ID_CE05838AB7,0.5
ID_07067A5880,0.5
ID_9D9C39C4A5,0.5
ID_28FED1C7DD,0.5
ID_BD062DE58D,0.5
ID_2801FD9CE5,0.5
ID_1AE3438135,0.5
ID_FDB36F00D3,0.5
ID_5868560271,0.5
ID_75C12E1322,0.5
ID_186643147B,0.5
ID_657A337048,0.5
ID_1F0D6267D8,0.5
ID_61637909DF,0.5
ID_80CE67C60D,0.5
ID_ADBA25A065,0.5
ID_360C595364,0.5
ID_99A77B5EE6,0.5
ID_F63F78E4A7,0.5
ID_94292BD9F1,0.5
ID_D9C3B39122,0.5
ID_DD28639434,0.5
ID_A84198A157,0.5
ID_289DF46D25,0.5
ID_5197B04D56,0.5
ID_470B4E9669,0.5
ID_0886FD579B,0.5
ID_0EDBBA4BA6,0.5
ID_557983AD68,0.5
ID_9974D640A1,0.5
ID_6EF8D3892F,0.5
ID_33DA8B1802,0.5
ID_7913CE9471,0.5
ID_5045882CF9,0.5
ID_AB9AFC3480,0.5
ID_2F57402201,0.5
ID_03A8949C8E,0.5
ID_26CA613F47,0.5
ID_817F160D60,0.5
ID_5FA23E4B81,0.5
ID_5EAE245EAD,0.5
ID_2D9938991E,0.5
ID_233BB15645,0.5
ID_FA00C4524A,0.5
ID_83958B6AEE,0.5
ID_CE3FD5E9E7,0.5
ID_007B3BBFF5,0.5
ID_4666992BF9,0.5
ID_96A3484C50,0.5
ID_ABFA8B470E,0.5
ID_58141321A8,0.5
ID_CAA6CFFFF1,0.5
ID_C6749A2480,0.5
ID_BBF0B00DEE,0.5
ID_79824C246F,0.5
ID_CCBA18A1A1,0.5
ID_47563F7DF6,0.5
ID_CE07F12376,0.5
ID_AFBA85628C,0.5
ID_83F9084052,0.5
ID_94E316DE2B,0.5
ID_898ED9AF82,0.5
ID_5C8025A145,0.5
ID_76B2E398A8,0.5
ID_360E6900EA,0.5
ID_8C70B06610,0.5
ID_F64D15640A,0.5
ID_0321DE46E0,0.5
ID_92E2814B43,0.5
ID_D446CB5C52,0.5
ID_E18DBFBF53,0.5
ID_B6DF4A868B,0.5
ID_393596FBCF,0.5
ID_3491357EDE,0.5
ID_F8D347B3D3,0.5
ID_6607116305,0.5
ID_9F19898A2E,0.5
ID_DC3965F89B,0.5
ID_D1D77E1B59,0.5
ID_CB860FE229,0.5
ID_11693C7587,0.5
ID_936B7137B4,0.5
ID_03E5733B78,0.5
ID_DE2D464F46,0.5
ID_781B90236E,0.5
ID_2C9A8AA9B1,0.5
ID_76B0B4BA41,0.5
ID_7DB891AAB6,0.5
ID_32D135BC2F,0.5
ID_40999BBF23,0.5
ID_F144D4C213,0.5
ID_982877437A,0.5
ID_940CDBE283,0.5
ID_5D258794B1,0.5
ID_1DE0C48AC0,0.5
ID_C724FE35A3,0.5
ID_11EF18EB44,0.5
ID_66857AD762,0.5
ID_106B4CC111,0.5
ID_209F5A0ECF,0.5
ID_177D02D74A,0.5
ID_6A398093B6,0.5
ID_48B3A037A1,0.5
ID_18E3870EF4,0.5
ID_A79669D4D5,0.5
ID_D43EF0322C,0.5
ID_9E9CE870EE,0.5
ID_58F0CB28A8,0.5
ID_DA02DA6AD3,0.5
ID_11F3A4D1DD,0.5
ID_CBA9301079,0.5
ID_2A7477CC25,0.5
ID_39A8E17D30,0.5
ID_4955460184,0.5
ID_5220C72924,0.5
ID_52D3E14030,0.5
ID_FD1464CF8B,0.5
ID_53C5FB3C26,0.5
ID_2C8EFBB82C,0.5
ID_9E48ED1245,0.5
ID_747B707988,0.5
ID_3D3441DEC5,0.5
ID_FE067AEA5A,0.5
ID_140A1FE30B,0.5
ID_758B79B3A0,0.5
ID_6AC8BA2C2E,0.5
ID_367CE3F6EB,0.5
ID_6975B4D20D,0.5
ID_D3659A382B,0.5
ID_E9A088DB7B,0.5
ID_C2BF24DD95,0.5
ID_3B3ECD252B,0.5
ID_6725C0CE51,0.5
ID_AF91A0DBC1,0.5
ID_6D52B1434F,0.5
ID_B22A1094B7,0.5
ID_D5F92AB7B5,0.5
ID_8EE8822109,0.5
ID_174DB9AE6B,0.5
ID_38A811A16A,0.5
ID_08E0591AE7,0.5
ID_0B46B5F22A,0.5
ID_11A79399A2,0.5
ID_4776710D0A,0.5
ID_BF394EBDCA,0.5
ID_7B97A54D89,0.5
ID_BC70AE99BA,0.5
ID_2219FFBB8C,0.5
ID_4B209298CD,0.5
ID_2317759749,0.5
ID_4B0BCC6832,0.5
ID_FD511A3263,0.5
ID_C64CC40B37,0.5
ID_6B73C256A9,0.5
ID_0BA264B1FD,0.5
ID_7E63ACE0EF,0.5
ID_6EBEE1F990,0.5
ID_8E711849F7,0.5
ID_B204EC8537,0.5
ID_CC166A49CC,0.5
ID_5A0A77F853,0.5
ID_B307BB24CA,0.5
ID_3671F40127,0.5
ID_B3D0D81D63,0.5
ID_64EF6917B9,0.5
ID_FC2C1020B6,0.5
ID_9AD460F94F,0.5
ID_A4551E4F73,0.5
ID_C193C42219,0.5
ID_29E2C00A35,0.5
ID_FC22FFADEE,0.5
ID_7991B80081,0.5
ID_BADB9224F5,0.5
ID_8A6A2D0079,0.5
ID_8F10B37E17,0.5
ID_D327EF259A,0.5
ID_8045106040,0.5
ID_CB0F9AB6FC,0.5
ID_5805C4653C,0.5
ID_12C5553908,0.5
ID_DBE95A5933,0.5
ID_4B3A3E497C,0.5
ID_75BB1855E0,0.5
ID_F0AF3AB5DB,0.5
ID_92450AFC13,0.5
ID_DD2311A269,0.5
ID_23E79A3CD9,0.5
ID_AB2C723936,0.5
ID_9CE1D7864B,0.5
ID_4E5555F62C,0.5
ID_A9DD5F1E61,0.5
ID_C25A403380,0.5
ID_106B69285B,0.5
ID_A873860050,0.5
ID_C83B52F5D3,0.5
ID_B88D57544D,0.5
ID_BDE94725CB,0.5
ID_8BC2AE9AD1,0.5
ID_22805CFA4F,0.5
ID_1AFA02A4E6,0.5
ID_097C27D7CC,0.5
ID_81E299EFF9,0.5
ID_7E1746C989,0.5
ID_F9C3D1D035,0.5
ID_72D30E39CA,0.5
ID_2138D42135,0.5
ID_B14B575197,0.5
ID_1BE12BDCBB,0.5
ID_56B881B098,0.5
ID_5A67178BB3,0.5
ID_2A79997594,0.5
ID_B43BC8E589,0.5
ID_2F416AE274,0.5
ID_FAD2A4E6C7,0.5
ID_1205E7997E,0.5
ID_3BB97588A3,0.5
ID_6E79764D30,0.5
ID_6B7E52E636,0.5
ID_2D3758EE98,0.5
ID_4A02538D8D,0.5
ID_BABBA071FD,0.5
ID_E038E15D8E,0.5
ID_F0DB74A044,0.5
ID_97FF067A30,0.5
ID_1BAB9554D0,0.5
ID_77CD6C49E7,0.5
ID_21A5DD9094,0.5
ID_8C6937A919,0.5
ID_2A60CDC19C,0.5
ID_EEBBAD454E,0.5
ID_2D8E914C97,0.5
ID_13DB06FE00,0.5
ID_E4398E57B3,0.5
ID_148D362BCA,0.5
ID_6D8FE071F8,0.5
ID_379B3D5BCB,0.5
ID_415FA7FB66,0.5
ID_786EC2F126,0.5
ID_6AB53E8072,0.5
ID_78AAAFBAF7,0.5
ID_B19C9689A8,0.5
ID_AB89E01BC3,0.5
ID_5DEF0569BB,0.5
ID_B6F09D0F9E,0.5
ID_6B4A582E23,0.5
ID_B7845A8772,0.5
ID_AF19571114,0.5
ID_3A712F625C,0.5
ID_B034D4453C,0.5
ID_D8C50CFBAE,0.5
ID_6330DDA2A7,0.5
ID_A7AF90E24D,0.5
ID_7816295BE2,0.5
ID_CE8BB0F97E,0.5
ID_0B16F022B4,0.5
ID_BCE37CE53C,0.5
ID_C1DF651369,0.5
ID_8B5D484811,0.5
ID_1B4AC770A1,0.5
ID_83FDB758B4,0.5
ID_E65272D48F,0.5
ID_37548BD073,0.5
ID_A472DFEA09,0.5
ID_5AFBFD13B5,0.5
ID_DDBD8093BC,0.5
ID_571B755BEF,0.5
ID_2EFBAF935C,0.5
ID_F0BE6BB390,0.5
ID_C4691C5213,0.5
ID_5976041934,0.5
ID_DDC1562BFE,0.5
ID_210EC67D4A,0.5
ID_1EF7E16737,0.5
ID_A25E888C97,0.5
ID_8FD723E085,0.5
ID_0CD7A92033,0.5
ID_AA50CA7446,0.5
ID_2B4A66D5DD,0.5
ID_5E3ABC36AD,0.5
ID_3E816AFD8C,0.5
ID_C9FA213BF3,0.5
ID_056A1E73A4,0.5
ID_D8894151CB,0.5
ID_995DB68CAD,0.5
ID_874502F8CB,0.5
ID_B2F8D39F1B,0.5
ID_8D1D252866,0.5
ID_B6D52E8F35,0.5
ID_42D51DE73B,0.5
ID_87C7CD096B,0.5
ID_8A98B7DBA2,0.5
ID_A62606FE1F,0.5
ID_B12EC5DF7B,0.5
ID_ECE3D41AB4,0.5
ID_A77AC029D7,0.5
ID_E8A057EA09,0.5
ID_DCF5EC59BF,0.5
ID_41F4E085F4,0.5
ID_510E487D3B,0.5
ID_A07DE6BF08,0.5
ID_47DEFBD2AC,0.5
ID_3B1ECA4799,0.5
ID_EF0E22D85E,0.5
ID_18809A1F0F,0.5
ID_17428DB7C6,0.5
ID_11681C1AE1,0.5
ID_A831713822,0.5
ID_0F6D9FE25E,0.5
ID_B43DDEE508,0.5
ID_9DD14A3E6C,0.5
ID_C2DD787D56,0.5
ID_E473399556,0.5
ID_FFD60D06A6,0.5
ID_CB903AEF99,0.5
ID_5FFDBC8C3A,0.5
ID_C6F2BB53AB,0.5
ID_D3982CA709,0.5
ID_416BD66B8C,0.5
ID_3E7E9D446D,0.5
ID_D143AA9D56,0.5
ID_C652FFF98A,0.5
ID_1F12717496,0.5
ID_37DC94D70E,0.5
ID_B7DB1E6B6D,0.5
ID_5B0D44A29A,0.5
ID_D9C8EDE5FA,0.5
ID_02861DE941,0.5
ID_75CAD66E7F,0.5
ID_CFD0A3408D,0.5
ID_C8EB2CE25D,0.5
ID_141870FDB6,0.5
ID_7BB65627FF,0.5
ID_69DCC2AC53,0.5
ID_96D4BF076D,0.5
ID_7713F7A38B,0.5
ID_A3900C113B,0.5
ID_BE06297A1E,0.5
ID_8812CD988B,0.5
ID_017B2526A4,0.5
ID_1AE4007B20,0.5
ID_B9CB84FEF2,0.5
ID_C0458C2FCE,0.5
ID_4AA76742A0,0.5
ID_293DF9580E,0.5
ID_A849616AB8,0.5
ID_44DEDF0790,0.5
ID_89776AE57F,0.5
ID_639DEF5ED3,0.5
ID_561B0BC675,0.5
ID_4AE6E2668A,0.5
ID_0E501472EA,0.5
ID_3578E4E809,0.5
ID_B09001C9FD,0.5
ID_0ECD9365F8,0.5
ID_F74583E644,0.5
ID_731E559DF8,0.5
ID_EFBA67B4F2,0.5
ID_FF8D830619,0.5
ID_260E6C182A,0.5
ID_949217B201,0.5
ID_80588D7F8A,0.5
ID_173510B6FC,0.5
ID_ACC38469FD,0.5
ID_9BD2030991,0.5
ID_8F02CED8EF,0.5
ID_19BF3DD516,0.5
ID_153D6D72C9,0.5
ID_28B383DF0B,0.5
ID_BA56151680,0.5
ID_6D2BBDBDE0,0.5
ID_A5AE27DFD1,0.5
ID_5446E0C54C,0.5
ID_2546D894B1,0.5
ID_D5AD362AE8,0.5
ID_E5B26126A1,0.5
ID_C83B887565,0.5
ID_D8C38669C3,0.5
ID_9CD5E9A9A5,0.5
ID_48DBDC0153,0.5
ID_50420B08D9,0.5
ID_70A3774FB1,0.5
ID_C77EBFF780,0.5
ID_48DECCE490,0.5
ID_17F3439B04,0.5
ID_EE8ACD50E8,0.5
ID_962C879E15,0.5
ID_32529B8756,0.5
ID_5B33CAD11C,0.5
ID_A01AF4B574,0.5
ID_3801E590F0,0.5
ID_309DB491A6,0.5
ID_866F1C0594,0.5
ID_1C705AA739,0.5
ID_1DB3E54E90,0.5
ID_B76CF96168,0.5
ID_993F29B169,0.5
ID_20900F79DC,0.5
ID_B010168B36,0.5
ID_D389C953AF,0.5
ID_727C935B35,0.5
ID_57BC0526DB,0.5
ID_B5F4E0A0EF,0.5
ID_877FC71C26,0.5
ID_F00F2DFD5A,0.5
ID_F22DE1D53D,0.5
ID_327E12877F,0.5
ID_B0A5FA1A71,0.5
ID_9D85F80398,0.5
ID_CFE199ADFE,0.5
ID_7338A67766,0.5
ID_D280171794,0.5
ID_89F34C977C,0.5
ID_9B83142E1B,0.5
ID_5D88040E17,0.5
ID_32D6AB19C0,0.5
ID_9437677153,0.5
ID_9086BF613B,0.5
ID_38C5D5E919,0.5
ID_95BC70A96D,0.5
ID_C5FB39C28D,0.5
ID_F8F11ECDE6,0.5
ID_61352BA7EC,0.5
ID_46B7F88270,0.5
ID_EF72382E1E,0.5
ID_1BA0C6C5B4,0.5
ID_D796077704,0.5
ID_FBA5B3802D,0.5
ID_A53C6AFAC7,0.5
ID_8D332B301B,0.5
ID_CF60856E35,0.5
ID_3AD35129B1,0.5
ID_5FAA3E0155,0.5
ID_2BD559A2C1,0.5
ID_EC56BE017C,0.5
ID_2B8A652F34,0.5
ID_3B58757704,0.5
ID_F86C128814,0.5
ID_470EA1A7BF,0.5
ID_264F62F86E,0.5
ID_5B0DE613B6,0.5
ID_8EA89D2DD0,0.5
ID_4C5A357ECE,0.5
ID_E9941C480E,0.5
ID_41650305B7,0.5
ID_A5C7557468,0.5
ID_E0ADC0D03C,0.5
ID_836952C912,0.5
ID_3750D8E685,0.5
ID_8327800F82,0.5
ID_BC37C1DB69,0.5
ID_1DF0F61155,0.5
ID_CF19C64748,0.5
ID_D799925121,0.5
ID_C2880F85EF,0.5
ID_D49FAF0F49,0.5
ID_7BE327A7CF,0.5
ID_2369AC7467,0.5
ID_864E8C1374,0.5
ID_5CC10E6472,0.5
ID_5C53650CE6,0.5
ID_474818F15D,0.5
ID_A505314472,0.5
ID_B200303B72,0.5
ID_265E527404,0.5
ID_ABCC771593,0.5
ID_D1FF2E6243,0.5
ID_DA2029A8DB,0.5
ID_8EDCC85F4F,0.5
ID_A52B83F73F,0.5
ID_E6F0538EC9,0.5
ID_12F6F481E1,0.5
ID_3D57D41110,0.5
ID_062BB6DD0D,0.5
ID_A476F34D73,0.5
ID_0273490FA7,0.5
ID_4FABE7155F,0.5
ID_74FF93549A,0.5
ID_F0C40F5FC5,0.5
ID_5FE8974110,0.5
ID_3503E2886C,0.5
ID_D8504EB0EC,0.5
ID_D8ACF99A4E,0.5
ID_8611F6467A,0.5
ID_9393DC9A0A,0.5
ID_FBFFF302C8,0.5
ID_19D611D972,0.5
ID_DCDD3F79AB,0.5
ID_81DE527DB9,0.5
ID_6AFF425CDD,0.5
ID_87DEB6C3E1,0.5
ID_F7BD0FF440,0.5
ID_990CE98437,0.5
ID_E8C609E985,0.5
ID_E6BE6479C7,0.5
ID_6E2525C782,0.5
ID_160929130C,0.5
ID_94101D4E8B,0.5
ID_F314F9CA09,0.5
ID_7B2120C984,0.5
ID_92A68B5857,0.5
ID_7515CE7504,0.5
ID_390CF9422E,0.5
ID_424178A575,0.5
ID_057478B92F,0.5
ID_F9ED7765F2,0.5
ID_BC38EEBB67,0.5
ID_38813FB65B,0.5
ID_A2788D94AB,0.5
ID_B733EFCAAE,0.5
ID_BD2F119D19,0.5
ID_DD198F5A61,0.5
ID_E08831EAFD,0.5
ID_0222142266,0.5
ID_6B5C8CE021,0.5
ID_218418246F,0.5
ID_224E28EFF0,0.5
ID_8AD8A890B3,0.5
ID_202875C9A2,0.5
ID_374B38C64F,0.5
ID_B56EF251C2,0.5
ID_06769904D5,0.5
ID_4FD743AD38,0.5
ID_3C2F71395C,0.5
ID_7F6F487F8D,0.5
ID_1F79F0C49F,0.5
ID_645744E080,0.5
ID_AF55C5F27D,0.5
ID_D24DFC4AE3,0.5
ID_ABA664BD50,0.5
ID_D1D16C0007,0.5
ID_AB876639B1,0.5
ID_EB199B9D61,0.5
ID_3D4935D653,0.5
ID_C0738BD740,0.5
ID_D918D7C7F1,0.5
ID_E20D8CDF9B,0.5
ID_DA684D1806,0.5
ID_B03217A1A6,0.5
ID_EAFF5CED4E,0.5
ID_5F441D9460,0.5
ID_73788CAD4A,0.5
ID_476DA12E40,0.5
ID_9C36EA0B9E,0.5
ID_81F66466A4,0.5
ID_61A2F087ED,0.5
ID_304E096C34,0.5
ID_574ABC1A4F,0.5
ID_D47D918F47,0.5
ID_3363730A76,0.5
ID_A02F70879D,0.5
ID_94457A4A3E,0.5
ID_B90BFCCD3F,0.5
ID_8A66D8C4FF,0.5
ID_7D9C83E521,0.5
ID_284C5F505D,0.5
ID_A86B9BEBC4,0.5
ID_161C6B1C34,0.5
ID_44554D78D8,0.5
ID_A96C339D50,0.5
ID_76FD2ABAEC,0.5
ID_B0993344F4,0.5
ID_68BC8C13D5,0.5
ID_6F216513BE,0.5
ID_2DA94552A1,0.5
ID_AD8C08B7AB,0.5
ID_6DD37861AC,0.5
ID_3609AE766B,0.5
ID_4DA85664FC,0.5
ID_A40F4802EE,0.5
ID_464C432E37,0.5
ID_396A2D3284,0.5
ID_9B76951BAC,0.5
ID_4BA7E3ADCE,0.5
ID_F7BC8CD74C,0.5
ID_503C92080C,0.5
ID_36C7C4B8FF,0.5
ID_BD98262D41,0.5
ID_57AD2DD87A,0.5
ID_BD07E3C2D7,0.5
ID_27EB6A3200,0.5
ID_2624393092,0.5
ID_70F52F2F23,0.5
ID_2E70968A31,0.5
ID_924D7885FE,0.5
ID_8C4E358C2C,0.5
ID_1F189DEA7B,0.5
ID_19657150BA,0.5
ID_DB8A03C916,0.5
ID_69949448AD,0.5
ID_FCD0BC9D8E,0.5
ID_3EAA31D023,0.5
ID_348D6F3383,0.5
ID_26227BD684,0.5
ID_BEB7E3E90F,0.5
ID_694E09D492,0.5
ID_6ADBA07FB9,0.5
ID_43CEEBD2BF,0.5
ID_52A3A2248B,0.5
ID_819F1C0B37,0.5
ID_C46C7CA6EF,0.5
ID_7271DFE86B,0.5
ID_7FFA81D23A,0.5
ID_7D7B48A35D,0.5
ID_060A577763,0.5
ID_8792B13687,0.5
ID_D087E39D70,0.5
ID_5D5CD02EEC,0.5
ID_9FACA5E6AA,0.5
ID_57CF6C6843,0.5
ID_E5DE885AA9,0.5
ID_265B1A0FA4,0.5
ID_7939CB6CB8,0.5
ID_7758BC12B8,0.5
ID_39D9533DCE,0.5
ID_D82578728B,0.5
ID_7591AC3CCA,0.5
ID_0BBB9152D2,0.5
ID_3D1E95FBDD,0.5
ID_84ED5D60A0,0.5
ID_B80EDD1758,0.5
ID_4017B56C53,0.5
ID_E87724A260,0.5
ID_5EAB0044CE,0.5
ID_214505993F,0.5
ID_70D928FF8B,0.5
ID_7F30CE7E04,0.5
ID_F81ABFB589,0.5
ID_ED6CDA2DC6,0.5
ID_1DA902FD37,0.5
ID_827E76FE4E,0.5
ID_4D8D9476F9,0.5
ID_571C822713,0.5
ID_135D188FE4,0.5
ID_32847D05A5,0.5
ID_7F7C8E36EF,0.5
ID_4CE246ECC3,0.5
ID_69861B545E,0.5
ID_59753804C6,0.5
ID_2BD14F1AA8,0.5
ID_C309E1EB7B,0.5
ID_2631FF294B,0.5
ID_63ADF22403,0.5
ID_53D3EEEE60,0.5
ID_9804E2C811,0.5
ID_B8DD1E96CB,0.5
ID_E93BCFB573,0.5
ID_AA468289E9,0.5
ID_829BE5FAE9,0.5
ID_2396BF2D62,0.5
ID_F9E021ABC7,0.5
ID_7C703A3E37,0.5
ID_AA60CDFB02,0.5
ID_64D7A85088,0.5
ID_59F95891ED,0.5
ID_B50BAF47A6,0.5
ID_46805C9212,0.5
ID_A53C9EF661,0.5
ID_E682A6C10A,0.5
ID_00D7569A69,0.5
ID_C5748B619D,0.5
ID_EA26DEC99B,0.5
ID_531E2FEB0C,0.5
ID_7111740B03,0.5
ID_AF428FA403,0.5
ID_D2C7F1673A,0.5
ID_8A7AC640E4,0.5
ID_5AD8ACCCE4,0.5
ID_56BCBA1237,0.5
ID_499B56DD39,0.5
ID_4D8553F03B,0.5
ID_246B60EB3C,0.5
ID_E3A379ABBF,0.5
ID_4FED839A93,0.5
ID_A903A4C818,0.5
ID_B76DE4B572,0.5
ID_8D51404A77,0.5
ID_8B0356F993,0.5
ID_5DD6FAF129,0.5
ID_A3D2BAEB22,0.5
ID_8379A17F6F,0.5
ID_25F194F2D0,0.5
ID_D1C848C91E,0.5
ID_AA1DF6E0A7,0.5
ID_6BFF200ECC,0.5
ID_B7A99DDD5F,0.5
ID_8B6F2BF7AD,0.5
ID_894DFEAE66,0.5
ID_965C74561A,0.5
ID_4AD073AC07,0.5
ID_0FB7B5A581,0.5
ID_613C33DCC1,0.5
ID_1BECB94A9C,0.5
ID_4E4BE31BBF,0.5
ID_FE920DE1C4,0.5
ID_C02AE73E08,0.5
ID_043BB2E441,0.5
ID_E25F490A1F,0.5
ID_2A36AAA057,0.5
ID_BFBFC7302E,0.5
ID_C37A0217A7,0.5
ID_7731EF0D4C,0.5
ID_35A39E1DC6,0.5
ID_8E62EBC82A,0.5
ID_17C46DF40B,0.5
ID_4D029680AF,0.5
ID_32EE18F039,0.5
ID_9F2DCF44C9,0.5
ID_26B818C6DE,0.5
ID_DFC0D14A93,0.5
ID_66358EE5D2,0.5
ID_22B8FE7B21,0.5
ID_9F447AB693,0.5
ID_4E75F8CDD7,0.5
ID_EF83D1F8EA,0.5
ID_5AA16A0F0B,0.5
ID_C192CF611C,0.5
ID_33BA7587F4,0.5
ID_42D2AF6CF3,0.5
ID_D191B3DCD4,0.5
ID_D473207829,0.5
ID_44ECEF4F84,0.5
ID_5822588354,0.5
ID_8FE8A1D38B,0.5
ID_7B655412EF,0.5
ID_AEF63ECB97,0.5
ID_8260F0335A,0.5
ID_A41375D09E,0.5
ID_8533C2D22F,0.5
ID_3A5DED5416,0.5
ID_C7BE7DDB34,0.5
ID_50AEECB270,0.5
ID_2A5F7C6A05,0.5
ID_5183DE41A9,0.5
ID_577BFF0075,0.5
ID_53F207D5EB,0.5
ID_2A5C24A694,0.5
ID_17DC3278A6,0.5
ID_6219CCB33A,0.5
ID_387F79AF6F,0.5
ID_A03120801D,0.5
ID_F22E806F86,0.5
ID_54FC6873EA,0.5
ID_A150CC8092,0.5
ID_5962FF552C,0.5
ID_4EB1AFF3F7,0.5
ID_B50AFDD323,0.5
ID_714DA2103D,0.5
ID_294AE71366,0.5
ID_CEA459D3EC,0.5
ID_CE7D92574F,0.5
ID_D1F08E1F1B,0.5
ID_7EEADB216D,0.5
ID_54EDBCBE93,0.5
ID_AD4E6752D9,0.5
ID_601F8C74B6,0.5
ID_F2DB701BCB,0.5
ID_C24C5C6A7F,0.5
ID_F96849FDB2,0.5
ID_746D369ED2,0.5
ID_96D9AA8367,0.5
ID_C669D2D578,0.5
ID_74FED04907,0.5
ID_3AAE8584F0,0.5
ID_21520E5CD5,0.5
ID_D5B8766791,0.5
ID_E76DDDD30C,0.5
ID_6CF3E24EA7,0.5
ID_2F2C98F83C,0.5
ID_61D5D9B37A,0.5
ID_6387DF26ED,0.5
ID_56EEBCA47F,0.5
ID_FDD3F0508C,0.5
ID_7674010915,0.5
ID_02CF40E4B4,0.5
ID_5567B32D27,0.5
ID_85D29B9681,0.5
ID_5E2FC2410E,0.5
ID_3DBBCF2F4A,0.5
ID_A50BF6B57C,0.5
ID_B0E865A60A,0.5
ID_DA590E583E,0.5
ID_9AB17FEB7E,0.5
ID_60D7E37603,0.5
ID_CC5EA6A28B,0.5
ID_8D886D9B17,0.5
ID_BDE75259DB,0.5
ID_FFDB5AE3EC,0.5
ID_5AEE2F3118,0.5
ID_8D0261B76A,0.5
ID_0C71E515B2,0.5
ID_2927A0D293,0.5
ID_CD5C9E65F0,0.5
ID_C190AB56B7,0.5
ID_ACFBA8FFD0,0.5
ID_FBE3847B33,0.5
ID_9B9899E3E1,0.5
ID_64E43D7B4D,0.5
ID_0A2B634575,0.5
ID_9E2286E21B,0.5
ID_F527CC63F6,0.5
ID_F3125EB7A2,0.5
ID_589728494F,0.5
ID_97C8E6FB07,0.5
ID_2D35E0BD78,0.5
ID_3C34F890CB,0.5
ID_612B714B22,0.5
ID_55463C0BE6,0.5
ID_6996A670EE,0.5
ID_A1506CC4D1,0.5
ID_1FA255EF16,0.5
ID_1739318C91,0.5
ID_4B075734F3,0.5
ID_7A526E5660,0.5
ID_947D0D3D40,0.5
ID_B11C43F135,0.5
ID_31FDF6B777,0.5
ID_5F7D0BEC00,0.5
ID_9A2CE34CAC,0.5
ID_34A08FDBF6,0.5
ID_54D2AD5346,0.5
ID_39A5940642,0.5
ID_4DB17D8F3C,0.5
ID_92A7DCBF7F,0.5
ID_776B0E30EB,0.5
ID_9E0BED2314,0.5
ID_1FA764DFDA,0.5
ID_DB10972739,0.5
ID_2645320A52,0.5
ID_CE47B19B66,0.5
ID_2CA229536F,0.5
ID_1EF6AA3D2B,0.5
ID_818B22DC71,0.5
ID_D4E615A6BF,0.5
ID_89638EDD3B,0.5
ID_E9738E7C0D,0.5
ID_CB86F0FFD3,0.5
ID_C1E9D95507,0.5
ID_C7F43C561C,0.5
ID_34A5E879A5,0.5
ID_622E7241E3,0.5
ID_CE048DA602,0.5
ID_7760A2CB4E,0.5
ID_78DC851B93,0.5
ID_ADA83ED81E,0.5
ID_D8448C14AB,0.5
ID_99B8EC77AB,0.5
ID_6F881185A0,0.5
ID_5E9D4F67A0,0.5
ID_A5DB65A773,0.5
ID_BA45186DDD,0.5
ID_F779E9DF76,0.5
ID_F9C003DABD,0.5
ID_BA8C5BEEF7,0.5
ID_8CB56C96C3,0.5
ID_E4989BFA16,0.5
ID_BAE601528A,0.5
ID_CA3C7944A1,0.5
ID_435EE4D28B,0.5
ID_FB836396AC,0.5
ID_BE5EE831B5,0.5
ID_84DD3BF79A,0.5
ID_EC2656B2E2,0.5
ID_E8D58C5405,0.5
ID_A991886152,0.5
ID_02AEA490CA,0.5
ID_9AF83335FF,0.5
ID_6FBD8FFC68,0.5
ID_4F2DF86758,0.5
ID_E578F0FC5D,0.5
ID_7F55005A49,0.5
ID_8FE383E655,0.5
ID_36E1CFFFDD,0.5
ID_952B390447,0.5
ID_F1DE840332,0.5
ID_87AEEC6DE7,0.5
ID_174A9D2F6C,0.5
ID_9EAFDEC0E4,0.5
ID_783BD7EE55,0.5
ID_FC70C1AFDE,0.5
ID_C2748DD6D0,0.5
ID_DBB7E4D5A2,0.5
ID_060594E9D7,0.5
ID_9CABB10053,0.5
ID_2E589C2C60,0.5
ID_D08049DBEE,0.5
ID_689C766EFD,0.5
ID_325CCC2D88,0.5
ID_78EAAE02EC,0.5
ID_68BCFB050E,0.5
ID_DE1F33512F,0.5
ID_50DE86385B,0.5
ID_FB7812A3BC,0.5
ID_DF94B7C4A5,0.5
ID_04491B56A8,0.5
ID_F16B59B942,0.5
ID_6179A4B5AA,0.5
ID_F603146158,0.5
ID_5158D674EC,0.5
ID_8E5C0D7084,0.5
ID_D10A09D534,0.5
ID_EB39694A38,0.5
ID_45C7B6BDED,0.5
ID_9C28DA00F1,0.5
ID_68BE3088ED,0.5
ID_2BF36F3311,0.5
ID_DA7F91034D,0.5
ID_82874CCF2A,0.5
ID_2B2D646B9C,0.5
ID_551383E674,0.5
ID_68ACA548AD,0.5
ID_766E3AC15F,0.5
ID_95889FC55A,0.5
ID_0363E0AE4E,0.5
ID_FFE4E797DF,0.5
ID_033B83796F,0.5
ID_B2F01EC7A4,0.5
ID_0EF131934E,0.5
ID_F7F7C538BC,0.5
ID_3790612CA9,0.5
ID_A5CA56C8D1,0.5
ID_9C946D0F4A,0.5
ID_9480EEAF45,0.5
ID_43B21B5D32,0.5
ID_D4C7C3237A,0.5
ID_DFF99C125C,0.5
ID_689CC4D5B0,0.5
ID_B828B54702,0.5
ID_2AB86AEEDD,0.5
ID_594DB6B1E7,0.5
ID_D1A9DED6CE,0.5
ID_051C5BC96B,0.5
ID_3BE0031889,0.5
ID_0DA8F26739,0.5
ID_1439CE4734,0.5
ID_167B75EF7F,0.5
ID_3DE81E32F7,0.5
ID_F38BB465C7,0.5
ID_F5274B720C,0.5
ID_86D547FF0C,0.5
ID_06BDC7CC5B,0.5
ID_B5EA7C3BE5,0.5
ID_8592BD851D,0.5
ID_FE3A01D92A,0.5
ID_76FA3236C1,0.5
ID_16BEA52841,0.5
ID_B8686A9967,0.5
ID_E2EEE3732B,0.5
ID_F7104C145A,0.5
ID_1E02592A23,0.5
ID_32BFCCEA68,0.5
ID_A79D16E84F,0.5
ID_37D2697637,0.5
ID_B5A81ED077,0.5
ID_0FD4FC769A,0.5
ID_632CC56D34,0.5
ID_B51E181E68,0.5
ID_8F28B5B3CB,0.5
ID_EA853949A9,0.5
ID_E6027B2093,0.5
ID_E33C683AC6,0.5
ID_B2C62FE2BB,0.5
ID_E0488916CA,0.5
ID_EBCDAF5032,0.5
ID_0488001052,0.5
ID_4927449143,0.5
ID_BC2304282A,0.5
ID_BB3ACA5ADB,0.5
ID_0DF06E2FC5,0.5
ID_FA2C8E4085,0.5
ID_8A05026EEB,0.5
ID_8F6BCF3764,0.5
ID_D24E216799,0.5
ID_65D6C906CE,0.5
ID_921CCA5486,0.5
ID_E744970FF7,0.5
ID_61308D369B,0.5
ID_2DF698FBE1,0.5
ID_0C5CBE5636,0.5
ID_6546219259,0.5
ID_1BDAE13C49,0.5
ID_930BE34891,0.5
ID_D9257EF02A,0.5
ID_BED45D8E92,0.5
ID_F815FEAA57,0.5
ID_94C782A4F5,0.5
ID_A9CAE823E4,0.5
ID_FD7C971AA3,0.5
ID_B1486E7137,0.5
ID_948920263C,0.5
ID_CC13F70F4D,0.5
ID_CE0D734478,0.5
ID_72171BD6E4,0.5
ID_1FFDA10655,0.5
ID_BC40A2BB3C,0.5
ID_26278ACCFE,0.5
ID_26BEC06DDD,0.5
ID_A222B96899,0.5
ID_0F9E01F781,0.5
ID_48DBE3AA4C,0.5
ID_B3875598C6,0.5
ID_EE2FEBAA2E,0.5
ID_7CE9755B67,0.5
ID_E2B3A92931,0.5
ID_561F12948A,0.5
ID_1CF0699702,0.5
ID_60EE000E86,0.5
ID_6076DD9662,0.5
ID_E07EC3ED99,0.5
ID_841C1AC91C,0.5
ID_116E2F0595,0.5
ID_0DF16A1480,0.5
ID_685A4712D7,0.5
ID_C551892B73,0.5
ID_75AF0CC7A1,0.5
ID_811372AE77,0.5
ID_82AABE7CDF,0.5
ID_9D8754FC44,0.5
ID_E0A7D87084,0.5
ID_21B18CE2A5,0.5
ID_E33D8733A1,0.5
ID_C21AD5D138,0.5
ID_C707E2D6D2,0.5
ID_D3006E6ABC,0.5
ID_7061F6128E,0.5
ID_1C87DB8F39,0.5
ID_84C5F637AC,0.5
ID_743A4238AB,0.5
ID_5876ED890B,0.5
ID_0F5F6EC45F,0.5
ID_E570ADBC84,0.5
ID_48D30FD498,0.5
ID_FF8ECA1E44,0.5
ID_FC3E596695,0.5
ID_499EA8CD1D,0.5
ID_0E297584DD,0.5
ID_7B29366991,0.5
ID_803037CF7F,0.5
ID_52661C0200,0.5
ID_B64D9AF54E,0.5
ID_CCDC7BFCB2,0.5
ID_541127C840,0.5
ID_EC65F1B75E,0.5
ID_006B02D8EA,0.5
ID_DF505BCEE3,0.5
ID_65213658DB,0.5
ID_3F99BEB16E,0.5
ID_5330EEFB6A,0.5
ID_88EDD97248,0.5
ID_FD5F993412,0.5
ID_DDBD02B572,0.5
ID_7BDAB01A11,0.5
ID_43B329D19C,0.5
ID_3FCF450BCD,0.5
ID_D328BB64C4,0.5
ID_5F49044B17,0.5
ID_3D1DA38FCC,0.5
ID_746C048078,0.5
ID_3988C2D2A2,0.5
ID_FFAA795B63,0.5
ID_5AFBFB4749,0.5
ID_18755BC908,0.5
ID_2E0A9A67DA,0.5
ID_05793F1A35,0.5
ID_AC0F7FF3E5,0.5
ID_A83503F6C1,0.5
ID_58F2E77C6A,0.5
ID_451EDFB03B,0.5
ID_DBA02A495B,0.5
ID_2D00ACAE93,0.5
ID_0BB87E2E53,0.5
ID_7E780A6190,0.5
ID_F890D8AE73,0.5
ID_DA6A923139,0.5
ID_6797DF9027,0.5
ID_44511C7E96,0.5
ID_689C89CC63,0.5
ID_9154A9E8F2,0.5
ID_AD19B5DBD7,0.5
ID_4830E909EE,0.5
ID_697C683A8D,0.5
ID_37F9AC099F,0.5
ID_0AE2E65555,0.5
ID_ABEAFF32E4,0.5
ID_2D5215E823,0.5
ID_A22F29AB03,0.5
ID_C40CCD02E8,0.5
ID_CFEDBED1C0,0.5
ID_2DB43B56FB,0.5
ID_C478AE4601,0.5
ID_0F39BE99D4,0.5
ID_0A6059A6D8,0.5
ID_A46F92D077,0.5
ID_F600B0469F,0.5
ID_AD1885FB7D,0.5
ID_93CFB47BC8,0.5
ID_2639B981DF,0.5
ID_BABFBDA923,0.5
ID_60F2DA70C4,0.5
ID_D661DEDFEB,0.5
ID_EEF7CA0216,0.5
ID_E09762C54E,0.5
ID_7140B719FE,0.5
ID_A705C9CBC6,0.5
ID_4E8E041A75,0.5
ID_4F1213CB4D,0.5
ID_8377455659,0.5
ID_A6E22248FE,0.5
ID_30B5DA6D0D,0.5
ID_877C7CB7D2,0.5
ID_DCD0EA0C89,0.5
ID_30317850EF,0.5
ID_9844FC0F73,0.5
ID_A3F852CA6D,0.5
ID_E8A2C085DB,0.5
ID_D54F42AC1D,0.5
ID_0D6C09FAED,0.5
ID_D912328EC9,0.5
ID_BD6DF74C64,0.5
ID_CC4DA080D9,0.5
ID_E6BB51FDDF,0.5
ID_7ECD8C18DD,0.5
ID_369D9C7FAA,0.5
ID_F4E47A61B9,0.5
ID_C1754C25ED,0.5
ID_938AEBC31A,0.5
ID_E4C1E11B6C,0.5
ID_E617DB3DAD,0.5
ID_DDDB59F9F4,0.5
ID_88795FBA69,0.5
ID_336F1578BD,0.5
ID_D8421FEFAA,0.5
ID_65F5BFCDB9,0.5
ID_BE659F429E,0.5
ID_C424CA9EBB,0.5
ID_01BDDCE3F4,0.5
ID_4025E777B3,0.5
ID_F473461A61,0.5
ID_20ED3DD5B1,0.5
ID_94F70D91D3,0.5
ID_8ECE0046A6,0.5
ID_3102EF0FDE,0.5
ID_FE0AC2411E,0.5
ID_426E3D89AF,0.5
ID_7A259F0FD9,0.5
ID_CE7B875321,0.5
ID_6A5E29BE1C,0.5
ID_8AA24DC59F,0.5
ID_2E5BB0106A,0.5
ID_2225045983,0.5
ID_5AC614E076,0.5
ID_2BB87C1B41,0.5
ID_442E53978A,0.5
ID_710C1E1574,0.5
ID_2C847619F0,0.5
ID_FEB9E1C149,0.5
ID_89CB76329D,0.5
ID_460BB3A552,0.5
ID_7AD5472445,0.5
ID_B79DA8DB82,0.5
ID_9CF92D316E,0.5
ID_40A4A36EBD,0.5
ID_F26FAFAF14,0.5
ID_4A1FCFA1DC,0.5
ID_737FFA02BE,0.5
ID_D1EC7F0814,0.5
ID_AEA2391746,0.5
ID_F9F80CB579,0.5
ID_603C7F5560,0.5
ID_6DD55608A0,0.5
ID_80D50ECE1C,0.5
ID_D696B7E738,0.5
ID_4C49988E72,0.5
ID_A124B87878,0.5
ID_4DFEA733E1,0.5
ID_A6748C82EB,0.5
ID_C575DD370E,0.5
ID_6A394D1BE3,0.5
ID_613A8D0C42,0.5
ID_FF53C3E90C,0.5
ID_9C66B53333,0.5
ID_AB2155157B,0.5
ID_9E0C0E944B,0.5
ID_3BE42BF0A4,0.5
ID_45AD1E340D,0.5
ID_7CA896FC29,0.5
ID_435E2C9ED3,0.5
ID_DE8A92953E,0.5
ID_CC8F98CF49,0.5
ID_D390B40654,0.5
ID_E0EC37396A,0.5
ID_9F238949ED,0.5
ID_015AB60569,0.5
ID_B668AA0F22,0.5
ID_E2B1D8ABB9,0.5
ID_D0B9AE65E4,0.5
ID_321974CA3A,0.5
ID_D5C8509A13,0.5
ID_8510550671,0.5
ID_A477C6A54D,0.5
ID_C17BD82431,0.5
ID_22B79AEF73,0.5
ID_9FA5EE285E,0.5
ID_BFA795EAB6,0.5
ID_2049D31556,0.5
ID_883796F19E,0.5
ID_644D98B3D6,0.5
ID_5FD0E90F3A,0.5
ID_5AE14ABFEA,0.5
ID_5BDE16B843,0.5
ID_F997E6F63C,0.5
ID_6395E53B95,0.5
ID_D80AE77FB3,0.5
ID_C29E439C7B,0.5
ID_8A31ADBCF0,0.5
ID_D06C319909,0.5
ID_2F16305E00,0.5
ID_2EC12A3811,0.5
ID_187FA7529D,0.5
ID_DC2088C0AB,0.5
ID_705AD3B4A2,0.5
ID_9257F6A057,0.5
ID_9CD8872C8B,0.5
ID_AFC5B6EDE8,0.5
ID_12A70AF8E9,0.5
ID_07AF7C2E48,0.5
ID_554EAEC801,0.5
ID_3A7A7A7472,0.5
ID_EC3BA7EBC5,0.5
ID_45682E3EAD,0.5
ID_4FC90068C2,0.5
ID_D54CAF83AC,0.5
ID_5A352A90DA,0.5
ID_946819BE58,0.5
ID_C7F80B766C,0.5
ID_8B6424D211,0.5
ID_16ECDA34E1,0.5
ID_F1F8044D2A,0.5
ID_246A96428E,0.5
ID_960D2A5528,0.5
ID_4EA6D0D538,0.5
ID_04FFECAE96,0.5
ID_A3523EA5B9,0.5
ID_2C7A5ED458,0.5
ID_F0ED0945C2,0.5
ID_203AA09A18,0.5
ID_4AD48BCE8F,0.5
ID_B57BE15036,0.5
ID_83A573E4FB,0.5
ID_5E46D738CC,0.5
ID_DFD6BB8B5D,0.5
ID_97582DECE4,0.5
ID_A268867C0B,0.5
ID_2816D7B649,0.5
ID_7F2874AB62,0.5
ID_AF54282027,0.5
ID_DBD03E5A3E,0.5
ID_02042598F1,0.5
ID_0C019D966D,0.5
ID_1954D57749,0.5
ID_CCA4CB0150,0.5
ID_3F47085C1E,0.5
ID_82A895880D,0.5
ID_03D13B2D16,0.5
ID_EC110C9328,0.5
ID_8C7CADA30B,0.5
ID_0993E10698,0.5
ID_92C89534C4,0.5
ID_C5DCEB0C88,0.5
ID_BA964F268B,0.5
ID_2BD151D42C,0.5
ID_57BAB273A0,0.5
ID_BFD1C808FF,0.5
ID_128AD2D7A6,0.5
ID_CF7CF9C69F,0.5
ID_275D17A8B4,0.5
ID_9ADF7A1743,0.5
ID_32ED86714F,0.5
ID_F9B71A06D2,0.5
ID_2EA4D6D31E,0.5
ID_2CABDEB656,0.5
ID_FBD2FEEA7F,0.5
ID_29B505CC9C,0.5
ID_C104F7DAD9,0.5
ID_35D8EC3582,0.5
ID_0CF267BB64,0.5
ID_4DFAF896BF,0.5
ID_A5DA8991E1,0.5
ID_5E9242D266,0.5
ID_870DD269EB,0.5
ID_B6D805C4D4,0.5
ID_4E57A4C27A,0.5
ID_50952E2A3E,0.5
ID_89B31CC1ED,0.5
ID_3D25D40380,0.5
ID_351AB5FBEA,0.5
ID_DD42E89AB5,0.5
ID_169CF319D4,0.5
ID_95984FA367,0.5
ID_AEB1313D4F,0.5
ID_CA3949EF3C,0.5
ID_FABB3275D7,0.5
ID_60A15C5D06,0.5
ID_DA03466A76,0.5
ID_3EB99AB2F0,0.5
ID_A81B452AEC,0.5
ID_D13B00794E,0.5
ID_E631A83B84,0.5
ID_D47D36252F,0.5
ID_1B9BFD5DD2,0.5
ID_9EBC4426F1,0.5
ID_6445BD3787,0.5
ID_76A97BC0F7,0.5
ID_B95B5C32C3,0.5
ID_AD5F9BE118,0.5
ID_A77C8DAE20,0.5
ID_AF3E8800E1,0.5
ID_B22AE95002,0.5
ID_2CFDE90A63,0.5
ID_CC6600FFCE,0.5
ID_C93580CD70,0.5
ID_F2EF986F0F,0.5
ID_3EDE98E675,0.5
ID_BEA7C34D74,0.5
ID_E7810A3B5A,0.5
ID_01B83B7F0C,0.5
ID_6FF75C6AF0,0.5
ID_685CDB76D8,0.5
ID_C85CABB671,0.5
ID_1FE5296456,0.5
ID_BB4CFA01F7,0.5
ID_1E8FE7F5C0,0.5
ID_2442E6A065,0.5
ID_F180BBD57A,0.5
ID_B006E87D04,0.5
ID_D9F67900FD,0.5
ID_F5F430EA76,0.5
ID_471D37FFEC,0.5
ID_33EFC36E67,0.5
ID_C2E436A807,0.5
ID_475CA1E752,0.5
ID_4DFF77AEB8,0.5
ID_C2C1720C4A,0.5
ID_76A3045A18,0.5
ID_5DD4584706,0.5
ID_FDE1F0AA6F,0.5
ID_D248BABE55,0.5
ID_F1A5CF4FC5,0.5
ID_1436E8F346,0.5
ID_80F6625D9A,0.5
ID_592CE8A276,0.5
ID_E36B4C8D52,0.5
ID_0BC352C97C,0.5
ID_8E299576CA,0.5
ID_36C2FD984E,0.5
ID_5B0D7911E8,0.5
ID_494AC721F0,0.5
ID_72B62F7DCC,0.5
ID_90903A05C5,0.5
ID_52CC12E013,0.5
ID_26FB7A5805,0.5
ID_06BBAEDB70,0.5
ID_416097CC7B,0.5
ID_6AEAD9620D,0.5
ID_DFABC4BD6D,0.5
ID_D36E525F6E,0.5
ID_D3FC3CBD9D,0.5
ID_1A9BADE155,0.5
ID_840B0D65A7,0.5
ID_D1E15774A7,0.5
ID_5243782256,0.5
ID_190870FC76,0.5
ID_C44B2C83DD,0.5
ID_4D758FA19F,0.5
ID_A260FF7F62,0.5
ID_EF5B2BBDD4,0.5
ID_E78FB5BF49,0.5
ID_C106ED2B35,0.5
ID_7347F9C659,0.5
ID_9D95C6792F,0.5
ID_D46AC6D1B3,0.5
ID_6034F2E749,0.5
ID_6BC3CE0EFC,0.5
ID_5FFAA12610,0.5
ID_19054728B8,0.5
ID_292745CBCF,0.5
ID_C2036FD5BF,0.5
ID_1B3DE326F1,0.5
ID_2B05816D1E,0.5
ID_519F87DE18,0.5
ID_E373BFBAF8,0.5
ID_EFFECB2C1E,0.5
ID_B4C5B6B95F,0.5
ID_139D903E44,0.5
ID_801F83146D,0.5
ID_B6612165BD,0.5
ID_91D0786809,0.5
ID_41CC2E158D,0.5
ID_3F3A5BCDF5,0.5
ID_037253FD6C,0.5
ID_1A36DDE1B4,0.5
ID_851FDCF700,0.5
ID_8AC5C9A269,0.5
ID_96F3F1E009,0.5
ID_EFC329A1F6,0.5
ID_01E9684F87,0.5
ID_896CA66356,0.5
ID_D3E8FCF947,0.5
ID_E72ECAF6CF,0.5
ID_E4BB541356,0.5
ID_8528FE1E3D,0.5
ID_607F3DEEB0,0.5
ID_6C27550271,0.5
ID_015FE907B2,0.5
ID_ECFCB6F246,0.5
ID_C70DEBB309,0.5
ID_521844ABB8,0.5
ID_E5ADC71F41,0.5
ID_0724596C45,0.5
ID_39C403EBA1,0.5
ID_DC18E02A95,0.5
ID_72ED3444DF,0.5
ID_EE697DF5ED,0.5
ID_4BA6861E3E,0.5
ID_030D983A6D,0.5
ID_983A2056CC,0.5
ID_B31D289228,0.5
ID_17A5B199D9,0.5
ID_F978EE859A,0.5
ID_0D6E14B384,0.5
ID_4FAFBDC195,0.5
ID_C8A886008C,0.5
ID_3E026166C6,0.5
ID_D00D31C2C7,0.5
ID_F025EE42D6,0.5
ID_CFA3A6FA3C,0.5
ID_1219F67D65,0.5
ID_8732A8D426,0.5
ID_EA6E53398C,0.5
ID_3B44783235,0.5
ID_C72F61E8A1,0.5
ID_9F30CE9398,0.5
ID_044D8D0285,0.5
ID_443E6F6A1A,0.5
ID_EBA388F4C9,0.5
ID_3001571A56,0.5
ID_BEF369E41A,0.5
ID_1E8078CF6D,0.5
ID_938CF1E461,0.5
ID_186524F24F,0.5
ID_70E68E415B,0.5
ID_AD5C4E4755,0.5
ID_DA3C9F3081,0.5
ID_66C900D09B,0.5
ID_C194AF0176,0.5
ID_1E5DBBD858,0.5
ID_EFD65EDCDE,0.5
ID_02C9628067,0.5
ID_3532D3AF9D,0.5
ID_263031C900,0.5
ID_67457DBBA2,0.5
ID_C493992777,0.5
ID_1B6D209114,0.5
ID_02C4408611,0.5
ID_2B88871BA9,0.5
ID_C547EFB8B2,0.5
ID_0D47C03AEB,0.5
ID_A0B1670CA2,0.5
ID_8122A8AA57,0.5
ID_E031E30503,0.5
ID_E166401C96,0.5
ID_EE77E0CF04,0.5
ID_54DA60982E,0.5
ID_6F8051D135,0.5
ID_2E18ACA252,0.5
ID_6367BA59B4,0.5
ID_7517A712D7,0.5
ID_7563832869,0.5
ID_FBDC459519,0.5
ID_9C71C9A8ED,0.5
ID_3DA8911A80,0.5
ID_30B29F3C85,0.5
ID_0ED25B9195,0.5
ID_96DB5B4A88,0.5
ID_6A4F4D4EC2,0.5
ID_A8A48DF078,0.5
ID_BCDE5553D8,0.5
ID_B3BE5D914A,0.5
ID_DE49646E66,0.5
ID_2D9E3D8203,0.5
ID_F5CA6AF1B4,0.5
ID_07CCC12238,0.5
ID_1017BEF54E,0.5
ID_B2F07FAAED,0.5
ID_2C8D7B6E0C,0.5
ID_7880914013,0.5
ID_6B32606632,0.5
ID_0F896DC57D,0.5
ID_CB4A61FB43,0.5
ID_E19AFAA93B,0.5
ID_5656584439,0.5
ID_7EC9A8BA24,0.5
ID_21FC49D761,0.5
ID_8C59A41F1C,0.5
ID_4ED7E57698,0.5
ID_D01F96DD01,0.5
ID_9ED7664F9E,0.5
ID_7A77C547C6,0.5
ID_146F0F53E1,0.5
ID_4B3333714D,0.5
ID_4BEFBB7143,0.5
ID_F9F4BD96AE,0.5
ID_C9AB6FB4F4,0.5
ID_7DFA24019C,0.5
ID_92F6803B51,0.5
ID_FCC6F9EF2B,0.5
ID_4453961045,0.5
ID_B685719298,0.5
ID_A6505D4AF8,0.5
ID_FB736598BB,0.5
ID_EB8080EAB9,0.5
ID_DFC7611251,0.5
ID_66FE8A30A5,0.5
ID_5E004DFE84,0.5
ID_C0AC19E45D,0.5
ID_DDE3194F89,0.5
ID_86D0720A85,0.5
ID_3807EBACBF,0.5
ID_4B0B50BEB2,0.5
ID_8A383B6CC0,0.5
ID_0B3D98E397,0.5
ID_821E90A113,0.5
ID_41AE86727C,0.5
ID_4929A5F6CD,0.5
ID_520C41F8AA,0.5
ID_B2985A68BA,0.5
ID_DB85F4A2FB,0.5
ID_F75BC03C5E,0.5
ID_7AE94A7F30,0.5
ID_1D3A79AB72,0.5
ID_303566F27A,0.5
ID_C37D980D71,0.5
ID_0729380D26,0.5
ID_8ED95DE4FB,0.5
ID_83BB7502FF,0.5
ID_9FE2EC7A6D,0.5
ID_406F5FF935,0.5
ID_D5269A958E,0.5
ID_472EB86517,0.5
ID_0744EDD6F1,0.5
ID_B2496C2D3F,0.5
ID_B9732064EF,0.5
ID_261A7C9F9C,0.5
ID_BC524A2526,0.5
ID_0363D73A51,0.5
ID_DD8C89048B,0.5
ID_CC41BE2505,0.5
ID_87F4F444C8,0.5
ID_17EA9EB1C4,0.5
ID_B9EEF7D05A,0.5
ID_786A7CC845,0.5
ID_2012C6AED7,0.5
ID_7D78FB0BF2,0.5
ID_7F51094E0B,0.5
ID_82F676E8FC,0.5
ID_C2F4EB236B,0.5
ID_466F17BD67,0.5
ID_527D3B3E3F,0.5
ID_B724F803E9,0.5
ID_CBF8EAB1D2,0.5
ID_132F5BFE0A,0.5
ID_D4C17834B8,0.5
ID_524631D679,0.5
ID_348CBE8E90,0.5
ID_AE7D0C5CC4,0.5
ID_5DA7BFFAAD,0.5
ID_C34B729E96,0.5
ID_3EDCF151AB,0.5
ID_E12DE58A94,0.5
ID_F89CEFB118,0.5
ID_EF0A98871D,0.5
ID_964B143F5B,0.5
ID_6C5894ADD8,0.5
ID_1725498F98,0.5
ID_E33B8D6B28,0.5
ID_978F397510,0.5
ID_8834D967B8,0.5
ID_2E2DAB7967,0.5
ID_4A607D0B1A,0.5
ID_D853417DA3,0.5
ID_ADE1385046,0.5
ID_69F92C6CFB,0.5
ID_CF73C2B1B3,0.5
ID_139DB73FEE,0.5
ID_D20A39FF8F,0.5
ID_471047F89D,0.5
ID_A41324F6BB,0.5
ID_C9645D5CFD,0.5
ID_7DA9FBFD7C,0.5
ID_08509A407C,0.5
ID_3C3DC04537,0.5
ID_737E482AB6,0.5
ID_6CEA897AE6,0.5
ID_7CEF7E5612,0.5
ID_28E6165E53,0.5
ID_74F6B6F3ED,0.5
ID_EF06BFA053,0.5
ID_6C13D0741A,0.5
ID_E588A741F1,0.5
ID_E2D8B2D02B,0.5
ID_55184D6220,0.5
ID_D50FB95FCD,0.5
ID_497FD68F1F,0.5
ID_EB89C7C8EA,0.5
ID_0CC2389AAE,0.5
ID_D4C96CD658,0.5
ID_48E416B06A,0.5
ID_B07EB64405,0.5
ID_7843BFCD9D,0.5
ID_2790E05BCD,0.5
ID_513AAC3721,0.5
ID_B59477A0E3,0.5
ID_E963162FD4,0.5
ID_30158C1130,0.5
ID_9B14C22798,0.5
ID_AA74580B86,0.5
ID_3FA4DADC89,0.5
ID_AC6FE57D1C,0.5
ID_07CD74A9DA,0.5
ID_F6F41B9619,0.5
ID_D320F7FE48,0.5
ID_8CC52A8EBC,0.5
ID_5B7A35B638,0.5
ID_F699AFE129,0.5
ID_9CEE94DF57,0.5
ID_5217CBA36B,0.5
ID_3E2181972F,0.5
ID_963CF4F13F,0.5
ID_36B8A66EAC,0.5
ID_000EABD923,0.5
ID_6BE3D08F89,0.5
ID_377E840FA8,0.5
ID_C766FC92A2,0.5
ID_62774F291F,0.5
ID_8ED999CC22,0.5
ID_1C49EEFE3F,0.5
ID_96B5B0E427,0.5
ID_868F8FDB05,0.5
ID_3BF824D325,0.5
ID_49D1C4BFFB,0.5
ID_355B88711F,0.5
ID_410D8529C7,0.5
ID_173A9B27FE,0.5
ID_BE09976B8A,0.5
ID_E1A68F9425,0.5
ID_95B1BF5E75,0.5
ID_B919EDFFFC,0.5
ID_1FA2F90D6C,0.5
ID_759D92533E,0.5
ID_AC6BF90DC1,0.5
ID_3DB1F42346,0.5
ID_F1F7116234,0.5
ID_556A09CB4B,0.5
ID_496A5A8715,0.5
ID_E5939EB7D0,0.5
ID_81700ABBA4,0.5
ID_D81B4AEBDA,0.5
ID_E8E7602038,0.5
ID_DF309ADBB7,0.5
ID_68DCB7FAF6,0.5
ID_3DD5CC660A,0.5
ID_6E8BE985D3,0.5
ID_674FA96A8F,0.5
ID_87C5D87DAD,0.5
ID_5D82145325,0.5
ID_092EBD285B,0.5
ID_F58B7C9ACC,0.5
ID_FDEED20355,0.5
ID_A7D611CA44,0.5
ID_046860AA9C,0.5
ID_83489A252B,0.5
ID_530589B01F,0.5
ID_C8B5797FC1,0.5
ID_95C2C6C897,0.5
ID_3C2CA31D1A,0.5
ID_608CC60167,0.5
ID_2549FA445D,0.5
ID_3948C6AC8C,0.5
ID_7051DA1F23,0.5
ID_764EFB61A4,0.5
ID_B447641385,0.5
ID_4C245EDEA6,0.5
ID_D2F3BDB8D0,0.5
ID_DDFC632DA6,0.5
ID_C322781F40,0.5
ID_26A2FB1C4B,0.5
ID_B1644600BC,0.5
ID_4DB9FF0852,0.5
ID_15E41B17C8,0.5
ID_D647B9B422,0.5
ID_6C3A859B05,0.5
ID_7B20017E4D,0.5
ID_C30A083C32,0.5
ID_623C61E56A,0.5
ID_BDADB8AEAD,0.5
ID_20F2D827A5,0.5
ID_A9528C9F8E,0.5
ID_D1565461F8,0.5
ID_75C6AE2D42,0.5
ID_1913EB3A1B,0.5
ID_EF9987B287,0.5
ID_9EC2631F14,0.5
ID_E26D26CB96,0.5
ID_04BD561829,0.5
ID_84015072A5,0.5
ID_AB89B6499D,0.5
ID_A6112223A2,0.5
ID_9E355DB00B,0.5
ID_ED1B4D9EDA,0.5
ID_567A195473,0.5
ID_9908C806F9,0.5
ID_319D5F37F4,0.5
ID_94B9E48EF1,0.5
ID_B16A50F9A2,0.5
ID_6E4A5B026A,0.5
ID_60FB619E85,0.5
ID_63AD7AFBD7,0.5
ID_35E37EC1FB,0.5
ID_11695D5B83,0.5
ID_922526AF9C,0.5
ID_BB783767C5,0.5
ID_E9035B5ED5,0.5
ID_42389C6AAB,0.5
ID_84E448AD84,0.5
ID_03C4DFAD6C,0.5
ID_41321A8A9D,0.5
ID_F358410704,0.5
ID_74006B98FF,0.5
ID_849DA3128D,0.5
ID_6A7B1E052C,0.5
ID_FC84BEB913,0.5
ID_AA6CC135E4,0.5
ID_EBDBECFD53,0.5
ID_E23D15108E,0.5
ID_8DB9F0CE05,0.5
ID_D5DE0F7B88,0.5
ID_4A44539026,0.5
ID_BB681E9995,0.5
ID_EDBECF01D8,0.5
ID_60B092D1BB,0.5
ID_E3E0186886,0.5
ID_78C2042EA5,0.5
ID_F84DAF6592,0.5
ID_BC81D9E3B0,0.5
ID_E14C4B2FF3,0.5
ID_FE2CFED5E5,0.5
ID_5AF6B5A88B,0.5
ID_EB45BDFCBE,0.5
ID_E8C9ABF19A,0.5
ID_CBED1C50E2,0.5
ID_B1B960AC1F,0.5
ID_F40D41C3B7,0.5
ID_617422528E,0.5
ID_2421D2214E,0.5
ID_D49FF6B7DD,0.5
ID_1DAD838FA0,0.5
ID_31E010651F,0.5
ID_2C127E638F,0.5
ID_BF3981993F,0.5
ID_4EB763AF8C,0.5
ID_945450FF77,0.5
ID_398A724DC7,0.5
ID_F041EF2CA9,0.5
ID_181BE8CFFB,0.5
ID_5865CFCA2A,0.5
ID_1F3E178702,0.5
ID_689113C271,0.5
ID_A306849030,0.5
ID_37963D53F7,0.5
ID_F45D3468EA,0.5
ID_B6E355DCD5,0.5
ID_8AB3C6A2C6,0.5
ID_0933AA500E,0.5
ID_6808C17029,0.5
ID_80F8E6BA07,0.5
ID_1B234DDCAF,0.5
ID_AF90A7990A,0.5
ID_38837E3756,0.5
ID_92F026D458,0.5
ID_7B8145C01B,0.5
ID_53DC897D99,0.5
ID_C0DA8CC78D,0.5
ID_F71A5E3D8A,0.5
ID_4080A74B9C,0.5
ID_6E57A791EC,0.5
ID_768F6CBCA7,0.5
ID_C9167B7D8D,0.5
ID_152A7B24A9,0.5
ID_5F40FB96DC,0.5
ID_BB2F5E7956,0.5
ID_956B927E9E,0.5
ID_422482FDEE,0.5
ID_B4A5A37908,0.5
ID_6B9B623D56,0.5
ID_4F1B4C5454,0.5
ID_AC0A66C230,0.5
ID_62ABCCE775,0.5
ID_7DDCF236A1,0.5
ID_AFF2EE48BE,0.5
ID_4BE32CCA01,0.5
ID_4F21587ACA,0.5
ID_E753A427F9,0.5
ID_51D9380A05,0.5
ID_40CB4AE552,0.5
ID_75515748D8,0.5
ID_C004C6B6C4,0.5
ID_C4F82BDC1B,0.5
ID_3A2FFC5CC4,0.5
ID_3397270980,0.5
ID_F2B4D273F3,0.5
ID_7382A10F82,0.5
ID_A514887548,0.5
ID_4B2CCF3FC9,0.5
ID_D5C4E9CA0E,0.5
ID_E8F2AB0625,0.5
ID_6918897F5F,0.5
ID_60857C6482,0.5
ID_3F3B6514D5,0.5
ID_3BA7B52BFD,0.5
ID_9774FA3D81,0.5
ID_325794A3B1,0.5
ID_BF56BAD83A,0.5
ID_6FFD7F6DA2,0.5
ID_68C33E358C,0.5
ID_AD48EE524D,0.5
ID_708C3D766B,0.5
ID_E70B1CC2C3,0.5
ID_66633EF573,0.5
ID_22B236056B,0.5
ID_DB285C4D9B,0.5
ID_000509FD5C,0.5
ID_DF39BF49C8,0.5
ID_1B8935B39D,0.5
ID_37624C02E7,0.5
ID_8471BBF4DD,0.5
ID_36BA028459,0.5
ID_FD26B8A4F4,0.5
ID_E909057319,0.5
ID_D1B4BACA0F,0.5
ID_858A6365CA,0.5
ID_5F31805B72,0.5
ID_9E43348C6F,0.5
ID_381901A808,0.5
ID_7C35A75071,0.5
ID_B8AFFFF0D6,0.5
ID_92F0A1561F,0.5
ID_E1780F2C37,0.5
ID_98FD127E8F,0.5
ID_98EDDC4E44,0.5
ID_5F6286D635,0.5
ID_79577F85B3,0.5
ID_EAB9BAA07F,0.5
ID_7D137A21D1,0.5
ID_AA4A664BA9,0.5
ID_C941CBDD27,0.5
ID_DB582B7449,0.5
ID_8AD4F2B05B,0.5
ID_A0331D75BE,0.5
ID_AA57FCC5EF,0.5
ID_27990C61CA,0.5
ID_0E25ABCD60,0.5
ID_DD269CE9C7,0.5
ID_58DB8D628F,0.5
ID_66BC8DFF19,0.5
ID_05229F3EEA,0.5
ID_1E3010E775,0.5
ID_B50E244748,0.5
ID_07892E38C3,0.5
ID_33D7BCD3F8,0.5
ID_90C4471F05,0.5
ID_693CD2F7A0,0.5
ID_61F19B20A1,0.5
ID_B1DBB0822D,0.5
ID_003E4EAD0B,0.5
ID_3CB755397F,0.5
ID_EBBD3E75C4,0.5
ID_CE7E6B63C3,0.5
ID_94E7F27B36,0.5
ID_0725009286,0.5
ID_C4EC6B250F,0.5
ID_3443003D14,0.5
ID_16E0FEC942,0.5
ID_AF6BA50974,0.5
ID_32EFD2A8F9,0.5
ID_041517C46D,0.5
ID_358900909E,0.5
ID_5666B01D69,0.5
ID_C8A2FD66EB,0.5
ID_20DAD23361,0.5
ID_656FB8919C,0.5
ID_557016E3E9,0.5
ID_EDAE6D1FCE,0.5
ID_BDDFFF8C3F,0.5
ID_83EFDCE76D,0.5
ID_4435716AD7,0.5
ID_AC589BE95D,0.5
ID_863B30D634,0.5
ID_50ED23F400,0.5
ID_ECDA7533E6,0.5
ID_125AA2CFD4,0.5
ID_A0E7EB7975,0.5
ID_2B670FDEC0,0.5
ID_D98F81BC9E,0.5
ID_4DB6E2F71A,0.5
ID_4F31EC845F,0.5
ID_2E2BA03D49,0.5
ID_5968466A6F,0.5
ID_C53498CEE9,0.5
ID_C76EE54FF9,0.5
ID_CA4559FAFE,0.5
ID_676B2B74E3,0.5
ID_CAC74D19A3,0.5
ID_DD7F8EACDB,0.5
ID_D04591750C,0.5
ID_15BA20A7C2,0.5
ID_CE0883551E,0.5
ID_C8D50F5D41,0.5
ID_778A8E1972,0.5
ID_5661CE2B75,0.5
ID_0A5F71D8BB,0.5
ID_7DAC8E48AA,0.5
ID_69842F465F,0.5
ID_8F4310C131,0.5
ID_305D24926F,0.5
ID_AA0C341188,0.5
ID_609D4D4985,0.5
ID_A9A8AD2A24,0.5
ID_B1CEACEB22,0.5
ID_087FF66AC3,0.5
ID_4F14D47E01,0.5
ID_BD26F0DBA1,0.5
ID_87BAD45633,0.5
ID_3BDDF9F63F,0.5
ID_5651C26084,0.5
ID_4E68030505,0.5
ID_4E61EA0014,0.5
ID_E2880D7260,0.5
ID_EC773C2184,0.5
ID_256896D290,0.5
ID_B17AF5B952,0.5
ID_004B7AD597,0.5
ID_6C3F134E52,0.5
ID_BF9AE9D1CB,0.5
ID_94DF23BDB7,0.5
ID_70073E37F4,0.5
ID_C222022098,0.5
ID_0D70D24ECC,0.5
ID_C8180CEB84,0.5
ID_5CC6A428A7,0.5
ID_6EDB2DC332,0.5
ID_E6ADCAFB62,0.5
ID_0025D7F696,0.5
ID_F08C26C26E,0.5
ID_F1521F4D0B,0.5
ID_61FD4DF425,0.5
ID_DD9EE2EC1E,0.5
ID_D610338310,0.5
ID_D9BF4C1D5A,0.5
ID_D7C216E645,0.5
ID_71A4A059B1,0.5
ID_E711105F99,0.5
ID_787B561998,0.5
ID_2CEB40CC3D,0.5
ID_1F680065B8,0.5
ID_8FF1A13D3F,0.5
ID_8F35065D2B,0.5
ID_6964E728CF,0.5
ID_578590E88A,0.5
ID_EF87360791,0.5
ID_7FFA2699B5,0.5
ID_6370003E9C,0.5
ID_3EFE9A6318,0.5
ID_914BC2477D,0.5
ID_3C510CCE45,0.5
ID_C0C2A72C01,0.5
ID_3F87BD9B33,0.5
ID_2DA9858984,0.5
ID_2D4808E516,0.5
ID_93DBA7B36D,0.5
ID_6F964C38D5,0.5
ID_0B8135FFC2,0.5
ID_F616B531C5,0.5
ID_161B9AD691,0.5
ID_404DD9E1F2,0.5
ID_5C022763C1,0.5
ID_01CCF6E82F,0.5
ID_E3C0488198,0.5
ID_A56FB0F6F8,0.5
ID_7026B539BB,0.5
ID_61B6442FC4,0.5
ID_D18335AC17,0.5
ID_49700553EC,0.5
ID_B0C803569E,0.5
ID_73794A5504,0.5
ID_9F747784EA,0.5
ID_6EB2C66063,0.5
ID_582000DBD1,0.5
ID_8A4B7C2493,0.5
ID_72060E69BF,0.5
ID_499E064950,0.5
ID_B3F64F6724,0.5
ID_AF0533AD43,0.5
ID_CB6DF635EC,0.5
ID_1000C3A750,0.5
ID_0D22ABC2EB,0.5
ID_C57A68330E,0.5
ID_F800EE8FF2,0.5
ID_7BC82CB791,0.5
ID_A48230B147,0.5
ID_6CAD4C3E02,0.5
ID_E31970F3AB,0.5
ID_ECF0488EFB,0.5
ID_2FEBF7F843,0.5
ID_5371B05970,0.5
ID_6BDEB99DC7,0.5
ID_B45F0E07DE,0.5
ID_513B054B12,0.5
ID_8726A98D0D,0.5
ID_BA9AE29E00,0.5
ID_FB46C228D1,0.5
ID_B0A4C44CC8,0.5
ID_1DB653B65D,0.5
ID_C587DBD210,0.5
ID_212555EC64,0.5
ID_05C6A290FC,0.5
ID_E95A9FF76B,0.5
ID_E83BE2B7E4,0.5
ID_08885AE366,0.5
ID_9863A6276F,0.5
ID_03139CE145,0.5
ID_7C82D02835,0.5
ID_16B0BD1FA9,0.5
ID_542B21D478,0.5
ID_2803947E63,0.5
ID_E73EED397E,0.5
ID_C99B07AD16,0.5
ID_3580001AAD,0.5
ID_AAF52C61BF,0.5
ID_386047CE01,0.5
ID_4962148F7C,0.5
ID_0CE919E9D4,0.5
ID_15AB0B5AE6,0.5
ID_60CF63F76D,0.5
ID_A0920F46E6,0.5
ID_CDB1E08CFF,0.5
ID_B1DF4A0BEE,0.5
ID_A9BC1C51FE,0.5
ID_C3C2B39534,0.5
ID_76B16A6B22,0.5
ID_99116A639B,0.5
ID_B01323FD5B,0.5
ID_C840820983,0.5
ID_24B43FDEC5,0.5
ID_C451697166,0.5
ID_66BCFF58F3,0.5
ID_CFBF3B8F7B,0.5
ID_5136A19D29,0.5
ID_1C3A819E56,0.5
ID_FBE8F4E4B4,0.5
ID_FB2D075C33,0.5
ID_45A1775637,0.5
ID_494FC0C749,0.5
ID_3FE744C7D1,0.5
ID_B41FAA5EAB,0.5
ID_EA55FA087E,0.5
ID_DA6524E2D0,0.5
ID_9532D524E2,0.5
ID_96EE51B7AD,0.5
ID_3B4404D4D0,0.5
ID_7CC11E8306,0.5
ID_9F41F1A252,0.5
ID_4B47E54230,0.5
ID_683304E8AF,0.5
ID_6B7D40596F,0.5
ID_F0453372A8,0.5
ID_1999422BD0,0.5
ID_EF3CE2E235,0.5
ID_9D17A0AF7A,0.5
ID_8179068D4A,0.5
ID_9E44C46019,0.5
ID_41141E6B59,0.5
ID_B19932FC90,0.5
ID_345ECD9514,0.5
ID_8E02FADEC8,0.5
ID_3B1791FDF4,0.5
ID_4810C2202F,0.5
ID_63724D9D76,0.5
ID_41D545CEFB,0.5
ID_540AEF7706,0.5
ID_D406B32064,0.5
ID_95FF33BD68,0.5
ID_EEE21F6329,0.5
ID_21864F0750,0.5
ID_EF4F4F101A,0.5
ID_D5137C3048,0.5
ID_FE39972FC9,0.5
ID_CDFC72A0D3,0.5
ID_C2D8C65CC5,0.5
ID_995425989D,0.5
ID_0588BE0B0C,0.5
ID_5C92F6A31A,0.5
ID_71A114975C,0.5
ID_63D46A1733,0.5
ID_3CD4375D01,0.5
ID_D5FC2ED896,0.5
ID_A1B313CB7D,0.5
ID_F63A589BCF,0.5
ID_F3C9C18C8F,0.5
ID_95049AF066,0.5
ID_205C96F5B6,0.5
ID_0C15E25E25,0.5
ID_4B65D300CA,0.5
ID_C6013BCBBC,0.5
ID_796FA2A1F3,0.5
ID_1797F9E149,0.5
ID_A0A0581D52,0.5
ID_DA14D530C7,0.5
ID_59BB854CD2,0.5
ID_59FCAD32CB,0.5
ID_F727408E84,0.5
ID_61E2858DEB,0.5
ID_CC7DEEEF93,0.5
ID_48AA465A81,0.5
ID_30D0F616C3,0.5
ID_AB86A392E6,0.5
ID_C2C8CA23C6,0.5
ID_B73FFE0123,0.5
ID_AD1C6C26CA,0.5
ID_1F3D9791DA,0.5
ID_A9D24D07C1,0.5
ID_BA1D7CC947,0.5
ID_1616C034CC,0.5
ID_49DC2E2E90,0.5
ID_48387EBB5C,0.5
ID_6A0DB4F678,0.5
ID_05B52E243D,0.5
ID_0A489DA97C,0.5
ID_EDBEC0B67F,0.5
ID_C1088C14EF,0.5
ID_553DA01056,0.5
ID_BD7ADC8A51,0.5
ID_9D2021B852,0.5
ID_CA5D1631C2,0.5
ID_AB06DC419F,0.5
ID_63FFFD7A87,0.5
ID_7C3D2E58EE,0.5
ID_4C99276194,0.5
ID_40CB7E2C04,0.5
ID_A5BC6923C1,0.5
ID_EEA88C5881,0.5
ID_4441FEB705,0.5
ID_187C4A6286,0.5
ID_811E10D86A,0.5
ID_7F47CFFE3E,0.5
ID_5E701CBAAE,0.5
ID_E536E70396,0.5
ID_84F4D03991,0.5
ID_C0CDE03A34,0.5
ID_154D898F69,0.5
ID_D23B061DDC,0.5
ID_3E6EDAA3AC,0.5
ID_0F55F9CFA1,0.5
ID_1DE405B9EB,0.5
ID_3B4E472787,0.5
ID_0B11C2E3D3,0.5
ID_A00B8F95CD,0.5
ID_443E07C26B,0.5
ID_06DE929453,0.5
ID_E248EA2105,0.5
ID_0118B9599F,0.5
ID_3B8741E0B6,0.5
ID_C8A0423248,0.5
ID_7E4F48666D,0.5
ID_0C82CE57BE,0.5
ID_EB9C511EEA,0.5
ID_33FB4CE8E7,0.5
ID_E2FBE8F8D6,0.5
ID_024FF1A6DC,0.5
ID_098062E755,0.5
ID_199C8AC00A,0.5
ID_A419A70BBB,0.5
ID_2736405DCB,0.5
ID_3BB6D64292,0.5
ID_D8EBAA2B16,0.5
ID_5B2FAA1B8A,0.5
ID_0648F78FA5,0.5
ID_F75260DFEE,0.5
ID_FC8142D6F3,0.5
ID_29D9896A3D,0.5
ID_5123DB9CA8,0.5
ID_DED818A9E9,0.5
ID_5E3F4DABD8,0.5
ID_CB1AB5DD76,0.5
ID_962ACDCAB0,0.5
ID_6404CD1E0C,0.5
ID_1C611E14F2,0.5
ID_0392381EFC,0.5
ID_5CF59150BC,0.5
ID_8DC4B2B8FA,0.5
ID_5B22DB8C61,0.5
ID_1BA09808D7,0.5
ID_27CFD098B7,0.5
ID_B278322CFE,0.5
ID_0BC336D9AE,0.5
ID_317470ECD5,0.5
ID_3638F9FF97,0.5
ID_FEE44AF78D,0.5
ID_89BC9B9B38,0.5
ID_545BB2C9CE,0.5
ID_87466A99C1,0.5
ID_F527136016,0.5
ID_E1C04F227D,0.5
ID_759DF48B64,0.5
ID_3E560B228B,0.5
ID_FA3072A37B,0.5
ID_776E565129,0.5
ID_AD833C62F1,0.5
ID_67CA483AF1,0.5
ID_BDA75D8BD2,0.5
ID_CEFFB66080,0.5
ID_E1571A3683,0.5
ID_360F119326,0.5
ID_CDEC367939,0.5
ID_677395746D,0.5
ID_443BA92980,0.5
ID_718F8D5969,0.5
ID_E8F5598DE9,0.5
ID_2FA3B4BCE6,0.5
ID_2556592BD9,0.5
ID_137EC1D43E,0.5
ID_390C4ED926,0.5
ID_D6FFA7561A,0.5
ID_AC00229294,0.5
ID_C74B10B323,0.5
ID_3BA9E7650C,0.5
ID_ED453CA212,0.5
ID_768D593D23,0.5
ID_93121A3060,0.5
ID_39A72E7629,0.5
ID_2B81244F60,0.5
ID_FAC970E3BF,0.5
ID_E2801889B5,0.5
ID_0FA83D2855,0.5
ID_BF9EA65A10,0.5
ID_A39E95FF26,0.5
ID_A692516F0B,0.5
ID_ECE303A61C,0.5
ID_4856170CBA,0.5
ID_7D42FC37D7,0.5
ID_17817E9609,0.5
ID_AF9F0C8AD7,0.5
ID_8B93BD8079,0.5
ID_FEB9287281,0.5
ID_3BBA92F03A,0.5
ID_5482BDAA89,0.5
ID_63D360654F,0.5
ID_B2EA27E890,0.5
ID_27DA86B6C0,0.5
ID_EDEE18BCBE,0.5
ID_10F4755B11,0.5
ID_C484CE365B,0.5
ID_75125E1E36,0.5
ID_C8C54F8147,0.5
ID_635DB82BD0,0.5
ID_C3BCA6943C,0.5
ID_F04E3B7C80,0.5
ID_80056A544E,0.5
ID_B1B41D6892,0.5
ID_A96B77A37F,0.5
ID_7F32281759,0.5
ID_8E1D39B9E4,0.5
ID_EF93E9C6E0,0.5
ID_42D5D5C104,0.5
ID_C1876CD45F,0.5
ID_86819D2763,0.5
ID_BFC1C98095,0.5
ID_F552D7E482,0.5
ID_025DD20A01,0.5
ID_8D6D25FED9,0.5
ID_64FEFED693,0.5
ID_A62C779633,0.5
ID_AB5044F508,0.5
ID_21D7429786,0.5
ID_8A23D1186F,0.5
ID_F785AD7362,0.5
ID_C5388B1D70,0.5
ID_D0CC7BD8AA,0.5
ID_9FC0C6D00C,0.5
ID_FAF92B65D8,0.5
ID_1558DD98D5,0.5
ID_3DB1FB4943,0.5
ID_A4CB80FEC0,0.5
ID_E4D7824A35,0.5
ID_8C7918D3F2,0.5
ID_FA4D136AAC,0.5
ID_E681080A8D,0.5
ID_AF09D931A5,0.5
ID_2CA1627C17,0.5
ID_550E9A16F7,0.5
ID_6D175CA9C1,0.5
ID_D5784D954E,0.5
ID_DB8AF0D879,0.5
ID_776C3DB885,0.5
ID_8BC91BFFF4,0.5
ID_D2DC1F3CD5,0.5
ID_8606D6428F,0.5
ID_F5E840D8EB,0.5
ID_B056EAA0D9,0.5
ID_EE290BA948,0.5
ID_7E468BB514,0.5
ID_C480E1C2A9,0.5
ID_F08CF7CFD2,0.5
ID_BD2B2413DB,0.5
ID_19581F090D,0.5
ID_09DA9DF4B4,0.5
ID_EFD339E950,0.5
ID_4DFEADBDB1,0.5
ID_3B15494444,0.5
ID_D02A029CC4,0.5
ID_09F92D05CE,0.5
ID_2D59971A6D,0.5
ID_7368F61312,0.5
ID_0C9CCE085F,0.5
ID_7A80DD225E,0.5
ID_74ADD8B78A,0.5
ID_8EAED0E6FF,0.5
ID_E3E9ABF752,0.5
ID_FF05C05084,0.5
ID_10435BECC8,0.5
ID_2B813F9966,0.5
ID_82B01A2AA7,0.5
ID_46F7970EDC,0.5
ID_CB5EF52762,0.5
ID_7E497E463F,0.5
ID_4A65AC1008,0.5
ID_B7B2CBD595,0.5
ID_8274A7CA69,0.5
ID_A852E93624,0.5
ID_EFE2E0BEA7,0.5
ID_116176A168,0.5
ID_DFB80735E1,0.5
ID_F4D11DB9A1,0.5
ID_7B40D09FB6,0.5
ID_2A3122434E,0.5
ID_57BB0BFAEB,0.5
ID_6D649ECF32,0.5
ID_337902212B,0.5
ID_A59252C5AC,0.5
ID_44649F0A9E,0.5
ID_B0B4D26AF6,0.5
ID_5A859E4DC9,0.5
ID_75F6430A1A,0.5
ID_3A07323903,0.5
ID_D5B36FF578,0.5
ID_19633EFD9D,0.5
ID_BF07DD3593,0.5
ID_57FC526A02,0.5
ID_CBAC90A483,0.5
ID_0E5664CB97,0.5
ID_9082A5BDC2,0.5
ID_2EF3937F0F,0.5
ID_F56D50415C,0.5
ID_34BDE7B10F,0.5
ID_FAC6AF3002,0.5
ID_EC028924B4,0.5
ID_6F65365AA8,0.5
ID_B99B7FB059,0.5
ID_4A11BB6B33,0.5
ID_22C1B7D6F8,0.5
ID_39B1AED50C,0.5
ID_ACDBF1C479,0.5
ID_CB3CE973C4,0.5
ID_CDD0A0CD72,0.5
ID_D19064285E,0.5
ID_4D1FD0A0D5,0.5
ID_F8FE670646,0.5
ID_744FCAB850,0.5
ID_07AA4EAE9D,0.5
ID_45C94C8702,0.5
ID_46E5816426,0.5
ID_AA907D64FF,0.5
ID_B32D30F147,0.5
ID_F5D948E6E8,0.5
ID_51E806D1D1,0.5
ID_90318077D9,0.5
ID_FE72C49418,0.5
ID_93499F1D0D,0.5
ID_FFF7AB36BA,0.5
ID_89723FA290,0.5
ID_25326A016B,0.5
ID_8CFA9D961A,0.5
ID_0541EF4FAC,0.5
ID_83613C8370,0.5
ID_C0A840FD41,0.5
ID_2B69BF5E88,0.5
ID_0C6A005CB9,0.5
ID_2D87B06714,0.5
ID_E51BF327C6,0.5
ID_CD860FFE33,0.5
ID_6042D9C23E,0.5
ID_7EA49A2C83,0.5
ID_F86E7D6777,0.5
ID_54301E6F1B,0.5
ID_10BFAC7617,0.5
ID_461C20D49A,0.5
ID_82A369CFCB,0.5
ID_A34976115D,0.5
ID_DBD4EF9812,0.5
ID_A91FA51D6F,0.5
ID_D1E2350AAB,0.5
ID_F95ABCE970,0.5
ID_7EE8BBCAEA,0.5
ID_0ABAD425F1,0.5
ID_26FA656B1B,0.5
ID_0FDB0F5B2E,0.5
ID_071DD1B7EC,0.5
ID_7450C42E3A,0.5
ID_32989A8CC5,0.5
ID_92DB257E10,0.5
ID_5F1334C5DF,0.5
ID_3BD427F239,0.5
ID_CF4DB371FA,0.5
ID_1C14DE512C,0.5
ID_4C6D93D176,0.5
ID_BDCCE5CB4E,0.5
ID_F3F0FE2E02,0.5
ID_6BF1CCBA43,0.5
ID_B5EA1F59D7,0.5
ID_B02F21154D,0.5
ID_EB94BA3B72,0.5
ID_3EE1DA8F56,0.5
ID_21A253B319,0.5
ID_2E2F8ABD64,0.5
ID_DF9AB78F7F,0.5
ID_48861F7A3F,0.5
ID_018ECF0B35,0.5
ID_833F4BCD07,0.5
ID_086BFA3CC8,0.5
ID_87E2A4697A,0.5
ID_80DCC4D524,0.5
ID_BD3F6D6B71,0.5
ID_4E650C8D16,0.5
ID_56B0BF6BF3,0.5
ID_F46C14B66C,0.5
ID_E88EE4FBD3,0.5
ID_89587248D5,0.5
ID_6D8CF63F21,0.5
ID_AACD807BA9,0.5
ID_52B0681144,0.5
ID_5B18D8C7B8,0.5
ID_228C2BE722,0.5
ID_FE31E0872D,0.5
ID_5EDCD3C36D,0.5
ID_CA536CA3E0,0.5
ID_F82B499A4B,0.5
ID_386DA6A7AD,0.5
ID_7B627A5050,0.5
ID_08AB40AEDB,0.5
ID_45A538C5D2,0.5
ID_860E88F74B,0.5
ID_4A5F7BE625,0.5
ID_38D1D01569,0.5
ID_1665A85CF7,0.5
ID_1B80D4E43E,0.5
ID_6425D95298,0.5
ID_841A523CB2,0.5
ID_0B67DCBC7E,0.5
ID_A92869A622,0.5
ID_F10B8E9C11,0.5
ID_9321A3EA91,0.5
ID_01E1E09175,0.5
ID_31E8DCE5BF,0.5
ID_57D2E92027,0.5
ID_BB74A90396,0.5
ID_6A37620E51,0.5
ID_D5BA02233D,0.5
ID_417EDFA19A,0.5
ID_4D8B709F2D,0.5
ID_7E812492AD,0.5
ID_9E845FF9FD,0.5
ID_55657F6006,0.5
ID_B95FBC250E,0.5
ID_B993F7CCD9,0.5
ID_3426027E6F,0.5
ID_56F4878FFE,0.5
ID_AA63A68E31,0.5
ID_0B835DCDD7,0.5
ID_860C3CD6E1,0.5
ID_5CB9E4E939,0.5
ID_1CCD81C3D0,0.5
ID_93D0AA72EE,0.5
ID_4721C21E5F,0.5
ID_6C36CFF795,0.5
ID_C46C8E4F64,0.5
ID_A5B45BD389,0.5
ID_08EBF97B49,0.5
ID_D999488E99,0.5
ID_3F1D584F23,0.5
ID_8712D4F7D7,0.5
ID_09E1D76123,0.5
ID_80B1AAFBAE,0.5
ID_C59268776E,0.5
ID_3B6110DF9B,0.5
ID_1627CB4AEF,0.5
ID_63472D1A72,0.5
ID_AD1A368116,0.5
ID_911193AF1A,0.5
ID_8DF8979447,0.5
ID_28CC93E38D,0.5
ID_3E1A04DCF4,0.5
ID_9A9CDAC37A,0.5
ID_DB1EB335A3,0.5
ID_F082BE62A5,0.5
ID_FBEBBC15A3,0.5
ID_F7B49B33F1,0.5
ID_B50CB1954E,0.5
ID_A4348D69A1,0.5
ID_61D17A3E54,0.5
ID_10F75B32B7,0.5
ID_4135FDE969,0.5
ID_2B988B89E8,0.5
ID_1CA581D129,0.5
ID_5851B31574,0.5
ID_ACB43DCE51,0.5
ID_A9312046E4,0.5
ID_0BD217FE81,0.5
ID_47F5E83FC6,0.5
ID_5AE80B33A3,0.5
ID_91CF724AFA,0.5
ID_FC12859AF4,0.5
ID_D6989B9D00,0.5
ID_B5FDC602B9,0.5
ID_7E362E0C75,0.5
ID_E89FC8C03E,0.5
ID_C84341AFE9,0.5
ID_711712A16B,0.5
ID_9624D442FA,0.5
ID_7F7516CF14,0.5
ID_C6F1333291,0.5
ID_6449B7A345,0.5
ID_A7507132D6,0.5
ID_70BA305A80,0.5
ID_445445B696,0.5
ID_1E69F73F88,0.5
ID_FD24193059,0.5
ID_89354B6A9F,0.5
ID_46533A3466,0.5
ID_64E77AECC0,0.5
ID_85C19AB9F0,0.5
ID_CC4A98266E,0.5
ID_725B2B9907,0.5
ID_871FB04AD2,0.5
ID_77250C2663,0.5
ID_E08E7B20D2,0.5
ID_E78E120DFA,0.5
ID_26C51634AC,0.5
ID_24317A9A20,0.5
ID_2686A35E15,0.5
ID_AA36CB2B9A,0.5
ID_49E6599AE6,0.5
ID_D2C1C834EB,0.5
ID_15E99AA0D8,0.5
ID_690A6BC904,0.5
ID_064C177E72,0.5
ID_8B244A4352,0.5
ID_9C89BF6240,0.5
ID_584867AADE,0.5
ID_FBEDF4E888,0.5
ID_B96D75FB38,0.5
ID_3A18C5CB28,0.5
ID_223304F2EE,0.5
ID_B460EEF43D,0.5
ID_B0A489CE95,0.5
ID_23C44F68E6,0.5
ID_3A8CD3F922,0.5
ID_7FC8AA14AA,0.5
ID_270E4CF913,0.5
ID_CECAB42924,0.5
ID_FEE8BAEFCC,0.5
ID_D7CDCEC72B,0.5
ID_C2541CB6DE,0.5
ID_884AF30474,0.5
ID_222E37A0B2,0.5
ID_D2E4711E8C,0.5
ID_CB75AFA258,0.5
ID_738444F2CB,0.5
ID_64850B2011,0.5
ID_4FF32C62F0,0.5
ID_A89C651148,0.5
ID_3B77611E2D,0.5
ID_3260FE38A9,0.5
ID_26D40FB84A,0.5
ID_8DFF0A0D95,0.5
ID_76C9D141FF,0.5
ID_24E5CB3B60,0.5
ID_456AEBF1FD,0.5
ID_B461CB2589,0.5
ID_BBA990CD00,0.5
ID_750A4C183A,0.5
ID_33CF522A93,0.5
ID_E92DCFDDF1,0.5
ID_2A125CB7C9,0.5
ID_0889F2A20B,0.5
ID_B7800C5633,0.5
ID_7B68B682BA,0.5
ID_21354AB437,0.5
ID_7EA5549F0B,0.5
ID_1B69B5063C,0.5
ID_A28F8FAFFC,0.5
ID_386B1F7A01,0.5
ID_224632DBBB,0.5
ID_6F8CB4F793,0.5
ID_823A3BCE7D,0.5
ID_BEB95FD814,0.5
ID_02D106692D,0.5
ID_EE34705AAF,0.5
ID_34486F685C,0.5
ID_0CAAF69CAE,0.5
ID_3A9A999AFA,0.5
ID_70742A2F80,0.5
ID_41D12C8587,0.5
ID_028BDF7F54,0.5
ID_4D6DCA826D,0.5
ID_0DD5AA9373,0.5
ID_A6B679C6D5,0.5
ID_1995B27EAC,0.5
ID_53DD204ADE,0.5
ID_4B1093A41D,0.5
ID_445657BDA0,0.5
ID_3BE0EED68B,0.5
ID_B98EA5DC52,0.5
ID_81DD4AD35A,0.5
ID_23B47B9889,0.5
ID_22802F337F,0.5
ID_06850183A7,0.5
ID_C39C28148B,0.5
ID_F0BBEEBF97,0.5
ID_2256D50988,0.5
ID_6D3440DB22,0.5
ID_8264472128,0.5
ID_D21EAD178F,0.5
ID_590B29FBC3,0.5
ID_CF419F0E8D,0.5
ID_3733CF83F1,0.5
ID_AB9865B41D,0.5
ID_DC5E671307,0.5
ID_8BAACBD7F0,0.5
ID_85A41DA17B,0.5
ID_8796008B57,0.5
ID_996D366C9B,0.5
ID_6E4A19FA73,0.5
ID_53B13B65A6,0.5
ID_A137003257,0.5
ID_93F602AC5F,0.5
ID_66A680577F,0.5
ID_9213294A28,0.5
ID_B88423BE79,0.5
ID_04C2BE4450,0.5
ID_BA939B42A2,0.5
ID_AA2ED85684,0.5
ID_59CB343177,0.5
ID_77429CB580,0.5
ID_BA6FF48018,0.5
ID_0C5D48B09C,0.5
ID_25AC52C808,0.5
ID_29A68C497C,0.5
ID_7B34E14713,0.5
ID_7F1F0EF59B,0.5
ID_50822EAF2E,0.5
ID_380B3A753C,0.5
ID_67AAAFA127,0.5
ID_BCEC7C360F,0.5
ID_5B9AC805AD,0.5
ID_9EBC619851,0.5
ID_8714832BBE,0.5
ID_8013DD6D6A,0.5
ID_3A3B2531BA,0.5
ID_12EABFFB68,0.5
ID_F4A6ECA934,0.5
ID_DC70C03955,0.5
ID_F4E9CDC820,0.5
ID_0E0362BDEE,0.5
ID_B7C51C96DF,0.5
ID_321EEB54E9,0.5
ID_3B7D55F3C8,0.5
ID_F569311FA1,0.5
ID_6A873CE9AC,0.5
ID_6078B982DC,0.5
ID_F604DF9837,0.5
ID_29688C9103,0.5
ID_BE6AF6F233,0.5
ID_412AF7284A,0.5
ID_63FB7F4826,0.5
ID_E68190E53E,0.5
ID_377E57B794,0.5
ID_595EF14E4F,0.5
ID_84AD240270,0.5
ID_B5D1F11F8A,0.5
ID_85E3A58E4E,0.5
ID_00661E8924,0.5
ID_E595305C85,0.5
ID_1D6D93F505,0.5
ID_7F387C94A7,0.5
ID_3FF3B2E21E,0.5
ID_69DB7CA336,0.5
ID_268B508BBD,0.5
ID_A0693280F2,0.5
ID_61B51E5522,0.5
ID_88518818D0,0.5
ID_522F41E97B,0.5
ID_EE1CBD6F23,0.5
ID_E91E00B554,0.5
ID_5DABB25F0A,0.5
ID_DEEBAE82D7,0.5
ID_318CC8F04B,0.5
ID_F8C944613B,0.5
ID_0515730B62,0.5
ID_5AA8175E50,0.5
ID_9EA04ABE24,0.5
ID_E14E18B6EA,0.5
ID_C9B8FB37D5,0.5
ID_658E17D585,0.5
ID_0AF56E4F71,0.5
ID_D43ED36B87,0.5
ID_9EB61F33DE,0.5
ID_C63579BA38,0.5
ID_D8871E1F18,0.5
ID_365F6F8DE9,0.5
ID_EF08401193,0.5
ID_FAA0DD936B,0.5
ID_2AED9C5298,0.5
ID_3E4036A53F,0.5
ID_0DC8FDA444,0.5
ID_98796B3731,0.5
ID_52854AA075,0.5
ID_26755276F4,0.5
ID_F5DE7D810C,0.5
ID_D8856C9008,0.5
ID_9AA71E2A07,0.5
ID_C4A859EA32,0.5
ID_B748AC6ABA,0.5
ID_F628E4251A,0.5
ID_F5A124B3C1,0.5
ID_1E953C2FB2,0.5
ID_4C84DFE35E,0.5
ID_4E64DA3FA2,0.5
ID_D515986F9E,0.5
ID_B638D4E98C,0.5
ID_1CCBA97A17,0.5
ID_A6A9DC882D,0.5
ID_BEA1B5EE71,0.5
ID_DFEA3D91A3,0.5
ID_F62070FD54,0.5
ID_1425517977,0.5
ID_AD68A295E0,0.5
ID_3D46A3A8A1,0.5
ID_BBBFC0AD22,0.5
ID_446E07A4A2,0.5
ID_47D6FD0CDC,0.5
ID_1FE3A74621,0.5
ID_FF87B25580,0.5
ID_7F11123B13,0.5
ID_38ABF55C73,0.5
ID_A959D96430,0.5
ID_A0A7187F97,0.5
ID_15BE1EB971,0.5
ID_CA80CEB5A9,0.5
ID_7DB960E607,0.5
ID_6BDBE22CA9,0.5
ID_7190EDCE23,0.5
ID_A68F616766,0.5
ID_3DD19A8EA0,0.5
ID_607AD9B400,0.5
ID_D353A22842,0.5
ID_65708E7247,0.5
ID_520AC7B15E,0.5
ID_E1C923CE25,0.5
ID_6F720F9C7A,0.5
ID_F29E78646F,0.5
ID_35EB743C0D,0.5
ID_57F8B4CC21,0.5
ID_59148A06FC,0.5
ID_68687187B0,0.5
ID_ED66A3C39C,0.5
ID_4AC6BA2228,0.5
ID_8D51EFE48B,0.5
ID_7D6FB87095,0.5
ID_4790A8123B,0.5
ID_1F39C7830B,0.5
ID_11AAB86E19,0.5
ID_BB89E64923,0.5
ID_E92063EBD5,0.5
ID_C1386B88FF,0.5
ID_2189FE915C,0.5
ID_1B3B13EF97,0.5
ID_938BA712A2,0.5
ID_367AC678DF,0.5
ID_FDDF178DCA,0.5
ID_4F5F3B5317,0.5
ID_5394ECAFFB,0.5
ID_880736923A,0.5
ID_E9DBB46EBE,0.5
ID_0BCAF2C84A,0.5
ID_072CD8DD75,0.5
ID_2CD6929B30,0.5
ID_3882F469D3,0.5
ID_3EB0603711,0.5
ID_501203B8A5,0.5
ID_8FA16CBA8C,0.5
ID_4D459979CA,0.5
ID_8F6356B581,0.5
ID_5813DB7CA4,0.5
ID_8F808E9560,0.5
ID_769FF88262,0.5
ID_DEABD5273F,0.5
ID_6FD7D168CA,0.5
ID_2A9C8CC11D,0.5
ID_E1066513FB,0.5
ID_534D8A4BF7,0.5
ID_949966EB9D,0.5
ID_1E235A7AF8,0.5
ID_4A3C269A96,0.5
ID_98428E598B,0.5
ID_8A57C82D0B,0.5
ID_7B1951B7AF,0.5
ID_CB5A857CF0,0.5
ID_8EB112192E,0.5
ID_BFAB4147E7,0.5
ID_5026656A7E,0.5
ID_9A83550CD4,0.5
ID_23274A18C0,0.5
ID_D6979B41B0,0.5
ID_75C750706F,0.5
ID_4A6F5E6606,0.5
ID_B9E32664E5,0.5
ID_CEE7A0BF16,0.5
ID_6E717313F7,0.5
ID_5AC971CC3D,0.5
ID_9B131B9FAE,0.5
ID_B21AAC9BA9,0.5
ID_7E194C274A,0.5
ID_8FF50F2D1D,0.5
ID_192C66DF60,0.5
ID_78CD83402D,0.5
ID_40CB55E34C,0.5
ID_C0770B8F2F,0.5
ID_5489CBEC1F,0.5
ID_22508E7F46,0.5
ID_63F33E9A3C,0.5
ID_03AFC4A54B,0.5
ID_3CA344AE74,0.5
ID_F7A8F40B90,0.5
ID_9EB7197B4C,0.5
ID_11412F06B1,0.5
ID_725BF3C6BA,0.5
ID_8E0532BBA7,0.5
ID_E6E332DC52,0.5
ID_A31C35B092,0.5
ID_C4FB6DDFA9,0.5
ID_C54694524E,0.5
ID_E28212B553,0.5
ID_FAC855FD27,0.5
ID_DC5980234F,0.5
ID_0ED58A65A2,0.5
ID_EBDD2E501E,0.5
ID_DC57AEDDB5,0.5
ID_E0766B4F24,0.5
ID_5DE6F88E8A,0.5
ID_90D245A595,0.5
ID_284A79D6D8,0.5
ID_41D84E820D,0.5
ID_FB66A07C2C,0.5
ID_E76DB0A9E5,0.5
ID_D0E77E9EF7,0.5
ID_3460E4F60B,0.5
ID_1F485FF37E,0.5
ID_10EAE5E6D4,0.5
ID_CDA51BE254,0.5
ID_646D299A62,0.5
ID_CF81B19440,0.5
ID_5C46CBF4E1,0.5
ID_FB7860AA65,0.5
ID_2B2C8BD27A,0.5
ID_09CF14FC53,0.5
ID_BE04D144F8,0.5
ID_9BCAF23682,0.5
ID_A798177A47,0.5
ID_C49518F9A0,0.5
ID_6B648E2B35,0.5
ID_E908BF2194,0.5
ID_0FAB46B11A,0.5
ID_8267A8B36B,0.5
ID_10AE26CDC5,0.5
ID_9DB8F310A2,0.5
ID_FD717E9CF9,0.5
ID_25F7AAAF7F,0.5
ID_46C6CC3CC5,0.5
ID_B666AE26F4,0.5
ID_72B9FAFE17,0.5
ID_69A203551B,0.5
ID_995D983836,0.5
ID_3DF75E109B,0.5
ID_D13E9BC4BB,0.5
ID_05361529B8,0.5
ID_E384612134,0.5
ID_647846E4E3,0.5
ID_99E88AC258,0.5
ID_F40025A21D,0.5
ID_3E192A7BD1,0.5
ID_884149B535,0.5
ID_EF0C098566,0.5
ID_99A530EF9A,0.5
ID_2CB31D3B79,0.5
ID_0477BAA8A9,0.5
ID_DAB83A6D5C,0.5
ID_3EA274141F,0.5
ID_B4E93A98DD,0.5
ID_976D72E5FD,0.5
ID_47D89D152C,0.5
ID_57D8B179D4,0.5
ID_142422AD3B,0.5
ID_86564F06AC,0.5
ID_10E0B6071A,0.5
ID_DEDCE9F6C7,0.5
ID_930E545E04,0.5
ID_09C3BA8EFD,0.5
ID_5E99FB0309,0.5
ID_33811A1A2A,0.5
ID_9CCE8DA573,0.5
ID_84D261476D,0.5
ID_6CE7FAFF19,0.5
ID_347BFE78F3,0.5
ID_2C0DEE06B0,0.5
ID_2B5CAF31E9,0.5
ID_84FCA02E39,0.5
ID_6ACDD5636A,0.5
ID_4A9405F42E,0.5
ID_F716B57233,0.5
ID_184B8A96A3,0.5
ID_5C5961AF11,0.5
ID_C433BC90CD,0.5
ID_98348FC308,0.5
ID_5526A24698,0.5
ID_9DC63ACB64,0.5
ID_22926F7127,0.5
ID_DB40DA1F3B,0.5
ID_636E3D8E62,0.5
ID_03680BE168,0.5
ID_1B1D25AEEB,0.5
ID_DA6632DF9E,0.5
ID_D61CAA8CDA,0.5
ID_8E0C697A16,0.5
ID_90563C58DE,0.5
ID_1A9226F779,0.5
ID_00BE2E09E7,0.5
ID_4351E1EB25,0.5
ID_1D7618B0BA,0.5
ID_55FE2BF591,0.5
ID_88717D5771,0.5
ID_849C6366B1,0.5
ID_471E9EE2EF,0.5
ID_2AC95022EB,0.5
ID_E99948892A,0.5
ID_E67F03BFDE,0.5
ID_C3138869B4,0.5
ID_41D5EEAE2E,0.5
ID_7B131738CA,0.5
ID_E929D4D93F,0.5
ID_E87F5CA91C,0.5
ID_B01210F1EE,0.5
ID_78E58EEDED,0.5
ID_03E361F80E,0.5
ID_911D5B7862,0.5
ID_E6D09DAA11,0.5
ID_6BF2058013,0.5
ID_6DAC52C2A6,0.5
ID_3967A079E2,0.5
ID_CE9DFABAA4,0.5
ID_2A107F5309,0.5
ID_3F795843BD,0.5
ID_C39344EC11,0.5
ID_7C61462F4F,0.5
ID_2B30814610,0.5
ID_D940715040,0.5
ID_0278C0FD80,0.5
ID_AA5BFA4D56,0.5
ID_704A986AC4,0.5
ID_3C789554A2,0.5
ID_AF0A4CEC32,0.5
ID_A3BBB56509,0.5
ID_52FADFEC76,0.5
ID_5938D18837,0.5
ID_62C3F4F53A,0.5
ID_531BE27D5E,0.5
ID_6DB470D0A4,0.5
ID_78ECD5A548,0.5
ID_AC38C271E7,0.5
ID_8AEC2A3B3F,0.5
ID_C04686A595,0.5
ID_4B7E5C9E23,0.5
ID_6FDA13411E,0.5
ID_BE15BAB978,0.5
ID_0CB6FBC2C5,0.5
ID_DB57D6355A,0.5
ID_3625AD48DF,0.5
ID_73B2D33171,0.5
ID_E00D693DEF,0.5
ID_A9E0B2948D,0.5
ID_A6C7877559,0.5
ID_AB93A25173,0.5
ID_E01DBDC118,0.5
ID_670C6D9092,0.5
ID_0A4648787A,0.5
ID_75BCE02D57,0.5
ID_24C63B97D6,0.5
ID_EB32095FAD,0.5
ID_8048A86C39,0.5
ID_2DB75C4025,0.5
ID_E426EA5180,0.5
ID_527ACBDC0B,0.5
ID_6DD68843C4,0.5
ID_00AEBA36B3,0.5
ID_EBBF50B178,0.5
ID_C803250AD5,0.5
ID_57F035D6E3,0.5
ID_4C0BF11B33,0.5
ID_5A600EB394,0.5
ID_299E218C8C,0.5
ID_E7BB39416F,0.5
ID_1D8D99EC01,0.5
ID_DB9F22B037,0.5
ID_A133BCCBFD,0.5
ID_F31EBF37BE,0.5
ID_C820F4033F,0.5
ID_1414D39415,0.5
ID_00BBD08C4F,0.5
ID_380CF53B2C,0.5
ID_473AF96AC1,0.5
ID_5AE2D639A2,0.5
ID_3BF3E8CA9C,0.5
ID_4D927BDB80,0.5
ID_C148A18122,0.5
ID_CF2BBBB137,0.5
ID_4E93042DF4,0.5
ID_27D5CD2711,0.5
ID_F8F4F508F0,0.5
ID_AA4848C7CC,0.5
ID_F4F22D4DE0,0.5
ID_EC0EC9FCD4,0.5
ID_BCC735A414,0.5
ID_E2E81A71F5,0.5
ID_53CFCDDD50,0.5
ID_F937521EAE,0.5
ID_13B7D48298,0.5
ID_8AF799EBD3,0.5
ID_881711B60F,0.5
ID_EE1B67708A,0.5
ID_A34A0BDBFF,0.5
ID_C0FF206612,0.5
ID_4B35DFDAEE,0.5
ID_539E2AEF8E,0.5
ID_31E303B3BE,0.5
ID_313D5A3374,0.5
ID_A78D8E5ED1,0.5
ID_5E2ECA0557,0.5
ID_6089CEDA34,0.5
ID_50CD6533A6,0.5
ID_9D21008B73,0.5
ID_A98E533492,0.5
ID_636765EF72,0.5
ID_B8FC790269,0.5
ID_542A7DAF58,0.5
ID_ED73ECABD3,0.5
ID_C02C087EAE,0.5
ID_5D414014F7,0.5
ID_FD3465E52D,0.5
ID_968F84CF37,0.5
ID_A5D1D37F83,0.5
ID_6C71EEFE23,0.5
ID_4F71045366,0.5
ID_AA523B7B42,0.5
ID_3C6014219D,0.5
ID_6BFCE8BD8C,0.5
ID_63E1776D6E,0.5
ID_EBC984978A,0.5
ID_EC5064D1E4,0.5
ID_C0D88B6BAA,0.5
ID_35509CAE69,0.5
ID_DBEEDEA83B,0.5
ID_4751387741,0.5
ID_B886A96369,0.5
ID_BA66FC9F63,0.5
ID_E94B778AF4,0.5
ID_EAF234F744,0.5
ID_34AF515B94,0.5
ID_252E076C1C,0.5
ID_F8638B4481,0.5
ID_0142115496,0.5
ID_1CD46A3461,0.5
ID_3C6146F6DF,0.5
ID_0C879AD226,0.5
ID_F94D560584,0.5
ID_6AA68F647F,0.5
ID_AE6EDC5AE6,0.5
ID_3DB609BE4A,0.5
ID_25EE26A3DD,0.5
ID_934B7C5220,0.5
ID_6B1DC1B8FE,0.5
ID_640E5EB875,0.5
ID_C79363E231,0.5
ID_113861D247,0.5
ID_84AB3A0901,0.5
ID_AC164FB562,0.5
ID_510256302F,0.5
ID_217DB9FCC2,0.5
ID_0B4F314156,0.5
ID_48856CE4C3,0.5
ID_CA1465F944,0.5
ID_2CCA76A9C1,0.5
ID_C8A97D25F5,0.5
ID_0D5B8AB2CE,0.5
ID_F2034DCB41,0.5
ID_A9E07DBC18,0.5
ID_ADD9DBF7B0,0.5
ID_BB819ABDFA,0.5
ID_E62A88A93A,0.5
ID_EDF6A4D762,0.5
ID_24FAFDC734,0.5
ID_8F6FA78F00,0.5
ID_D7B018966C,0.5
ID_57C5879B65,0.5
ID_5769FF0B42,0.5
ID_1CCD6339B5,0.5
ID_C37CD50F3B,0.5
ID_344AF91BF3,0.5
ID_65A7FE2957,0.5
ID_BA036D6CA9,0.5
ID_8CD99A35D4,0.5
ID_307A0A3F85,0.5
ID_9820E877EF,0.5
ID_49563B0E18,0.5
ID_9F6D2863DE,0.5
ID_18B01B9B0B,0.5
ID_C9955C7C45,0.5
ID_B53D5480F8,0.5
ID_381AB3EA28,0.5
ID_B3F94E7045,0.5
ID_73DCE18E87,0.5
ID_275560794D,0.5
ID_9484EC0238,0.5
ID_176A3ACE39,0.5
ID_1B2DDAD166,0.5
ID_D101D88AD9,0.5
ID_E856A94874,0.5
ID_CAC6F69166,0.5
ID_F1AAA54CA7,0.5
ID_57FD930632,0.5
ID_D12182A5CA,0.5
ID_7285231D79,0.5
ID_6AF2F08A9F,0.5
ID_C061C42B2C,0.5
ID_2B845AD134,0.5
ID_9B57ABB5ED,0.5
ID_6F163FAB79,0.5
ID_F2DD6AAB6D,0.5
ID_3EFBA7F7E8,0.5
ID_0FA5B50377,0.5
ID_2C3399B84F,0.5
ID_BF869CA17E,0.5
ID_7C2880F40E,0.5
ID_BD91DDD1AC,0.5
ID_764AFF0863,0.5
ID_DC49DE40B8,0.5
ID_DDA7DC39BA,0.5
ID_6558E413B3,0.5
ID_11AA4E6368,0.5
ID_028249DF40,0.5
ID_662F0F9B34,0.5
ID_D0FF6E69B2,0.5
ID_D2ACC34A05,0.5
ID_69AB20423B,0.5
ID_35F34D2027,0.5
ID_949165DD5B,0.5
ID_A4D42EE230,0.5
ID_3253AAAAC7,0.5
ID_C70A9F78D2,0.5
ID_D8FEC56802,0.5
ID_B1153319D9,0.5
ID_6E52971BC0,0.5
ID_FFF1A31190,0.5
ID_C5723AFDF5,0.5
ID_24B9449D00,0.5
ID_9965300B35,0.5
ID_1E82F8FE04,0.5
ID_32E7338F16,0.5
ID_E7C7FA9D55,0.5
ID_FF38FF34F8,0.5
ID_3298B74672,0.5
ID_56DE1F4F22,0.5
ID_23EE2ED3D7,0.5
ID_004DD96003,0.5
ID_F19E3C3ECE,0.5
ID_19575C1E7B,0.5
ID_25BF978621,0.5
ID_A9AC960E5E,0.5
ID_EB20AA47C3,0.5
ID_F06E546B2C,0.5
ID_7C89325947,0.5
ID_05B59B6501,0.5
ID_F153C9A605,0.5
ID_79459BD906,0.5
ID_3D9D401B1B,0.5
ID_C57533117D,0.5
ID_6F8975FDF3,0.5
ID_25B4847FAA,0.5
ID_1C31B47F0C,0.5
ID_D5EA4BDEAF,0.5
ID_1BC81D9DBE,0.5
ID_03E5CA470A,0.5
ID_16D8495C28,0.5
ID_985C14AC03,0.5
ID_B9B698BAC1,0.5
ID_F8DE161141,0.5
ID_4796FFFF4B,0.5
ID_B0C4CE9E98,0.5
ID_D755E422A9,0.5
ID_D3B75C74C0,0.5
ID_E894A5CF60,0.5
ID_20D042153E,0.5
ID_2C07F8C9A6,0.5
ID_93EBF69920,0.5
ID_FB1655A901,0.5
ID_D44654C7D2,0.5
ID_7493F598D3,0.5
ID_AA9C5EBFE0,0.5
ID_08AC19CEA2,0.5
ID_C6763939BF,0.5
ID_6980B597D1,0.5
ID_BC4D3A42C8,0.5
ID_EF892518CA,0.5
ID_A973ADF09F,0.5
ID_B8DDF7AB54,0.5
ID_2B83599D46,0.5
ID_E4063D5781,0.5
ID_8042BD9A1B,0.5
ID_AA453BD694,0.5
ID_3536BF5E31,0.5
ID_A1F13D7611,0.5
ID_49DEE8D47E,0.5
ID_933F0D5F25,0.5
ID_00E76BCF85,0.5
ID_89BFEBD443,0.5
ID_BBE306F597,0.5
ID_87677D439E,0.5
ID_FEBF27631D,0.5
ID_3D24AB2B04,0.5
ID_7F07E784FF,0.5
ID_60663F62C7,0.5
ID_278D1AAD74,0.5
ID_3B5D498B65,0.5
ID_8BA213E8CF,0.5
ID_3DD08531E0,0.5
ID_3F6D89E027,0.5
ID_1F29B9CB1B,0.5
ID_B755C26052,0.5
ID_BBCA814109,0.5
ID_999E64E102,0.5
ID_F78845433B,0.5
ID_347F1B07C3,0.5
ID_5056C5CF61,0.5
ID_DAC63FD1A5,0.5
ID_6E32856606,0.5
ID_3B2089540E,0.5
ID_B325D1ED03,0.5
ID_5DA327ACF7,0.5
ID_B36976E4BF,0.5
ID_29765D3AF3,0.5
ID_3F9DA22AFE,0.5
ID_5231B90CA5,0.5
ID_EB537CFCB9,0.5
ID_ED01BAB39F,0.5
ID_532DBDFB50,0.5
ID_9197015609,0.5
ID_ED8C7EB05E,0.5
ID_4FC7692545,0.5
ID_D37EB4599D,0.5
ID_700DE92CDA,0.5
ID_4B11A83321,0.5
ID_A708EF1F7E,0.5
ID_FD2E86FB7F,0.5
ID_31B6F551BA,0.5
ID_A6FF98F249,0.5
ID_0C694CB35F,0.5
ID_337447C400,0.5
ID_95DEFDBAD5,0.5
ID_114501527C,0.5
ID_8CF8521561,0.5
ID_AE41F6CD4F,0.5
ID_DC5258B425,0.5
ID_E85FE945D9,0.5
ID_4EA910C658,0.5
ID_9A6E685800,0.5
ID_4886CCC6F0,0.5
ID_FF535FA30A,0.5
ID_4A152C1E4E,0.5
ID_3F67DF1933,0.5
ID_51F1270DC0,0.5
ID_DF04114768,0.5
ID_DE0584117A,0.5
ID_A861577DB0,0.5
ID_13C67F8590,0.5
ID_79DBEB19A8,0.5
ID_97AC427FC2,0.5
ID_5E89F43C89,0.5
ID_5B6A22E037,0.5
ID_E312E8A23A,0.5
ID_365F9010AB,0.5
ID_4F5D8E3CD0,0.5
ID_F8F00D3088,0.5
ID_6E7A48F13E,0.5
ID_7A72CDC721,0.5
ID_45B96D3547,0.5
ID_AEBB3BEF74,0.5
ID_2D092DFE1F,0.5
ID_4DA60C590B,0.5
ID_74D5B1D5E4,0.5
ID_D1BB9273B4,0.5
ID_C53F1C81AE,0.5
ID_00DCE9C2FF,0.5
ID_3C54FAC127,0.5
ID_0DE3578D09,0.5
ID_651F6F099F,0.5
ID_A43C196672,0.5
ID_1DFD5E65EF,0.5
ID_670D012756,0.5
ID_49B6F1B2B4,0.5
ID_23308CBC24,0.5
ID_F2FE1C3EF3,0.5
ID_C429153998,0.5
ID_B6A65B4EDE,0.5
ID_43E7D705A3,0.5
ID_EFDFBBEA30,0.5
ID_9995969056,0.5
ID_005F5C2D9E,0.5
ID_E8C53CAB62,0.5
ID_231EA550E0,0.5
ID_FAE75E4E14,0.5
ID_5FA2CD3856,0.5
ID_3041CF334C,0.5
ID_3AB622F1C7,0.5
ID_E3D4EA187D,0.5
ID_806194465F,0.5
ID_D3567EE464,0.5
ID_5E38FF517B,0.5
ID_553AF1B041,0.5
ID_683AC6326E,0.5
ID_32910F3E17,0.5
ID_8821257E51,0.5
ID_2D8E44BAD4,0.5
ID_0104788DD5,0.5
ID_DDE34E69C5,0.5
ID_9B3E760227,0.5
ID_701177D932,0.5
ID_B4F1318529,0.5
ID_8E5A52F6DE,0.5
ID_706ECB0E03,0.5
ID_C78A4B960B,0.5
ID_21C4015D16,0.5
ID_54486B89C1,0.5
ID_8E44E7A433,0.5
ID_7B36EDB47A,0.5
ID_454237A11C,0.5
ID_E95E6CB524,0.5
ID_7CFB8B2A4F,0.5
ID_714020667B,0.5
ID_43DC875C02,0.5
ID_776EECE858,0.5
ID_CF15547603,0.5
ID_CA50E21567,0.5
ID_9140C2A23D,0.5
ID_21FEB6D194,0.5
ID_C38A431645,0.5
ID_A903A11354,0.5
ID_D2E7CAB289,0.5
ID_BB6234EA3F,0.5
ID_7FEF513834,0.5
ID_9BCBD72F45,0.5
ID_292B7FFC70,0.5
ID_B8FF974B38,0.5
ID_AB7255C116,0.5
ID_320F3BC676,0.5
ID_27702D73AF,0.5
ID_B0DDE608A5,0.5
ID_DE156BA4B7,0.5
ID_E4E415CD4A,0.5
ID_4230B72B75,0.5
ID_FDE8B7759C,0.5
ID_8C85CC2D03,0.5
ID_A3978B5B32,0.5
ID_8389B7592C,0.5
ID_A7F3A9583D,0.5
ID_D73D2287B5,0.5
ID_7F2E12A8D7,0.5
ID_B9694EBF71,0.5
ID_9339BAEA2F,0.5
ID_3D45716387,0.5
ID_90522E0F27,0.5
ID_1065140948,0.5
ID_B15DD7C85D,0.5
ID_3234249D1B,0.5
ID_A6C0E7D560,0.5
ID_220577CE96,0.5
ID_E8E57265CE,0.5
ID_722443065F,0.5
ID_9321435A03,0.5
ID_9A1B845BAB,0.5
ID_2D96EBB88A,0.5
ID_654D8FAB54,0.5
ID_CB66DA17CF,0.5
ID_0599593131,0.5
ID_154CC766DE,0.5
ID_9222B63D6D,0.5
ID_02F02FF59F,0.5
ID_1F583B7C6B,0.5
ID_8AA658A642,0.5
ID_F535E26D83,0.5
ID_A65CE18C75,0.5
ID_D813E2766F,0.5
ID_B9E5EF9ED7,0.5
ID_453BBF10CA,0.5
ID_5EA720C736,0.5
ID_4E766DE27A,0.5
ID_01A511CFBB,0.5
ID_D413DFA15E,0.5
ID_232D824487,0.5
ID_7E658DA926,0.5
ID_513C83954E,0.5
ID_764FAC3A90,0.5
ID_4B06353EEE,0.5
ID_B554B8FD9E,0.5
ID_D83179A740,0.5
ID_D19B39B9E1,0.5
ID_A84564CE2A,0.5
ID_6E13756C32,0.5
ID_46822DF299,0.5
ID_481BBC7981,0.5
ID_976D883828,0.5
ID_6F42E8D1FD,0.5
ID_0D4921B21D,0.5
ID_582C86BA93,0.5
ID_6400C7F6C5,0.5
ID_339322B180,0.5
ID_A2D2601E1C,0.5
ID_1F57DC6D18,0.5
ID_7E5FF8A29E,0.5
ID_B4A62EEB65,0.5
ID_7C5F501322,0.5
ID_8D71286290,0.5
ID_D0A0843563,0.5
ID_FB0361994C,0.5
ID_5BA69E6A3C,0.5
ID_E08F1689AE,0.5
ID_20BC37542E,0.5
ID_226905D7FE,0.5
ID_A6A6ED0443,0.5
ID_FC3AD1A26B,0.5
ID_44F84EEA81,0.5
ID_D36CF74D26,0.5
ID_794979785D,0.5
ID_0767BECCC4,0.5
ID_E9124C846B,0.5
ID_570F6491F9,0.5
ID_C8FEE51F97,0.5
ID_BB1994F9CF,0.5
ID_7A395C1126,0.5
ID_C568FBC5A5,0.5
ID_03FC818291,0.5
ID_3AAED30FC5,0.5
ID_D7FCD2E373,0.5
ID_162A8E770F,0.5
ID_CB5E543C6B,0.5
ID_013078F545,0.5
ID_791E382D4C,0.5
ID_4526B4F4A0,0.5
ID_2E1DBB7052,0.5
ID_002583D7B0,0.5
ID_9AF67CE052,0.5
ID_D32AF4CB2D,0.5
ID_9BF1BD8D4C,0.5
ID_DA09746F20,0.5
ID_49066859DF,0.5
ID_EEEA544A23,0.5
ID_6E4847FE8D,0.5
ID_807B9213B1,0.5
ID_C5108C64D4,0.5
ID_0C91B16A87,0.5
ID_70CBC09168,0.5
ID_D0BD5D9244,0.5
ID_E8287F7DE5,0.5
ID_40E14CD1D3,0.5
ID_57A55FC559,0.5
ID_2C07F27610,0.5
ID_AF932D50E0,0.5
ID_3D0BF2D628,0.5
ID_16234FA32D,0.5
ID_C75BDD0E5B,0.5
ID_EFE9FC8D1E,0.5
ID_C36D1A1643,0.5
ID_1640B26E07,0.5
ID_B5EE5F340B,0.5
ID_F8B029BE59,0.5
ID_5E6D0365EC,0.5
ID_EB3A4D32D2,0.5
ID_F6981F49E1,0.5
ID_DCCC911B1C,0.5
ID_40C9298F9E,0.5
ID_27C7BE6D30,0.5
ID_436588B4F2,0.5
ID_6ED73932F6,0.5
ID_C8A565C84F,0.5
ID_1F1A6B190E,0.5
ID_994BED6A17,0.5
ID_2400B74F52,0.5
ID_A39E528C1C,0.5
ID_DA9DB610C5,0.5
ID_51660380FA,0.5
ID_6AB08E0BB0,0.5
ID_10CDCD97FE,0.5
ID_6A5417957A,0.5
ID_660F29460F,0.5
ID_DFF7428F68,0.5
ID_763D75741F,0.5
ID_E0646E327F,0.5
ID_53C84BA5B4,0.5
ID_12A6DFDE30,0.5
ID_D7E409A4F0,0.5
ID_1DAF397F50,0.5
ID_3ECEC3D3D0,0.5
ID_AA49F03F1F,0.5
ID_9041E26139,0.5
ID_0ED2F7BF25,0.5
ID_6F13902A5D,0.5
ID_5118D06BFE,0.5
ID_AEDE70CC65,0.5
ID_0AE51D3167,0.5
ID_2D6C5DF8E2,0.5
ID_9CD66D9FC3,0.5
ID_6545238801,0.5
ID_201A181254,0.5
ID_891C11FE55,0.5
ID_2C9CB578CE,0.5
ID_F62B77419A,0.5
ID_3FA7809A54,0.5
ID_EF0A272E96,0.5
ID_877C786409,0.5
ID_0B9AB0C61A,0.5
ID_BD6D4F57F8,0.5
ID_0FDCDBE8D1,0.5
ID_78F4DE30D0,0.5
ID_9269C7F1DE,0.5
ID_16F415FDE9,0.5
ID_002D23BD6F,0.5
ID_52F0C7F424,0.5
ID_8129231F79,0.5
ID_97BEA1A450,0.5
ID_DEB4E53A81,0.5
ID_B7260F2150,0.5
ID_951AD0F98C,0.5
ID_E07FD61AB0,0.5
ID_D6E49A5873,0.5
ID_856475F5F6,0.5
ID_D6ED0A483E,0.5
ID_14BB5FADD3,0.5
ID_64C83DAD99,0.5
ID_4471013E37,0.5
ID_A59AC18FF6,0.5
ID_FE30261A73,0.5
ID_084E4D1513,0.5
ID_7663B51324,0.5
ID_44D1F13C32,0.5
ID_47F9E9AA22,0.5
ID_E03129C8CA,0.5
ID_948159BB78,0.5
ID_772B88C121,0.5
ID_C73D186DA5,0.5
ID_D029F891EB,0.5
ID_E76C93B33D,0.5
ID_66563CC932,0.5
ID_74ED98445A,0.5
ID_126AD8ED1D,0.5
ID_43D92F4E93,0.5
ID_2634D5DD88,0.5
ID_40F5934BD3,0.5
ID_AF35A285A3,0.5
ID_8E9DCA72CA,0.5
ID_627882D53A,0.5
ID_0C807CAAA2,0.5
ID_86898641DF,0.5
ID_18C06E1E79,0.5
ID_32CFE142EB,0.5
ID_9F4BBDC49C,0.5
ID_2591438052,0.5
ID_3CEDB22D37,0.5
ID_BC7B0F5B96,0.5
ID_8FA05D0C6C,0.5
ID_51E1743E89,0.5
ID_7583E94B1B,0.5
ID_211428C2E4,0.5
ID_F27A9496E3,0.5
ID_BEFB30F9CA,0.5
ID_1A3F18B542,0.5
ID_FCD99AB74B,0.5
ID_36C42CEE97,0.5
ID_8FAB8AEA75,0.5
ID_F1055EB073,0.5
ID_82EB01E74D,0.5
ID_0345EBE71C,0.5
ID_62A0BA41DC,0.5
ID_6A9E914C71,0.5
ID_4A191DB9E1,0.5
ID_8D37AA8813,0.5
ID_93D006BBC8,0.5
ID_F13128AA02,0.5
ID_D628CB966A,0.5
ID_28985D5849,0.5
ID_5F16721F00,0.5
ID_2932E5CE9E,0.5
ID_2969B99DBC,0.5
ID_586C18BFCB,0.5
ID_81B15BF78F,0.5
ID_F4D4FBCC9D,0.5
ID_F99A507B77,0.5
ID_00D94346B2,0.5
ID_544F7FAA50,0.5
ID_2FEADDBB97,0.5
ID_E8273193CA,0.5
ID_24B97C9097,0.5
ID_ED642E082D,0.5
ID_23C3322791,0.5
ID_FB1F4BD022,0.5
ID_27E9AB1A95,0.5
ID_C46709676D,0.5
ID_1B40148207,0.5
ID_8238F1F85A,0.5
ID_4A4DD31ACD,0.5
ID_3F8C916746,0.5
ID_83F06EA788,0.5
ID_3B4B6430E4,0.5
ID_DB25B0B002,0.5
ID_DFB528805E,0.5
ID_7607DE45E5,0.5
ID_5646206340,0.5
ID_1F780DD2E8,0.5
ID_680783063A,0.5
ID_3DDAE2E029,0.5
ID_F878395BF4,0.5
ID_8E7477EB35,0.5
ID_314E4B265E,0.5
ID_81B24A71D2,0.5
ID_3086768BC6,0.5
ID_3F0C4669CD,0.5
ID_3A76F21415,0.5
ID_97DCF8A584,0.5
ID_C74C27E85A,0.5
ID_85C6EC4E59,0.5
ID_919706FC71,0.5
ID_3485B11D83,0.5
ID_224EBD6AEB,0.5
ID_2CC16D7BC0,0.5
ID_D840AA1083,0.5
ID_5F10CCAC10,0.5
ID_96EF7573A3,0.5
ID_A2B06DBEA9,0.5
ID_F72CE54ECA,0.5
ID_7609108C79,0.5
ID_8F49DBF58F,0.5
ID_4253DFA64B,0.5
ID_27D22AE1E5,0.5
ID_045C60EB11,0.5
ID_FE4B444DD6,0.5
ID_75712864D8,0.5
ID_CF2C846936,0.5
ID_B278F1DC1A,0.5
ID_B0106C5BAC,0.5
ID_59B62FFE8D,0.5
ID_D0B2B9F288,0.5
ID_9716D41F82,0.5
ID_4DA507BB76,0.5
ID_F13C0222D2,0.5
ID_53FBAA9A04,0.5
ID_1419939908,0.5
ID_1808F08A9E,0.5
ID_D4C413A5F1,0.5
ID_387C9E37E1,0.5
ID_87E71EC01D,0.5
ID_C48AD3442F,0.5
ID_EC2955C8F7,0.5
ID_A16C7CDF03,0.5
ID_9BC53792FE,0.5
ID_5EFCBA316A,0.5
ID_A8077D5835,0.5
ID_5AC100F558,0.5
ID_BBFF4D8F2D,0.5
ID_69E11B4028,0.5
ID_07D6CF8B4F,0.5
ID_35267E0E3E,0.5
ID_171C72713F,0.5
ID_A039C01513,0.5
ID_078C0EDB5F,0.5
ID_DDDB0056F8,0.5
ID_CA77DC9DF5,0.5
ID_85DDF44930,0.5
ID_463AB22C3D,0.5
ID_1142ED2AD1,0.5
ID_4215F82F57,0.5
ID_68EAAD025D,0.5
ID_24D2494BE9,0.5
ID_3F1F7CA5C6,0.5
ID_A2C6A1F31C,0.5
ID_86778CA13F,0.5
ID_AC4745D550,0.5
ID_66099D5C5D,0.5
ID_98408675A4,0.5
ID_2B4509A6C3,0.5
ID_3E5C4731A8,0.5
ID_24351281F3,0.5
ID_F09C6B1F6A,0.5
ID_1079220969,0.5
ID_654EF8A93D,0.5
ID_E40DF6D32C,0.5
ID_D50736FEF2,0.5
ID_76A3E67BEB,0.5
ID_C528550D16,0.5
ID_E7ADEB4992,0.5
ID_9EE37DE911,0.5
ID_F068430D57,0.5
ID_06F8A35BE9,0.5
ID_AD96C74B50,0.5
ID_ED14375AD7,0.5
ID_E1486D5A1F,0.5
ID_7A0F8B33C0,0.5
ID_113F9D2626,0.5
ID_51AE1FA3B9,0.5
ID_78F5896EF1,0.5
ID_4AA9C5A68E,0.5
ID_6BF0FC4F4B,0.5
ID_F075F2D744,0.5
ID_60833FB48F,0.5
ID_DBC3CB9736,0.5
ID_466309C390,0.5
ID_E6BAE24D64,0.5
ID_B8CF921FD3,0.5
ID_CAA8D1B2A3,0.5
ID_953881746D,0.5
ID_9B4223B16A,0.5
ID_B7AB78B999,0.5
ID_ECA4C96FF5,0.5
ID_A594DAD54D,0.5
ID_A3D16C8189,0.5
ID_62C7A8E0ED,0.5
ID_3761F95152,0.5
ID_B5E1FC087D,0.5
ID_586C8217E4,0.5
ID_06C56110D8,0.5
ID_35BB6129EA,0.5
ID_DE77324B09,0.5
ID_17437B1DF6,0.5
ID_23533240F8,0.5
ID_B6B32A40F7,0.5
ID_BE01C7DDE0,0.5
ID_453782B2C4,0.5
ID_A8C254EDAE,0.5
ID_080D1834B1,0.5
ID_79B2D26F06,0.5
ID_CE98E8DA17,0.5
ID_0BD142AAB1,0.5
ID_C52B56961D,0.5
ID_2D466F29BB,0.5
ID_AC670FEDB7,0.5
ID_2CD304D483,0.5
ID_9284FD70D9,0.5
ID_A12E5242D3,0.5
ID_992CEE784A,0.5
ID_EFBBB76B0B,0.5
ID_C0E244BD2C,0.5
ID_B2B00ED227,0.5
ID_A9B020F9DF,0.5
ID_D657838739,0.5
ID_2135D305B6,0.5
ID_6421BBE50B,0.5
ID_A7CF5EC34F,0.5
ID_93831D4ABC,0.5
ID_464612D998,0.5
ID_46AA505698,0.5
ID_FBE0C7C31A,0.5
ID_2C65E2A5CF,0.5
ID_67A3D2BC18,0.5
ID_23DCF6C28E,0.5
ID_EDB9788197,0.5
ID_90695A8602,0.5
ID_99666006C7,0.5
ID_8DAD2C8D28,0.5
ID_6506338B23,0.5
ID_0E35810462,0.5
ID_1D4B6392FE,0.5
ID_2718F3273A,0.5
ID_CDB998CB3A,0.5
ID_D4C84490BE,0.5
ID_263FEB8454,0.5
ID_CD249B7C52,0.5
ID_123B6A25BF,0.5
ID_4F2FE71107,0.5
ID_0F0F9D9546,0.5
ID_8076CF1478,0.5
ID_FD43EEC2D9,0.5
ID_20EB7AB009,0.5
ID_9F107579B1,0.5
ID_C1426DFB44,0.5
ID_567BC33159,0.5
ID_F4ACB08F10,0.5
ID_1F1106BDA6,0.5
ID_A2952216CB,0.5
ID_BEEDD750EE,0.5
ID_E819B4ADE5,0.5
ID_A4FD78E134,0.5
ID_C5BC162913,0.5
ID_0FB6FA6810,0.5
ID_8B0CBF452E,0.5
ID_C542ED15FB,0.5
ID_FC59EE63CD,0.5
ID_5353088522,0.5
ID_BA47F25956,0.5
ID_6943E6ECAF,0.5
ID_5EA938D613,0.5
ID_B3D382F8D6,0.5
ID_64A0DBD275,0.5
ID_16F2CBB8CF,0.5
ID_4D8EB37B10,0.5
ID_0A4981A76A,0.5
ID_9E0A8A1A94,0.5
ID_6602AA3463,0.5
ID_27FB5DCB10,0.5
ID_79C76F975E,0.5
ID_B8C78F7020,0.5
ID_914D10A6E7,0.5
ID_8A7346D3D7,0.5
ID_A9B844F2BD,0.5
ID_AF954BDA14,0.5
ID_78276D48AB,0.5
ID_1B706CD294,0.5
ID_672CA562FC,0.5
ID_7945CA582D,0.5
ID_00CD0F3167,0.5
ID_A1C9281497,0.5
ID_42A8167946,0.5
ID_C8E8BA92DE,0.5
ID_3F011C5D4F,0.5
ID_B1469173DD,0.5
ID_CF886D6124,0.5
ID_A6084645D1,0.5
ID_F129114056,0.5
ID_386DB95CF1,0.5
ID_526792AD94,0.5
ID_A09392A43A,0.5
ID_00E6B63920,0.5
ID_D2CD239E74,0.5
ID_D56E5B8B02,0.5
ID_F92A37BD39,0.5
ID_BD84D884C9,0.5
ID_7A4664388E,0.5
ID_6DA9817074,0.5
ID_2224C24392,0.5
ID_CC2B9F2760,0.5
ID_B7DD055EEF,0.5
ID_7484A1987D,0.5
ID_C2EE7A4AAA,0.5
ID_9EE20BB830,0.5
ID_D17D9E03D5,0.5
ID_F6A2DD0892,0.5
ID_C1BD5CABF5,0.5
ID_374781CB1A,0.5
ID_75D24D472B,0.5
ID_3C7CF79AEE,0.5
ID_F1651E73C4,0.5
ID_FD3F0934CA,0.5
ID_DA6916D6C7,0.5
ID_E4F217CC0A,0.5
