ID,liquidity_stress_next_30d,constant_prior,logistic_regression,xgboost,catboost
ID_0006E47606,0,0.15,0.19029850842470977,0.15802117,0.1477173146254013
ID_00177B53DE,0,0.15,0.05794661410381092,0.0315614,0.05441649359351757
ID_00195F7F29,0,0.15,0.3269627355113609,0.16300416,0.17027008618755143
ID_001B722BCF,0,0.15,0.2616339675477306,0.34286186,0.2574944552832345
ID_00273C9B84,0,0.15,0.1215041759053477,0.031125866,0.09604376313755802
ID_002C88BB06,0,0.15,0.1416005225604769,0.15512632,0.24252375618572392
ID_0044468C4A,0,0.15,0.04124723790212055,0.026185567,0.05461586175073692
ID_004716B845,0,0.15,0.12690417280884267,0.1798339,0.11362084728468959
ID_004C49A3B2,1,0.15,0.18557584019933884,0.1211334,0.15358301523466508
ID_0065D96EFE,1,0.15,0.29629248145574694,0.32070187,0.29265862540284404
ID_008A682FEB,0,0.15,0.1624630602959846,0.20560656,0.17176495266056438
ID_0095B29325,0,0.15,4.082643826590633e-05,0.057753664,0.08367987191002883
ID_00A8FC6D80,0,0.15,0.2773659690077141,0.20957449,0.2704040579371651
ID_00C061B1E4,0,0.15,0.11756927810101042,0.0342063,0.03684784180709718
ID_00C476E4DC,1,0.15,0.1556389800939389,0.07861119,0.09261969936291856
ID_00C4F93B0D,0,0.15,0.24142180513807837,0.038241588,0.06007322617725213
ID_00CAA18FA3,1,0.15,0.18539710149595423,0.648843,0.486952043900645
ID_00D34107FB,0,0.15,0.1915668609025659,0.5205847,0.4480367964343762
ID_00D3A3B407,0,0.15,0.08462193647542265,0.018573174,0.05645273616642078
ID_00ED58EE57,0,0.15,0.11520449899912069,0.079275556,0.1239408294261166
ID_00F23CE713,0,0.15,0.034308470332296025,0.029868705,0.03983541530763061
ID_00F429779E,0,0.15,0.21241342185827342,0.04803445,0.061445256876787695
ID_00F50444A6,0,0.15,0.0945237588246106,0.16162238,0.15594778359308636
ID_00FAEC3385,0,0.15,0.2879562771290649,0.082557626,0.10824428802817275
ID_00FDC69DA7,0,0.15,0.05578181677677868,0.07550861,0.17231363480240017
ID_0114FBD71C,0,0.15,0.02517394952270925,0.041722186,0.05787543942626345
ID_011A23F4C7,0,0.15,0.30943972502837347,0.142933,0.14732489871093055
ID_011B133DB1,0,0.15,0.07396969689898991,0.3394946,0.3043138523020582
ID_013F0E483B,0,0.15,0.24976912089976572,0.1612574,0.16438733940034378
ID_0146A11B42,0,0.15,0.19413257691979302,0.058997672,0.16487616586407944
ID_0162E914D9,0,0.15,0.12242219863539631,0.27046,0.2075766672295668
ID_0162EFB952,0,0.15,0.14848277644145033,0.22038303,0.24958245669382934
ID_016EC5F8C5,0,0.15,0.19392795565011825,0.073837504,0.09325716436291893
ID_0170435CD4,0,0.15,0.005175789823331639,0.078419164,0.08657334298649962
ID_0171D1654C,0,0.15,0.23737287038758553,0.08324721,0.11812090955039856
ID_017D71FD2E,0,0.15,0.06372072019268615,0.07564814,0.11573068415036122
ID_01BA6825B4,0,0.15,0.037442873773775455,0.15065758,0.15424190562852588
ID_01BE40C89A,1,0.15,0.27519498948085663,0.48328948,0.3084216391932616
ID_01D1F149CE,0,0.15,0.2616970265115874,0.5370637,0.43701340686273504
ID_01D3010C0F,0,0.15,0.13432076262684908,0.11310329,0.15680209551909538
ID_01DF4E1950,0,0.15,0.16772398830185684,0.09091524,0.16234310996145293
ID_01F350F316,1,0.15,0.18869849335724734,0.1511178,0.15563358780404515
ID_01F5C0D5B0,0,0.15,0.2840181356651841,0.1642914,0.18891670501848296
ID_020273C080,0,0.15,0.392473852369479,0.27142015,0.18877377389812722
ID_0208450C9E,0,0.15,0.1544005025635413,0.1955615,0.2772996546237252
ID_021383E601,0,0.15,0.11442277734929264,0.023204418,0.03880443175268561
ID_021B10E64F,0,0.15,0.1922822021087362,0.02603964,0.0553629524965159
ID_022C604B12,1,0.15,0.36924718695057873,0.4997605,0.4299153505821027
ID_02314BC592,0,0.15,0.11680375653899616,0.036033846,0.07301230941837297
ID_0236B7641D,0,0.15,0.16192016549149904,0.06292453,0.09642848475529044
ID_02403724F8,0,0.15,0.19334643946593655,0.107534245,0.17216524853717402
ID_0247A66F2C,0,0.15,0.13486357001281032,0.038227934,0.07413177584188206
ID_024CC21EA7,0,0.15,0.06184053327882045,0.034252968,0.03964949473269755
ID_024CF9DFFA,0,0.15,0.05473477528356764,0.023678347,0.04929382643999548
ID_024DE71DEB,0,0.15,0.4540114775924642,0.14225337,0.15048564886273513
ID_02537A94B4,0,0.15,0.036010442306109024,0.22402096,0.2505986778908281
ID_0266A32681,0,0.15,0.1053382298539152,0.0864504,0.13362876945500546
ID_0271001A17,0,0.15,0.11622975634326975,0.10068286,0.1282453241121424
ID_0283F0615F,0,0.15,0.09395248031066834,0.029524408,0.09390155305808102
ID_02A1B868B6,0,0.15,0.22634032567756232,0.11045393,0.16077491434927213
ID_02B96E08C4,0,0.15,0.054068985350026987,0.026250936,0.04749939642110145
ID_02BFB1424E,0,0.15,0.1231884338576092,0.09149155,0.09368336677693329
ID_02C4BB292F,1,0.15,0.09678280863157473,0.46937758,0.43182988061425154
ID_02CE26156A,1,0.15,0.1648541847214063,0.4360083,0.4000623009674705
ID_02CE661982,0,0.15,0.15698085160443218,0.12296915,0.13643643229504626
ID_02CF7379E9,0,0.15,0.0030302205610736248,0.030579433,0.07158283054135675
ID_02E7A2AA1D,0,0.15,0.060934546427593814,0.08401861,0.08751750271247923
ID_02EE1C0DF5,0,0.15,0.056032948443522565,0.034697227,0.057862208760472725
ID_0309FC1E5F,0,0.15,0.029939087970341362,0.013649233,0.03920521478863556
ID_030A90A4B0,0,0.15,0.088737346249108,0.077356085,0.10037640338918268
ID_030AF9A4B4,1,0.15,0.25660022767715823,0.3079693,0.3167216429463509
ID_03127D6A7A,0,0.15,0.05174425870492596,0.042173408,0.04760299365344016
ID_03136E53D0,0,0.15,0.18296060564424527,0.22616148,0.24985714217905725
ID_031439C796,0,0.15,0.10352986424674665,0.094029434,0.13824522363885042
ID_031B359683,0,0.15,0.1333876609982621,0.08458682,0.09129684150365094
ID_0322D88FC4,0,0.15,0.09771190973648235,0.13416891,0.1307410799971378
ID_032B06E6EF,0,0.15,0.12902366401069404,0.03436895,0.05579157324744207
ID_032EB4F8F0,0,0.15,0.2790456714664001,0.2599454,0.29439720262797225
ID_034274309B,0,0.15,0.1101277448693899,0.119842134,0.12542572432132743
ID_034796E565,0,0.15,0.2334281728154999,0.23528498,0.24180970723563427
ID_03496709F6,1,0.15,0.13420479889385642,0.17162639,0.1727499563611719
ID_034DE49D35,0,0.15,0.10458037929832677,0.023086576,0.05138985751819424
ID_0355CD9D0F,1,0.15,0.1641281848201255,0.526142,0.38561879715097125
ID_0356BB4CCB,0,0.15,0.3244961946593851,0.26443064,0.29846276502704755
ID_03617C9C84,1,0.15,0.19280681269300265,0.19159244,0.17976961530320454
ID_036244C640,0,0.15,0.06202805403802048,0.14098436,0.11057634460186501
ID_03639F4C30,0,0.15,0.21070441684953295,0.12735565,0.12386699729164208
ID_0367169B18,0,0.15,0.28478088503753607,0.14304109,0.1776142484804922
ID_0367D08A96,0,0.15,0.051576049720878335,0.060987726,0.09475301404588779
ID_0379820064,0,0.15,0.13583141723714215,0.078742586,0.1069684244269033
ID_03851A9819,0,0.15,0.0958735934551029,0.11192095,0.09698925395091973
ID_0385531FD5,1,0.15,0.2628786393007474,0.36193606,0.28198165780184725
ID_0389231CD7,0,0.15,0.04002548551830039,0.019218856,0.059143779938839756
ID_039911976B,0,0.15,0.35530733834333605,0.16212997,0.16673490123010787
ID_0399B36885,0,0.15,0.35559589418501164,0.14641719,0.19150101233195924
ID_039BD0898F,1,0.15,0.23477095688084226,0.42685902,0.3668431590676424
ID_03A30BD409,0,0.15,0.02419301346959231,0.022579027,0.03441001944423952
ID_03A9480D89,0,0.15,0.16532300609937767,0.0329449,0.04549934020808248
ID_03B831D641,0,0.15,0.031593396124933275,0.076530695,0.12710135437280615
ID_03C54EB79E,0,0.15,0.011085332903598371,0.022887457,0.03144221200918866
ID_03C9F43F5B,0,0.15,0.19731660881200727,0.18670014,0.1304951598502349
ID_03CC900419,1,0.15,0.18619282168667411,0.3629077,0.2691030466876622
ID_03CFF2C116,0,0.15,0.04061089677202765,0.02832934,0.06102141588797124
ID_03E19D622B,0,0.15,0.08238607275744528,0.03195211,0.059516943102168006
ID_03E8EC2D5F,1,0.15,0.055303250053362826,0.15667076,0.17466740048816923
ID_03FFCA470B,0,0.15,0.2187736893152102,0.20582938,0.19024225961222854
ID_0401C492F2,1,0.15,0.1783042122225359,0.33564618,0.15288558030928637
ID_0413F02612,0,0.15,0.02029316361458051,0.014168523,0.03046349748388363
ID_0418679CCB,0,0.15,0.16261622622150246,0.09068638,0.10858524784655947
ID_0420BB59ED,1,0.15,0.257485943851167,0.35542917,0.22317618798497693
ID_0420FDF24B,0,0.15,0.2510121954474154,0.35038173,0.2708128904538719
ID_0428267A41,0,0.15,0.22770990153291226,0.2428717,0.25689166606167296
ID_0433D49F51,0,0.15,0.1250270847708753,0.13383554,0.08954452150237827
ID_043B5AFEFB,0,0.15,0.12970879293089116,0.055204064,0.10397143306615562
ID_043C6DA786,0,0.15,0.13727963131459667,0.2496695,0.12856244374743758
ID_04491A1D54,0,0.15,0.3199618414191169,0.06801167,0.09189303787016521
ID_045207309D,0,0.15,0.04671146138712431,0.025295058,0.052016481021238486
ID_04522C4DD2,0,0.15,0.09660050924953882,0.04268711,0.060124534463080824
ID_0452808B9E,0,0.15,0.27778948233464407,0.15517095,0.15765523337312465
ID_045EF15EBE,0,0.15,0.25912661456356295,0.59835535,0.35968779863700834
ID_046772BA4A,0,0.15,0.06976526414692323,0.10497942,0.10911805015791508
ID_04745D15B2,0,0.15,0.049638226094786235,0.03665988,0.048088203972213105
ID_0474ACC218,1,0.15,0.05625597492965323,0.24631812,0.1518735510980212
ID_048DFBC027,0,0.15,0.05003097844728786,0.008318968,0.016149095551230883
ID_048FE84883,1,0.15,0.14343450516930367,0.38516685,0.2986934362244816
ID_049015ACB6,0,0.15,0.145673662241863,0.15299694,0.23624449693251062
ID_04943FC811,0,0.15,0.08237216700631836,0.037892755,0.07884703782145505
ID_049A35C60B,0,0.15,0.025207860644970364,0.12984876,0.09493959009340219
ID_049ACC91C4,0,0.15,0.0760081033689646,0.023960775,0.05024842129648445
ID_04ACDD0105,0,0.15,0.10658941598338807,0.055019677,0.08540863743160872
ID_04C3E5DC42,0,0.15,0.11390950385944926,0.020803139,0.04567512581031109
ID_04C6C8CBDF,0,0.15,0.11661931915456399,0.07020353,0.08912819416783481
ID_04CCD014A9,0,0.15,0.057365149290465746,0.031265497,0.06390897053980901
ID_04CF333CBB,0,0.15,0.05511261357371898,0.012495346,0.03648519861296699
ID_04D95DC1E0,0,0.15,0.08451523403154503,0.035156038,0.03659528623968077
ID_04E136F78D,0,0.15,0.2325499845387417,0.25784966,0.326800220750367
ID_04E9E12628,0,0.15,0.05359196880233889,0.011035141,0.03250200337421779
ID_04F5143306,0,0.15,0.04384476046608412,0.03849008,0.07753429932957692
ID_04FC8D744C,0,0.15,6.125681325961672e-05,0.01683998,0.05629797743678694
ID_0503B581EF,0,0.15,0.0008630386648876446,0.3005304,0.26822829581242147
ID_050EC81991,0,0.15,0.13008362468975898,0.093035094,0.11657150870362892
ID_0510151502,0,0.15,0.12243626176440336,0.024677478,0.04158003462398285
ID_0512B738D1,0,0.15,0.05221382979715781,0.026814476,0.05045035927402476
ID_05193C3003,0,0.15,0.06365426876570147,0.03967371,0.047746561254581904
ID_051A41589C,0,0.15,0.009940077729200263,0.018957553,0.034820094306372236
ID_052F46BE10,0,0.15,0.018355553128030968,0.1142386,0.2032138412451325
ID_0544ADF091,0,0.15,0.23143634683577952,0.15126182,0.11451684041850574
ID_0550507B8F,0,0.15,0.11498004025635637,0.116237506,0.10909083477890927
ID_05571F2CC1,0,0.15,0.08581808860132492,0.13916089,0.1751883550684751
ID_0569CAC0AB,0,0.15,0.2550805066938127,0.30690938,0.17347122262151896
ID_0571EC1B6F,0,0.15,0.014663874626021743,0.09363243,0.12370472471462628
ID_057BB0E538,0,0.15,0.12911056025500797,0.07316967,0.07070973504798296
ID_057FF0543C,0,0.15,0.06215329931036014,0.02447346,0.03502601099457152
ID_058530CAFC,0,0.15,0.0819503780793428,0.035072334,0.0561532264868724
ID_058625A83D,0,0.15,0.0741372597390366,0.08886451,0.1273444189158466
ID_058ED89F29,0,0.15,0.0740304188881361,0.058553692,0.05393115866255376
ID_05916C7C11,0,0.15,0.012828548738237903,0.08853952,0.09459873776756389
ID_05920644B4,0,0.15,0.09180865281817847,0.055091966,0.052235974210365306
ID_05A28687F1,0,0.15,0.43134824796418325,0.29567218,0.25655971231573116
ID_05A333BE77,0,0.15,0.031144576205539988,0.06300875,0.09553304849672534
ID_05AC0E1E29,0,0.15,0.1634440055880288,0.18804118,0.18310254198491124
ID_05B864E89E,0,0.15,0.0385223700927074,0.018934386,0.03816004001759938
ID_05B92BE30D,0,0.15,0.09434687321210805,0.121375285,0.15885253408437092
ID_05C2916179,0,0.15,0.6714974539905516,0.39886835,0.23702484143692512
ID_05C7251864,0,0.15,0.13312470986175043,0.076832585,0.1288230928648448
ID_05D1F8592A,0,0.15,0.12717183318775407,0.061109602,0.09566460664852633
ID_05D8CCBA03,0,0.15,0.08199437302525033,0.03424587,0.10468763473192429
ID_05D9BE0E3D,0,0.15,0.2287017444735705,0.32077312,0.3376166249794743
ID_05DC7D6D61,0,0.15,0.15313293400996839,0.12800767,0.1367072672598322
ID_05F57DF5C5,0,0.15,0.07923122014474478,0.058391184,0.06864649518476276
ID_05F6FE3FF4,0,0.15,0.15029594741078647,0.011919502,0.019313089135236976
ID_0600E0AD26,0,0.15,0.12171962157972087,0.06905958,0.11452739933146247
ID_0608A2DF7F,0,0.15,0.0946556713291702,0.025783503,0.07994792247413068
ID_0612199BFA,0,0.15,0.9997964434365916,0.44207612,0.47233578455773007
ID_06191131F1,0,0.15,0.1166606123648315,0.037803296,0.07162225398135302
ID_06241442C0,0,0.15,0.22063145766048198,0.0931466,0.1193500371901828
ID_062FB0C6EC,1,0.15,0.1827633083701709,0.30795935,0.22792466284058885
ID_0642EDFEB5,1,0.15,0.17073082323419392,0.20259935,0.20119533757172212
ID_06464BD5A9,0,0.15,0.029007536569531537,0.020479146,0.028068371123059998
ID_064CE543D6,0,0.15,0.13824684745441854,0.065475814,0.07343831918793835
ID_065B7DA3BE,0,0.15,0.343138388352619,0.5008251,0.42823341013229915
ID_06621FC0D0,0,0.15,0.03954606223968093,0.041486982,0.04954431850875582
ID_066D16C4F6,0,0.15,0.23792000532057128,0.065476194,0.07470574648923488
ID_0671DD27E8,0,0.15,0.1043554466282613,0.017131295,0.03532241030282391
ID_0680729E7F,0,0.15,0.28053121011179366,0.04653589,0.0442697258669115
ID_068E261602,0,0.15,0.1530711279507701,0.091786645,0.11511132196087893
ID_06A07812A6,1,0.15,0.13836501679044758,0.32922345,0.20176169637832536
ID_06A8EB0049,1,0.15,0.5277413677943606,0.7527837,0.6267260241242583
ID_06AACBA68E,0,0.15,0.15749005907760125,0.05684649,0.14191727503980514
ID_06B342B6FC,1,0.15,0.15494510228250558,0.16680025,0.1605057376027079
ID_06BF016D3F,0,0.15,0.08627381773232577,0.038005438,0.045672654317568
ID_06C4D7CEB4,1,0.15,0.9481473012461472,0.3233903,0.3031756320614451
ID_06CA4F8B14,1,0.15,0.40194614848631,0.72536784,0.4339507876544738
ID_06CB5D91D9,0,0.15,0.10068435985412952,0.0946312,0.10046126041983985
ID_06DBBBF924,0,0.15,0.052579210146731455,0.020133642,0.03943645480400698
ID_06EC650F93,0,0.15,0.17227191823871119,0.22013967,0.18302338372833718
ID_06EFF04CA3,1,0.15,0.24655842365491748,0.38787216,0.33743724954683135
ID_0709A5A1CB,1,0.15,0.2735347677758415,0.38816324,0.25115875056912884
ID_071B12CE2F,0,0.15,0.05428507823743848,0.0890024,0.10611497246002434
ID_0723DE3FD0,0,0.15,0.14007515938309745,0.08649585,0.07773671145726783
ID_07332876CE,0,0.15,0.06005788411957679,0.024513531,0.05445701149056217
ID_0734F95ABB,0,0.15,0.06603050574585599,0.15242608,0.11797844345677412
ID_07386D85FC,0,0.15,0.058459705350665414,0.037469614,0.05574749984787166
ID_074AD0DA43,0,0.15,0.01064102274239595,0.0068873707,0.021160356320022236
ID_074EE31188,0,0.15,0.14596009951741135,0.25723788,0.19850270959506694
ID_07512A88FC,1,0.15,0.24468913396825434,0.62112486,0.6369864502866474
ID_075A790D6B,0,0.15,0.8383590262200152,0.3309126,0.32371821111228205
ID_075D9F0B15,0,0.15,0.07565981011653404,0.04985745,0.07771710682366242
ID_075E082F0A,1,0.15,0.39769694950009327,0.46238658,0.3228535012304038
ID_0762CA4559,0,0.15,0.8617977532470679,0.2738375,0.2916900735680556
ID_07636DC5B4,0,0.15,0.28373362464616675,0.12503888,0.10381640570855707
ID_0775189395,0,0.15,0.036769955261942676,0.060930494,0.06148955706687563
ID_0776888BC1,0,0.15,0.07203540577867285,0.060075924,0.14196769388021516
ID_07827B792C,0,0.15,0.1720645457210797,0.11522773,0.1442032456632495
ID_078369C27D,0,0.15,0.03733913797334106,0.020815928,0.055729223306314385
ID_078BDB7ECC,1,0.15,0.49146776508285395,0.663787,0.40488910055228167
ID_0794F3DB1A,0,0.15,0.17446058416032093,0.04819433,0.11226636132123208
ID_07952DE5A4,0,0.15,0.22574317314620604,0.39677685,0.33007262236693347
ID_0796383703,0,0.15,0.019747024520988775,0.019159682,0.03843429565564726
ID_0796AB4057,1,0.15,0.2672173702200511,0.34573334,0.16839630773627404
ID_0796CFD9BF,0,0.15,0.04383153499682883,0.19865552,0.17557529239941322
ID_07998D7DE1,0,0.15,0.18084681359050203,0.14756455,0.15822885253868196
ID_079DA6E8AE,0,0.15,0.07002175926634645,0.044686206,0.0731517450756679
ID_07B7E4CCA0,0,0.15,0.1687021752616361,0.03322521,0.049156317081493914
ID_07BE74ADFB,0,0.15,0.057591642438504065,0.018246368,0.03306697095605005
ID_07BF397A17,0,0.15,0.1283756401931095,0.024371613,0.05836893278981004
ID_07C8956E3E,1,0.15,0.15516687439874227,0.119932406,0.1627561358364454
ID_07D6FF148F,0,0.15,0.13256279774382848,0.15972906,0.17940650288827528
ID_07DFD7EC3C,0,0.15,0.13952609108646732,0.17113349,0.25851897939722435
ID_07E53B3C3A,1,0.15,0.24784466151514464,0.06263149,0.05299436089533852
ID_07E87F0D2D,0,0.15,0.03476241840706326,0.02772784,0.04266218360918528
ID_08036011D9,0,0.15,0.0972924253460674,0.022960242,0.03794322878910414
ID_0806773548,0,0.15,0.08500269821906128,0.09163446,0.11402730824068577
ID_0807911C73,0,0.15,0.07893423074106418,0.045556784,0.06924737485228842
ID_080858A15C,0,0.15,0.1977655662346546,0.1788831,0.1255792326122198
ID_080F3C238F,0,0.15,0.02977555230062697,0.014228671,0.036707382466350705
ID_0816832507,0,0.15,0.10040096617098335,0.02351544,0.0585128688699836
ID_081DFC250F,0,0.15,0.3231339443856725,0.24821204,0.19149206796835216
ID_08445E3BA7,0,0.15,0.2112859069807421,0.07444328,0.15028814412445707
ID_0845822FC2,0,0.15,0.10814271854550192,0.0924822,0.10366438549390754
ID_08587F8157,1,0.15,0.26870600482058327,0.4803718,0.38663439332550315
ID_08633B5999,1,0.15,0.2268067592096042,0.203581,0.11825250461176535
ID_086D971362,0,0.15,0.20718952440665192,0.060230464,0.11717649147098896
ID_0874F293CB,0,0.15,0.046324651094871994,0.020439086,0.042814426371893484
ID_087C810314,0,0.15,0.14625473848999224,0.019219678,0.052699059710321086
ID_088BA5F021,0,0.15,0.2360005191941969,0.083638236,0.07739139580565521
ID_088E2E435B,0,0.15,0.02100716293758898,0.025591295,0.04101130161009217
ID_089F74D5DB,0,0.15,0.24118968367742094,0.1274115,0.16790242405055883
ID_08A6FFD3CB,0,0.15,0.06853506202645737,0.017110072,0.040443938925466626
ID_08A9A59187,0,0.15,0.045987893243802605,0.059976384,0.07644858405400352
ID_08B3FE6026,0,0.15,0.1017477189395368,0.08538943,0.12107653772622992
ID_08B5EE456D,0,0.15,0.06891562862665422,0.024645792,0.049828518147689134
ID_08C405A112,0,0.15,0.015743828274305812,0.12581179,0.15784297907310688
ID_08C7DB1092,0,0.15,0.14511243297648405,0.11270076,0.11543053320029303
ID_08CEF2EE17,0,0.15,0.12380838326129649,0.11226125,0.11615549778544738
ID_08D83F3819,0,0.15,0.22687711225346122,0.10326706,0.14678353029051971
ID_08D9316CE7,0,0.15,0.05946868183367389,0.017414354,0.042524626074979664
ID_08DD4D18A0,0,0.15,0.0009342085117062793,0.04158985,0.0800664673252361
ID_08ECC1E4B1,1,0.15,0.18575936472650573,0.29461506,0.3675165374980217
ID_08F0ED06EE,0,0.15,0.29604566562799756,0.22707617,0.2683215839234498
ID_08FF343C85,0,0.15,0.1637018563013435,0.042428777,0.0918494501869074
ID_0904AE360A,0,0.15,0.07146636230564396,0.04189773,0.07204733833158102
ID_0911B58BDD,0,0.15,0.2479425634991777,0.075446695,0.07451765132561586
ID_09234653AC,0,0.15,0.07700780871670766,0.12201075,0.1359098335250679
ID_092A1BDE40,0,0.15,0.03425767946905919,0.09630199,0.12492417728195769
ID_093419380C,1,0.15,0.3101032904794762,0.45638528,0.248001981751806
ID_09396DB98F,0,0.15,0.1557780201477736,0.12485027,0.1849164481892207
ID_093DECD7E4,0,0.15,0.04764200594704947,0.062163725,0.0792442143932253
ID_0948F56C41,0,0.15,0.5939512754256168,0.4179815,0.47428517264184666
ID_095E493259,0,0.15,0.09333643286393871,0.03869012,0.07284554271772851
ID_096899D24E,1,0.15,0.12754893858290503,0.12437423,0.1400188302348761
ID_0981F6725D,0,0.15,0.16349489620613208,0.12857603,0.11580023582878488
ID_0982A8C9DF,0,0.15,0.0212683579180791,0.0044087777,0.02601693321443334
ID_0995589337,0,0.15,0.14893338751960486,0.05918562,0.08523500990150384
ID_099C12ECE4,0,0.15,0.12164617321977234,0.07635326,0.10328547882024493
ID_099C1ED7B0,0,0.15,0.04085804582240026,0.041675225,0.10004830708391106
ID_099C45B115,0,0.15,0.27861438809331396,0.16739379,0.19335321690902688
ID_099FA1A517,0,0.15,0.05775787160687113,0.014505338,0.02207176246921853
ID_09A810A738,1,0.15,0.2137234007839489,0.3267825,0.44519401885019294
ID_09B8661272,1,0.15,0.14086117479777333,0.5128959,0.2700503557496381
ID_09C40B4467,0,0.15,0.3365604436956655,0.3123597,0.4424228057177569
ID_09C60D436C,0,0.15,0.08530203364060424,0.06764169,0.11762927546465622
ID_09D2771E75,0,0.15,0.046512418408972724,0.07047113,0.05610184618464893
ID_09E93F4F1E,0,0.15,0.10879482118011803,0.11810214,0.15679265620447275
ID_09ED66F66D,0,0.15,0.08506150975642698,0.08908987,0.0929301287516484
ID_09F487BA73,0,0.15,0.09508765278212636,0.090580784,0.10403566953122657
ID_0A035FDB88,0,0.15,0.0661844426952447,0.14349264,0.12522195542635456
ID_0A03A7D71E,0,0.15,0.017870393376479655,0.0070523326,0.024456879869318802
ID_0A1CB85C89,0,0.15,0.28436770324341276,0.1707163,0.1965557029583538
ID_0A1E0A7870,0,0.15,0.12408279536977634,0.20073049,0.19425832911764593
ID_0A1F49E1B3,0,0.15,0.1009498789938148,0.03788708,0.08443659345073933
ID_0A2A3C7A4C,0,0.15,0.040193101221488205,0.22991282,0.28166711031096436
ID_0A2C340658,1,0.15,0.3322707999015744,0.58745533,0.38338734123360824
ID_0A34705BBD,0,0.15,0.1875260466138105,0.08064306,0.0893673651211072
ID_0A34E7BA36,0,0.15,0.16989682617544194,0.19276129,0.15462389737104396
ID_0A60E09CF0,0,0.15,0.08316124548833012,0.075591624,0.10142973993008594
ID_0A8388E355,0,0.15,0.07963481453000243,0.010221107,0.033793914166725704
ID_0A8FBCB558,0,0.15,0.06779289212331119,0.014443819,0.041308433390501734
ID_0AA0BB20DC,0,0.15,0.24065464111324314,0.3718481,0.33885758600008875
ID_0AA0F96B01,0,0.15,0.30385639399909836,0.23070723,0.1582662219427695
ID_0AB1DF9C7C,0,0.15,0.24859049388198184,0.23280874,0.2159777179887184
ID_0AB95F5428,0,0.15,0.4094961023836807,0.32082826,0.20654516326938327
ID_0ABDEDEF1D,0,0.15,0.1823060064947587,0.14200045,0.11788207645088421
ID_0AC2A9E459,0,0.15,0.08489398521788709,0.18151814,0.19504493845009813
ID_0AC2E314B2,0,0.15,0.04283711972097329,0.2182718,0.2728710926949189
ID_0ACF9769D7,0,0.15,0.09316251430634293,0.07781608,0.08984792097765368
ID_0ACFBC32F3,0,0.15,0.16277412928665205,0.117675245,0.08574122643177905
ID_0ADF75A0EC,0,0.15,0.1787436322323445,0.09444897,0.10238658299772306
ID_0AE0EA3FAA,1,0.15,0.22566735433563126,0.07280199,0.08702572400162745
ID_0AE102242A,1,0.15,0.28796826344198684,0.45067245,0.39524108126403146
ID_0AE19786FD,0,0.15,0.2542406142392031,0.07647542,0.08873361013468
ID_0AE3D319DA,0,0.15,0.02926627781329902,0.067568436,0.10777161984798499
ID_0AEB7BBE60,0,0.15,0.12516041987540183,0.15739475,0.20603365407064564
ID_0AECCDEAF6,0,0.15,0.5424067760375795,0.87903184,0.7044917847700723
ID_0AEF79D85F,0,0.15,0.07203026022682237,0.21489897,0.18397747607070195
ID_0B0097F2B6,0,0.15,0.22744711568511528,0.023992583,0.061437974294411155
ID_0B064C7E39,0,0.15,0.16410888680814276,0.033001557,0.0900723451188863
ID_0B07EEF18A,0,0.15,0.18088682104753787,0.07726882,0.11879813851750488
ID_0B0AA8FF17,0,0.15,0.023081566103055236,0.018285781,0.038470862077811294
ID_0B1858BCC7,0,0.15,0.03142775919573836,0.036169685,0.0765273981132252
ID_0B3FC2B323,0,0.15,0.16425375532669895,0.044087987,0.07578968754703697
ID_0B3FE6963D,1,0.15,0.2289967476838822,0.12435989,0.08418174366491964
ID_0B409BC3EE,0,0.15,0.1397390830218948,0.06636099,0.1148180446398676
ID_0B452DEC89,0,0.15,0.1305394566183518,0.36332735,0.3213733940741055
ID_0B4703CE58,0,0.15,0.21155085885377858,0.0880179,0.11713726359994059
ID_0B669DA6B3,0,0.15,0.07090977397144232,0.032017276,0.055750699754400085
ID_0B7E893695,0,0.15,0.09166375272146574,0.24088643,0.24083548696079365
ID_0B7FFE07EE,0,0.15,0.03519634556256833,0.015304472,0.03790710316903791
ID_0B949E4796,0,0.15,0.11511750926912584,0.084976256,0.1453779163633018
ID_0B97E8CE70,0,0.15,0.09476365452263547,0.043077894,0.06585085250754961
ID_0B9A42DAA9,0,0.15,0.005219788761102103,0.04094734,0.11056817022007293
ID_0BB125CCC4,1,0.15,0.16692381546489699,0.42991033,0.43285698286705754
ID_0BB240FFEA,0,0.15,0.26226735016607766,0.3247384,0.1733611411665147
ID_0BBE22783F,0,0.15,0.057204331188703654,0.031434886,0.05054515576481841
ID_0BC2975133,0,0.15,0.13404645794458322,0.05534031,0.08569593725760774
ID_0BD8124C7A,0,0.15,0.07114797565707959,0.12263813,0.20665393816637584
ID_0BDA17A403,0,0.15,0.05451536378893489,0.039661247,0.06862137943946334
ID_0BDF50E478,0,0.15,0.160664773859054,0.36522427,0.32758341986346023
ID_0BE8144458,0,0.15,0.057586977810990043,0.04467456,0.08623202771544604
ID_0BE9A055C1,0,0.15,0.12371736394676786,0.010462395,0.04048301062825488
ID_0BFFA767CC,0,0.15,0.006022502094994659,0.08283095,0.1394690588718741
ID_0C1C4A959C,0,0.15,0.06404290386051402,0.033000764,0.06816483745247297
ID_0C1C5A9151,1,0.15,0.00041402189986568136,0.03202898,0.06287757077430642
ID_0C2193A7FF,0,0.15,0.038577924740443574,0.025709461,0.04727739131848411
ID_0C2587343F,0,0.15,0.2464342006944082,0.18585572,0.16875000708917662
ID_0C2C884928,0,0.15,0.13824881079825785,0.3975498,0.23852040457359128
ID_0C37BD6BE0,0,0.15,0.11957936308993343,0.13578773,0.15420757485725967
ID_0C3A45E4CD,0,0.15,0.19167480068237516,0.1438056,0.18831651119996345
ID_0C3EEEB48D,0,0.15,0.06991222976702131,0.061987363,0.0900822465827583
ID_0C531A2971,0,0.15,0.10066908784404946,0.09251943,0.10207140008702127
ID_0C553E0DE1,0,0.15,0.04533234344007053,0.25008523,0.20599306610074256
ID_0C5FAC77AE,0,0.15,0.18023177186654393,0.1386086,0.1821344436039494
ID_0C6402FE34,0,0.15,0.13404114364488473,0.22734478,0.19455652005390162
ID_0C7208E97B,0,0.15,0.26299128268247807,0.12177828,0.17586542605350836
ID_0C755324A8,1,0.15,0.3111022845571606,0.6663847,0.5135566914649466
ID_0C80682834,0,0.15,0.10019243536431294,0.026395533,0.04393148870365888
ID_0C85787654,0,0.15,0.08358045694178724,0.020698316,0.03030189955505241
ID_0C8A165207,0,0.15,0.23193483564783163,0.12937267,0.1143580872444625
ID_0C8B22D231,0,0.15,0.11527185312303302,0.037475444,0.07997949874411682
ID_0C8EA757B2,1,0.15,0.1501692492508378,0.06308318,0.04938712774583862
ID_0C92148B1A,0,0.15,0.16685605708663112,0.013210085,0.04105005807099692
ID_0C99D9F9E2,0,0.15,0.04121381402937558,0.07426486,0.09331372527308687
ID_0CA2CA3797,0,0.15,0.15008994214236168,0.28747633,0.3163545169693055
ID_0CA2ECB4D2,1,0.15,0.992877238866258,0.46955892,0.3606229795667107
ID_0CA52EEAB6,0,0.15,0.12013958565233407,0.067470595,0.08187470259307644
ID_0CA782E751,1,0.15,0.06436672490191116,0.30917415,0.3339918381578329
ID_0CA9A404FE,0,0.15,0.24755288948889595,0.12003807,0.1086792096123658
ID_0CBA29D4FF,0,0.15,0.06364159574861986,0.023244377,0.06119644454022701
ID_0CC1E3D2BE,0,0.15,0.07014543443391416,0.025278265,0.07360972366818065
ID_0CC828478E,0,0.15,0.1549615062983679,0.025832454,0.042784710798353456
ID_0CCD28AE92,0,0.15,0.08025209744540787,0.049172115,0.05324460914274514
ID_0CD4663195,0,0.15,0.07145802903471998,0.021013124,0.0365852990943302
ID_0CDB1AE9DA,1,0.15,0.371808132457632,0.67694646,0.5435012993441196
ID_0CE7ABB3D5,0,0.15,0.20871364498111605,0.052124705,0.09815601322350023
ID_0CE8AF566E,0,0.15,0.10592064858419147,0.049070433,0.07174206338877374
ID_0CECA2878D,0,0.15,0.05396987140768222,0.037213407,0.05536555489388624
ID_0CF3C7F173,0,0.15,0.3257056501989284,0.055796355,0.06571709513916758
ID_0D010995E1,0,0.15,0.005328422958740486,0.05276171,0.1151596902763039
ID_0D0135FB78,0,0.15,0.09647251691575326,0.027645353,0.05064073265253838
ID_0D04486FAB,0,0.15,0.03328436262222552,0.046648506,0.07836239685686062
ID_0D0F595688,0,0.15,0.04471844377276249,0.017381389,0.054166875343136016
ID_0D12D9DF17,0,0.15,0.09451113463039024,0.12743175,0.07913504810652212
ID_0D161E8E4D,0,0.15,0.08812636620733189,0.08086692,0.09556378699298884
ID_0D1B0828B1,0,0.15,0.17467069528535442,0.14672068,0.18534867935292845
ID_0D1CFFB783,0,0.15,0.3132704359742974,0.17149661,0.15850720522084122
ID_0D2905B3CC,0,0.15,0.06950162107215958,0.057408858,0.07542918798603872
ID_0D29CCAE72,0,0.15,0.07096352926738653,0.018178102,0.033754844865641745
ID_0D2BD386B8,0,0.15,0.2695764751854001,0.13865493,0.12623133507757772
ID_0D2C303B1D,0,0.15,0.03946637068763356,0.060491506,0.1128836635304315
ID_0D3150BEC7,1,0.15,0.15316810564439376,0.44868022,0.28324959311966197
ID_0D34701EBF,0,0.15,0.1187085630789131,0.06464482,0.13571854856060678
ID_0D390B902B,0,0.15,0.07273895488001962,0.054316826,0.10179701293821165
ID_0D429009C0,0,0.15,0.3634339544009676,0.25057057,0.2375878571977983
ID_0D49CA4A70,0,0.15,0.1768330880378187,0.12169534,0.1898059607275429
ID_0D4B173574,0,0.15,0.0851504489548019,0.08777635,0.13689161288084106
ID_0D4FA8E744,0,0.15,0.15149014321215853,0.16285427,0.22788674548994348
ID_0D558CA929,0,0.15,0.07372123783506179,0.026842127,0.05556747252160918
ID_0D6CA9B694,0,0.15,0.06113166922343719,0.07597161,0.1693973727488034
ID_0D7C8651FF,0,0.15,2.47435644531971e-06,0.033228967,0.07211692634652365
ID_0D7E8240CF,0,0.15,0.011124100164630009,0.124670364,0.1884152272721699
ID_0D7FDACB43,1,0.15,0.2203320006236808,0.49017593,0.2693567345655919
ID_0D8124F89C,0,0.15,0.10258706949579323,0.14684062,0.14321870449446641
ID_0D948287E4,0,0.15,0.0006523725567691703,0.041183826,0.07455586356865422
ID_0D96221C8A,0,0.15,0.14006637590722792,0.11764368,0.17974528058881006
ID_0DA5454A74,0,0.15,0.13075563252101402,0.11853424,0.19863567786302674
ID_0DA70B1272,0,0.15,0.04036076287156211,0.16467398,0.11501436934003009
ID_0DAFC45689,0,0.15,0.13981784593700863,0.13907169,0.20844705308705508
ID_0DB9C89563,1,0.15,0.6459175045099862,0.88865566,0.726937385918313
ID_0DBC50600C,0,0.15,0.013196956801326319,0.09781693,0.11540493930350919
ID_0DBE425681,1,0.15,0.03412106568330793,0.12427049,0.12880585732727146
ID_0DBE9914A9,0,0.15,0.05883346156009424,0.0332886,0.06653210367769463
ID_0DBF967ABC,0,0.15,0.1620695497038572,0.34522372,0.19250785629258396
ID_0DC5FD324F,0,0.15,0.09886599691511745,0.042468145,0.07745660613942112
ID_0DCC6F969D,1,0.15,0.16269695846459917,0.10744011,0.13206938836978602
ID_0DCE740CEC,0,0.15,0.05098723281430303,0.059885114,0.07000987060047485
ID_0DD55C9AA3,1,0.15,0.11918495475873929,0.2778995,0.19994618519790427
ID_0DE6A33881,0,0.15,0.033504090713405335,0.0281957,0.07330488472692405
ID_0DF7D1EE3D,0,0.15,0.33669573111781326,0.26392776,0.24108126779846556
ID_0DFADC0763,0,0.15,0.038498326287877895,0.06636395,0.08636591312053331
ID_0E0351F63A,0,0.15,0.18449159661599512,0.18884593,0.1290413417017772
ID_0E06AC426A,0,0.15,6.732829870710399e-05,0.025055077,0.06177853479107237
ID_0E0DB4B27C,0,0.15,0.17909684429778563,0.20228457,0.2700739448057753
ID_0E1058C556,0,0.15,0.2873190479168144,0.22453217,0.31979703835536083
ID_0E127CEF42,0,0.15,0.15797799643980348,0.083440974,0.1184179657583686
ID_0E19CA040C,0,0.15,0.19806244376110294,0.06781757,0.09744400001847905
ID_0E1FDF1928,0,0.15,0.10200808566839971,0.036135715,0.05926870205015397
ID_0E20FA453B,0,0.15,0.047317176237024486,0.049629696,0.07975948867397598
ID_0E281364CE,0,0.15,0.2272934285740801,0.26801977,0.24830466765963558
ID_0E2864848B,0,0.15,0.0842627886585073,0.086010896,0.10213192996623519
ID_0E327F0E1F,0,0.15,0.008549714369725544,0.08963368,0.10500968188698111
ID_0E3301BC48,0,0.15,0.015478126699317593,0.020567907,0.039506063753791176
ID_0E33CA63C4,0,0.15,0.07107673605284277,0.2135329,0.15925131410561325
ID_0E412227DA,0,0.15,0.12624056260916675,0.0829944,0.08222226841833229
ID_0E4B7BEBB7,0,0.15,0.2659490161179007,0.27270755,0.2142770484685931
ID_0E56D22888,1,0.15,0.180666896941526,0.24778396,0.172581230687767
ID_0E580F9E36,1,0.15,0.3653794590782156,0.18044117,0.2252950088338493
ID_0E5FCA535F,0,0.15,0.027561184678337673,0.022214519,0.05364061057787335
ID_0E620A4772,1,0.15,0.17181506125926074,0.36734688,0.33621913690310296
ID_0E63B4B322,0,0.15,0.11948708641833514,0.11944333,0.14568237454412708
ID_0E6DAF22B5,0,0.15,0.08354037863737526,0.05726828,0.08217941202735485
ID_0E6F73C596,0,0.15,0.0926690420088371,0.079481095,0.11101205483220261
ID_0E70A2B338,0,0.15,0.15629189078449102,0.07143104,0.13753813892571715
ID_0E7596923E,0,0.15,0.014822881349768878,0.02743243,0.03749391115661662
ID_0E78227FC1,1,0.15,0.14413025041402433,0.5288141,0.2761212417314446
ID_0E8A2BD930,0,0.15,0.12881111379099938,0.039156318,0.10529086202329663
ID_0E92761900,0,0.15,0.11566241164715918,0.06437329,0.1350871086025338
ID_0E9527CE11,0,0.15,0.025041084236579893,0.089040704,0.1006820364535575
ID_0EAA0C1694,0,0.15,0.07181939131462045,0.056727815,0.07856794728524934
ID_0EAADEB823,0,0.15,0.2014630062708536,0.12948702,0.1600987251366063
ID_0EAEBC43A5,0,0.15,0.12208531229782527,0.23064093,0.1653447783164739
ID_0EAF88946D,0,0.15,0.027568112863502022,0.08345317,0.12204533121336553
ID_0EB214B2D2,0,0.15,0.056612721698223255,0.016767431,0.052748188520103906
ID_0ECA2A570E,0,0.15,0.34641394442174467,0.29629478,0.21812998788981586
ID_0ECAFB1A13,0,0.15,0.13706241739839425,0.07101789,0.07867031759861595
ID_0ECC6DFE9E,0,0.15,0.009552510321534868,0.008523681,0.01853798483447417
ID_0ED44BE949,0,0.15,0.2206367228740912,0.1996859,0.20305984456286788
ID_0ED4CE9568,0,0.15,0.036082844285862704,0.034932524,0.054753693061947405
ID_0ED6DA959B,0,0.15,0.0013025594203447553,0.05481675,0.08266617782967008
ID_0ED9C1A6E4,0,0.15,0.003076481437224055,0.065736234,0.08851186285126285
ID_0EE0EF740A,1,0.15,0.3260006104026091,0.42317823,0.3097576753408254
ID_0EE27C5E9F,0,0.15,0.04247540778756255,0.029843083,0.059573880862836374
ID_0F1193A8FB,1,0.15,0.12429833559576137,0.12115853,0.15397758250759697
ID_0F190ECB1F,0,0.15,0.10793047575634812,0.04285547,0.05278794267851295
ID_0F23CC550C,0,0.15,0.4089784863932025,0.27642274,0.17271030528528006
ID_0F26D6020B,0,0.15,0.060892908626572664,0.11875276,0.09244131854014725
ID_0F2941C048,0,0.15,0.15371202251958346,0.22614872,0.21399645193763986
ID_0F30AA7586,0,0.15,0.15350912324899618,0.19610249,0.23905673260497276
ID_0F3A5D70F3,1,0.15,0.1655026297333117,0.03317876,0.0627708583316244
ID_0F3FB10365,0,0.15,0.32462984054309285,0.22494069,0.2266530771851613
ID_0F40B1C042,0,0.15,0.14673777665017024,0.08360479,0.09420924464945697
ID_0F4156A136,1,0.15,0.13024587713137717,0.5621595,0.3859168405251314
ID_0F463A0986,0,0.15,0.143842749038667,0.11611875,0.0977455165273056
ID_0F4A5BA4FB,0,0.15,0.08388297572648268,0.22671418,0.23185405598993036
ID_0F58E8FAEF,0,0.15,0.04092102710724496,0.014592284,0.03416955088962889
ID_0F5BFE4FBC,0,0.15,0.020126409893930806,0.022209672,0.03730830844942197
ID_0F6A18461C,0,0.15,0.057672050946067525,0.27155375,0.1653632710861116
ID_0F700D5589,1,0.15,0.17436915955693968,0.572741,0.49200095102115277
ID_0F705B2825,1,0.15,0.7262454524227597,0.48626217,0.6261553285041948
ID_0F73F16380,0,0.15,0.022188544446375188,0.015953822,0.057473100348258054
ID_0F7622680E,0,0.15,0.303245615567633,0.14354998,0.17047050616527104
ID_0F7901C2D2,0,0.15,0.08124331821484246,0.0224514,0.06112360392042376
ID_0F7E0D4704,1,0.15,0.48536745476977694,0.8057452,0.6372571794935556
ID_0F802628E4,0,0.15,0.12808560228415317,0.037337195,0.057764259737382875
ID_0F81F901C7,0,0.15,0.1809105170687784,0.13057633,0.1432459034848903
ID_0F85181688,0,0.15,0.3357676235951114,0.47597975,0.40966720378203025
ID_0FA8F1D28A,0,0.15,0.025851949509628807,0.04722527,0.05474565753034951
ID_0FAA768664,1,0.15,0.3595250267882407,0.42611846,0.351485271900819
ID_0FAD8B25FE,0,0.15,0.16156469443190033,0.37738177,0.34459343643115736
ID_0FB8E26106,0,0.15,0.14083488763458643,0.032893542,0.07513985902799589
ID_0FBB91C0A7,0,0.15,0.08540708220616355,0.03446075,0.06579772355221498
ID_0FC165BD90,0,0.15,0.4112150589782958,0.08192517,0.13611463738482896
ID_0FE00A2AFE,0,0.15,0.2734283725143319,0.36873323,0.3416114247426053
ID_0FE9DFA14E,1,0.15,0.2561849191978952,0.34208822,0.34929715591635746
ID_0FF6A3FB25,0,0.15,0.041347428374816655,0.009392138,0.030966544260775823
ID_0FFC8F5E91,0,0.15,0.10935474304303805,0.15226422,0.1670520981870797
ID_0FFFE0C3D7,0,0.15,0.1132742232818685,0.0416692,0.05631535769782497
ID_10002A5FF6,0,0.15,0.015340560970170081,0.023724914,0.04431280821166042
ID_1009AE8014,0,0.15,0.32315930930388603,0.101269774,0.1198101150238642
ID_100F6B3DFF,0,0.15,0.0007052801116334781,0.031694293,0.07140756498849353
ID_10143BB629,0,0.15,0.09577367543378311,0.025943128,0.06687651339171273
ID_1014AF9E23,0,0.15,0.0790634658896904,0.021511082,0.051678606199656016
ID_101AAFB719,0,0.15,0.06612718910348837,0.041348774,0.06484846956205886
ID_1044B70723,0,0.15,0.18529557197803728,0.07821406,0.1344924162560488
ID_1058824292,0,0.15,0.13382733125922,0.04092407,0.07918191874336933
ID_105FFB3921,0,0.15,0.04073272687593201,0.14654921,0.1987848934550762
ID_106C905B06,0,0.15,0.12296718220197195,0.039034564,0.06301390461397242
ID_106FFE9AC7,1,0.15,0.06121257621866594,0.3443112,0.37552169891766995
ID_107520CA4D,0,0.15,0.054520182679924395,0.0888114,0.09311602435577873
ID_107AA0FF88,0,0.15,0.16289209163184876,0.11912796,0.13892036187463191
ID_107E15F02E,0,0.15,0.09157409782204394,0.15263307,0.164450101655587
ID_1086FA3202,0,0.15,0.011962711219870924,0.07501536,0.10969969644919271
ID_1094607BEF,1,0.15,0.37235827236697844,0.18196523,0.16675543493694356
ID_109549DF93,0,0.15,0.23078771248872063,0.12399672,0.10329404038959496
ID_1096E2DA0A,0,0.15,0.14288728914707924,0.037199803,0.11505981882587397
ID_109C73C378,0,0.15,0.007008494508523231,0.007991302,0.02318924434371626
ID_10A350D420,0,0.15,0.04313030291720353,0.020620864,0.03334528681135449
ID_10B124A6A0,0,0.15,0.04458103108703264,0.010693995,0.02544479940229693
ID_10B91F108B,0,0.15,0.05821958992417987,0.015487652,0.06632704406231693
ID_10B9C6B636,0,0.15,0.0487416681718092,0.12566836,0.16136173633116718
ID_10BE547848,0,0.15,0.9612658889134877,0.22476588,0.2552732210479657
ID_10C21166C9,0,0.15,0.11142392407322187,0.18242039,0.1813660031394471
ID_10CCB2FA3A,0,0.15,0.08713598374747562,0.057703633,0.06484702876747611
ID_10D15993D3,0,0.15,0.1747748370785849,0.2782123,0.32918532959701746
ID_10D2CC4168,0,0.15,0.38119802374292444,0.31383303,0.22742475926364428
ID_10EC17904A,1,0.15,0.6063636127219255,0.954139,0.8622483886749226
ID_10F4EC7BB7,1,0.15,0.0008966370923928121,0.0630542,0.09205728892738023
ID_10F58D138A,0,0.15,0.0570740801920949,0.06056716,0.0732146021420902
ID_10F9AA70DD,0,0.15,0.14765322651385723,0.10467146,0.11267473188550156
ID_10FAFCA181,0,0.15,0.13434993252390587,0.04648348,0.06166511915283128
ID_10FF6A11D1,0,0.15,0.03635593211376614,0.016851526,0.03550395212561194
ID_110C07F7A8,0,0.15,0.12858719286010606,0.045659836,0.07140146721228528
ID_112AD6F74D,0,0.15,0.20150373829530793,0.07834891,0.10724101432510057
ID_112D6DC188,0,0.15,0.19755405699095796,0.10050833,0.1409860441152486
ID_1131EE10D6,0,0.15,0.04671236852422029,0.019786926,0.04658198239850575
ID_113C1CF27C,1,0.15,0.2997140167697077,0.5412106,0.5132307109010368
ID_113F6388FE,0,0.15,0.15266537306297975,0.08874372,0.15964508536377897
ID_1145A76627,1,0.15,0.3923038256397801,0.505347,0.5347684847829766
ID_114956E2EC,1,0.15,0.1444900719912607,0.114969514,0.15101891945722343
ID_114DA64119,1,0.15,0.17904937739949175,0.16927601,0.1621615235776991
ID_1151E80A45,0,0.15,0.1953041798402037,0.09617554,0.11803077759292589
ID_1160A87B59,0,0.15,0.05128882216430836,0.013299074,0.0367005833597564
ID_1161D1B815,0,0.15,0.027624721812439815,0.006354791,0.02540580384543401
ID_1165AFFF53,1,0.15,0.38541900471493606,0.3344924,0.29389573787160006
ID_116ABCF8EB,0,0.15,0.39905122537758614,0.2738696,0.26047815669008545
ID_116C03ECD5,0,0.15,0.1585875595474861,0.17317528,0.11934786220932296
ID_1181062690,0,0.15,0.21208813633186804,0.28171778,0.3018092489215906
ID_1189FB01F9,1,0.15,0.35713859640727336,0.15093373,0.1334100063348571
ID_1199790812,0,0.15,0.3264851691037761,0.17535917,0.16227437264877612
ID_11A579375C,0,0.15,0.3573424631000845,0.16838133,0.17123879425436653
ID_11AA27D754,0,0.15,0.012027730053813763,0.07302632,0.07023330551955137
ID_11AFFE9253,1,0.15,0.9434487247498958,0.65843487,0.7116222581971112
ID_11B31F3294,0,0.15,0.21625955869736127,0.0737528,0.10951521682856301
ID_11BA71D87E,0,0.15,0.09967137500296001,0.026266972,0.03935236769011721
ID_11BCF6623F,0,0.15,0.1097581330506173,0.10210653,0.13626978262031794
ID_11C146C4B2,0,0.15,0.22488074408481223,0.3032042,0.2607668487207504
ID_11CEA7243E,0,0.15,0.12556508653834395,0.052888818,0.08320484596577327
ID_11E6946437,0,0.15,0.02218824837013015,0.021074293,0.07838201658185363
ID_11E7B42811,0,0.15,0.030973319203214795,0.035800014,0.059093752119202696
ID_11F5770E20,0,0.15,0.025220255945208197,0.019959593,0.04450555542140579
ID_11F9CF05AA,1,0.15,0.5605758475442412,0.51861453,0.5320536537787679
ID_11F9FC232A,0,0.15,0.10868082395101074,0.12372739,0.0889944981164504
ID_11FA1D85EC,0,0.15,0.09243766891332605,0.02864385,0.08255027407309029
ID_11FACD5BE3,0,0.15,0.18664106984792403,0.15275504,0.1930740103127561
ID_120788A349,1,0.15,0.15027737419051015,0.11030064,0.19200688095722296
ID_120AFE1041,0,0.15,0.11073841354612177,0.09967123,0.10841856273234073
ID_121AE743CF,0,0.15,0.08337790900032266,0.023854675,0.041155070971819994
ID_122E945843,0,0.15,0.17282699130639312,0.7286952,0.3917387617283537
ID_122EA2529A,0,0.15,0.06873835738169923,0.01907353,0.03380067532240733
ID_123736315D,0,0.15,0.15593380757449612,0.122595556,0.1917948652219124
ID_12395F0C9B,0,0.15,0.29969550962458386,0.45669836,0.1758022822403371
ID_123D26D355,0,0.15,0.06123372057695706,0.01109872,0.036009445192754654
ID_1240A36085,0,0.15,0.14146910504312826,0.10417854,0.1691259300011092
ID_1242E72497,0,0.15,0.03629478297215736,0.01702664,0.03614998237188023
ID_124ADB9333,0,0.15,0.05778265032374126,0.12852173,0.133788712197527
ID_124DAF4AAB,1,0.15,0.28901215893752324,0.37587425,0.2700932521455981
ID_1254FB5D79,0,0.15,0.12406633639504774,0.1546549,0.15714408426822513
ID_126520432B,1,0.15,0.2945275666304727,0.7141111,0.45680378946726485
ID_126DFF7986,0,0.15,0.14325381553370542,0.13053425,0.1257024555964981
ID_126E249653,0,0.15,0.22899965435258787,0.041983657,0.09421304558632612
ID_126F276A8B,0,0.15,0.05887385901833889,0.089530155,0.09366525325602316
ID_127EE5F4F8,0,0.15,0.15462164788891827,0.21608126,0.26154866820160283
ID_128EB8887E,0,0.15,0.21283415844750128,0.06560734,0.10892954068097457
ID_1298DBC9D9,0,0.15,0.023432575947093137,0.024922118,0.051247337916951595
ID_12B2896938,0,0.15,0.22364504313647401,0.20690599,0.18039118091835382
ID_12B3AD94A2,1,0.15,0.04642551793333913,0.11368823,0.1208125151929724
ID_12B684BD3D,0,0.15,0.035585802121278286,0.141548,0.12179465746248919
ID_12BE5293D2,0,0.15,0.17019393386111928,0.085419685,0.12607850724376346
ID_12C107416D,0,0.15,0.07792976860534191,0.07227201,0.08341590922951396
ID_12C8F5172A,0,0.15,0.24299546349106158,0.057372212,0.08623497791227477
ID_12C9ACA4DA,1,0.15,0.29084050786044013,0.5673373,0.31875371842007616
ID_12DE9EF49D,0,0.15,0.01845776657192229,0.03293506,0.04844553021101669
ID_12E019ABFA,0,0.15,0.12002581137789686,0.10281194,0.23135117496605956
ID_12E892E72D,1,0.15,0.3076504839630893,0.4281419,0.2775882628189136
ID_12E9F1C0D5,0,0.15,0.07073995674327009,0.036328416,0.06235522001463508
ID_12EACE4325,0,0.15,0.1978537823779063,0.07953318,0.10505640982511706
ID_12EFEBDFB6,0,0.15,0.09557547869622245,0.049532518,0.08135275336864507
ID_12F8A9BDC7,0,0.15,0.17061990241776012,0.05235499,0.0668172558381611
ID_12FB0B24B8,1,0.15,0.09228644722640587,0.10830695,0.19575078912318492
ID_12FE206116,1,0.15,0.29672891033292426,0.27367672,0.23562484911658504
ID_130C2DDBC7,0,0.15,0.2667075003737731,0.14471276,0.15244648137467132
ID_131951FD2A,0,0.15,0.23187025763788888,0.18642633,0.1335681350681267
ID_131A7A9382,0,0.15,0.04606461384714363,0.1524403,0.11912880638256951
ID_1322EBF2A6,1,0.15,0.07754888407295277,0.33227473,0.2755911491434984
ID_132AEE1497,0,0.15,0.06078276348546989,0.1462153,0.20389503943850815
ID_13336C4BFE,0,0.15,0.010678511678569154,0.009033413,0.026221849220176174
ID_1334DC540C,1,0.15,0.2957390058493581,0.6010347,0.41031077663064125
ID_13399107EB,0,0.15,0.024935023527204874,0.011716519,0.04874814965202827
ID_134C7A6CE2,0,0.15,0.08721519787022096,0.11177181,0.10362966601979529
ID_135718B760,0,0.15,0.24272287341653764,0.12136501,0.15303332731195082
ID_1359B4EE30,0,0.15,0.1751746566305626,0.10469034,0.14158867590816368
ID_136450CA92,0,0.15,0.183096200043878,0.25412214,0.22308733426683158
ID_137200E69D,0,0.15,0.02614121453091319,0.1572244,0.17412507931604898
ID_1377DE807E,0,0.15,0.3150224637248319,0.34412444,0.2745696638903493
ID_1379868A51,0,0.15,0.05464717097622927,0.011626099,0.035527094931817715
ID_138459D613,0,0.15,0.03988176159574659,0.50147986,0.3346995013496825
ID_1388989890,1,0.15,0.8037675768142286,0.26711395,0.26496577034652263
ID_13B1E21688,0,0.15,0.08680017979298461,0.02984847,0.06393304645964241
ID_13B3E2DDA9,0,0.15,0.1146217459618381,0.03227036,0.06780934759210591
ID_13B538B636,0,0.15,0.1254957657837252,0.0535751,0.09941513691331519
ID_13BEEEFB63,0,0.15,0.09701329538608616,0.012837925,0.03269583954273003
ID_13C3AACC2E,0,0.15,0.059035422033223144,0.04583909,0.04682013933931874
ID_13CFBF33D0,1,0.15,0.40004520526481446,0.78839666,0.6302337329476457
ID_13D56528A3,0,0.15,0.025334121974888275,0.030159306,0.047176019583315944
ID_13E21396C9,0,0.15,0.03492642361125501,0.016379362,0.02921150883414601
ID_13E4A9FC40,0,0.15,0.1042283274456279,0.03532399,0.05899070010965386
ID_13EB3489BC,0,0.15,0.13281508780421716,0.092683785,0.09579469027621927
ID_13FD27A0C8,1,0.15,0.2868260485766252,0.38136798,0.24664491378448736
ID_14027F09AB,0,0.15,0.6075427708759393,0.37647384,0.37953938610623017
ID_14149996EF,0,0.15,0.256788161230096,0.10939677,0.11999380895361775
ID_1415A73965,0,0.15,0.13732713697342505,0.13216124,0.14782413238847655
ID_1418FB14AB,0,0.15,0.28699454092566473,0.2865801,0.27071674200771423
ID_1420C1195A,0,0.15,0.1158030025275511,0.09092627,0.1052089713623543
ID_142F6CAE30,0,0.15,0.056775735590739354,0.07452697,0.062292573963540196
ID_1431A84287,1,0.15,0.419175995041567,0.58685553,0.45137550375096097
ID_14447D2A8E,0,0.15,0.02737495897876501,0.14458254,0.09933625477482394
ID_14453B7AB4,0,0.15,0.2112552241003403,0.081303835,0.08553321320759072
ID_1450F37C36,0,0.15,0.12841978404864604,0.14382216,0.1412569052549055
ID_145F83D161,0,0.15,0.14631728879898068,0.2370663,0.1568558696104555
ID_1464E1F7F1,0,0.15,0.2961871439349933,0.2980469,0.19491896025076136
ID_146F22BCDF,0,0.15,0.13005544569955932,0.06461649,0.0972351611653162
ID_1477CF78D6,0,0.15,0.20812951967001628,0.2487346,0.12469494009201314
ID_14825C25EC,1,0.15,0.15307240142411874,0.0967371,0.13271685358622107
ID_1483172E5C,0,0.15,0.017587525552555494,0.027868357,0.041976253698358904
ID_148A02B779,1,0.15,0.695375621970535,0.59531444,0.584463963747747
ID_148A3C4FA4,0,0.15,0.01926034585916682,0.01488677,0.035944632834936104
ID_14925DF50D,0,0.15,0.24269190607640062,0.13313356,0.12895941252575505
ID_14A674D6E6,0,0.15,0.03850484172181043,0.021533601,0.05654296317562216
ID_14A823CAD7,0,0.15,0.28527555686707695,0.06782495,0.09353423938370692
ID_14A9001B70,0,0.15,0.09374724205796776,0.09964041,0.16489983778484799
ID_14A98796EE,0,0.15,0.10136046861633495,0.10378465,0.1544328351252414
ID_14AC142840,0,0.15,0.3142406442240075,0.16051507,0.24915656385406423
ID_14B4C1312A,0,0.15,0.26218628613601513,0.18001628,0.1855115233227713
ID_14B568BB9E,1,0.15,0.9493510782753882,0.28639156,0.4374316697642877
ID_14B8A0736C,0,0.15,0.06981109450481002,0.03111463,0.04587486855081399
ID_14D3CD2923,0,0.15,0.42310978210348793,0.4356757,0.41291976522871765
ID_14E2BBC95B,0,0.15,0.15385161266116265,0.24954507,0.20977312352659966
ID_14EF1637F1,0,0.15,0.3390460910041284,0.5361492,0.4661317137146459
ID_14F3E2C324,0,0.15,0.046230189179978454,0.011539837,0.02726115694790551
ID_14F8759128,1,0.15,0.2796325106038704,0.44494724,0.5447815342959723
ID_14FE828136,0,0.15,0.17317552596483643,0.102632664,0.1928193161172231
ID_1510B93593,0,0.15,0.09071161700381847,0.051817756,0.07642442703249398
ID_1514EF4A07,0,0.15,0.13384670860851472,0.09551187,0.11157404481031094
ID_151A00CB38,1,0.15,0.35565459373888314,0.3478735,0.27482855031374825
ID_151F8DA142,1,0.15,0.8453137178147593,0.36852416,0.2780044322241889
ID_1520E0A1DF,0,0.15,0.2575561776247957,0.17716776,0.256419219404798
ID_152AB62A57,1,0.15,0.19783797139747386,0.27021557,0.38395046166498736
ID_152C0D0A56,0,0.15,0.1684219336445024,0.5029019,0.447674037424124
ID_152D14C2F2,0,0.15,0.12834586004960286,0.47416764,0.30784350793092286
ID_152F78B90E,0,0.15,0.12064160094345647,0.046366397,0.08592719711497453
ID_1536F64331,0,0.15,0.027687897424630757,0.012669947,0.03458576288191707
ID_153DFD305C,1,0.15,0.2945079027843734,0.3453788,0.23230662726758725
ID_15413F584E,0,0.15,0.22399393192946393,0.041825812,0.0762111242151438
ID_1545F7D899,1,0.15,0.1482696978602712,0.3208652,0.2227990099214111
ID_154BB6C518,0,0.15,0.2745709390605273,0.18033259,0.1882762412695557
ID_154FA9C0DA,0,0.15,0.0033547644252923674,0.098549925,0.14988397913388835
ID_154FD01BDE,0,0.15,0.14818980563755563,0.25768918,0.16192170319239596
ID_156246A819,0,0.15,0.09915543709094989,0.031219557,0.06702411050122559
ID_1564914E9F,0,0.15,0.1839946642970267,0.08436864,0.1275796538969344
ID_157E0765E2,0,0.15,0.11458942522302372,0.10446454,0.11297381131196033
ID_157F9F1BFE,0,0.15,0.06898838882068968,0.050004315,0.07635125761463325
ID_158F7A8A6B,1,0.15,0.5824057490780207,0.71899575,0.615505121221078
ID_159AC2704E,0,0.15,0.026670941205905213,0.10068379,0.08353809209162294
ID_15A6C33E84,0,0.15,0.2734119258821942,0.27878976,0.2097460462695014
ID_15A909C1E6,0,0.15,0.1093020005979685,0.035308782,0.09216025340285812
ID_15B946669A,0,0.15,0.08833920280933569,0.049437683,0.06282181136487236
ID_15BCBE2C02,0,0.15,0.48352331225800643,0.6429582,0.49522301504070276
ID_15C39CD510,0,0.15,0.16963228131410366,0.06193145,0.10613314261951635
ID_15C66FC8FF,0,0.15,0.08171282816061619,0.0908217,0.11153221344537506
ID_15CC819CDF,0,0.15,0.05859610583079715,0.0147450445,0.036443727625181326
ID_15D9BF863F,0,0.15,0.2673371944238455,0.100689046,0.09836212332429914
ID_15DF24C087,0,0.15,0.15039491313688436,0.17286135,0.16596380811349004
ID_15E2FA1D02,0,0.15,0.04351266302956717,0.013351636,0.03547807968448808
ID_15E51E0EA9,0,0.15,0.1883165120869735,0.06501942,0.07878938275182007
ID_15EB7F7A57,1,0.15,0.3616303643307588,0.35673973,0.21985675637357896
ID_15EE36C23A,0,0.15,0.06422899947376268,0.041321903,0.0871889037870219
ID_15EEF5B98D,0,0.15,0.04859903213108072,0.07462562,0.08885980946528237
ID_15EF673F56,0,0.15,0.14626332289384703,0.05768497,0.07526036036620531
ID_15F5F4437B,0,0.15,0.10065587979826934,0.1266553,0.13676300247090997
ID_15F7191262,0,0.15,0.2880263082870823,0.35564643,0.26977554719676416
ID_15FD70BDAD,1,0.15,0.13078821527889026,0.1453493,0.09132258594726617
ID_16178E0060,0,0.15,0.3172099377360121,0.20401062,0.15293123582865145
ID_161BF30BF1,0,0.15,0.17889480083510576,0.25146598,0.22016828363939867
ID_163DC0A061,0,0.15,0.15259419193950802,0.053603258,0.07534171379890292
ID_164845C2D9,0,0.15,0.0670883711415063,0.057286195,0.08318845125185986
ID_164C0A3572,1,0.15,0.5472296934617144,0.29191974,0.28448936831342064
ID_1652D62E2D,1,0.15,0.059622671169092284,0.10409173,0.13730257371610521
ID_1655F3C828,1,0.15,0.1290652687188817,0.07634307,0.09746903663444227
ID_16579FEAC7,0,0.15,0.2558569601846633,0.5587839,0.3137477744148081
ID_165D961EC3,0,0.15,0.2736278089626429,0.124174334,0.28739359177697593
ID_165DC77F68,0,0.15,0.07233809310568706,0.07444821,0.12112873985584938
ID_165ED99556,0,0.15,0.3494892520061178,0.23464535,0.3103607455151038
ID_166565AA3C,0,0.15,0.11811691184463154,0.054444663,0.07484027139590917
ID_1667D92CDA,0,0.15,0.28838903059796706,0.090042874,0.14388540664823835
ID_166FCDE0D4,0,0.15,0.03506076957095424,0.112272285,0.10048992534138812
ID_16772C91D2,0,0.15,0.04165995578811045,0.013637894,0.0361693358627073
ID_1678099950,0,0.15,0.15480645531371875,0.09363981,0.1284846940865557
ID_1678767E2F,0,0.15,0.29609645402279666,0.043930575,0.08181262192674377
ID_167E81BACE,0,0.15,0.16348459961008072,0.20648544,0.20215476984418573
ID_16881FF23B,0,0.15,0.2612791006830169,0.15297955,0.1172944882355941
ID_168FA2C713,0,0.15,0.14508880744287514,0.10667599,0.11519699163342051
ID_169FC77788,0,0.15,0.03983724803227848,0.118702166,0.13040379450580208
ID_16AB2772BA,0,0.15,0.0328396706920335,0.050732538,0.05401459208487153
ID_16C0A530ED,0,0.15,0.01995639784680287,0.053486735,0.09876535640719618
ID_16C0C9D1F9,0,0.15,0.13874498930195922,0.100125834,0.1333563859476343
ID_16D7DE3980,0,0.15,0.12253916880268759,0.069812946,0.09883502192693268
ID_16DC543E1A,0,0.15,0.028096929351649577,0.07856768,0.0970877965814313
ID_16DCCF6EBA,1,0.15,0.7672214937634806,0.3108995,0.2288137712696324
ID_16DEE4E35B,0,0.15,0.278450880599749,0.19769453,0.2485681911111587
ID_16E2588AEE,0,0.15,0.07919819336559213,0.20378378,0.2810714791568702
ID_16F3588B21,0,0.15,0.13264811260055667,0.29134977,0.1935237207353416
ID_16F7BE74BF,0,0.15,0.29458439823033217,0.41226587,0.38981379621584394
ID_16F982F7E5,0,0.15,0.13567851838888687,0.053485215,0.07720102683782092
ID_16FA453F3F,0,0.15,0.15992522795939357,0.10961964,0.11739984248417047
ID_1700D78D2C,0,0.15,0.04756224230235386,0.009565745,0.029685309972210864
ID_171B8C3B9F,1,0.15,0.185754476099354,0.24501729,0.21405836619658994
ID_171EAAC567,0,0.15,0.053486874591074735,0.05527478,0.0740138337559202
ID_17249CB268,0,0.15,0.14778722832933452,0.09668215,0.1057393651947285
ID_17258D2055,0,0.15,0.14898045701186727,0.13163203,0.1509689899729426
ID_1734FA1012,1,0.15,0.345214134784999,0.50234866,0.32581062613864614
ID_173A7DF072,0,0.15,0.036921215256386454,0.06858718,0.09732563091885683
ID_173C6814E3,0,0.15,0.0784618402301798,0.06917776,0.08927929779093018
ID_1756605368,0,0.15,0.028870067326036225,0.009780666,0.040579106614891204
ID_175A971EDA,0,0.15,0.17228561668664238,0.23807308,0.17803453406826303
ID_175EAE97D5,0,0.15,0.1900063879656357,0.11925165,0.11093921022106314
ID_1765E97482,1,0.15,0.46089563985615956,0.80468595,0.5606316706057094
ID_17753E4905,0,0.15,0.03697256981446272,0.018337382,0.033312096957618394
ID_1776C47949,0,0.15,0.23025810743943584,0.10208018,0.07771939923083934
ID_17799D251E,0,0.15,0.13313583073772034,0.11789696,0.16809480528901816
ID_17816E463E,0,0.15,0.07615590871233371,0.031413507,0.06841973644875127
ID_1782BFCDB8,0,0.15,0.08351765144698457,0.031295106,0.047339005358874975
ID_178A92BBC2,0,0.15,0.04181839756388454,0.00949745,0.028554234359308206
ID_1797D90847,0,0.15,0.11579592296304773,0.016100865,0.04789890017405436
ID_179B7C28A3,0,0.15,0.027044871211667133,0.048949886,0.06514864642935789
ID_17A37D3F16,0,0.15,0.2760003851753118,0.053529758,0.07982210210387616
ID_17B6C07693,0,0.15,0.0656537596236292,0.13583274,0.1416442920931325
ID_17B954A774,0,0.15,0.18379327811964452,0.07532119,0.1389381332203525
ID_17CB1233D9,1,0.15,0.18664504893209272,0.118419394,0.09101070176571786
ID_17CE3B6A1E,1,0.15,0.30385786185905345,0.61338216,0.34505102982003444
ID_17CF693539,0,0.15,0.07442141862217122,0.10190674,0.14788936643961256
ID_17D3912405,0,0.15,0.9034491029605335,0.6625631,0.612300473522642
ID_17D637DBF5,0,0.15,0.10979023352246046,0.049981683,0.1041077725507273
ID_17DE31151C,0,0.15,0.20415112025457885,0.04663007,0.0739115752357992
ID_17DE77D5A2,0,0.15,0.020342509701967583,0.029257698,0.05380574383588611
ID_17E20D87C5,0,0.15,0.12565662379027115,0.034908578,0.06839111385271977
ID_17FB88ACE4,0,0.15,0.10635591660298549,0.07460451,0.1164597023788825
ID_17FEA87A69,0,0.15,0.20213998116917042,0.11563364,0.2120310008234542
ID_180A1CBD6E,0,0.15,0.18557267595215715,0.08536814,0.060351598528012244
ID_181B6BBF11,0,0.15,0.014483063845529302,0.07878009,0.13369194002557203
ID_183EC45090,0,0.15,0.12241090406090203,0.42068934,0.3094077525974952
ID_1842209D7D,1,0.15,0.24773605486734218,0.39319336,0.25994547368300464
ID_184C007849,0,0.15,0.1554623815760232,0.054520823,0.0939004200588902
ID_185CA6FA56,0,0.15,0.15731622699828873,0.078272484,0.10890729956513702
ID_187C696C54,0,0.15,0.1554123974554057,0.02733786,0.06214139656923637
ID_187F59F941,0,0.15,0.0723397887194672,0.05469784,0.08689477136608256
ID_1893FDD681,1,0.15,0.222431522691104,0.33088073,0.34379931143566317
ID_18A499F1B2,1,0.15,0.20494158777740018,0.24890287,0.1765747260777665
ID_18ABB5EAE5,0,0.15,5.301490052682523e-05,0.04588797,0.05949923092671585
ID_18B7976DEC,0,0.15,0.2244987313249086,0.11995107,0.1578917629985884
ID_18BAB5E61F,0,0.15,0.3824823774855166,0.29800293,0.2529526490946308
ID_18C4F060C6,0,0.15,0.08079153159007355,0.058967385,0.09770110471053732
ID_18C66B218F,0,0.15,0.31329938732657125,0.12850988,0.15916086609410923
ID_18C9CE399C,0,0.15,0.06652705383639478,0.07284902,0.12456060536521854
ID_18CFB78D3D,0,0.15,0.0639633209852636,0.05833945,0.05585241265487582
ID_18D3B4988B,1,0.15,0.9878387558341858,0.5537339,0.4051888608057249
ID_18D3B76020,0,0.15,0.45106461555878097,0.17512476,0.1705277457110401
ID_18D7A7BAE8,0,0.15,0.13467751144115156,0.060707845,0.13623022434215573
ID_18E0AC36E9,0,0.15,0.10526904294471422,0.057080917,0.06500193814189875
ID_18E7FAFFF7,1,0.15,0.07747745036117293,0.22996052,0.2722374846192923
ID_18EA59BEA9,0,0.15,0.09981191429348933,0.015901519,0.030932142182774076
ID_18F4946C4A,0,0.15,0.19934046816617496,0.12550622,0.11889145291618891
ID_18FB702A7D,0,0.15,0.060158899117306194,0.074540064,0.11243444466013362
ID_1901FC27E7,0,0.15,0.08695145808420328,0.09759292,0.10440758693945007
ID_1902F34E5B,0,0.15,0.05854702118807908,0.012557858,0.03138654303953246
ID_190AF0CBBB,0,0.15,0.016958723516081912,0.022707019,0.04383310493482546
ID_1913BE657D,0,0.15,0.02102668027766632,0.013351461,0.027355985641337115
ID_19180C3F36,1,0.15,0.22880331388846975,0.25345802,0.21761370259806578
ID_191FC08CF7,0,0.15,0.030290416337158177,0.031757157,0.048938245196735716
ID_1928DEDD5C,0,0.15,0.0008816756828038141,0.077852935,0.11229830833131728
ID_192C204627,0,0.15,0.1389214604683168,0.15238415,0.13429844173068686
ID_193E0F78E4,0,0.15,0.15929951358994016,0.038934946,0.056885123337167755
ID_194D36329E,0,0.15,0.36220557329698283,0.36453483,0.28676094323890794
ID_1951F38B4C,0,0.15,0.20199595865264147,0.14779142,0.09183603929043964
ID_195336658F,0,0.15,0.05375093154030171,0.04034329,0.07899778674163496
ID_1956CCC8E2,0,0.15,0.19183857173784552,0.05342715,0.08271180781460503
ID_195EFFAF2C,0,0.15,0.1169601785352306,0.039115205,0.1111689787500827
ID_1963B85A75,1,0.15,0.0383820256652056,0.067100585,0.06990635266544465
ID_19642E7484,0,0.15,0.11589052259588324,0.045204353,0.08546802645902339
ID_1964C1F124,1,0.15,0.15622744801049068,0.1862502,0.2224956169405426
ID_198615EDEB,0,0.15,0.12216286908285842,0.075702816,0.07752106815982047
ID_198EB77D75,1,0.15,0.3167835265968021,0.7329764,0.7465572027985533
ID_199B92B317,0,0.15,0.0627259553912639,0.078857295,0.10517421779012043
ID_199F283289,0,0.15,0.4890041520610506,0.38405466,0.3603664505247613
ID_19AF0DC8BF,0,0.15,0.05045796518178638,0.05821218,0.07601139814007449
ID_19AF1F2A64,0,0.15,0.030857477179983286,0.19901307,0.13424285263117886
ID_19B94D2D16,0,0.15,0.026384735971182932,0.039298084,0.08192962144813556
ID_19BBB79BD5,1,0.15,0.11481445726480814,0.1067365,0.2589430754399481
ID_19BC9436B4,0,0.15,0.03117503002629458,0.010202619,0.04845452669894947
ID_19C20DE890,0,0.15,0.0901724977166353,0.055747665,0.08898821991418031
ID_19CBDF34B3,0,0.15,0.0362215790463021,0.02841046,0.051575192020614516
ID_19D1787F62,0,0.15,0.11316753417020184,0.058576692,0.05083047471757549
ID_19D6F8C9BD,0,0.15,0.11010261661476489,0.095166944,0.10292073844930685
ID_19D7E58C57,0,0.15,0.11661757918808965,0.06446254,0.08357111182906714
ID_19EC98CE28,1,0.15,0.06112169589025622,0.11476168,0.15647767021407702
ID_19F1959AA7,0,0.15,0.2643417639414638,0.23436427,0.19437759063065263
ID_1A03671FA7,0,0.15,0.1219556011023836,0.04306378,0.07224796267288017
ID_1A03F3991F,0,0.15,0.05328261546541366,0.1310113,0.11916371150904372
ID_1A052739AE,0,0.15,0.10128440382102011,0.0703675,0.10112355746474178
ID_1A0DE61A15,0,0.15,0.0671786973244248,0.022606807,0.03881023450526466
ID_1A10B11196,0,0.15,0.2669437644042715,0.3614267,0.382491811365655
ID_1A1147A090,0,0.15,0.2255345776908928,0.10006495,0.11635597351028293
ID_1A296EBE85,1,0.15,0.04885025104064757,0.06713325,0.09106518476690181
ID_1A2F0A0324,0,0.15,0.11888765191311323,0.08812785,0.08747226674058206
ID_1A4C6D8EA9,1,0.15,0.11052914503125905,0.045563355,0.10919135309236236
ID_1A57F497C2,0,0.15,0.08245867125422042,0.039759226,0.06735946828423242
ID_1A5C891936,0,0.15,0.16446197574296212,0.12874737,0.11686399651297782
ID_1A63833B5F,0,0.15,0.17655528342570756,0.17380178,0.21131671049204312
ID_1A759098D2,0,0.15,0.053192466627969184,0.044312816,0.0756460641404028
ID_1A938F7CDC,0,0.15,0.07951601442555487,0.11716412,0.0957058277511292
ID_1A95CA0226,0,0.15,0.1352987238996899,0.1239579,0.09451347835881903
ID_1A9F9E8730,0,0.15,0.12655582355776807,0.09022411,0.10695847383066924
ID_1AA958914D,0,0.15,0.026725923863191663,0.022812858,0.038232544835021254
ID_1AAA473A52,0,0.15,0.20541164372587345,0.05462109,0.11759424883382878
ID_1ABD435029,0,0.15,0.1927653639456517,0.09340555,0.14029865885262582
ID_1AC24C9143,0,0.15,0.14564828210519457,0.021820195,0.04139102169273189
ID_1AC6B9727B,0,0.15,0.11806457902095245,0.057703696,0.0838622416112459
ID_1ACC5443B6,0,0.15,0.08251199042464205,0.03955882,0.05062278201978918
ID_1ACCE5F7A6,0,0.15,0.07348357087812407,0.06080787,0.10545788669721343
ID_1ACF6E2FE2,0,0.15,0.1403701660355348,0.30901125,0.2678464729241965
ID_1AD1F1FDC7,0,0.15,0.06557081861349266,0.06512751,0.056456165943765464
ID_1ADBB8B309,0,0.15,0.08199496356944284,0.023586843,0.04804395549003608
ID_1ADDB1C76F,0,0.15,0.003862294903823923,0.07514147,0.08959963911069414
ID_1AE9D79F42,0,0.15,0.08725347078667557,0.02524018,0.04110430598911851
ID_1AEF011218,1,0.15,0.17554937037115487,0.16131671,0.21572203276899451
ID_1AFB99E134,0,0.15,0.08530471166187799,0.051226754,0.05926611686655238
ID_1B0A896EDF,0,0.15,0.046767692151364414,0.011597323,0.03667853282245066
ID_1B0F6F2273,0,0.15,0.03720251932298715,0.013587505,0.028160300882807323
ID_1B198CE013,0,0.15,0.26170494955516005,0.20973584,0.1730254945994877
ID_1B1ACE7173,0,0.15,0.2192274389557999,0.09072233,0.11505126283714402
ID_1B1F039982,1,0.15,0.13695667389573085,0.40179175,0.24422335951701876
ID_1B2A164EC6,0,0.15,0.1613383753088519,0.058433823,0.12597662295717735
ID_1B2A8B2427,0,0.15,0.0464119981513483,0.028803589,0.04547145690691476
ID_1B3543F05B,0,0.15,0.027803848051012655,0.011904938,0.02549982643145169
ID_1B358CDBB4,0,0.15,0.07903085625497591,0.09748169,0.0879764844960229
ID_1B3EAF2787,1,0.15,0.3253938357092066,0.385232,0.3696552266294475
ID_1B4E6EBD1C,0,0.15,0.14810386854031593,0.08395491,0.12346755609829482
ID_1B50B53907,0,0.15,0.07263473019339774,0.08447778,0.11953499809725997
ID_1B5513327E,0,0.15,0.20295041212378695,0.25007838,0.27350830161656015
ID_1B5A4556B1,0,0.15,0.09016573105038134,0.019178608,0.06713527115503172
ID_1B5D462BA2,1,0.15,0.278318167123503,0.19831403,0.12425694562013218
ID_1B636BDF29,0,0.15,0.10075288315973388,0.014806183,0.03822714132292143
ID_1B636D6DCE,0,0.15,0.014483970741791077,0.069650926,0.10272187111038822
ID_1B700CE3DD,0,0.15,0.3361090649427848,0.12956108,0.16240776078472277
ID_1B7B3C4566,0,0.15,0.2545386755424228,0.12599668,0.1617585546819251
ID_1B81DA7385,1,0.15,0.11637058798803292,0.49568504,0.39792459532296404
ID_1B859DFE33,0,0.15,0.15417875117533664,0.19267915,0.13401306075717453
ID_1B892F683D,0,0.15,0.2657984762783,0.04069475,0.06663539430692138
ID_1B8C6B465E,0,0.15,0.015180727718422346,0.011884808,0.03964963891923735
ID_1B8D7E475C,0,0.15,0.01649948159396416,0.0071166735,0.030046110233010032
ID_1B8FACBDAD,0,0.15,0.08134093767142873,0.025251107,0.07130124106772905
ID_1B91D22722,1,0.15,0.07860060281976992,0.260097,0.22613737855922567
ID_1BA13CBCF1,1,0.15,0.25273392841939624,0.33581296,0.20377560840498687
ID_1BA38EAA0F,0,0.15,0.26553270107155247,0.26880294,0.31278078283637684
ID_1BA488CEA2,0,0.15,0.029930954848175803,0.048488315,0.07135428265661871
ID_1BBA026B43,0,0.15,0.16032858867412125,0.058018923,0.10164885203940824
ID_1BBB88C563,0,0.15,0.014294931233483266,0.050170433,0.053607841806784365
ID_1BC2B734C6,0,0.15,0.06849652697943266,0.02445936,0.043620640001673615
ID_1BCBFCB1FA,0,0.15,0.05734270792652611,0.054970946,0.1419199871633609
ID_1BD1D802F5,0,0.15,0.02495430842095024,0.050032694,0.07227691880926113
ID_1BE54FFBDA,0,0.15,0.21197950620652173,0.117998585,0.14263525659700285
ID_1BEA9D9E0A,0,0.15,0.15715570922892783,0.13900195,0.15615923597911147
ID_1BED67B74E,0,0.15,0.14649008932982616,0.081896104,0.10293804287664873
ID_1BEDB0AC90,0,0.15,0.7402696961389107,0.4643703,0.33615237545744897
ID_1BEE9F08A8,0,0.15,0.0823305446668904,0.04566738,0.07780156409646559
ID_1C05E57C7C,0,0.15,0.1766118297690008,0.098369725,0.14223121436390979
ID_1C0EC244C8,1,0.15,0.04983938586561794,0.16833131,0.1614923301030169
ID_1C10E22FE0,0,0.15,0.2842042070572435,0.24032088,0.16877551286823833
ID_1C13657C23,1,0.15,0.2925559464107182,0.5001395,0.495070370262058
ID_1C1A668A5D,0,0.15,0.21459510588138161,0.11152658,0.1011894755453025
ID_1C1E76012A,0,0.15,0.017487376157569786,0.016642425,0.053463125089222206
ID_1C1F5807FA,0,0.15,0.1918116710477774,0.07495197,0.0878875626247399
ID_1C2406B983,0,0.15,0.2508678544432106,0.0884296,0.10607576436784767
ID_1C25B74B35,0,0.15,0.08491991839439753,0.054803398,0.11055817311412407
ID_1C28B34EDC,0,0.15,0.008862013777170448,0.29818574,0.24643473694794638
ID_1C33E42912,0,0.15,0.20239096824280872,0.15286517,0.11641448141393944
ID_1C35A880C7,0,0.15,0.1036276779700922,0.09532822,0.10112191536066881
ID_1C395E58F4,0,0.15,0.052275954324966394,0.023777101,0.036087249903932535
ID_1C3FC8D468,1,0.15,0.10743293409713034,0.13876908,0.11126941712050041
ID_1C403DC450,0,0.15,0.22533613614211725,0.06347624,0.10095292042817267
ID_1C50A1F8E1,0,0.15,0.0025178899380600374,0.05114222,0.0936886232810167
ID_1C5B75150F,0,0.15,0.08931989797512789,0.083316304,0.057683279658626525
ID_1C6DBF1B2B,0,0.15,0.10472315713300305,0.07005463,0.09270114424354824
ID_1C73932E5B,1,0.15,0.22267008848485398,0.03690916,0.08214110058225328
ID_1C7496B302,0,0.15,0.11836949044059962,0.03547808,0.06460318519211289
ID_1C7579E959,0,0.15,0.1921854563428158,0.16210054,0.13621687141543964
ID_1C79389852,0,0.15,0.020489880045678834,0.11554998,0.09255063240448957
ID_1C83109244,1,0.15,0.2283360216300075,0.36615786,0.2715711926688345
ID_1C85CA9AB4,0,0.15,0.26558637326686224,0.1623878,0.20990878479339017
ID_1C96286C6D,0,0.15,0.052645499972934544,0.031737287,0.03496662045614793
ID_1CA5626901,0,0.15,0.0508306638260468,0.09212113,0.18201994601222718
ID_1CA725370F,0,0.15,0.08653305510053035,0.052989513,0.08641332228092051
ID_1CB8561B73,0,0.15,0.0779997868755502,0.22735034,0.25733726181742794
ID_1CBB9E7577,0,0.15,0.04070364543213827,0.045659795,0.05765285945627262
ID_1CBBBA8F29,0,0.15,0.1461225487112098,0.030695062,0.0449273745328654
ID_1CC51F5006,0,0.15,0.02346434381532827,0.010738328,0.02955089219810831
ID_1CCC96C0FF,0,0.15,0.15279503104568112,0.0420912,0.07276330647043916
ID_1CD7B06F69,0,0.15,0.0815688513120747,0.04655219,0.051500425522805086
ID_1CD82AC565,0,0.15,0.22953967344089113,0.1141939,0.16943468775186452
ID_1CD9027086,0,0.15,0.2111204233420704,0.05891704,0.06462430115017848
ID_1CEBD0D1A1,0,0.15,0.25179761152188324,0.17159197,0.19405809106377928
ID_1CF2D2EEA7,1,0.15,0.12075210334736611,0.09415025,0.10573123235740443
ID_1CFA087D0B,0,0.15,0.00012223579069921107,0.035060167,0.07291419031353814
ID_1D0ABA8783,0,0.15,0.053540546714702306,0.073040135,0.092376493754929
ID_1D0CBBD702,0,0.15,0.049025822649265534,0.028827215,0.040235800493781136
ID_1D1A4E9BC1,0,0.15,0.10109974246413626,0.11781184,0.16860044472554847
ID_1D1AEB2818,0,0.15,0.3528717585902244,0.12325542,0.11087667139024708
ID_1D265FD572,0,0.15,0.019080059343725597,0.006713564,0.015697198840810223
ID_1D2AC1B9B1,1,0.15,0.09027216326359466,0.32996792,0.24415962245144524
ID_1D32B21C39,0,0.15,0.18099626292670973,0.15197279,0.157421999367745
ID_1D3737BE80,1,0.15,0.2731344148298227,0.30371904,0.33570704185010736
ID_1D3C11CFEE,0,0.15,0.12225924942592183,0.14741881,0.2075149843682713
ID_1D47230E88,0,0.15,0.13025694114532865,0.22142485,0.2047166281552415
ID_1D4919A573,0,0.15,0.04317846745163801,0.044225298,0.0771880637858126
ID_1D52187CFC,0,0.15,0.16353849855986255,0.06072195,0.17788109600500782
ID_1D5606ACE0,1,0.15,0.31174458920071735,0.54678285,0.5696984394114573
ID_1D5889E1B3,0,0.15,0.08625127485343353,0.091995746,0.10180003005617819
ID_1D5963D741,0,0.15,0.054751759380096354,0.080531806,0.13428231540187233
ID_1D606723CB,1,0.15,0.05982773274132942,0.20493817,0.26763137567815715
ID_1D68220424,0,0.15,0.2263300242485566,0.12550901,0.15026345537562794
ID_1D7CAAC1EB,0,0.15,0.029057291580838234,0.028756784,0.049483717870059396
ID_1D9CA8D136,0,0.15,0.07754055946004675,0.08613002,0.13850557229617472
ID_1DACA56DDC,0,0.15,0.03172816022279141,0.030240111,0.0649984687685781
ID_1DAF80D723,1,0.15,0.21581406077740267,0.5391072,0.36598562035268045
ID_1DC4B8F96A,0,0.15,0.06605864643701012,0.024384644,0.058876239684156256
ID_1DCC6886F4,0,0.15,0.05295085181495496,0.08798596,0.10642657195731134
ID_1DD19780C1,0,0.15,0.06373766711709221,0.1266498,0.120231944182469
ID_1DD53B18B3,0,0.15,0.11637169736340905,0.16564623,0.21162201271812298
ID_1DE6E1B564,0,0.15,0.016504080068739692,0.011760594,0.02890823202173179
ID_1E01DF7C84,0,0.15,0.1670127175776013,0.024861224,0.0697743779805582
ID_1E0CCC2B91,1,0.15,0.15660667066244335,0.26575485,0.21432588729148158
ID_1E15B7B473,1,0.15,0.1958278053848311,0.33270237,0.27967961469676444
ID_1E183ADE1E,0,0.15,0.2058461046901439,0.17694592,0.21831525049432346
ID_1E1AC6BDD9,0,0.15,0.08346691019412943,0.16365764,0.14752199720409878
ID_1E1AD7187F,0,0.15,0.10843931886369404,0.09256142,0.11966158597060476
ID_1E3EC30F4C,1,0.15,0.1250757757665607,0.18737805,0.18662878357628498
ID_1E4BE6CEDE,0,0.15,0.045000953603459126,0.022009553,0.05321837890129027
ID_1E4EDA0D11,0,0.15,0.0806493174248426,0.2246071,0.18913247540411332
ID_1E672694D0,0,0.15,0.03707551574787058,0.03991463,0.05044360320692947
ID_1E6FC7ED59,1,0.15,0.19760402375774325,0.42782798,0.4330521608506105
ID_1E78AF0687,0,0.15,0.23679506589866064,0.2599584,0.20985341574174082
ID_1E81115529,0,0.15,0.05763442366523193,0.03481991,0.0875935579010877
ID_1E870162B1,0,0.15,0.05734744112478728,0.07904268,0.07760976225114075
ID_1E889D53B6,1,0.15,0.23786047053849976,0.34701654,0.23352855450338722
ID_1E8F123410,0,0.15,0.1289583583087523,0.2720644,0.15846182474365664
ID_1E96A52085,0,0.15,0.1277755092156618,0.14728887,0.14211065211358748
ID_1E9A30274F,0,0.15,0.03327762815755088,0.054429717,0.0708987345025466
ID_1EA3496D9D,0,0.15,0.05807091029937042,0.03567085,0.0869414527293776
ID_1EA7AE62BD,0,0.15,0.19903528689186636,0.036859326,0.06141223722603959
ID_1EAE11747F,0,0.15,0.22114383752933603,0.10162268,0.08497117642539591
ID_1EB3B2F2B3,0,0.15,0.03518282603924031,0.020921139,0.05188344281658128
ID_1EB93B9DF8,0,0.15,0.3201736460659151,0.31010664,0.2919547211737954
ID_1EC3C497DD,0,0.15,0.24693619804097158,0.29304457,0.3149679903414425
ID_1EF4286EDF,0,0.15,0.09104750478965923,0.059633154,0.07612417969321406
ID_1F00C5FD8F,0,0.15,0.19087382693772273,0.08435323,0.12773171599958755
ID_1F041C8497,0,0.15,0.03255494767203018,0.094928004,0.0994133943724134
ID_1F072B1371,0,0.15,0.3223144754579626,0.04268065,0.08379999899910195
ID_1F162ED5C1,0,0.15,0.00026535306556999867,0.052145388,0.08306764630545267
ID_1F244D12ED,0,0.15,0.08085020705987511,0.08776708,0.128347359275486
ID_1F2491255B,0,0.15,0.07906425650165119,0.103272185,0.0656105181177881
ID_1F25A4CD4D,0,0.15,0.022528233036947485,0.059292313,0.06713405775280909
ID_1F2ACEEE93,0,0.15,0.1471896996980543,0.1316964,0.138722209718088
ID_1F3489810A,0,0.15,0.04884094148769405,0.0987621,0.12397169569562204
ID_1F3E0C2F0C,1,0.15,0.06699671034278441,0.33625278,0.44054520885445614
ID_1F410EBB53,0,0.15,0.06775343106463916,0.049898524,0.06177479994961547
ID_1F4DA39939,1,0.15,0.17580963427155413,0.112995334,0.1269617809884261
ID_1F4E075DE7,0,0.15,0.07078688848199216,0.0647807,0.11742788607114098
ID_1F5995C7A4,1,0.15,0.48002871192795854,0.7868447,0.4746038922354603
ID_1F65DA91D5,0,0.15,0.10405715954645559,0.14261934,0.1464659724951751
ID_1F661D4F11,0,0.15,0.1518438347069121,0.12635928,0.1805048355368955
ID_1F6E17359D,1,0.15,0.1601793430789307,0.12342958,0.09163115507042731
ID_1F7797AAB9,0,0.15,0.08478907573185064,0.07785041,0.12511049597248236
ID_1F7E250F9F,0,0.15,0.13370757346677453,0.14128026,0.14381218922926
ID_1F86EC3161,0,0.15,0.03047350922162329,0.019137548,0.05581908577970154
ID_1F88B07212,0,0.15,0.15470778475403488,0.076698266,0.10051872556513407
ID_1F9747DA45,0,0.15,0.05710560260038872,0.03880185,0.05121532607548536
ID_1FA08C5EE6,0,0.15,0.16003308630251667,0.15302967,0.17343151462216017
ID_1FA7EB09CA,0,0.15,0.012426414230774774,0.073620215,0.09138756281516783
ID_1FBA14D3C6,0,0.15,0.10373799679162865,0.019327372,0.0464984583604136
ID_1FD8450569,0,0.15,0.02207865755762589,0.13267408,0.10898577651955216
ID_1FF36287F9,0,0.15,0.26617154598252063,0.2915487,0.2865223271189316
ID_1FF9E3E0D2,0,0.15,0.04980508102206392,0.10391424,0.0832765234815966
ID_1FFF40E44D,1,0.15,0.276001411992853,0.4049129,0.362060520302341
ID_200AFE00ED,0,0.15,0.19266828056680757,0.23034178,0.2339139944345576
ID_201CD4FF92,0,0.15,0.1598652139656752,0.098565854,0.06647370312228396
ID_20294B4E6B,0,0.15,0.2344300207863412,0.36421958,0.12487691803060923
ID_202B4161F4,0,0.15,0.01247149074525617,0.20349497,0.1384191902820733
ID_2031ADF5D5,0,0.15,0.07410928540766777,0.04978425,0.10776689102739741
ID_203D2F650F,1,0.15,0.1850277725132897,0.32376695,0.2735904105408563
ID_204179CE7B,1,0.15,0.1996651008866173,0.2297345,0.3256251771133641
ID_205767747D,1,0.15,0.3930102213245175,0.19697437,0.14400057978828704
ID_205EEF9ECD,1,0.15,0.37317304601665113,0.74801314,0.5134332849316713
ID_205F5C9F28,0,0.15,0.09154998614874454,0.074056394,0.09836949373487533
ID_2061E5789D,0,0.15,0.1359524077148111,0.028497739,0.057746223803633714
ID_2089A0C8F3,0,0.15,0.1635947449979409,0.045203015,0.0775871030564974
ID_208AB3D5A5,0,0.15,0.013215860118294013,0.022102227,0.04149076559644737
ID_20994A1167,1,0.15,0.030705858978262786,0.077429205,0.08497482838812298
ID_2099581635,0,0.15,0.1426894891187005,0.055754755,0.09459838081010692
ID_209D769BA2,0,0.15,0.11825328810820479,0.29967773,0.3481534468216766
ID_20A7456EEE,0,0.15,0.08998026284830393,0.010633818,0.029681190222861628
ID_20B7C3C1E7,1,0.15,0.08724755847102343,0.34424824,0.33962878196142743
ID_20BED783D9,0,0.15,0.1827251270158437,0.039091893,0.07468190134502256
ID_20C5B8FA82,0,0.15,0.05353193165671299,0.15090051,0.1392098850257952
ID_20C6D92B14,0,0.15,0.3076942011446154,0.2733705,0.24803125073587004
ID_20D3990CA5,0,0.15,0.024790921772300276,0.041020893,0.06589743768267613
ID_20D7A95383,0,0.15,0.10686486073418643,0.12887889,0.1348847943714192
ID_20E6EE5A3D,0,0.15,0.23517181287324518,0.24573798,0.1812630759991922
ID_20E977B8D1,0,0.15,0.18177169116551076,0.05291658,0.07952624598091078
ID_20EB501231,0,0.15,0.06143075690633561,0.03929677,0.06079282171470278
ID_20F3A6DA9D,1,0.15,0.31113444032793985,0.46974388,0.3184912621329909
ID_20F45F46A6,0,0.15,0.09300671142167424,0.08058359,0.09619057390162784
ID_20FB5F4EF4,0,0.15,0.14631728625381615,0.312212,0.17840832664397124
ID_20FD51F3B5,0,0.15,0.19261106650844437,0.052293442,0.09760955219381492
ID_20FD82B992,0,0.15,0.05152459489169579,0.008137231,0.025823125987898408
ID_211335CFC2,1,0.15,0.1349350736998019,0.2634034,0.20601402511116648
ID_2125058B08,0,0.15,0.00022600259360824228,0.08044522,0.11235939244743003
ID_2127BC759F,0,0.15,0.23639586740590207,0.1674172,0.24817405150215832
ID_212A1B3165,0,0.15,0.09178465477731763,0.04082924,0.03826002633279166
ID_213D0B3C84,0,0.15,0.028494640419926963,0.015520994,0.03976083157841936
ID_2141D95A9E,0,0.15,0.09204019426140472,0.043891508,0.08844020558402374
ID_215090CBDB,0,0.15,0.11949952441764694,0.094720274,0.0780950179682687
ID_215635AE4F,1,0.15,0.17439959756868006,0.177454,0.24697036222404634
ID_2156CC3859,0,0.15,0.05317163794924265,0.04540139,0.0611682878621059
ID_21578BB8F5,0,0.15,0.12368863543792306,0.17320311,0.12987276101530087
ID_21587CDFBB,0,0.15,0.16340653894491436,0.14269139,0.18771854047404457
ID_21600B4CF9,0,0.15,0.11438787830153008,0.07194009,0.10311658878521844
ID_21792F9F79,0,0.15,0.08717771941854069,0.03190088,0.08761319675050963
ID_21842CA07A,1,0.15,0.035078926007659446,0.4227159,0.2109066102015042
ID_218D833043,1,0.15,0.41371571789519496,0.6903779,0.5483910664696172
ID_21904A0B0D,0,0.15,0.04027054970553742,0.094952345,0.13946179657881388
ID_2198365BE4,0,0.15,0.07845361685888187,0.07538804,0.08131841906830425
ID_21B0F57BF5,0,0.15,0.008394130928935527,0.1590423,0.17952189540469068
ID_21CF655965,0,0.15,0.2215467081749665,0.23945542,0.15126937579494817
ID_21DBBBE9D8,0,0.15,0.022329025076497026,0.040388994,0.05209179847431233
ID_21E8A12D3A,0,0.15,0.05071560783461908,0.032009915,0.052042873755521704
ID_21E8B6732F,0,0.15,0.12120119977014318,0.121186264,0.13463771607000288
ID_21E9162E7B,1,0.15,0.13755466791556908,0.179659,0.1033665469461819
ID_21EC2819B4,0,0.15,0.20581709605030654,0.106710166,0.1897569321637211
ID_21ED978834,0,0.15,0.05373538139951553,0.023260303,0.04359772723809955
ID_21F5EBC6F5,1,0.15,0.0014338535817323983,0.049323782,0.09589023915079649
ID_21F8D91350,0,0.15,0.09769044867688352,0.2003047,0.16852578704967885
ID_21FD1D32FC,0,0.15,0.206009039677776,0.034558628,0.07766335949137293
ID_21FDEA0F7D,0,0.15,0.20344317365809067,0.12679726,0.16418919755474995
ID_21FDFE8206,0,0.15,0.13550480976694937,0.027155144,0.043759160560313606
ID_220506A030,0,0.15,0.24000723069579852,0.16714525,0.17341750855085505
ID_2207939D28,0,0.15,0.17330517428124953,0.14286481,0.21087303862559162
ID_2207B580AD,0,0.15,0.2821338495893285,0.46921548,0.4120305944340584
ID_220D8C1B9F,0,0.15,0.12512054639322964,0.19307055,0.1522598088462414
ID_22169C7949,0,0.15,0.19792501947107285,0.0799895,0.09367225888275876
ID_2218EEE8BE,0,0.15,0.031053065128348763,0.016661555,0.030274028333786247
ID_221EEFD7F4,0,0.15,0.07412595200363765,0.06563539,0.09173064798967424
ID_2220AC2234,0,0.15,0.20005046109298702,0.1695983,0.35370347056317036
ID_222C4F962F,0,0.15,0.05475563186803817,0.0782352,0.08711634373669042
ID_223438A16D,1,0.15,0.1851363352911123,0.1188693,0.11285004493739942
ID_2241E13F13,0,0.15,0.00037076647792722245,0.044422008,0.09276677628656475
ID_224443863D,0,0.15,0.15545460068941838,0.03595618,0.05740581608849133
ID_225105F496,0,0.15,0.15972976500862127,0.116722174,0.12484458474455754
ID_22533CE8D9,0,0.15,0.059734291109566386,0.18584786,0.2379067634249773
ID_225AC10330,1,0.15,0.17427887707674392,0.33812907,0.2748038859256006
ID_225CA4458E,0,0.15,0.030812681391503036,0.06805221,0.10955956602619922
ID_225D4E1407,0,0.15,0.042941877279782416,0.084393345,0.1018091507354774
ID_22607035B6,0,0.15,0.02381672777482061,0.05434619,0.058729285252187194
ID_22665CAF9E,1,0.15,0.16878663404341684,0.18350473,0.13097482746536449
ID_226ED56811,0,0.15,0.0985587610659189,0.05336557,0.0932913958813104
ID_226F136E42,0,0.15,0.07125478254152731,0.023410076,0.050394840082115006
ID_2270512C00,0,0.15,0.005708376644878932,0.103469476,0.09861208572756601
ID_2272A2AB26,0,0.15,0.12096908908218418,0.061995514,0.0501761674508188
ID_22746A44F5,0,0.15,0.06459598736025,0.016206544,0.030153770633612593
ID_228CE6F22D,0,0.15,0.18579713215916213,0.020179402,0.04161473613387522
ID_2290100D45,0,0.15,0.12475393589360959,0.08232692,0.08794183745756538
ID_2294CDA089,0,0.15,0.0733727245895596,0.015389522,0.04333959947192565
ID_229D6DF761,0,0.15,0.18001640439798894,0.05857204,0.10212144953871036
ID_22A1C89401,0,0.15,0.06479498428370584,0.04620309,0.07503349214540508
ID_22B40110BF,0,0.15,0.23261159749543414,0.09477759,0.07580651849105145
ID_22B88F3E1E,0,0.15,0.19657771691305062,0.10582054,0.10194055142664696
ID_22BDC8924D,0,0.15,0.13504737836068872,0.028517138,0.050126594414369695
ID_22C78D223F,1,0.15,0.3642239632651623,0.45596048,0.5155106514056753
ID_22CFCB1BCC,0,0.15,0.1419526540406381,0.08735778,0.17395341226976935
ID_22D17BD535,0,0.15,0.2745454847611324,0.34879223,0.21624622069002644
ID_22E27517AF,0,0.15,0.36667812858614063,0.17953745,0.12454918857043777
ID_22E4955C25,0,0.15,0.10538119846288536,0.06736397,0.16501987578986882
ID_22E5C80B65,0,0.15,0.10605301354883377,0.3428696,0.28401556178557535
ID_22E8C52E74,0,0.15,0.43213866903232057,0.2046305,0.2256549688753261
ID_22F350A792,1,0.15,0.03619539836877009,0.047656927,0.11233332087826133
ID_2302D62A2F,0,0.15,0.14042425706142608,0.0936266,0.11010523768622141
ID_23075C5FCD,0,0.15,0.09547575564884121,0.044239357,0.045384580523386404
ID_2307BB5B07,0,0.15,0.35162963744280573,0.36291686,0.2764322660136311
ID_230AB5071A,0,0.15,0.31997088164877324,0.12628779,0.09109044544636667
ID_232C3A7946,0,0.15,0.13220128731589872,0.086558744,0.1117160872565301
ID_233E7CFC3A,0,0.15,0.20955491387345845,0.26754954,0.20529563242642185
ID_2341A796CE,0,0.15,0.034682664024440826,0.097547196,0.12781227390209196
ID_23731C33AE,0,0.15,0.18431621073074686,0.07540464,0.06914138786228992
ID_237965B99C,0,0.15,0.10554523465394555,0.12605466,0.10033830952025875
ID_237ABEC79A,0,0.15,0.15343811790751213,0.09324569,0.10723703659167842
ID_2381770BDC,0,0.15,0.03722879019480099,0.06669281,0.09259837812187557
ID_2382AF22E8,0,0.15,0.08245419898777923,0.020192068,0.04381255486404438
ID_23862DFFEF,1,0.15,0.34043146425084203,0.30481148,0.2292571492686296
ID_2386EAAF8A,0,0.15,0.08146295052181937,0.036837105,0.061778493402404364
ID_23A679528D,0,0.15,0.14669341780403453,0.06044906,0.11737116906164907
ID_23C2AA07C9,0,0.15,0.10133081212357373,0.11325063,0.08695174265177587
ID_23C3DF6F82,0,0.15,0.03440872868624268,0.008836882,0.023262954222092954
ID_23D1B664F7,0,0.15,0.04708628979930353,0.029906511,0.045913203257138775
ID_23D76DA05E,0,0.15,0.055198329859023475,0.04690158,0.05895366318787984
ID_23E1041CB4,1,0.15,0.09162514790030751,0.19352925,0.12650137181788235
ID_23E4B91CDC,0,0.15,0.19912619888399904,0.04979657,0.10370957612277214
ID_23F1A930E7,0,0.15,0.16392207191400032,0.03603861,0.08556935351001095
ID_23F7D843A8,1,0.15,0.19008887753385428,0.4328843,0.2680801239955468
ID_23FE2F273B,0,0.15,0.10856444571286107,0.1969686,0.2320949556753358
ID_23FFBBCEDE,0,0.15,0.0630717027346705,0.030092515,0.03989093168157498
ID_24025E984A,0,0.15,0.2333231621932877,0.1300854,0.13585766257967635
ID_2404A2BF04,1,0.15,0.22897239558886814,0.18359125,0.20791779034637697
ID_240A3C8C3D,0,0.15,0.042807546821069534,0.23694718,0.19694878427253346
ID_240DA7DF53,0,0.15,0.08730558263162025,0.059275478,0.08385072082156811
ID_24168495FD,0,0.15,0.17385228624771587,0.13766237,0.12548158756040337
ID_241DE17CDB,0,0.15,0.18014149152749334,0.08003029,0.09291549209181453
ID_244C193761,0,0.15,0.0679731251261095,0.04643121,0.0794373899284239
ID_244F8C27F4,0,0.15,0.1578287953832546,0.09347678,0.08075563206189737
ID_245605CD0E,0,0.15,0.12163033595082216,0.19190656,0.16393165496799333
ID_2461BEAE5F,0,0.15,0.0653630500618729,0.04648864,0.07811459907636152
ID_24629A60A1,0,0.15,0.004320454967910199,0.0076939217,0.021084168434002265
ID_246B6AF063,0,0.15,0.07091230728728128,0.03378155,0.041113902215348906
ID_2470180944,0,0.15,0.1586872648564029,0.057612244,0.11617128191575854
ID_24740207BC,1,0.15,0.20267189793120924,0.26721355,0.270928045528524
ID_2477414730,0,0.15,0.19451329176439522,0.33466545,0.3161452539482548
ID_247B05A722,0,0.15,0.2040837357757305,0.24742459,0.148792219090662
ID_247BCACDF8,0,0.15,0.16262589747338752,0.1644263,0.2414433955571028
ID_247D25CE20,0,0.15,0.09807762880407948,0.07307204,0.1536115133330257
ID_247D52AEC2,0,0.15,0.1441780636189764,0.050840713,0.08165410706506136
ID_247DCEAF21,0,0.15,0.11386573610229599,0.101097055,0.08638289980165903
ID_24879F587B,1,0.15,0.9957375615325724,0.4396029,0.8371718659936889
ID_2491ED45B1,0,0.15,0.09655196878640447,0.040727742,0.06499791307021212
ID_24AA2B9207,0,0.15,0.1919158958726908,0.14846674,0.13979935761014753
ID_24B67FDE62,0,0.15,0.3469715773269013,0.20793064,0.17176731541363743
ID_24B8B0FBD6,0,0.15,0.0004564156425296105,0.07799616,0.13186125204542756
ID_24CD6C1778,0,0.15,0.0868179415457817,0.07909794,0.09243793578520289
ID_24D050869D,1,0.15,0.09184516196071948,0.098973624,0.14133287487236057
ID_24D250F9A0,0,0.15,0.17464941315656185,0.11771518,0.08095666399166364
ID_24D805747B,0,0.15,0.0547466902702772,0.030498173,0.06701895294079517
ID_24EEC710AD,0,0.15,0.07906335466129465,0.02648253,0.04011062695874265
ID_24EFC35082,0,0.15,0.22484291417579083,0.14471899,0.14321120115054206
ID_24F5E10418,0,0.15,0.14474870487647848,0.09841217,0.10489722169895176
ID_2508E0237C,0,0.15,0.17130721929673529,0.42412055,0.3011644500088015
ID_25412863F9,1,0.15,0.04893224461248987,0.16055705,0.1677309003416959
ID_2544EACE95,0,0.15,0.09565856438552287,0.053452753,0.0579629801482037
ID_2546F47F27,0,0.15,0.03160654263971412,0.03394552,0.09104800906866399
ID_2552126926,0,0.15,0.08024906852741469,0.058679156,0.07332110335977171
ID_255748624A,0,0.15,0.14057556481441208,0.023712022,0.049521099849892586
ID_255F417E17,0,0.15,0.018939409083325386,0.106774405,0.12457934675758835
ID_256001D6E0,0,0.15,0.1390653708115537,0.091112696,0.09598409084851714
ID_25671BAAE5,0,0.15,0.10355319295023796,0.06724418,0.05855421149896041
ID_25848CC1D4,0,0.15,0.3300729397015029,0.11610921,0.10263372197580722
ID_25855E2090,0,0.15,0.043861957503574786,0.079723276,0.12069066936187987
ID_258BBC72CA,0,0.15,0.05886208265699003,0.13211769,0.1467618589698079
ID_25B16E58E0,0,0.15,0.7356532072727312,0.33260605,0.27161732299543195
ID_25B7435F6E,0,0.15,0.11642509999175228,0.065708846,0.062503889147687
ID_25BA537B4E,0,0.15,0.07418447928142613,0.035804167,0.07644853481585823
ID_25C80214F9,0,0.15,0.05450076660627048,0.067369744,0.12114955919452847
ID_25E963005B,0,0.15,0.027499721121018162,0.0455956,0.048285931188759436
ID_25F4E070A7,1,0.15,0.2530437257217416,0.28857088,0.21151461438128286
ID_25F9A958ED,0,0.15,0.11175247068023877,0.04372618,0.06110903572783853
ID_25FA6176F3,0,0.15,0.028452031971703737,0.009279089,0.027864506756013766
ID_25FB24137A,0,0.15,0.03178207439007122,0.058346428,0.07471253670325129
ID_25FEF176DF,0,0.15,0.0005163766332820183,0.045309883,0.07157536138415282
ID_26101FEEC9,0,0.15,0.07394444805698566,0.02744791,0.034518731150009516
ID_2611392645,1,0.15,0.12990915637854505,0.13493736,0.1153579880267521
ID_2612A094DC,0,0.15,0.14406626748511303,0.06490316,0.11949087526448093
ID_261598B4B7,0,0.15,0.1379140952072829,0.06575533,0.08166930867470236
ID_2615E3ECF8,0,0.15,0.03322303338597686,0.018693114,0.029899736988354155
ID_2616B11B32,1,0.15,0.126345238124625,0.15385123,0.10951320758146743
ID_262955AD75,0,0.15,0.13315173848182868,0.055948827,0.08845631761901368
ID_262AD5DA3D,0,0.15,0.22901981960239304,0.118928835,0.14124049516266848
ID_26459F4850,0,0.15,0.031140426382518186,0.17129403,0.15444599609487053
ID_264FE49325,0,0.15,0.28195867280266174,0.12904769,0.09766577338857715
ID_2650298C3F,0,0.15,0.06616957607618017,0.042330973,0.06204985101951245
ID_2658DC52FB,0,0.15,0.17806917401445999,0.17412147,0.1840629596838634
ID_265F2B860E,0,0.15,0.12023116268806193,0.05335798,0.14618205012644558
ID_2667670D77,0,0.15,0.1542704951071496,0.024855554,0.05271343755405519
ID_266982451F,1,0.15,0.2833935484766188,0.42797115,0.53527333480525
ID_266A25A855,0,0.15,0.060305522248462244,0.10161237,0.1358306017165184
ID_26945414E7,0,0.15,0.09740685328808606,0.095264725,0.11217635104556115
ID_269CF8D13D,0,0.15,0.03909089099460988,0.046331737,0.0708328066676689
ID_269E4BE2E0,0,0.15,0.2661102123555727,0.24308789,0.21017508215845596
ID_26A1FFCF58,0,0.15,0.12442336194260402,0.118784755,0.0895848268826487
ID_26A28F7213,0,0.15,0.014774078628003711,0.031428557,0.049184542615369066
ID_26B6E6DDED,0,0.15,0.13009989244219816,0.09471889,0.14017350884312835
ID_26B7B53EDA,0,0.15,0.11447006730078386,0.02957275,0.07787215365273396
ID_26C112D856,1,0.15,0.018217349647169024,0.09849099,0.12638918355702658
ID_26C4865DE0,1,0.15,0.23968639122338234,0.6995011,0.4429054978154944
ID_26C89D7E7E,1,0.15,0.3410302865523822,0.31241012,0.29047384476434934
ID_26D2B22D2A,0,0.15,0.04218809877334566,0.0075101755,0.0203538785830749
ID_26D95AB106,1,0.15,0.34136789045651333,0.58575845,0.46062350460772356
ID_26E0BAA71C,0,0.15,0.17511406299957621,0.3260159,0.32329074229485333
ID_26E444A4B3,1,0.15,0.2805104995258374,0.7125194,0.6278690170202392
ID_26E876390D,0,0.15,0.7254539263305526,0.6362207,0.4330810844378419
ID_26E90B07D0,1,0.15,0.16953038627538722,0.20761178,0.21322663149967885
ID_26E99A160F,0,0.15,0.04371071481910959,0.12952752,0.14480196568683212
ID_26F4241124,1,0.15,0.07485906722772621,0.07414831,0.0671107167054968
ID_26F92128AD,0,0.15,0.2723944218017975,0.5170696,0.4625951689961775
ID_26FFC64A9F,0,0.15,0.08400896849719475,0.025278253,0.051731227128728935
ID_270957D10E,1,0.15,0.18674199211909942,0.3513809,0.4193549593611792
ID_270E60C04E,0,0.15,0.11289085555899254,0.07114788,0.10427398945373133
ID_271D3583FE,0,0.15,0.12596215448692175,0.029847225,0.058500333817450414
ID_272887174B,0,0.15,0.12587757772922445,0.051736645,0.08428126912949205
ID_272BB119CC,0,0.15,0.042900370742422714,0.021174906,0.03562068742380533
ID_27320FD9BB,0,0.15,0.11930335918616365,0.036739096,0.0618703521059828
ID_273A38C437,0,0.15,0.12024602706504753,0.05358653,0.06896142174670422
ID_27471C1330,1,0.15,0.26424599009119687,0.6428776,0.32316670737002207
ID_274850A4B6,0,0.15,0.04661755061462242,0.094274625,0.08632843160074373
ID_2750644CCD,1,0.15,0.03515036675743835,0.36825687,0.4616748815131119
ID_27521CF14B,0,0.15,0.16488615190778577,0.17358477,0.10405598918911095
ID_27666B2BA8,0,0.15,0.010455159845524599,0.009304921,0.03718476556919345
ID_276EBA9765,0,0.15,0.046944130315410344,0.038795225,0.04787538187563889
ID_277599BA39,1,0.15,0.3599801411566081,0.348399,0.22257798066792478
ID_278D711985,0,0.15,0.08550172434375047,0.057263076,0.099023427845995
ID_279AC305D1,0,0.15,0.20886440887826238,0.105405994,0.1230145310409586
ID_27A4DB6730,0,0.15,0.24019241550227227,0.08332971,0.09808736759573575
ID_27B4F97500,0,0.15,0.03117177134238183,0.07311654,0.1113633584511635
ID_27B846CA68,1,0.15,0.48394585319431066,0.3057162,0.3793639815786294
ID_27CB9F50BE,0,0.15,0.17706376091847542,0.27164888,0.20751931463477885
ID_27CFEB772D,0,0.15,0.2967368845351081,0.2557413,0.19269240286791078
ID_27DB1AD33B,0,0.15,0.12943580257159373,0.0641687,0.07508306887299254
ID_27DBFABF99,0,0.15,0.1614614052237055,0.04087604,0.0600815556595869
ID_27E360F12A,1,0.15,0.5184508176100355,0.62713444,0.6331159449217048
ID_2804D11FBF,0,0.15,0.07226589622636807,0.08356346,0.09108317175238057
ID_2807DAB1C1,0,0.15,0.21025684241145962,0.14622909,0.1032574935527887
ID_280CFB9C58,0,0.15,0.10608604660721214,0.15059371,0.2614021014022805
ID_282F9F6ABF,0,0.15,0.15313936100225772,0.075317636,0.11209921074608899
ID_2838F86D09,0,0.15,0.02416248276238202,0.027299196,0.048071482379674166
ID_284D62D7D7,0,0.15,0.17552986276806667,0.12075443,0.15110389978776725
ID_2859165DC1,0,0.15,0.10597009681024716,0.07231403,0.11216486158638204
ID_2863F2AA05,1,0.15,0.46243498441096076,0.23898879,0.32936595952088293
ID_286C4AA313,0,0.15,0.19076216545621574,0.15090421,0.053927815962863335
ID_2870FC1637,0,0.15,0.14690102125710236,0.2299759,0.2199396296849943
ID_2877F3E8A9,0,0.15,0.05043519872789711,0.013124062,0.03027853614672778
ID_287DE60BA5,0,0.15,0.08748656791768505,0.026130568,0.041503864298067336
ID_2883E18D83,0,0.15,0.16567502390680938,0.12340918,0.12106319735847242
ID_288E566B76,0,0.15,0.28728500954230435,0.06699991,0.0932911062391655
ID_28A2EA0F90,0,0.15,0.37144183132135467,0.53561157,0.372731735959153
ID_28A75A3CD5,0,0.15,0.0464451274855023,0.08830217,0.12962567478405979
ID_28BCD04EED,1,0.15,0.2836159168712876,0.7064429,0.4882133840730482
ID_28EA0F2C1B,0,0.15,0.16271908147103206,0.1733488,0.20499841689187615
ID_28EC1D904F,1,0.15,0.2417983139258616,0.702398,0.5713414837362992
ID_2910038DCB,0,0.15,0.050678075114168636,0.056857444,0.08074021674566412
ID_2914254C4A,0,0.15,0.6402999681304289,0.30560455,0.2237988607764296
ID_29279C8AC8,0,0.15,0.06765048278994372,0.033924412,0.07054326366895612
ID_2928A55C6D,0,0.15,0.20369892675024975,0.03932019,0.07105175524185676
ID_292C43D4E3,0,0.15,0.35592879786948234,0.20487143,0.18203699286621297
ID_292FE07A8F,0,0.15,0.06446220221684294,0.05611449,0.09641044555964315
ID_293AADCBA9,0,0.15,0.2858536021185932,0.09097007,0.1326321106269576
ID_2942BB10D1,0,0.15,0.1942847900686967,0.12969725,0.1397051624006714
ID_29441F7031,0,0.15,0.07133449109954633,0.12941816,0.13635268657431276
ID_2945F92261,0,0.15,0.001990670479344467,0.14071023,0.21599265678928173
ID_294E39BD1B,1,0.15,0.09815024750366257,0.05678511,0.08278086811448489
ID_295A991388,1,0.15,0.4180074246345379,0.395996,0.3528138884172522
ID_296F0E7B7C,0,0.15,0.2089175297371269,0.12916231,0.1471494013187372
ID_297AC2ED2B,0,0.15,0.1030842270264901,0.033676714,0.07377083891886499
ID_2983A99317,0,0.15,0.07785528483115949,0.045125592,0.06719329265966484
ID_29883C2ECD,0,0.15,0.2017212417580411,0.06209093,0.058003310850747884
ID_29AE5957CA,0,0.15,0.09740294569634093,0.16993743,0.1373420202964443
ID_29B9D863F4,0,0.15,0.09494704013109273,0.04365111,0.060670566460138305
ID_29CD1D8FBD,0,0.15,0.03507026385284363,0.022726594,0.04694203175649415
ID_29D3D1001A,0,0.15,0.19858700843779137,0.06941295,0.08585743901510819
ID_29DE5413B8,0,0.15,0.14596484683676142,0.12263098,0.11262356041728473
ID_29E633CE56,0,0.15,0.1286270682465978,0.18894885,0.17293084585618335
ID_29EE6FC008,0,0.15,0.04649186600898948,0.15521426,0.14591387442672732
ID_29EFFCB8F8,1,0.15,0.8821578951965785,0.61382246,0.4233426881677264
ID_29F6B9E152,0,0.15,0.00469213706829022,0.06053137,0.09601511566893456
ID_2A0AA1FACA,0,0.15,0.12241716523903569,0.041121986,0.09326505065879657
ID_2A0B9507F6,0,0.15,0.06321270491932404,0.046376254,0.04823483637921412
ID_2A0E674111,0,0.15,0.1690578993345909,0.11088025,0.09005466812274565
ID_2A1B532E3A,0,0.15,0.004424421050714869,0.14058925,0.16206995618021777
ID_2A1FD87365,1,0.15,0.9917352913699495,0.6877126,0.5642967405175703
ID_2A22158B75,0,0.15,0.05564177863380625,0.020328417,0.057431560546335504
ID_2A252179B5,0,0.15,0.13875774846270517,0.1768587,0.1019620734724747
ID_2A2C3EC705,0,0.15,0.10671540621978018,0.31720367,0.25859241360439694
ID_2A2FFA5E38,1,0.15,0.49070370616660697,0.6244163,0.3670953061596177
ID_2A3A344697,1,0.15,0.975891414294969,0.44035053,0.42393243327695035
ID_2A43AD588E,0,0.15,0.013413281529321138,0.0126359025,0.03274388039456809
ID_2A456FC955,0,0.15,0.09144640940699152,0.01782736,0.09221424567377945
ID_2A47FE1FCD,0,0.15,0.3351260575734335,0.21236071,0.21633923579440845
ID_2A6873DBD0,0,0.15,0.07589387807037933,0.047807302,0.08160221260607013
ID_2A7718F7B5,0,0.15,0.07869300952359025,0.1713688,0.2250373261769634
ID_2A92669BF0,0,0.15,0.19316895022229516,0.041431386,0.08166760907204562
ID_2A95D54429,1,0.15,0.17367218887319374,0.593848,0.37693630420453694
ID_2A9CF2CB7E,1,0.15,0.6033832823840904,0.2516083,0.19000091943105998
ID_2AA6DF4C00,0,0.15,0.11978838880346045,0.14408329,0.18027585716312144
ID_2AB3449D0D,1,0.15,0.22680839038884837,0.28485042,0.22807991807890848
ID_2AB8439F20,0,0.15,0.08974210196619965,0.10543945,0.13885860353738563
ID_2AB9C58F98,1,0.15,0.17263836370255956,0.05497984,0.07103011294497635
ID_2AC31A62CB,0,0.15,0.37797252837410866,0.65992206,0.6297438672712627
ID_2ACEDF4DCA,0,0.15,0.06814007583698702,0.063177004,0.09203489888224867
ID_2AD786C21D,0,0.15,0.36738040472005906,0.17624643,0.19194008787203834
ID_2ADE649DE9,0,0.15,0.17687190846058065,0.01847195,0.07074837020820325
ID_2AF06A14A1,0,0.15,0.07077988950753407,0.01771001,0.05215582226942469
ID_2AF9B40BCE,0,0.15,0.39469014566401117,0.34430316,0.27480527574947133
ID_2B04778FD4,0,0.15,0.08753709753241903,0.093054466,0.10443669962209175
ID_2B0756DA32,0,0.15,0.13232910657524624,0.15480886,0.1544369164088459
ID_2B2C07283E,0,0.15,0.1689202748712404,0.21885352,0.16654711344201298
ID_2B3139FD0F,0,0.15,0.0723087043129756,0.039279666,0.04866838673294557
ID_2B385FA86D,0,0.15,0.15389741411796323,0.045560256,0.055016184104650194
ID_2B38E7C0E3,0,0.15,0.07402680902595808,0.0730092,0.08608270630838334
ID_2B3DD3EDE0,0,0.15,0.1925163041621335,0.050633963,0.08874817676255857
ID_2B4022EB8F,0,0.15,0.14867029865723158,0.16412614,0.23281649956164702
ID_2B445D3CF8,0,0.15,0.07545679853377893,0.050737556,0.06353823794216992
ID_2B49097A06,0,0.15,0.07819315499089202,0.08348496,0.07782652942572557
ID_2B5C846A2D,0,0.15,0.034416150390840686,0.01954341,0.03389177690657045
ID_2B61ABC563,1,0.15,0.21434574068276663,0.1970159,0.13787602721224465
ID_2B641B27B8,1,0.15,0.1431864356975799,0.07312717,0.12854853916832384
ID_2B689E7A5D,0,0.15,0.18537053944146262,0.05106419,0.0639087058884839
ID_2B6D4C134E,0,0.15,0.1498882981202131,0.09412788,0.13143666079253122
ID_2B726B3575,1,0.15,0.19971739436979735,0.2240964,0.23842026804957892
ID_2B7273FC77,0,0.15,0.05978082637934635,0.15214978,0.13809822176436964
ID_2B7AF3E2C4,0,0.15,0.0055335456583653604,0.096101694,0.10656772565700834
ID_2BA049BFAF,0,0.15,0.08351172748175457,0.031415038,0.06576081431663279
ID_2BA433A41E,1,0.15,0.8802765424820984,0.28292036,0.36166940652300533
ID_2BADBFD293,0,0.15,0.08849013239611349,0.3143006,0.3534813252699548
ID_2BAFD4FE78,0,0.15,0.047779093913670134,0.050213613,0.10139522714685788
ID_2BB6730E86,0,0.15,0.17822515140319128,0.27568632,0.21834051036519778
ID_2BB7CB5675,1,0.15,0.25469449912005365,0.30551466,0.3244431752578698
ID_2BE2026097,0,0.15,0.07794195144390072,0.01797343,0.059692362938839304
ID_2BE49194E1,0,0.15,0.09316455295820195,0.0629102,0.07770584582000366
ID_2BF51344BE,0,0.15,0.2388032382758409,0.33336443,0.36943597632086606
ID_2BF7399063,0,0.15,0.0029135481662820708,0.08615694,0.1553719697401355
ID_2BF782B924,0,0.15,0.14442250957870395,0.13587494,0.15847294781536728
ID_2C0DC31227,1,0.15,0.16976725781587237,0.115536064,0.143759493652104
ID_2C136CFB80,0,0.15,0.10129935927945395,0.018642971,0.03353015281161599
ID_2C18409489,0,0.15,0.09174421462360795,0.104294464,0.10099611429674435
ID_2C24C6364F,0,0.15,0.06223239235523962,0.023978623,0.050955266147498304
ID_2C2882CA57,0,0.15,0.15057790685445535,0.12697642,0.17147129560170815
ID_2C29E778BC,0,0.15,0.13153813529677602,0.14769252,0.12995896729519746
ID_2C31DEB17A,0,0.15,0.1145809586500304,0.11376588,0.10847844685399603
ID_2C441C5DD0,0,0.15,0.2587625952212514,0.15572016,0.1643139117620964
ID_2C47A617B5,0,0.15,0.1300976664607967,0.037595514,0.08671474499247567
ID_2C565E4F1A,0,0.15,0.050372330862045775,0.052817624,0.10610388059790583
ID_2C619DDEDD,0,0.15,0.0989387109315869,0.09165099,0.17234549510228905
ID_2C70D98DA3,1,0.15,0.5542929273224669,0.910072,0.8488993732970572
ID_2C73BBA8F6,0,0.15,0.12996523576625477,0.040806774,0.07471136800825696
ID_2C77E6852C,0,0.15,0.16155750101157398,0.20251514,0.21688672146709756
ID_2C7D03583E,0,0.15,0.04508877673751851,0.059061214,0.08885853601320873
ID_2C8CD7E49B,0,0.15,0.19414223267082728,0.1263709,0.16037776542794135
ID_2C93F09CCD,0,0.15,0.11560255850854978,0.028136548,0.05430420329272922
ID_2C972E799C,1,0.15,0.40290107840619527,0.60602766,0.433409431780626
ID_2CB66686EE,0,0.15,0.09073456501220653,0.021325449,0.049468026014916275
ID_2CC736DF36,1,0.15,0.25283222725756865,0.1846356,0.1301322996548664
ID_2CCB4BF467,0,0.15,0.2171317453185028,0.07884005,0.13646555662801896
ID_2CCEDE853F,0,0.15,0.03933901955138274,0.016952626,0.05003049685943439
ID_2CD52A556D,0,0.15,0.22327623445079228,0.15541394,0.09552360484954463
ID_2CD5899235,0,0.15,0.07448843279369816,0.20590113,0.2066194242820121
ID_2CDA9058F5,0,0.15,0.06411801514543257,0.018582702,0.021228360709780965
ID_2CE0334DEA,0,0.15,0.14458777316328114,0.19297749,0.21065040835257134
ID_2CEFB6BE5B,1,0.15,0.05038009548209815,0.35535306,0.23836453388617895
ID_2CF6A7D63A,0,0.15,0.14075090522364614,0.042365838,0.07535068656590634
ID_2CF6FFB291,0,0.15,0.11457155027664803,0.02346907,0.04437533217202773
ID_2CFF4E8B5C,0,0.15,0.19474399333429673,0.20493782,0.1889409458522737
ID_2D07F72850,0,0.15,0.15520837275624957,0.05678653,0.06636663591165981
ID_2D083AA583,0,0.15,0.03824288310897481,0.05619062,0.11687905197343294
ID_2D12BFDCD9,1,0.15,0.0413246237283447,0.36619946,0.20411904075105833
ID_2D13C3F96F,0,0.15,0.0005730293067466155,0.057792123,0.10042305262708665
ID_2D16B3580C,0,0.15,0.1969080764930712,0.043904647,0.05548870746062856
ID_2D1A1AE473,0,0.15,0.006939431473622922,0.09421712,0.12563992405384003
ID_2D218D5298,0,0.15,0.0884363789270787,0.025797911,0.027660886501458915
ID_2D2658EF54,0,0.15,0.03390929008748458,0.16646399,0.168772874817482
ID_2D31260083,0,0.15,0.15618677938568634,0.051389158,0.12341329565924858
ID_2D370159F2,0,0.15,0.13864256017582288,0.066594034,0.08140026805590975
ID_2D416170B7,0,0.15,0.21111288728845526,0.13551648,0.1467674580153023
ID_2D41A504A6,1,0.15,0.5055148089726854,0.47614574,0.2725109538039819
ID_2D462AC116,0,0.15,0.10938296127047564,0.050475888,0.09179699173162686
ID_2D4AF97FA6,0,0.15,0.025032337679219373,0.03197425,0.0733652637434604
ID_2D4E7D3335,0,0.15,0.1554728387951805,0.6316805,0.39232730054921783
ID_2D57214369,0,0.15,0.12341420000344129,0.29758012,0.34083942065139766
ID_2D681A0A64,1,0.15,0.18804282083180096,0.2471213,0.1779025423232317
ID_2D70DE6300,0,0.15,0.1953835696664808,0.54613,0.47714290607232307
ID_2D718D4CBE,1,0.15,0.11790734141373276,0.24271727,0.27298835916849584
ID_2D90F8A2D2,0,0.15,0.03472036551273221,0.01768017,0.04578358823924563
ID_2D97CE9A95,0,0.15,0.01808908185373054,0.029706514,0.04932793052878707
ID_2DA67A1243,0,0.15,0.11839825415817563,0.51381546,0.49363517374781896
ID_2DAA337733,0,0.15,0.2737785188812084,0.060152825,0.075623729630069
ID_2DB059DDED,0,0.15,0.196768730497203,0.061279036,0.11844762042186666
ID_2DB69D07C7,1,0.15,0.1553895844183413,0.15003729,0.15783366829325612
ID_2DB97ABF90,0,0.15,0.14926321427171715,0.25010946,0.22701697650161815
ID_2DBE9C9ABB,0,0.15,0.11138598386317711,0.116078556,0.1059858927563059
ID_2DCEF3ACD9,1,0.15,0.14408460364677542,0.2559339,0.21192757050403704
ID_2DDEC09492,0,0.15,0.005941465721380642,0.07352853,0.11298836575364084
ID_2DE3DEAED2,0,0.15,0.2076691525613513,0.15012313,0.12291445571696316
ID_2DF0F31CDD,0,0.15,0.07078064867151099,0.028848482,0.05519130697350013
ID_2DF46AB26C,1,0.15,0.3529666587948488,0.24477689,0.164571923650161
ID_2DFE63BF74,0,0.15,0.12567569882192053,0.032494582,0.04962058273661348
ID_2E06D3A417,0,0.15,0.13470774596078514,0.09608846,0.09521923758914805
ID_2E09ACA986,0,0.15,0.22934148511532704,0.0826049,0.10749009176275057
ID_2E106C5219,0,0.15,0.0005245955675738657,0.05635602,0.0832311783102217
ID_2E136C9324,0,0.15,0.07954473137199908,0.0128029585,0.05364533527750726
ID_2E254C5807,0,0.15,0.0932176955339452,0.15411346,0.16891891918897028
ID_2E275ED6AF,1,0.15,0.3867423098684227,0.287528,0.28258108687821526
ID_2E39EEA423,1,0.15,0.06090753752475297,0.092602804,0.10507019369653824
ID_2E4328D368,0,0.15,0.02857764126763192,0.032170895,0.06317477825980246
ID_2E4CCC0ED2,0,0.15,0.4506773187314446,0.25918964,0.33250409490257593
ID_2E5F79E223,0,0.15,0.06689255514457057,0.038027357,0.05581757203638526
ID_2E7A20CDC8,0,0.15,0.0934471131858514,0.14518242,0.1795728331715168
ID_2E84236973,0,0.15,0.6145215614502252,0.12593381,0.14320047075911724
ID_2E87CBE313,0,0.15,0.07246041250119077,0.042222243,0.06822573023743662
ID_2E9646439F,0,0.15,0.24536513078754987,0.13394755,0.11641700885125517
ID_2EA1079948,0,0.15,0.04801033211986022,0.09724444,0.07156449096462578
ID_2EA72C9AF9,0,0.15,0.10024378687433674,0.08249127,0.09803741582543846
ID_2EA9F80CF5,1,0.15,0.40160072479055403,0.40694225,0.30037590694038085
ID_2EAA00F087,1,0.15,0.9917518382171276,0.39857346,0.40106592681647807
ID_2EB6E5C711,0,0.15,0.2586704488494625,0.2646127,0.23040563280030563
ID_2EBF4B42F6,0,0.15,0.06575023251311023,0.042822517,0.0632208207843429
ID_2EC18CE837,0,0.15,0.10136208685061603,0.07630416,0.1362195467483744
ID_2EE0389772,0,0.15,0.12036535914691127,0.105231434,0.1825048547040443
ID_2EE899C546,0,0.15,0.08163442522336856,0.117765926,0.1500469795281724
ID_2EED0DAF3E,0,0.15,0.19451058254514594,0.1582033,0.14729731544010155
ID_2EEE98DB24,0,0.15,0.06456294179123148,0.056309275,0.09561934581151593
ID_2EF3D72175,0,0.15,0.1424410910787695,0.4433143,0.3273427991753333
ID_2EF80A566A,0,0.15,0.20671766107022613,0.048800774,0.08994337591681424
ID_2EF8C20EE5,0,0.15,0.03571721754200033,0.028819714,0.05518602989565057
ID_2F034BE270,0,0.15,0.23798868054272548,0.28965598,0.27318528317882207
ID_2F09D01D16,0,0.15,0.28896159724401976,0.14109965,0.10272188562261923
ID_2F1037CC86,1,0.15,0.36005736082200684,0.19671036,0.15175829004551064
ID_2F21B68955,0,0.15,0.0872868171172335,0.050495584,0.06489318014981137
ID_2F2B61F11C,0,0.15,0.10483944180930645,0.026817929,0.08902151425359255
ID_2F3A622B9B,0,0.15,0.2380201561582329,0.30734172,0.16021675534261748
ID_2F482BE4E9,0,0.15,0.24495353059526173,0.14093302,0.1636852027574449
ID_2F529ABC6B,0,0.15,0.2880988624547857,0.11311126,0.14799525249586853
ID_2F5838076F,0,0.15,0.2211671865847034,0.3499579,0.3220517289611386
ID_2F5B48B737,0,0.15,0.16408744027161828,0.09371527,0.090320831454163
ID_2F5B9A0DA6,0,0.15,0.02954200836226507,0.030504405,0.05047880237235471
ID_2F6B6B7D45,0,0.15,0.08174311450696838,0.048239037,0.06178238817836876
ID_2F736E9F20,0,0.15,0.06960930868912178,0.04666353,0.11232818119605295
ID_2F770F2201,1,0.15,0.17414031093371704,0.31152952,0.29148585676482264
ID_2F8682895D,0,0.15,0.106339718717074,0.043642454,0.08317943437314125
ID_2F8F6E9D16,0,0.15,0.09916884401984491,0.1243742,0.1319644978830089
ID_2F95829C0D,0,0.15,0.16935473602717757,0.14966029,0.1523891260348874
ID_2FAF7D035D,1,0.15,0.09966919105824815,0.09406443,0.11931480705094936
ID_2FB8DCF949,0,0.15,0.042182129357921684,0.028038861,0.07635575721648434
ID_2FD4985922,0,0.15,0.010591966691666368,0.01677951,0.04614336274777257
ID_2FF278E082,0,0.15,0.10647551683984684,0.15465981,0.16593290676697373
ID_2FFCEE5E55,0,0.15,0.25550663783267824,0.37575498,0.2672370312749628
ID_2FFDE53148,0,0.15,0.13669976387037253,0.21994483,0.16268047658207843
ID_3002B8CA89,0,0.15,0.0750823042096142,0.019221863,0.0761167636951097
ID_30081A6C57,0,0.15,0.07337910965204766,0.09357467,0.12550547996128772
ID_300F44E5FF,0,0.15,0.24740018824897733,0.33104867,0.24596325549845793
ID_303488746B,0,0.15,0.02483994415889427,0.14893721,0.12208806351664843
ID_3037068BB2,0,0.15,0.07902186280858603,0.09868529,0.11225822635126677
ID_303E1CA283,0,0.15,0.06661077308701722,0.08119748,0.11411130579475022
ID_3042029130,0,0.15,0.039140450047391584,0.12422141,0.11581438503878168
ID_30460AAF51,0,0.15,0.05554808754414341,0.18096635,0.13381395084311762
ID_304623EA17,0,0.15,0.07908013492141895,0.1667961,0.14656409879684557
ID_30505742EA,0,0.15,0.11105767660506957,0.10945189,0.15529668028534416
ID_3052C678C0,0,0.15,0.1706358719569699,0.18086393,0.14170365076847222
ID_30563AC5FB,1,0.15,0.14446363712278423,0.21713813,0.18648845828392555
ID_30656ACD39,0,0.15,0.035290332700453834,0.01803024,0.046234715882488356
ID_3066B391C7,0,0.15,0.14727254675426585,0.64870036,0.45719108175514994
ID_306E585B6E,0,0.15,0.10892323239059508,0.064294964,0.08405584213734607
ID_306EDEF0E0,1,0.15,0.35187347495875243,0.68280333,0.5327064359266209
ID_3078AAFD4C,0,0.15,0.093408535748208,0.022829017,0.07604696633478795
ID_308B93B519,0,0.15,0.2699472353701878,0.09227218,0.11373431489834765
ID_3093335E12,0,0.15,0.17700815216742782,0.1026632,0.09292292704995564
ID_309C2763A8,0,0.15,0.14187200659512844,0.030141402,0.0633888713967397
ID_30A2B1D264,0,0.15,0.1128843673240372,0.047201343,0.05700398085684756
ID_30B31877AD,0,0.15,0.20141647523097805,0.17815939,0.1592671404992115
ID_30B4EABE7E,0,0.15,0.2684643543094062,0.20306815,0.1986370954860836
ID_30CE17617B,0,0.15,0.10629973041900907,0.05974796,0.07438998265471246
ID_30CF972727,0,0.15,0.11590077812076682,0.10557598,0.11728676313076682
ID_30D43DE2C2,0,0.15,0.12194066955754253,0.15241088,0.2098367452869271
ID_30D883401F,0,0.15,0.13074382601036433,0.09928297,0.10807001052235966
ID_30DA5F752F,0,0.15,0.11765286551863581,0.077081665,0.15380249516552633
ID_30F2C88C75,0,0.15,0.2396842183254503,0.3989404,0.38379374646781017
ID_30F6A9604F,0,0.15,0.03297671758051263,0.059573397,0.08028064625341438
ID_310BB382AD,1,0.15,0.21637338498477404,0.7084114,0.6788586748910761
ID_311B9066FE,0,0.15,0.1434984114845672,0.06879541,0.10174311818832844
ID_31214E51E7,0,0.15,0.04923017210961345,0.049963687,0.05643804624285592
ID_3127886BD9,0,0.15,0.3271191206751598,0.20142469,0.14987572007309044
ID_312B1564D9,0,0.15,0.022244375435198558,0.012792392,0.019392587699787675
ID_312E5D35B0,1,0.15,0.10443525084073237,0.7377473,0.610218394977482
ID_31313F5E88,0,0.15,0.11984361391318216,0.1552532,0.12225191423526842
ID_31378F3C2D,1,0.15,0.15384526868214313,0.14450805,0.09676649005614014
ID_3141F5969D,0,0.15,0.12430288569940974,0.060445953,0.09563338104491494
ID_3143C5CD31,0,0.15,0.06981174466347238,0.1215791,0.1583732689605272
ID_3148B1EB86,0,0.15,0.2310745887831876,0.073970824,0.1277752623649161
ID_315179DE3E,0,0.15,0.055901430764754255,0.08782384,0.11224083339064266
ID_3153371A63,0,0.15,0.20184986633751154,0.06608073,0.09383501101000123
ID_3156AB2C32,0,0.15,0.1453369595327376,0.05427832,0.07675939573045634
ID_315B8C3323,0,0.15,0.17013382913495417,0.3538174,0.29932881709173925
ID_315C6E5E0D,0,0.15,0.11802817766484364,0.06935216,0.08105615142818651
ID_315E3AA90A,0,0.15,0.16528849311131041,0.09075433,0.0973885707588223
ID_31629432E5,0,0.15,0.009106294189855715,0.026388472,0.06342438306086905
ID_3166EAA4AA,0,0.15,0.0803525410330075,0.08450736,0.07431499572448938
ID_3170A353C0,0,0.15,0.16242546765608495,0.0583337,0.08658734416948073
ID_31715D56D2,0,0.15,0.2896216487918094,0.27122152,0.3172287092970998
ID_31788A65FF,0,0.15,0.13371846149542926,0.18422928,0.19437104381993994
ID_318D038E55,0,0.15,0.08032342224960931,0.13423103,0.14671160342943781
ID_3191EE8CF8,0,0.15,0.08725496332426701,0.067881234,0.10136871752217431
ID_3199D65139,0,0.15,0.04469528253405566,0.02451193,0.050247912330352806
ID_319B002F74,0,0.15,0.08839687653688744,0.1296368,0.11100615386495642
ID_319CDE5AD9,0,0.15,0.2523064061280053,0.15233077,0.1849720927580007
ID_31A38717A3,0,0.15,0.11369078390267545,0.054357965,0.11634918124800153
ID_31AFE4175A,0,0.15,0.08877551203427377,0.085927695,0.07197992574562427
ID_31B8015097,0,0.15,0.03830456436599135,0.029310638,0.030045578127962203
ID_31BC1F73F6,0,0.15,0.12121789821489606,0.1656601,0.30379006063124986
ID_31C4CC673B,1,0.15,0.23849645339460462,0.32941386,0.277259446619539
ID_31C8167001,0,0.15,0.0005059452448352844,0.033749573,0.0771704995174319
ID_31C8832440,0,0.15,0.03819984413646614,0.014861945,0.03504699482854565
ID_31CDFFDFAC,0,0.15,0.04203506709563283,0.023832811,0.04363572014094678
ID_31CE49D9C2,0,0.15,0.09741465328400933,0.040011078,0.08013936053009815
ID_31CEFFF70B,0,0.15,0.13318249275717775,0.06546506,0.11979547159991051
ID_31D4EAF550,0,0.15,0.06209335951164239,0.14574963,0.14986239557838296
ID_31F76E40A2,0,0.15,0.09536611989826849,0.10765949,0.1138246645940884
ID_31FF0E909B,1,0.15,0.2614967657498396,0.24025877,0.28924144185064554
ID_321FEBE363,0,0.15,0.15831335329789495,0.07539766,0.06783947782664443
ID_32334D45D6,1,0.15,0.5331697956920938,0.46832874,0.4345276214343117
ID_323C568403,1,0.15,0.23164752471126376,0.30778703,0.20059267353939902
ID_324493E8DB,0,0.15,0.04103335595630476,0.017176274,0.047924382602191166
ID_325CE6E1A4,1,0.15,0.15950164497204883,0.109074034,0.10027562737546632
ID_3267896410,0,0.15,0.0957925481003926,0.028993959,0.060442111529365156
ID_3268BC32C5,0,0.15,0.1752073485235952,0.29368684,0.2216507415512841
ID_3271D3F775,0,0.15,0.0361998704606026,0.03347118,0.06944578584103983
ID_327F18725C,0,0.15,0.1139427533639741,0.064878784,0.13623779721896648
ID_328987EC20,0,0.15,0.03507063995360775,0.009667427,0.04354526738593963
ID_32A4B070A8,1,0.15,0.07121069918103337,0.13075002,0.1402699339067472
ID_32B630AF7E,0,0.15,0.210933818245584,0.113611184,0.07975168781464428
ID_32C15F205D,1,0.15,0.17594087084518562,0.6578677,0.5894353287350689
ID_32DC4FB6C9,0,0.15,0.001677810161289607,0.053907134,0.0735045016522946
ID_32DE374442,1,0.15,0.10914628512639798,0.20602517,0.13990361912355398
ID_32DF9D62A2,0,0.15,0.15816729605365545,0.04400165,0.07974345327309557
ID_3303D0238F,0,0.15,0.14657474489973238,0.07517054,0.1678393865526286
ID_330C6830F4,0,0.15,0.04210342966772792,0.06571502,0.10982610737584958
ID_3311DA0C81,0,0.15,0.11879013188844685,0.023493748,0.05442567189239214
ID_3338C969F2,0,0.15,0.04348685270338858,0.015044424,0.048256766918262986
ID_333F1A252A,0,0.15,0.033778793259077754,0.03924635,0.07714612779753822
ID_334146259F,0,0.15,0.16118741939416847,0.08709599,0.08712804351447315
ID_334A28379A,1,0.15,0.1978761244615387,0.60127693,0.29608769089796466
ID_334CB62928,0,0.15,0.1659330670434106,0.060636804,0.05621755320444435
ID_335CA10FBD,0,0.15,0.15040224849743342,0.04017913,0.07057681538697962
ID_335F06D9DC,0,0.15,0.0018381373692708401,0.092580125,0.09641076156423943
ID_3360FEB88E,0,0.15,0.17979383314357958,0.48075366,0.21190230849109723
ID_337381FA59,0,0.15,0.2118719399688813,0.12690133,0.1413858144342596
ID_3377384D10,1,0.15,0.19583356482760142,0.31949887,0.2630916688330108
ID_338D6D4A26,0,0.15,0.10609751003106366,0.008710026,0.02898754342272392
ID_338E7BDE9A,1,0.15,0.13607791744014475,0.117339715,0.10161838162833663
ID_339687FF1B,1,0.15,0.365842890996564,0.52251613,0.36657635618691514
ID_339ABB0E38,1,0.15,0.2044488901654403,0.66639215,0.47771648389682425
ID_33A0388E79,1,0.15,0.06905102776594398,0.11303674,0.16755800298546034
ID_33A40460F4,0,0.15,0.13407890129523017,0.36448836,0.22234529398908515
ID_33B32177A0,0,0.15,0.17748807530994157,0.07819108,0.11385182562540806
ID_33B4FDACD9,0,0.15,0.14019199363339682,0.12373618,0.14365007309788372
ID_33B9B2DD58,0,0.15,0.28463040234521053,0.053520117,0.10134828895849424
ID_33C0C2FCDB,0,0.15,0.12803502655510376,0.09051344,0.107395620367461
ID_33C3825561,0,0.15,0.06937633773086216,0.06088532,0.09095748106370156
ID_33C6A63324,0,0.15,0.30087545994255566,0.20106263,0.18821653078166858
ID_33CA025F72,0,0.15,0.10585969293886728,0.09858999,0.11344738070332763
ID_33CC5D28F4,0,0.15,0.0664785258087999,0.086681,0.08904732175386583
ID_33CE19B244,0,0.15,0.17297670870734208,0.05939195,0.09408882820293919
ID_33DBA73A37,0,0.15,0.04903173751392199,0.052878078,0.10540390782077569
ID_33EA4BFA29,1,0.15,0.5610804780798249,0.50802165,0.36833832259627836
ID_33EF8EE9E2,0,0.15,0.19877349716969817,0.07109921,0.1350463748721741
ID_33F10B2E8C,1,0.15,0.19167138746731,0.22826375,0.23484447244499765
ID_3411CDEBCB,0,0.15,0.13637996492764684,0.13597786,0.11996803225922063
ID_3413F60089,1,0.15,0.1942898456246546,0.095685974,0.13844638915925292
ID_34149C72BB,0,0.15,0.08199826672327493,0.07125546,0.09248044826747656
ID_3417C72424,0,0.15,0.2759558747189436,0.17249931,0.19680529124576307
ID_341F2D2590,0,0.15,0.03316340764214426,0.025732672,0.05085212761773823
ID_3432DD74D8,1,0.15,0.22882444821963843,0.4032399,0.5660798816860051
ID_34336E1DA1,0,0.15,0.1655609439705916,0.030760739,0.07513279066507325
ID_3451E8C50E,0,0.15,0.15280294867111,0.051191457,0.08596375464680699
ID_34624CA493,0,0.15,0.134491070890096,0.08970609,0.13102476662227683
ID_3465AA8A64,1,0.15,0.21078487618254652,0.7100776,0.5777612321553763
ID_347D59AC9A,1,0.15,0.46573730332289576,0.8986798,0.8229305135133047
ID_3496FF97BD,0,0.15,0.21272122654340933,0.47232908,0.3725842473943166
ID_34978DDC32,0,0.15,0.0689424051899316,0.108211756,0.09680985580373017
ID_349C5C0450,0,0.15,0.2288621576577975,0.19473371,0.17910910845435093
ID_349CC81A76,0,0.15,0.08201362135850333,0.0651184,0.108119877213029
ID_349D99EED3,0,0.15,0.019507735803559738,0.011172456,0.031148063338505946
ID_34A04EB0D8,0,0.15,0.1104830900373719,0.13013363,0.1164238222572638
ID_34A4072A21,0,0.15,0.07033126123296897,0.03821216,0.05688740160928273
ID_34A684DE08,0,0.15,0.02707534327508351,0.009699967,0.021064950955735542
ID_34ABD4DA36,1,0.15,0.302619584649586,0.28665012,0.2755614032700099
ID_34ADBB5557,1,0.15,0.2637785481246162,0.42321995,0.31462264286992925
ID_34B0DABAFE,0,0.15,0.07913802499056469,0.025367655,0.03594344400306779
ID_34B217C4F0,0,0.15,0.19012524102487524,0.05116613,0.08951240610884327
ID_34BADD6EC6,1,0.15,0.09678478176602459,0.03022309,0.04982349614318527
ID_34BBB12F9F,0,0.15,0.26817859374147374,0.14389196,0.14994650109132027
ID_34C22C754B,0,0.15,0.016213304520586152,0.012745344,0.027133496243994
ID_34CD54EA66,1,0.15,0.1828185201364489,0.14543587,0.19192758756524136
ID_34D3102553,0,0.15,0.10942883772507088,0.15758945,0.19822271952032988
ID_34DBA8C1A6,0,0.15,0.16521257210672613,0.09627846,0.09160364805410313
ID_34EC4854FE,0,0.15,0.015161153820557171,0.009574296,0.029055420459836136
ID_34F202DD1F,0,0.15,0.14396711946333032,0.046403717,0.053984502455334135
ID_34FCADCDEC,0,0.15,0.19893781803789318,0.26106796,0.25367308849405895
ID_34FD868516,1,0.15,0.39890795138264795,0.6703769,0.5805426616799118
ID_34FE807BA6,0,0.15,0.030741620357995735,0.0356253,0.08366115032293879
ID_3503D54EF6,0,0.15,0.1354894334922624,0.045431864,0.06696701758500773
ID_3504B42942,0,0.15,0.21572243826309723,0.1707463,0.2038452140738094
ID_3510208233,0,0.15,0.019269954754772393,0.035730485,0.05304166290055386
ID_3520E8E64F,0,0.15,0.03550406207053501,0.020772777,0.04348438024216785
ID_353DC7E882,0,0.15,0.010073639496262629,0.043386843,0.08650252503263307
ID_3546947C66,0,0.15,0.08523161821715647,0.025934823,0.04046254605489104
ID_354C39F062,0,0.15,0.004404895264892751,0.07951081,0.1422550909248975
ID_3557189F9F,0,0.15,0.11577960813206098,0.028157236,0.03600432868520219
ID_356919BF35,1,0.15,0.13557819043617098,0.24745642,0.2713105028103183
ID_3572590C3B,0,0.15,0.027932229526587474,0.058062248,0.07995706132787835
ID_3575DE0DE4,1,0.15,0.242628847634178,0.27817574,0.2553487591809608
ID_357AAA5360,0,0.15,0.08006509828228993,0.033323098,0.06088878426498368
ID_357E4A5683,0,0.15,0.16011377167559254,0.051597133,0.08223239621785991
ID_3582F407A0,0,0.15,0.12784932974518898,0.14755577,0.1186978114020044
ID_35895A332F,0,0.15,0.14580568300411093,0.2649439,0.20599149664753702
ID_35A24D4700,1,0.15,0.2945015780799695,0.88925344,0.7451141972730513
ID_35ACB6A442,1,0.15,0.4278532450972219,0.07879644,0.08007971156266211
ID_35B5ED3098,0,0.15,0.03644417543956607,0.017082995,0.037956238839522455
ID_35BC7A248D,0,0.15,0.14985753711523137,0.044050977,0.0674129515592218
ID_35BED6441B,0,0.15,0.05688402188737877,0.020237435,0.04049387990034205
ID_35C3F56D87,0,0.15,0.10491214322789627,0.026221719,0.047847967404400824
ID_35C6DC2395,0,0.15,0.17140988337772575,0.058163,0.08083428570446642
ID_35CB15A8ED,0,0.15,0.0714786810923103,0.18118192,0.15973890691155324
ID_35CC6B02F6,0,0.15,0.23785381446436124,0.0798953,0.06992465881747117
ID_35D14A4E81,0,0.15,0.001754829095959058,0.073190466,0.0803648369774365
ID_35DE2A33A8,0,0.15,0.16646460219416803,0.028604323,0.07852585480080937
ID_35E352A95B,0,0.15,0.07873556220104222,0.055136938,0.09523779384924395
ID_35E7642CF6,0,0.15,0.17057357321084432,0.2947641,0.29500851677572126
ID_35EDE4D5AB,0,0.15,0.26607147662204816,0.3300913,0.26525483133837535
ID_35EF832963,1,0.15,0.25718692934378595,0.28086984,0.2046058266942314
ID_35F41E367F,0,0.15,0.16030698667252088,0.13607696,0.13521441527233205
ID_3603B36F91,0,0.15,0.0810219662159106,0.019951656,0.04641245698619964
ID_3606CABE3C,0,0.15,0.017576950114818597,0.09699566,0.14657665138138476
ID_360F88F043,0,0.15,0.0027225740900913443,0.09599213,0.12826682144749152
ID_361377E6E4,1,0.15,0.07028471038062258,0.40999,0.2015744925260777
ID_3626F436EA,0,0.15,0.031030996925997246,0.05540613,0.08640031768150866
ID_363A21C76B,0,0.15,0.04717736495417053,0.06882956,0.10724515375101237
ID_3641CEEE32,0,0.15,0.11420753418480246,0.009652952,0.028922952593995653
ID_36445AA264,1,0.15,0.3916666894571119,0.33243743,0.36314597215473937
ID_36445EE227,0,0.15,0.09935199594448611,0.037297394,0.0687742652345342
ID_364A8E29D0,0,0.15,0.015124042868387828,0.028839393,0.04518504132157697
ID_364DD33481,0,0.15,0.0968050693052683,0.059429877,0.10811298673381788
ID_366AC25701,0,0.15,0.3605536651606697,0.27009797,0.2390638001654763
ID_367CD674F9,0,0.15,0.2614529035375344,0.1011351,0.2654595207123848
ID_36A219A335,0,0.15,0.0021808589077071754,0.0644674,0.09701197140652984
ID_36A9AA0EB0,1,0.15,0.19856886342950406,0.28652135,0.2885711189775899
ID_36AA82EA95,0,0.15,0.014037110116535426,0.07499955,0.07360056791260453
ID_36B551B0A2,0,0.15,0.6739837959201003,0.4546462,0.43309421624050903
ID_36B78B6724,0,0.15,0.05542128824240429,0.030673172,0.07915990189254243
ID_36BC3438C4,0,0.15,3.1101358165453e-05,0.035151444,0.08121574016549933
ID_36BFBE394A,0,0.15,0.1061244737764155,0.071144156,0.1294429001462773
ID_36C5DB7BD5,0,0.15,0.15269220156651842,0.0932916,0.07323282453633656
ID_36D35E99E9,0,0.15,0.2855946820572748,0.11972286,0.20830011427177922
ID_36D9FE27D0,1,0.15,0.27879405330221735,0.6750499,0.3116655185806743
ID_36E24E2220,0,0.15,0.13439900929815699,0.1744962,0.1382708378255493
ID_36F5621754,0,0.15,0.2997253910523185,0.33505583,0.30669731926409194
ID_3702B7FAB4,0,0.15,0.22756289216131395,0.07417946,0.13865976289119405
ID_3706B7C0A4,1,0.15,0.323294432647913,0.4393047,0.373161198357937
ID_370B172762,0,0.15,0.026555084428586402,0.033705875,0.0629129230535007
ID_370F65F90F,0,0.15,0.09121233028508936,0.059734836,0.09147467841921186
ID_371016C83C,0,0.15,0.2990713662117309,0.24353817,0.17397710124655796
ID_3717A83FBE,1,0.15,0.7080717687258783,0.46480545,0.3524057797196314
ID_371F7D3C6C,0,0.15,0.10823225696340563,0.037007518,0.08069712795264312
ID_372BEA99CB,0,0.15,0.1879856296283028,0.38139567,0.3642395647536269
ID_373BEEE9E3,1,0.15,0.594831241004171,0.42953292,0.44633197879423253
ID_3741DF9ADE,0,0.15,0.09750308771031127,0.015394073,0.04362223531178761
ID_376028E192,0,0.15,0.09983942364697213,0.050336093,0.07718100908381922
ID_377B04CB3D,0,0.15,0.11684167780326975,0.031860445,0.058147254071756985
ID_377D506E1F,0,0.15,0.042769013598697905,0.029735163,0.04598081061182062
ID_3782728259,0,0.15,0.15945964483362482,0.04387614,0.06414969140897622
ID_3795F25391,0,0.15,0.17421222285715054,0.19682789,0.23964988243016713
ID_37A86EE24F,0,0.15,0.036225220925812984,0.068200655,0.08116875372864753
ID_37AF5C9DD6,0,0.15,0.061387696869937516,0.0208323,0.04429443829699349
ID_37BA46906B,0,0.15,0.06505197544130725,0.038415696,0.08325977181600588
ID_37BF0CEF85,0,0.15,0.10237501438076883,0.08712379,0.11076111348162802
ID_37C8148BB9,1,0.15,0.2099120639009681,0.34701428,0.28776618449130625
ID_37D2104485,0,0.15,0.11558437693284307,0.03950446,0.04877293673743487
ID_37D833154F,0,0.15,0.04940105602617578,0.026061842,0.05645061637982331
ID_37E0239214,1,0.15,0.13653830578035456,0.39969963,0.212195415846258
ID_37E541F8E4,1,0.15,0.1008628825420688,0.23908557,0.19185929799752063
ID_37EB92AA3E,0,0.15,0.14198296040746303,0.0834883,0.11474306853090128
ID_37FC2288B1,0,0.15,0.22659884026257796,0.0526981,0.09056019758191146
ID_3809168610,0,0.15,0.022365314615736334,0.046759814,0.10669602055666984
ID_3809950BE3,1,0.15,0.18581783941543087,0.22760102,0.1971294247749752
ID_381405C7B4,0,0.15,0.23537626884569893,0.47643417,0.38054013872596404
ID_3819B62AD6,0,0.15,0.04708119482384715,0.041770034,0.040764855359103715
ID_3823698DC4,1,0.15,0.2673127273567227,0.5495354,0.5517003219253952
ID_38367B71DA,0,0.15,0.06191436046220402,0.014121585,0.033519207554141006
ID_3837171084,0,0.15,0.04871113045408445,0.038038548,0.07555674193951635
ID_383E5502CD,0,0.15,0.03380182979155151,0.037810244,0.0497434011731764
ID_3848714EC0,0,0.15,0.05167508158302771,0.12659907,0.12962859850199723
ID_385B74A68E,0,0.15,0.19079562097051975,0.02352206,0.06566526531043104
ID_3863DCDF99,0,0.15,0.13056647074269148,0.06675992,0.1814808579995072
ID_3864EE5C4F,1,0.15,0.16316359683743104,0.4183226,0.2367105024703671
ID_38683CC4FA,0,0.15,0.03875893528073342,0.02565544,0.05975288407809694
ID_3881046DFC,0,0.15,0.4262418882726338,0.18988985,0.27744405705114195
ID_388483A3ED,0,0.15,0.2829452957561189,0.17603928,0.1383493194783169
ID_38AE1B8B45,0,0.15,0.14194000374491308,0.1419407,0.19062521200826152
ID_38B38DAF68,0,0.15,0.11569660491093185,0.0257637,0.07767897009977043
ID_38B3B716F7,0,0.15,0.24787474882779428,0.20072617,0.17843616416087602
ID_38D24C4A0D,0,0.15,0.07936252272056674,0.031724967,0.05169143785817643
ID_38E126362D,0,0.15,0.2417657591487478,0.07198026,0.08207337580625726
ID_38E46CF3B9,0,0.15,0.01652463717433331,0.08625536,0.10968380207377136
ID_38EED6A4B1,0,0.15,0.3057264706023877,0.56354225,0.4797049699290039
ID_38EFCD8ECF,1,0.15,0.3106486723018746,0.51842374,0.3650362959285985
ID_38FEBB12E7,0,0.15,0.08841111857637172,0.028417904,0.05358097219129106
ID_3907F567E6,0,0.15,0.08737644256808133,0.1590722,0.15156186530126506
ID_392E1BC498,0,0.15,0.09809676711047473,0.20496,0.10743935921432039
ID_394082BE06,0,0.15,0.06616430959805734,0.09063072,0.11127619782821614
ID_39421E1A15,1,0.15,0.20710065007476244,0.2971185,0.24784359979088919
ID_39470D5AEA,0,0.15,0.29287724306816004,0.09606474,0.07421473213962512
ID_394D328781,0,0.15,0.16116456234590296,0.43366373,0.3021249611265187
ID_39632DB28F,0,0.15,0.1551204902815275,0.13041033,0.12093180400214153
ID_3966B02021,0,0.15,0.07402869868472016,0.07303507,0.0892210683093202
ID_3970B75FF5,0,0.15,0.16645212925185213,0.114055924,0.07344996706563606
ID_39748DB6FB,0,0.15,0.27260782566071207,0.3275739,0.350483999724175
ID_3977761744,1,0.15,0.3041539111012499,0.29054126,0.3828487814698527
ID_398F70310E,0,0.15,0.08111413086982487,0.09464258,0.10744921303727
ID_3998D960A9,0,0.15,0.08887797488751177,0.088621825,0.14291440501470679
ID_39A6B281DF,1,0.15,0.005711614674762374,0.16393113,0.20968659532698117
ID_39A799DC81,0,0.15,0.07036226265820902,0.080400996,0.10886600295845114
ID_39B50A709E,0,0.15,0.12705356845599547,0.1105333,0.11379634322289461
ID_39C26332C6,0,0.15,0.18825964866220418,0.054722138,0.10404989366338172
ID_39CBE47FE3,0,0.15,0.09720555939462562,0.088330045,0.13973116676515804
ID_39CDA7793C,0,0.15,0.0543080987184296,0.05548047,0.0980753023847757
ID_39D320F705,0,0.15,0.1006090970675625,0.025434954,0.08518256660403879
ID_39D6461B58,0,0.15,0.06494338406725372,0.13333166,0.14015229886271602
ID_39E616E3AA,0,0.15,0.10421500463156301,0.06329444,0.10184257951401568
ID_39F3E0E323,0,0.15,0.2406524930646937,0.040922284,0.080322321448195
ID_39F55C3AB7,0,0.15,0.1108986374082717,0.08504505,0.13121432591867488
ID_39FE91C5BB,0,0.15,0.1933198125675128,0.071165465,0.13301906425192303
ID_3A086940FC,0,0.15,0.13841770724607028,0.20195542,0.21964973440346508
ID_3A0D115567,0,0.15,0.05723215118533286,0.025448242,0.04569812332234711
ID_3A13D705F3,0,0.15,0.14097383124885693,0.057252713,0.15770287428440644
ID_3A296E87BD,0,0.15,0.045117872330518186,0.021443669,0.06721099904594957
ID_3A32F67B1F,0,0.15,0.15824621532678454,0.18377623,0.1786208318973597
ID_3A3BAF025D,0,0.15,0.0776509332262891,0.01917569,0.0361180366633082
ID_3A3D08FEAA,1,0.15,0.20304198010423238,0.39993143,0.26240447461165767
ID_3A433394EC,0,0.15,0.19915274621086718,0.22327301,0.2075612392450974
ID_3A59A7C123,0,0.15,0.3941459048193951,0.2520862,0.22336215565681003
ID_3A6D04CC0D,1,0.15,0.16498598000029946,0.14781687,0.10373881106142212
ID_3A73354B36,0,0.15,0.01750183606987198,0.014886492,0.041727055232550735
ID_3A755D1C99,0,0.15,0.08665454036379638,0.10127112,0.11274671176532236
ID_3A7576E1E6,0,0.15,0.02391660971533421,0.31625798,0.29594205715662064
ID_3A7BB5ED3B,0,0.15,0.07543070162656927,0.09044037,0.09911247384059814
ID_3A7EF1A085,0,0.15,0.2623084149760714,0.101288505,0.09077029644816759
ID_3A817ACB08,0,0.15,0.19465629562937437,0.21641444,0.19568289343357625
ID_3A8F862E76,1,0.15,0.2172175740754925,0.3799375,0.3690934780965129
ID_3A94B947BF,1,0.15,0.4282368026594102,0.25179017,0.1691619199655908
ID_3A98E6BCED,0,0.15,0.08797377558469806,0.19764566,0.21959489486161676
ID_3AA179A32C,0,0.15,0.2511749080259985,0.2319276,0.16135741450301536
ID_3AA7250323,0,0.15,0.0625788837152356,0.0104949875,0.03498195169657867
ID_3AA72A35F9,0,0.15,0.17509633469969696,0.2407908,0.25163480329266735
ID_3AD37B79B9,0,0.15,0.06881730045707062,0.018551886,0.04022137963420968
ID_3AE27BAA02,0,0.15,0.07656327306726754,0.04628671,0.06305311536473358
ID_3AE5FF47FF,0,0.15,0.08965633838452677,0.03641666,0.07414281701666868
ID_3AE7ED1EAD,0,0.15,0.050134656356003414,0.08256267,0.12748654651579092
ID_3B018AA13F,1,0.15,0.1572302472979099,0.4361403,0.3033725217381626
ID_3B177CC7AA,0,0.15,0.11256093512128992,0.066309206,0.1104186395856238
ID_3B2D4D8D2D,0,0.15,0.13686545254557209,0.039697103,0.06001823943391119
ID_3B2F4B95F6,0,0.15,0.08704578011947804,0.10158,0.09859160648143647
ID_3B2F9CC05C,0,0.15,0.026047019143570948,0.012211278,0.042443007889702365
ID_3B36947C12,0,0.15,0.30080977616297977,0.17244312,0.1503344827481042
ID_3B38696181,0,0.15,0.20341009982900113,0.45112732,0.29929536342819746
ID_3B4C977B61,0,0.15,0.23862545021518017,0.067669466,0.09473638636284266
ID_3B4EA6527E,0,0.15,0.2856999469157386,0.12693901,0.19433864495009398
ID_3B58B82AA5,1,0.15,0.17834601164325867,0.3446393,0.29669107682222035
ID_3B5F12BD1E,0,0.15,0.07325511726969114,0.020265495,0.0507264630944327
ID_3B5F3F025B,0,0.15,0.15537534735084435,0.05454842,0.11042988742647228
ID_3B61E0EBE1,0,0.15,0.24132621622004324,0.049227547,0.08713902185095665
ID_3B67A15B58,0,0.15,0.2617692251342531,0.1428464,0.19721373352241436
ID_3B696022CC,0,0.15,0.143825337917468,0.4207736,0.23055952415478134
ID_3B6A16553E,0,0.15,0.117896684912352,0.046012055,0.08091708807629445
ID_3B6A547351,0,0.15,0.19414769311821362,0.25757712,0.30633360442028607
ID_3B6ED0648C,0,0.15,0.12200164932302489,0.32655975,0.37059585943201484
ID_3B736B4807,0,0.15,0.053186738141185734,0.17342041,0.12912697209913734
ID_3B74A49545,0,0.15,0.018431340499502194,0.041125372,0.08061582299366328
ID_3B8AD98841,0,0.15,0.006264786177064637,0.045253,0.07692435891179364
ID_3B93B84DF6,0,0.15,0.16676920194480052,0.7053031,0.5576428772992892
ID_3B94DB7703,0,0.15,0.06097880477556269,0.0834364,0.10574321537355479
ID_3B94E5601E,0,0.15,0.3613711190829296,0.3223188,0.341518069453654
ID_3BA4780540,0,0.15,0.4517064919677003,0.25201374,0.22394440059623905
ID_3BA6DFC834,1,0.15,0.13439491154720373,0.18410513,0.14504716065412424
ID_3BAC384162,0,0.15,0.12210803935041904,0.08473797,0.09420289997474063
ID_3BACEA61C6,0,0.15,0.09071434315998737,0.027731558,0.0362147117149188
ID_3BB5D07FEF,0,0.15,0.19110902182092002,0.18594837,0.1477480122345333
ID_3BB68768D9,0,0.15,0.2219140190977188,0.06975512,0.0952197048043446
ID_3BC11ED5E3,0,0.15,0.048767549397367486,0.044252153,0.06766087587936971
ID_3BC2F798DA,0,0.15,0.04600267011302642,0.016504778,0.04499282509020107
ID_3BC82A1EBA,1,0.15,0.12751867125777105,0.11586611,0.17601956583727832
ID_3BD29A5AA6,0,0.15,0.13074091959981848,0.068965696,0.09154593150606068
ID_3BD8EF022E,0,0.15,0.31262405545844707,0.30477336,0.26056804592308597
ID_3BDE29F6CF,0,0.15,0.029206612884708688,0.06657427,0.0789139930029291
ID_3BE642A513,1,0.15,0.16022544538908054,0.17688401,0.1745827330751004
ID_3BE8A8C3BF,0,0.15,0.033469359776195556,0.022286808,0.040510827608768084
ID_3BEA6DEE7B,0,0.15,0.23651487247028558,0.17131758,0.14997959477381698
ID_3BF8235DF5,0,0.15,0.1709386333459292,0.18934104,0.13568821766655736
ID_3BF898BD57,1,0.15,0.8001929876249012,0.7202681,0.44436791447109447
ID_3BFB097F7F,0,0.15,0.01960358921404041,0.006985434,0.019107386568313404
ID_3C08983F6F,0,0.15,0.1746779273279653,0.21536918,0.19311159521080143
ID_3C2036400C,0,0.15,0.05493726277950466,0.069873616,0.06140951785160745
ID_3C2444F656,0,0.15,0.07880850036994959,0.18691078,0.13669815169914798
ID_3C2B0E643C,0,0.15,0.14304666173085906,0.096637696,0.08546020231934458
ID_3C35DA9E46,0,0.15,0.06325497859492916,0.039035805,0.06358099827371999
ID_3C5199BE43,0,0.15,0.013353226920325133,0.22382864,0.13281525349173812
ID_3C5C3BA7AF,0,0.15,0.08969773744283047,0.03069737,0.06831258099553836
ID_3C5FBE67DC,0,0.15,0.17690793121159204,0.13338341,0.1699065537403233
ID_3C792D8174,0,0.15,0.170199670374967,0.06788202,0.14647344293972084
ID_3C7A8800FB,1,0.15,0.12635346805328426,0.10909,0.12974925565035103
ID_3C7D5B5E54,0,0.15,0.24099472305832495,0.059727,0.09339887325524397
ID_3C87AA22E0,1,0.15,0.14502749760810618,0.03308306,0.059865891877902526
ID_3C8D8F9E2A,0,0.15,0.8577432611627028,0.34190562,0.32951134306752256
ID_3C8E11D43C,0,0.15,5.2638224511425144e-05,0.060298726,0.09661914660033917
ID_3C91024497,0,0.15,0.008830942811805706,0.0035092481,0.014750764366040984
ID_3CA020BED9,0,0.15,0.07843643282957485,0.06629031,0.10159506767715078
ID_3CA54EBCE0,0,0.15,0.06338713175717235,0.013533588,0.030902007880707936
ID_3CAD80122E,0,0.15,0.03359616981923473,0.078882396,0.08611371026710868
ID_3CBAE134F8,0,0.15,0.01521640049568679,0.11993942,0.14791625122087942
ID_3CBBA15565,0,0.15,0.11560771536871503,0.12850125,0.13294860560219318
ID_3CC08F7786,0,0.15,0.09149947569639512,0.025359388,0.05313016742578012
ID_3CD8A8CB7F,0,0.15,0.11148354004248477,0.08493251,0.11603072832266781
ID_3CDB8098A8,0,0.15,0.2068086860103816,0.043848816,0.06944034682048365
ID_3CE4154E59,0,0.15,0.21790468689759057,0.13181852,0.11381914728961881
ID_3CE55920DE,0,0.15,0.0722543676541199,0.08707172,0.14077654498737455
ID_3CE8E598A0,0,0.15,0.1514134393997264,0.20966822,0.17085062425915307
ID_3CF2A94F75,1,0.15,0.1360465313386435,0.26175088,0.22951042762317156
ID_3CF7E66D2F,0,0.15,0.023920096892584834,0.018596334,0.0344166005793402
ID_3D0FBCD0B7,0,0.15,0.3941698056200049,0.39504185,0.3527507484764499
ID_3D30CB238D,1,0.15,0.33752743000507524,0.63252276,0.4253967782434014
ID_3D4E7D7003,0,0.15,0.12077239383921008,0.25469717,0.13223403509006876
ID_3D583A0CEE,0,0.15,0.2100418939069283,0.104206,0.0946479693575888
ID_3D605C8F6C,1,0.15,0.18556700193054923,0.19379959,0.222293785266839
ID_3D6DC65260,1,0.15,0.2909087027736237,0.47037187,0.3116826072419422
ID_3D71CB4185,0,0.15,0.22631935411656856,0.123809785,0.10794376836468586
ID_3D74D6291B,1,0.15,0.11664761746884456,0.16060214,0.20631986295880125
ID_3D75CE88C9,0,0.15,0.03207437167785991,0.012832022,0.028356320563888277
ID_3D7B778C3B,1,0.15,0.2791941039462439,0.3636411,0.3013116372755703
ID_3D83A15182,0,0.15,0.17528721798446664,0.06794083,0.07167146455516837
ID_3D96A8B278,0,0.15,0.28607964918575024,0.2091258,0.13640360636842386
ID_3DA8FF1F9A,0,0.15,0.1248691646235793,0.07317934,0.06977969764472308
ID_3DAA92DA6F,0,0.15,0.11980450369342928,0.059501015,0.06741973301311505
ID_3DAC468620,0,0.15,0.037769007515576915,0.04290733,0.09931234520961284
ID_3DBBA0852B,0,0.15,0.5499947293505304,0.4032427,0.31342308272791447
ID_3DD02FA5A4,0,0.15,0.05592374384592628,0.01810681,0.02870970225590461
ID_3DE30FEE0B,0,0.15,0.06334177133324294,0.06540192,0.07328652329855621
ID_3DE41749FC,0,0.15,0.06396994583915425,0.08437126,0.08669042324903728
ID_3DEF0F88E2,0,0.15,0.12597691195463254,0.43024883,0.21629420318282191
ID_3DEF48D30C,0,0.15,0.0884695673045491,0.07152624,0.09290232847358042
ID_3E03AA5B9D,0,0.15,0.1877548010653353,0.12032334,0.16311862976016453
ID_3E0A1A90A3,0,0.15,0.019930496093725648,0.19332914,0.13874455090872984
ID_3E0CE7C09F,0,0.15,0.010589726678790734,0.011723069,0.03669770496273073
ID_3E11A7076A,0,0.15,0.05488516089802289,0.048763633,0.05923669845025321
ID_3E12E0D84E,0,0.15,0.2787948460096754,0.2709642,0.28776860887436295
ID_3E159B89BB,0,0.15,0.28730553881699694,0.20260578,0.18935472510953077
ID_3E197561A2,0,0.15,0.1029248811056812,0.025071004,0.05879631821006489
ID_3E24A8041F,0,0.15,0.0665193328494179,0.071621425,0.07835032531080881
ID_3E35319EA6,0,0.15,0.12200184402770234,0.042455167,0.08072223631939587
ID_3E36AC15F0,1,0.15,0.32427139134062744,0.33360896,0.28202669777417405
ID_3E51361470,0,0.15,0.09232097957224634,0.040406685,0.08824162135955571
ID_3E58D80245,0,0.15,0.14075407123225728,0.06426772,0.14371368268486323
ID_3E65D87FF7,1,0.15,0.9796698425062117,0.5853791,0.49180977642157647
ID_3E667E00C3,1,0.15,0.1230653785235686,0.59760255,0.5634051870289887
ID_3E66C40A25,0,0.15,0.257058474547803,0.1619258,0.14060747676525823
ID_3E66F1F461,1,0.15,0.3108075179954557,0.42771807,0.3644477138548722
ID_3E6F9373DB,0,0.15,0.06350980928754511,0.08113827,0.08564505951025245
ID_3E8072C0FC,1,0.15,0.4036863311205352,0.7833305,0.5398823134042606
ID_3E8467946C,0,0.15,0.11191114353187216,0.14006793,0.13642423763250566
ID_3E87708C43,0,0.15,0.279507974589945,0.124633394,0.17884159592164367
ID_3EA00C5BFB,0,0.15,0.1185140724358282,0.1249632,0.10426580140223295
ID_3EA34FD576,0,0.15,0.19826754869621255,0.06860433,0.1078197705877582
ID_3EB7A5205C,0,0.15,0.07404026676596104,0.38896617,0.24694211462974236
ID_3EC869D6E4,0,0.15,0.2596424114434286,0.53975385,0.48761931079135323
ID_3EDDA06352,0,0.15,0.03005365577318324,0.022685591,0.035585731709373
ID_3EE09CA990,0,0.15,0.10439303114720741,0.08767006,0.1255734644793699
ID_3EE694DDF9,0,0.15,0.17949324050820717,0.052455116,0.06964096412943642
ID_3EF179412A,0,0.15,0.0953954368272282,0.06742253,0.08233208178299199
ID_3EFE4A7384,0,0.15,0.23055159116065946,0.11959359,0.09949442054931078
ID_3F053E8679,0,0.15,0.0735231651644179,0.15346262,0.12320022030075804
ID_3F06F45899,0,0.15,0.11079410830948537,0.1733371,0.22232062890488585
ID_3F0813281B,1,0.15,0.09037711215810434,0.0183476,0.0533885703279543
ID_3F08B3E02D,1,0.15,0.24693148743116886,0.53793454,0.42322758060379406
ID_3F0A74AE86,0,0.15,0.11156506940275186,0.059818406,0.10407494124849138
ID_3F0BCFB29F,0,0.15,0.12363089317878705,0.11234405,0.1267373940571737
ID_3F122ECF3B,0,0.15,0.08380210600417409,0.31752622,0.2623873787007805
ID_3F25FD938A,1,0.15,0.9809940437194199,0.4350259,0.5159126749261824
ID_3F2DF7E0D0,0,0.15,0.15059250958556442,0.17673232,0.2539038569174908
ID_3F32780D7D,0,0.15,0.243227018783637,0.08050974,0.09866114602175076
ID_3F33BF1FB7,0,0.15,0.06695587041851174,0.067205414,0.087335227226947
ID_3F36F32E9C,0,0.15,0.16328867049077314,0.15325305,0.14264882344300553
ID_3F36FFA6C0,0,0.15,0.19827737397674447,0.5393336,0.44742989637249975
ID_3F5614FD82,0,0.15,0.07774518759991733,0.013681046,0.03665031488510856
ID_3F57408278,1,0.15,0.15553436810031437,0.44948876,0.254489944636071
ID_3F6105A186,0,0.15,0.26836933060125356,0.11162929,0.13993467275449406
ID_3F63CF6E6E,0,0.15,0.15109928019480534,0.07715548,0.13800647134618657
ID_3F6DD9E1C4,0,0.15,0.17735049392907493,0.030311165,0.043706533551230026
ID_3F6F462D1E,0,0.15,0.04291218395338662,0.015626622,0.029802336659712658
ID_3F75D3A671,0,0.15,0.002282561926627711,0.09823069,0.11312162332115683
ID_3F762142E8,0,0.15,0.23747330030453714,0.16731144,0.2132907262665114
ID_3F769A2286,0,0.15,0.02795866288589216,0.037412133,0.07323314202707656
ID_3F7C31BCC1,0,0.15,0.21081754813585207,0.027895907,0.04697996792755718
ID_3F95E6ED83,1,0.15,0.10216057584174648,0.18961576,0.22385341941407463
ID_3F99F03B13,1,0.15,0.158126794508506,0.15194891,0.20612839667453114
ID_3FA3EA32E9,0,0.15,0.07941629499003539,0.026598806,0.033967838539221716
ID_3FB76A8D04,0,0.15,0.13056324646018252,0.047538914,0.06046153132074807
ID_3FC3489C54,1,0.15,0.1751935497422566,0.10536207,0.10529139961567542
ID_3FC92B1385,0,0.15,0.1428057582935154,0.036552746,0.05857362616000217
ID_3FD4C112BD,1,0.15,0.23034956534272202,0.16837248,0.23864295951800857
ID_3FDAD52680,1,0.15,0.3253542474313513,0.3447136,0.31504089128447255
ID_3FDE7AC617,1,0.15,0.2956493257885239,0.8673833,0.8131960712099514
ID_3FE3A6B1CF,1,0.15,0.17786475786157127,0.032611348,0.0652308343494872
ID_3FE7FDB92D,0,0.15,0.07868583242908643,0.025015598,0.042230096211913544
ID_3FE8F49140,0,0.15,0.06708872939033769,0.008859816,0.03172564974280574
ID_3FF987BD03,0,0.15,0.021989268855985972,0.017682232,0.0394631387881806
ID_3FF9FB2DB7,0,0.15,0.06826564232001502,0.014146408,0.020610407405461748
ID_40051ADF1C,0,0.15,0.041058637014744895,0.021637933,0.04656610020198442
ID_40165CACE4,1,0.15,0.15516629944512758,0.028278556,0.044583497253856914
ID_401D261E43,1,0.15,0.3310979961316006,0.47159576,0.4784275358965154
ID_40204298AB,0,0.15,0.1737603218920006,0.09237671,0.14886143027822074
ID_402BB2BA5A,1,0.15,0.3305261018913782,0.5419866,0.42926323717318915
ID_402ED3452C,0,0.15,0.19185789154222935,0.23059228,0.10422554368280432
ID_403071425E,0,0.15,0.2000730717417374,0.44688362,0.2898051716208301
ID_40320C965B,0,0.15,0.04614599505991685,0.023403138,0.04843752620532046
ID_4034436CDD,0,0.15,0.09909661286497844,0.2022618,0.14746787872458442
ID_4036812F7D,0,0.15,0.08560574306196927,0.14766379,0.13446550007154
ID_40372ED76A,0,0.15,0.004625787040164178,0.08836476,0.10715131083802501
ID_4040FDCC2C,0,0.15,0.22593991875648556,0.1502906,0.11612710662097862
ID_4048BB139E,0,0.15,0.026374057618474545,0.02762178,0.04360726458403422
ID_404A7513A2,0,0.15,0.04884224481886009,0.049556166,0.050984589163066155
ID_4051C4280E,0,0.15,0.19107339008865995,0.07729078,0.10131606303716828
ID_405B450AFA,1,0.15,0.08530230334618598,0.33315352,0.23396049495250557
ID_4063DA7A47,1,0.15,0.03860096629547338,0.071277626,0.06485364654079329
ID_406570110E,0,0.15,0.09570772256875333,0.040079836,0.05644760219774123
ID_4065C2EF38,0,0.15,0.14978180855146456,0.033142414,0.054483476343296595
ID_4067608F60,1,0.15,0.327701983643792,0.49316403,0.3331959490636676
ID_407AC9D694,0,0.15,0.18644537325130423,0.10615796,0.1163101812435553
ID_40833A43AB,0,0.15,0.07087531629294082,0.06478082,0.06888477458208722
ID_408BE71A2F,0,0.15,0.04640558300561962,0.094281666,0.10013325238019266
ID_409EDDCC51,0,0.15,0.1129800379120468,0.05589391,0.14746311333583112
ID_40AB12DE9E,0,0.15,0.24653076662609158,0.14895363,0.15391702447616298
ID_40BCD5860A,0,0.15,0.07670938177324134,0.047182295,0.09166398408868721
ID_40C033DE72,0,0.15,0.2219176712858667,0.09723479,0.08463265940709913
ID_40C7B108D3,0,0.15,0.00013812802617812865,0.16148344,0.14153612740609176
ID_40D4E300C1,0,0.15,0.23579021731628816,0.10227887,0.19542347615484076
ID_40D98E81A9,0,0.15,0.3093636862857192,0.27127123,0.28763165054064377
ID_40EA759C74,0,0.15,0.006660713101307642,0.010101471,0.012113090960266694
ID_40F9DB3C2D,0,0.15,0.21692940128586446,0.07866691,0.10482874542135441
ID_41142FDAA5,1,0.15,0.1623441751755514,0.3641115,0.32586388855084364
ID_411F35B4EC,0,0.15,0.04673565704280634,0.023184534,0.03505331827353835
ID_4128DF8357,1,0.15,0.8441062240925443,0.40050754,0.39591259278156643
ID_413D7B606F,1,0.15,0.256439693015997,0.3819706,0.3553739352832004
ID_4144F19B73,0,0.15,0.07133402658142739,0.13388593,0.12131021277802087
ID_414CC7EFEF,1,0.15,0.115574988909399,0.671103,0.41772837041431354
ID_416B1F7E07,0,0.15,0.11365922909732579,0.049206506,0.0978111365606551
ID_416F9F3654,0,0.15,0.029471934036914484,0.033680182,0.05431225964277504
ID_41762412EE,0,0.15,0.1111050514483995,0.03417119,0.057902948090423026
ID_418206BDBE,0,0.15,0.039990256306417296,0.011924614,0.03935513233504096
ID_418D15219A,0,0.15,0.019671358614380713,0.07785544,0.094405394159445
ID_418FA116D5,0,0.15,0.16188297361191553,0.02151043,0.0785982460201253
ID_4197607B1F,0,0.15,0.0814356647044561,0.035708528,0.06521318139549427
ID_41A2312DD7,0,0.15,0.24738774085084023,0.11694131,0.13439471527753027
ID_41C011FB93,0,0.15,0.09791596201426082,0.021657322,0.03767765136242629
ID_41CB932B35,0,0.15,0.08735218865717584,0.032226823,0.060339646155951235
ID_41DF8B3EA7,0,0.15,0.048975524153883045,0.02179631,0.05326318956674903
ID_41FB1F9F71,0,0.15,0.13711312483328786,0.15206845,0.12441267363409345
ID_41FDB86549,0,0.15,0.13227019138255836,0.030630425,0.0525491780618298
ID_42023E3F86,1,0.15,0.17543872444194736,0.07120055,0.13171188191980407
ID_420826DF09,0,0.15,0.08864708958954258,0.042393886,0.07227001481201235
ID_4209E26CB7,0,0.15,0.1914580077931481,0.11563749,0.12626555947144807
ID_421B166820,0,0.15,0.07451485741651394,0.010051462,0.026032526341273152
ID_423448F523,1,0.15,0.38753497185196245,0.6258794,0.37920247619022973
ID_423C85FC2A,0,0.15,0.0291697758026643,0.024421012,0.05692126861212757
ID_424466C0FA,1,0.15,0.17093503444544073,0.276116,0.1880123867651241
ID_42524B026E,0,0.15,0.07951982235311349,0.020402445,0.04882659587905886
ID_42568D87AA,0,0.15,0.061409108777489896,0.07922312,0.12645740642758885
ID_425861F13F,0,0.15,0.06867384241148805,0.05127171,0.07106244467078794
ID_425AA8B0AA,0,0.15,0.14196891464082803,0.077394,0.07433398029878203
ID_425BDC1E5D,0,0.15,0.824772772271798,0.37545332,0.360068715407439
ID_4260C01120,0,0.15,0.08077921644515125,0.07428825,0.11589947334044773
ID_42628FAFFA,0,0.15,0.3251287443346946,0.38843048,0.21978787042057438
ID_426AF3AAA9,0,0.15,0.07276467341143714,0.027402498,0.04449305915597837
ID_426E91656A,0,0.15,0.00046007361801610164,0.061058447,0.10241389868272842
ID_42768707B1,0,0.15,0.0735362637559592,0.04650669,0.04663177355330593
ID_4288E53F0A,0,0.15,0.1233941798427981,0.074092306,0.09505234381969832
ID_42B0202CBE,0,0.15,0.0445567086729581,0.06277294,0.09533832029964122
ID_42B15308E9,0,0.15,0.28173920882576814,0.26200414,0.3459206036115816
ID_42BAC6A0D8,0,0.15,0.2923973861128048,0.43322882,0.32529428289072165
ID_42BB2DAF57,0,0.15,0.0419435665166949,0.12509148,0.1208541292765911
ID_42C75EB920,0,0.15,0.012636077921305786,0.08494786,0.08287624541098684
ID_42C9A6D3BD,0,0.15,0.04401310483747104,0.021006655,0.052922531180565696
ID_42DB8FC057,0,0.15,0.18099736169388808,0.08853975,0.09082161925759946
ID_42E5162B71,0,0.15,0.058540707207361944,0.17266238,0.18518644029888376
ID_42EBFC929F,0,0.15,0.11787231344207226,0.053284544,0.08000258347940714
ID_42F0538D7E,1,0.15,0.19348854123255294,0.3472268,0.2720246564268245
ID_4300696345,0,0.15,0.18149999703676736,0.047093462,0.05662983818202423
ID_4301305D70,0,0.15,0.05630105979974625,0.016305154,0.033045294682877126
ID_4305E79106,0,0.15,0.008763321419839317,0.03720806,0.08093585147296606
ID_430F5AA23A,0,0.15,0.20086350264043157,0.16301037,0.21680961555730363
ID_431D3605D9,0,0.15,0.10412560643774771,0.042331655,0.051856351145346896
ID_43289E66BF,0,0.15,0.17573652073159282,0.111358464,0.16562511906739985
ID_433343FC62,0,0.15,0.15982204657525653,0.05202871,0.08113224262034666
ID_433907EEE2,1,0.15,0.15781160035794128,0.38078758,0.3477060125950649
ID_433BE1A1D1,0,0.15,0.016562604976970114,0.015212633,0.02730314471073509
ID_433C065D42,0,0.15,0.17222883741404435,0.17248224,0.1921988643702203
ID_43434A9C42,0,0.15,0.18328875751129173,0.033148695,0.05247505988232195
ID_4343D88AD8,0,0.15,0.11841248959546394,0.15803821,0.14749860375035462
ID_435D7CF70B,0,0.15,0.0009913667075086092,0.103454195,0.11533746678266364
ID_436298FA63,0,0.15,0.28951368545793454,0.22544564,0.16103396159987998
ID_43642228BE,0,0.15,0.10188575208972724,0.1479539,0.16810782521080525
ID_4366E0EF74,0,0.15,0.04470981653922745,0.015735758,0.037674776347475354
ID_436B506ECE,0,0.15,0.17977163951206768,0.27154034,0.20142551033922754
ID_436E07DBEA,0,0.15,0.18691570911016767,0.038671203,0.04182021371525429
ID_4378C4284F,0,0.15,0.2434034864332838,0.09394301,0.1088596984841014
ID_4379A00FC6,0,0.15,0.00967425706006667,0.099772155,0.09073464533714544
ID_437A89C0E7,0,0.15,0.07670109303974997,0.07535532,0.11518810718551578
ID_4383FC54CF,0,0.15,0.4066683394829805,0.13909037,0.11905112128553805
ID_43B2691799,1,0.15,0.9368052872086978,0.33730292,0.3776626389256691
ID_43B6FB185A,0,0.15,0.36151647649956414,0.50364566,0.4017080662369327
ID_43B80DC7ED,0,0.15,0.22889698289150812,0.10533245,0.1822737040015354
ID_43B8C6E348,0,0.15,0.04335691870815206,0.027494587,0.0752037660767792
ID_43B951D1E6,1,0.15,0.24233755169972285,0.5819874,0.613810649537554
ID_43C1D5C215,0,0.15,0.0046637797993224405,0.0946802,0.12329655671740648
ID_43DE149A16,0,0.15,0.1169066925579606,0.04179655,0.05785326907844187
ID_43DE42EFC1,0,0.15,0.11674816906403045,0.1406324,0.1431103784114321
ID_43E1113FF2,0,0.15,0.41767927933549165,0.20240559,0.184766895270474
ID_43F28833F0,0,0.15,0.1616338837908899,0.16174915,0.20048392115836725
ID_43F8FF7AF1,0,0.15,0.5573929184345467,0.24332297,0.2013009265916103
ID_43FBF955D0,1,0.15,0.20124551276044608,0.49127126,0.37025275756387815
ID_4412FA83A6,1,0.15,0.20966417207200427,0.16105501,0.26082804621031974
ID_441BA5C30D,0,0.15,0.2881997813186933,0.1514482,0.12436401742540028
ID_441F247CAC,1,0.15,0.17021444715845957,0.12326721,0.1820713686159723
ID_4428B1FEF3,0,0.15,0.25770724851094673,0.15328255,0.12130662182965644
ID_4438DF204C,0,0.15,0.32897697778012813,0.11850879,0.26487989299912257
ID_444A48DE72,0,0.15,0.45152141626261977,0.2092196,0.1981187708557726
ID_44621943C8,0,0.15,0.22949361915657604,0.2867786,0.26078020147541275
ID_44636D9AC2,0,0.15,0.06950372277999813,0.06385566,0.10679159012234014
ID_44682838CC,0,0.15,0.16926618070848898,0.18988506,0.21394573975278808
ID_44760B2EC1,0,0.15,0.3765450879759317,0.27709118,0.2473767119561316
ID_4477552AC3,0,0.15,0.08638871804885119,0.11952709,0.1738094808790783
ID_4480EC2B5E,0,0.15,0.09603665816957956,0.15864775,0.14291140177716147
ID_44835F895B,0,0.15,0.09952126629541413,0.13808124,0.17302045878413913
ID_4484B1AAA4,0,0.15,0.04920679702805801,0.08954945,0.12816235863602493
ID_4484E20B23,0,0.15,0.2297667801149983,0.15108387,0.14082747927957182
ID_448FD6C0E9,0,0.15,0.03354793099432702,0.18514548,0.1611743342367081
ID_449F04C88C,0,0.15,0.0363234533490836,0.03294976,0.05008645684851677
ID_449F688A81,0,0.15,0.1609772962034932,0.23335592,0.19134849918733074
ID_44A534C103,0,0.15,0.34841677293741596,0.34471104,0.32567604739447725
ID_44AA2A3A20,0,0.15,0.6903610499824528,0.146232,0.1499201307875677
ID_44BB3D9F53,0,0.15,0.14881275499923932,0.031637825,0.09751240082361756
ID_44C6A078CC,1,0.15,0.18473292775088834,0.06540509,0.11182677955193364
ID_44C79B0859,1,0.15,0.09276781930278064,0.24044807,0.18550656107574884
ID_44C7A00B5F,0,0.15,0.01219742176696126,0.05158039,0.08688203451914214
ID_44C8363C8B,0,0.15,0.1097242952805315,0.0262813,0.08277027174255357
ID_44CCBE3E70,0,0.15,0.11244912582257842,0.1357983,0.13334632879162756
ID_44D809B528,0,0.15,0.16517302640348433,0.04910884,0.09453307313705132
ID_44DF7DFA5B,0,0.15,0.14181744496624016,0.13780726,0.16551764170028624
ID_44E8986F9C,0,0.15,0.21654295683397348,0.06543734,0.08370724342279143
ID_44F2D00239,0,0.15,0.1162301625805965,0.1377755,0.07944568286953993
ID_44F64BF370,0,0.15,0.16892806918905262,0.19341658,0.22861163180926827
ID_44F7B4B657,0,0.15,0.11305716842345566,0.017383685,0.03300278152780615
ID_44F864B60E,1,0.15,0.7916206330082922,0.451291,0.41718075947911754
ID_450B3118C4,0,0.15,0.0024050612056528177,0.0917426,0.12478571051081931
ID_450C5357BF,0,0.15,0.11738005125288072,0.081293955,0.08162200319922007
ID_450EAF3BF0,0,0.15,0.6627408948243488,0.43503907,0.3027193385533447
ID_45141622D2,0,0.15,0.09732799821095324,0.040056176,0.06506801545528776
ID_4527873C2A,0,0.15,0.10369865447602554,0.06622517,0.07484339591071344
ID_452B00C33A,0,0.15,0.20019047191129355,0.10731876,0.1427488633306019
ID_4530206D41,0,0.15,0.01649508230082355,0.012814632,0.03117164862369415
ID_4537B4184E,0,0.15,0.05295702432741343,0.1613124,0.12190081501900749
ID_453B4167A5,0,0.15,0.10312005638865558,0.06450019,0.13664088616660736
ID_453C836810,0,0.15,0.06782594777094345,0.045011,0.09132222762690946
ID_453E67C743,0,0.15,0.2820747502608961,0.17349525,0.21483391989478506
ID_4550F854F9,0,0.15,0.11330570828492198,0.113423035,0.18701085158343156
ID_4561C9A6E5,0,0.15,0.09084789371316,0.047798913,0.07059354580180982
ID_4562A9300F,0,0.15,0.2239490277017222,0.30408147,0.291671488042126
ID_456A5D680A,0,0.15,0.39178712418037703,0.50978017,0.5531870093707291
ID_456AB04C6B,0,0.15,0.17121912082494337,0.3153436,0.28744986754454677
ID_4574718EB1,0,0.15,0.07159902387390912,0.028668858,0.04296347433293306
ID_457BCB2632,0,0.15,0.14803547344389054,0.07433118,0.06704105249971656
ID_4585C4C8A3,0,0.15,0.23422113572359715,0.20718533,0.2073075431531583
ID_45873DC781,0,0.15,0.03667963218431443,0.025665967,0.06820383396627744
ID_4594F014F0,0,0.15,0.09643824556907948,0.113655195,0.11310859222197278
ID_459DA58EA9,0,0.15,0.30992762828020204,0.34925425,0.1769636289515028
ID_459F7BEBF9,0,0.15,0.2057530273873667,0.07108822,0.09305719938676531
ID_45AD3DE72A,0,0.15,0.21590152208976565,0.14828324,0.11751483487366195
ID_45AD699929,0,0.15,0.1666944079802525,0.07005191,0.09364396599482327
ID_45BDB2DA66,0,0.15,0.2869622122615461,0.14087074,0.1839643115857916
ID_45C113176A,0,0.15,0.15686588082756728,0.07547902,0.09869199800677476
ID_45C3C140A6,0,0.15,0.09595463985171064,0.07569809,0.07090215665931264
ID_45C983EB37,0,0.15,0.17796648866516196,0.16241226,0.1531930551004273
ID_45CF2F9FC9,0,0.15,0.06543711314335973,0.10415988,0.1112279487932351
ID_45D613B6B7,0,0.15,0.07021788608136874,0.02008374,0.05154652040776538
ID_45D6226DB2,0,0.15,0.3601060580920473,0.23989764,0.24447964423260457
ID_45E9D9DDF2,0,0.15,0.10737788404634667,0.045913626,0.08036633800139792
ID_45F8FF5752,0,0.15,0.1418033305979837,0.0459315,0.09018513262271888
ID_45F9393B08,1,0.15,0.5122064358957891,0.36507666,0.43930340808343543
ID_460603CEEB,0,0.15,0.18412076731564236,0.083144315,0.11294762356394672
ID_4606127112,0,0.15,0.07795835292180027,0.022754347,0.03525492002601543
ID_460D206B30,1,0.15,0.42676906350700317,0.56201553,0.47700671931995553
ID_46124880DD,0,0.15,0.8974533467561363,0.3726302,0.2705375742520473
ID_46236824FC,1,0.15,0.3321575475057045,0.1876554,0.15375760932419816
ID_4624FD9DA1,0,0.15,0.245243210512639,0.06566707,0.13759373360876453
ID_46255C50DA,0,0.15,0.0001342814991275631,0.111308895,0.08842668241022716
ID_4632F89EA9,1,0.15,0.04570424265336169,0.119034976,0.18539154087090934
ID_463D4EF099,0,0.15,0.051133221590597466,0.043128055,0.1254147369186759
ID_464F1F83CC,0,0.15,0.02503777179790036,0.024893705,0.04810716398435539
ID_465C4CE277,0,0.15,0.19013100275371322,0.3324342,0.3251756030521342
ID_465FF96FDC,0,0.15,0.14785195677143206,0.063715294,0.12486102713475677
ID_4676ABA73D,0,0.15,0.5443590830878218,0.48096517,0.36610951778260065
ID_4676EC775C,0,0.15,0.1090829241853863,0.068297826,0.05562206597153175
ID_46848D100E,0,0.15,0.14097951454851945,0.051232167,0.04855889710730688
ID_468BB67A71,0,0.15,0.07463385772805566,0.014096254,0.039838093754200034
ID_469354200F,1,0.15,0.23388602621653704,0.18369497,0.246486276494919
ID_4698D14C80,0,0.15,0.06592027729700435,0.039732046,0.0616082487022123
ID_46A6C99B9F,0,0.15,0.2890986911930187,0.5008949,0.3770279770098542
ID_46A9DFBE14,0,0.15,0.06779868588922927,0.036406487,0.060452416115755865
ID_46BE162869,0,0.15,0.05889406984956206,0.021003904,0.061041614417579326
ID_46CA675F5B,0,0.15,0.0002773527285872191,0.0783267,0.09260469680753242
ID_46CF4D0931,0,0.15,0.011020428827726698,0.04646605,0.06497297338256286
ID_46D2FB7CC6,0,0.15,0.11506808838308673,0.121954694,0.13754814294711915
ID_46DF73A567,0,0.15,0.1151820109800263,0.14602983,0.09233653472806762
ID_46E1398B21,0,0.15,0.06631253283287686,0.276415,0.14005307667752204
ID_46F4FD43B6,0,0.15,0.09955091505675694,0.14695178,0.15279414041255088
ID_47065CF95A,0,0.15,0.08311210665264554,0.04029857,0.06404776722984358
ID_470CBE4BFB,1,0.15,0.2671401021777471,0.5186134,0.33445423893224746
ID_471AFFD555,1,0.15,0.19811150265786354,0.36005038,0.22113651391864236
ID_472254CCDA,1,0.15,0.8708498011965701,0.31502154,0.2672058157035244
ID_4725D5A262,1,0.15,0.15615645957384447,0.11188236,0.1543146266564661
ID_473219F230,0,0.15,0.3221507974034394,0.066703804,0.07588278740443716
ID_4732ADA54F,1,0.15,0.12004086523545542,0.20965436,0.17579798991698048
ID_473682C3EE,0,0.15,0.11242916394260466,0.015770448,0.022695394485931605
ID_474B3C8F80,0,0.15,0.04146508277267254,0.06478779,0.0778203384439061
ID_475082BCB5,0,0.15,0.06253115007674553,0.09805688,0.1140026772917814
ID_475A9C2149,0,0.15,0.1278617094352754,0.16131516,0.13049501482578582
ID_475B3F7C7C,0,0.15,0.22888362454437264,0.026450913,0.06303672481714925
ID_475B635E00,0,0.15,0.13723262529723426,0.06652378,0.07908400625813462
ID_475F70264F,0,0.15,0.168835199580096,0.1549297,0.25178997327242836
ID_4761FA47E3,0,0.15,0.12447351817597924,0.1581566,0.11154876539308424
ID_4762B673DD,0,0.15,0.12914479990328095,0.15986724,0.17252508728651883
ID_4766D1F7F2,0,0.15,0.15422125446101767,0.0669688,0.1138553701188791
ID_4769B190AC,0,0.15,0.2663292402274222,0.13996331,0.197857342499985
ID_47730DBB4B,0,0.15,0.254065274146681,0.105550006,0.12486078538787111
ID_4775947FF4,0,0.15,0.08657268878093444,0.27327728,0.2485138705838179
ID_4777430BE9,0,0.15,0.00017202022678238017,0.03822848,0.0754414460298897
ID_477805D92C,0,0.15,0.10564144201257208,0.23550312,0.23020586467705265
ID_477ABE648D,0,0.15,0.25134673168217014,0.08027591,0.11324067165946784
ID_4789D56ECB,0,0.15,0.013297697268747782,0.019612595,0.040597549304138586
ID_479819BF17,0,0.15,0.05904639788298452,0.028696205,0.04977399005821395
ID_47997A0590,0,0.15,0.06991596185849608,0.14820082,0.14820510786185176
ID_47AD2D15F0,0,0.15,0.12120387994284769,0.036930643,0.05223818700904372
ID_47AEDEAB07,0,0.15,0.22180393424491357,0.21399884,0.14647048411878125
ID_47B6B6A765,0,0.15,0.1364151980977347,0.30133617,0.2414576230198738
ID_47BBAF6345,0,0.15,0.2147199069399516,0.2663425,0.2275324239146068
ID_47BBB90186,1,0.15,0.004471678504230422,0.05638562,0.08712872897849779
ID_47C243BEA9,0,0.15,0.03928637895617071,0.037715588,0.09336975448921254
ID_47C3743866,0,0.15,0.13955696197774267,0.2962466,0.3439054695459264
ID_47CCEE8F69,0,0.15,0.01929763448336131,0.032951888,0.04106559627501934
ID_47D3790448,0,0.15,0.028024527683091275,0.04661964,0.07843529322393288
ID_47D6B3F777,0,0.15,0.1281703365106822,0.039962087,0.06689999033768423
ID_47D6FC8E2C,0,0.15,0.03301303054755889,0.1124586,0.16823613600759185
ID_47DA7A8AC4,1,0.15,0.16419243558397736,0.0815021,0.11100340247544184
ID_47E522D23E,0,0.15,0.05298392520057633,0.009441252,0.028267873291205833
ID_47EAE77B74,0,0.15,0.269538674511867,0.42645502,0.25122226527097824
ID_47F0861C63,0,0.15,0.0633156066155431,0.042866964,0.12961656130267513
ID_47FFB28BC0,0,0.15,0.15657129389963867,0.05597671,0.06286436213306339
ID_4807DA5C2C,0,0.15,0.07543763986711033,0.21177272,0.20032807064461386
ID_481248D7A6,1,0.15,0.4068866852365422,0.7137286,0.4930000414624868
ID_482F6D5576,0,0.15,0.0034577925460527507,0.152949,0.10323966597653503
ID_48338A6F17,0,0.15,0.035694622516947036,0.026877586,0.05539398171397032
ID_4844B6B1B7,0,0.15,0.012185245195476119,0.011293386,0.039966652652721216
ID_4849300D94,0,0.15,0.1962901661381036,0.34086323,0.21831476533133026
ID_484E778389,0,0.15,0.1585329560326356,0.093601756,0.13203299238678376
ID_485C23EE69,0,0.15,0.21853769747054674,0.07180668,0.08883388007652769
ID_485D4FE131,0,0.15,0.03505499736934404,0.010025357,0.028072815782482302
ID_485E559E41,0,0.15,0.14047237987065683,0.24275571,0.31798183591324086
ID_4864155D56,0,0.15,0.23979276439836159,0.37315783,0.26216749539172385
ID_487E39DAA8,0,0.15,0.04833953612610506,0.058552902,0.0712943670836794
ID_488BFED0F1,1,0.15,0.29033922616747604,0.38297743,0.33503717044189524
ID_48918A362A,0,0.15,0.07923486201873337,0.06114028,0.10918853997094788
ID_48923F4C4D,0,0.15,0.1216863915957935,0.04522071,0.050060423942255794
ID_489EFE295D,0,0.15,0.00030830335291514633,0.0470071,0.08595925149950456
ID_48A8ED1DAF,1,0.15,0.15662362427258997,0.46721947,0.2852259830907581
ID_48B921132F,0,0.15,0.029056479096310234,0.13541467,0.13574425785321895
ID_48CAEFC278,0,0.15,0.06088108452234637,0.027271898,0.08630313805998473
ID_48D7579EF5,1,0.15,0.28359704980529526,0.27320847,0.3388439620459228
ID_48D8564134,0,0.15,0.10010931721494135,0.0147676775,0.026488069162368313
ID_48E401E1F3,0,0.15,0.09832299140971704,0.045303307,0.03312492330590992
ID_48E8B4FCA0,0,0.15,0.2450328008762055,0.42204812,0.42638786701292114
ID_48F7C6D378,0,0.15,0.02117853609172946,0.017668696,0.036650649878410164
ID_4900784053,0,0.15,0.0580793885206631,0.09842594,0.07892449961780176
ID_490A7A90A3,0,0.15,0.049756110969112644,0.22852142,0.1741468575101504
ID_49189B4ACF,0,0.15,0.276123761312119,0.22278601,0.18459227563218464
ID_49203B5EA6,1,0.15,0.24457906958604936,0.38599712,0.40748788438136757
ID_492D8B7F0C,0,0.15,0.11210026207563291,0.04626149,0.06592685745538042
ID_4941C3AA6C,0,0.15,0.12183728036597022,0.057141107,0.08914659270526033
ID_494F53A9AA,0,0.15,0.058966518695909395,0.032425553,0.0463557650422829
ID_495CB31E9B,1,0.15,0.2353472604449253,0.06734951,0.07795200327771148
ID_495CCD893D,0,0.15,0.10910138354772365,0.13061163,0.16112681393000336
ID_4960F55B77,0,0.15,0.1635425336372946,0.2730521,0.25553850363312813
ID_496528AC1E,0,0.15,0.1096889875724722,0.17317326,0.18105710651802298
ID_4975D3B280,0,0.15,0.09373638499525119,0.07306891,0.09281195099465063
ID_497DD42C5F,0,0.15,0.08335212189319412,0.018832266,0.0348386143320723
ID_497FD3D592,0,0.15,0.08441388159152693,0.13114409,0.14246763566479653
ID_4980C2F06C,0,0.15,0.19574538268786673,0.07990492,0.1028156814868633
ID_4985821CF6,0,0.15,0.05230138558793691,0.013054347,0.03645290256252437
ID_4989D86FE6,0,0.15,0.15736099431524955,0.1375926,0.18844306793063603
ID_4994DC9014,1,0.15,0.3084304618642939,0.3002585,0.1986305690404343
ID_49AA7A65EB,1,0.15,0.268875569247864,0.18661878,0.19699738051704746
ID_49AC2F8295,0,0.15,0.3155011779508915,0.33590692,0.28208350411206184
ID_49AD4C30FF,0,0.15,0.11658025214642964,0.39226913,0.3244180450652018
ID_49B618C171,0,0.15,0.03463530004947805,0.040028296,0.057452892018074894
ID_49C7A0D9EE,1,0.15,0.2581347956912492,0.20457138,0.17093721885238214
ID_49D6262AAA,0,0.15,0.3738848534211164,0.07188902,0.12629466874201803
ID_49E12DAE5C,1,0.15,0.11590050731683174,0.09581943,0.11719000892741238
ID_49E80A2F8A,0,0.15,0.05245104893501151,0.1587809,0.15101053526238223
ID_49EC5FE5EB,0,0.15,0.1661333757955709,0.24160242,0.17108996783966846
ID_49F5BB58D5,1,0.15,0.1723051591752737,0.25595105,0.28120542036532875
ID_49F6D7B4BF,0,0.15,0.14064974288173138,0.11180944,0.13947842140299624
ID_4A01A307B0,0,0.15,0.2869127981001701,0.34433755,0.3156154195444168
ID_4A0981FCC0,0,0.15,0.09768115060609195,0.0997212,0.08140224520687059
ID_4A0D9E7375,0,0.15,0.0343801734407615,0.026548153,0.05444021045934189
ID_4A196D0463,1,0.15,0.20635141224433506,0.37196988,0.35622277713737593
ID_4A1D68563F,0,0.15,0.033914345533878246,0.012404855,0.034056263426475435
ID_4A28187431,0,0.15,0.027742235557922944,0.006344751,0.023956057528562103
ID_4A2E576C16,1,0.15,0.1910010313823368,0.35508674,0.27603615377423857
ID_4A3743791C,0,0.15,0.06249040302732735,0.030924957,0.08381055422369604
ID_4A3B5E7CF9,0,0.15,0.3404017342083626,0.061953023,0.11702983841464101
ID_4A457E5B97,0,0.15,0.1433992752599739,0.14504895,0.173341773288175
ID_4A49098798,0,0.15,0.07248941946227669,0.099420294,0.10733067614924753
ID_4A4BF72CF8,0,0.15,0.13055078159932,0.08629202,0.09636232682630952
ID_4A4EC5488F,0,0.15,0.18740019026488172,0.044644255,0.04338301824545599
ID_4A535502E6,0,0.15,0.0032587297790095033,0.07946141,0.11263926895189588
ID_4A570870F3,0,0.15,0.05649681545738817,0.009167647,0.03789518237236926
ID_4A5A30286E,0,0.15,0.3672802736886092,0.21379389,0.17919668174903175
ID_4A68444AF6,0,0.15,0.14167777848072893,0.05335707,0.07985506650672182
ID_4A6B70467D,0,0.15,0.18630958765086128,0.083465405,0.09215037391026204
ID_4A6D30B4A6,0,0.15,0.06110951764455932,0.065636076,0.1265279642321386
ID_4A6E6C0C8A,0,0.15,0.07270875912263416,0.032838576,0.05955836177458303
ID_4A6F7630F6,0,0.15,0.28424403258302544,0.077794544,0.13131716627621542
ID_4A904D7A74,0,0.15,0.13131320158249346,0.100988664,0.10148613188342429
ID_4AA1A93874,0,0.15,0.14010001501325103,0.066879965,0.13026971622697087
ID_4AC5EA0A50,0,0.15,0.09139526287806617,0.026617842,0.06652125475798397
ID_4ACD0C7C1C,0,0.15,0.02905498067453697,0.026100593,0.046032749889670065
ID_4AD97417EF,0,0.15,0.18418194437915525,0.14194424,0.13772295239258758
ID_4ADA6A5637,0,0.15,0.15226150851654488,0.29794562,0.3177927908672016
ID_4AED023E7E,0,0.15,0.18222708058488857,0.13178565,0.12818667238120002
ID_4AF3217FCD,0,0.15,0.08593242053478589,0.03471937,0.05289702923701203
ID_4B067F239B,0,0.15,0.0613783253071135,0.062525354,0.0841808438448706
ID_4B0A0F7BF8,0,0.15,0.23070141489049328,0.15591419,0.14233477492167385
ID_4B0F445530,0,0.15,0.004747252832112965,0.076273866,0.13754792016827663
ID_4B139CD215,0,0.15,0.10332695539366567,0.16400386,0.19981055978583037
ID_4B2269492E,1,0.15,0.40507080232251513,0.5567105,0.47814757239421096
ID_4B22D8A0C1,0,0.15,0.31658345965982126,0.38353974,0.39625020859757065
ID_4B2607D096,0,0.15,0.18433736953294047,0.044119406,0.10507415376070535
ID_4B31471669,0,0.15,0.2504894199582803,0.20723014,0.2402637566324579
ID_4B3180FC6B,0,0.15,0.20573275803994984,0.25288242,0.2852786123522493
ID_4B41903A5F,0,0.15,0.0865018377542626,0.032608617,0.03673293392900791
ID_4B446A32FC,0,0.15,0.3307199079514028,0.26489565,0.18225536121269711
ID_4B477C60C4,0,0.15,0.09914661221278434,0.039801262,0.06642520834476708
ID_4B49BEC9CC,1,0.15,0.19574248334756267,0.25509146,0.22367880425231387
ID_4B4A328A70,1,0.15,0.247399900759486,0.58997893,0.6611769673523681
ID_4B63D5D33A,0,0.15,0.192682211015716,0.11841196,0.1252506367768165
ID_4B6E94C2E2,0,0.15,0.18474152197379679,0.3173488,0.20316943103429777
ID_4B71AD6A39,0,0.15,0.15495734192263183,0.0986956,0.20217613378768357
ID_4B82E50125,0,0.15,0.16561395275112567,0.21202517,0.2921240900500515
ID_4B83E5104E,0,0.15,0.10861096503525983,0.14514624,0.09516038457813926
ID_4B8C356128,0,0.15,0.14504773772081614,0.16836597,0.19083382748977773
ID_4B8EE8CAE0,0,0.15,0.0833971045731237,0.013774115,0.03783077887776672
ID_4B91F2DE2A,0,0.15,0.010759169210092073,0.08281032,0.09299572244540875
ID_4BAAB4BFF3,0,0.15,0.030250440913048297,0.029209556,0.04922153049791847
ID_4BB5B3C606,1,0.15,0.13763662169123794,0.06786292,0.08318532944260396
ID_4BB5E120B3,0,0.15,0.21237922653195282,0.113361456,0.12341891348676659
ID_4BC11ABAE3,0,0.15,0.08186405645874356,0.058142718,0.06969246456675969
ID_4BE50FB6F9,0,0.15,0.02928248506903481,0.012892601,0.039288690516945675
ID_4BE9913D9A,1,0.15,0.09490527067077355,0.18704194,0.24291857050398036
ID_4BE9B44232,0,0.15,0.15514341406682836,0.22861877,0.14424310934050866
ID_4BF778C55C,0,0.15,0.22162340065161276,0.06168195,0.11541181694636075
ID_4BF7BFFDDB,0,0.15,0.1912534258499121,0.14347506,0.14269099729574106
ID_4C0A613C81,0,0.15,0.04425822275467592,0.011443734,0.023375402359269416
ID_4C21A6CFE3,1,0.15,0.167525262998517,0.39529267,0.2890532271302467
ID_4C34A15021,0,0.15,0.06793260256487274,0.3265041,0.2137491419957017
ID_4C3A92E5CB,0,0.15,0.012463150054267323,0.059133366,0.07342181496340898
ID_4C3B3346D8,0,0.15,0.09265127198697391,0.03197444,0.06120037326100107
ID_4C3DEC930F,0,0.15,0.20468317007291648,0.062817685,0.10206834315536746
ID_4C3F014743,0,0.15,0.027392973129989416,0.020753626,0.03425467110932229
ID_4C43D90FCC,1,0.15,0.3397003865723932,0.76251835,0.6259159455120835
ID_4C46659472,0,0.15,0.14079388487381353,0.10556342,0.1024996381721074
ID_4C474DF123,0,0.15,0.28046118248963847,0.20602,0.23444586888863186
ID_4C5424EC45,1,0.15,0.2494128291670014,0.48588347,0.4351668006879666
ID_4C68950C7C,0,0.15,0.09696086658366689,0.15460512,0.12185969382155101
ID_4C69A79EAA,0,0.15,0.04197322497092213,0.017778017,0.03884636868042591
ID_4C6BC52AD6,0,0.15,0.333658492275994,0.111264594,0.1396954495256224
ID_4C6FDD72C1,0,0.15,0.12022939994142955,0.17260236,0.20922207871739695
ID_4C778688E7,0,0.15,0.05436452484042897,0.01789431,0.0417186862394508
ID_4C80E86C5D,0,0.15,0.26131449099475074,0.1613657,0.12617513787640122
ID_4C8A1D8DF9,0,0.15,0.08899697383102768,0.07572753,0.09986144275366073
ID_4C8DAF5241,0,0.15,0.09319742581140047,0.031793524,0.04516571096025503
ID_4C9124F655,0,0.15,0.1238487674624903,0.008906643,0.04248334719941395
ID_4C93865DCA,0,0.15,0.11491841452648748,0.074043304,0.10393285776002506
ID_4CA1E81A99,0,0.15,0.19982776531307686,0.17341836,0.2169710576831196
ID_4CB37682AF,1,0.15,0.26817509862628147,0.2710107,0.2393266148425775
ID_4CB5D4EC93,0,0.15,0.26253421049574777,0.13948789,0.12284203835533
ID_4CBF25B5A8,0,0.15,0.11068283667151975,0.052876852,0.07675905240130625
ID_4CCC8E23E0,0,0.15,0.07055628148686735,0.15718238,0.13837080320174525
ID_4CD0E9E524,0,0.15,0.2932642328239855,0.24754232,0.25984897827529074
ID_4CD5444114,0,0.15,0.09906680574491983,0.020582052,0.05321638065807401
ID_4CD5BAAFCF,0,0.15,0.11328766367634117,0.043696072,0.05370925079899901
ID_4CD79B93FF,0,0.15,0.11841000185730091,0.044967044,0.0625251968770784
ID_4CE74D42C3,0,0.15,0.21500746884677374,0.06952246,0.10635704703229278
ID_4CEE89320C,0,0.15,0.1746481856194786,0.47189036,0.370894641481025
ID_4D0D990FFD,0,0.15,0.10373391799944419,0.09658386,0.07873921766855507
ID_4D243EC762,0,0.15,0.11963762148075606,0.059511285,0.08994736475052595
ID_4D28CDF683,0,0.15,0.23259607538997268,0.073393255,0.1200564577474969
ID_4D296AC0A8,0,0.15,0.24588159436084056,0.1528886,0.1635273271841347
ID_4D2AAAF37E,0,0.15,0.09549105995711782,0.028779848,0.062018115172013756
ID_4D2E2C0B3D,0,0.15,0.14937152397183528,0.20304494,0.244216474857806
ID_4D33D6E4E9,0,0.15,0.26397380733176234,0.13160813,0.1519222888506168
ID_4D37BFF0E0,1,0.15,0.31224350742322143,0.4129507,0.32464699843894945
ID_4D3A5BA6F0,0,0.15,0.14953058557942134,0.23005071,0.15039048022253582
ID_4D3BFADD21,0,0.15,0.1763093941887731,0.24745393,0.25145646547303646
ID_4D41AE7635,0,0.15,0.06392092457718856,0.18316065,0.1953852844703883
ID_4D41F54250,0,0.15,0.06833687033399652,0.04387364,0.04695604283447467
ID_4D4B52222C,1,0.15,0.10286859096326315,0.14793375,0.20866915914645964
ID_4D5720E3E4,0,0.15,0.46757467040058,0.16762407,0.1422568443311003
ID_4D6CD0DA66,0,0.15,0.07652512300969247,0.022899479,0.042299700855925104
ID_4D6EEFD00E,0,0.15,0.30416868007592235,0.2604953,0.2258733418545657
ID_4D732BA4ED,1,0.15,0.2038185404753425,0.28881553,0.23676527211699702
ID_4D83E237C7,0,0.15,0.06145645024850353,0.0304609,0.0589071554498437
ID_4D85F9D416,0,0.15,0.1557518009119239,0.13595109,0.10277182537940618
ID_4D86DAE5FD,0,0.15,0.12812452212615483,0.25565225,0.1726610625008512
ID_4D8A30F9A6,0,0.15,0.10967236816235107,0.042471804,0.07379575835931183
ID_4D8A8B1100,0,0.15,0.07759580091810675,0.054100733,0.08442566842493313
ID_4D8AF77404,1,0.15,0.4578825928492879,0.5022976,0.38061252364569753
ID_4D922B238D,0,0.15,0.08327071120175016,0.121925786,0.10848723962610679
ID_4D92F504AD,0,0.15,0.07879814434630833,0.04587355,0.057455347145158445
ID_4D98BE7BEE,0,0.15,0.13559369001621333,0.07922088,0.10487892254528444
ID_4DA0BB488A,0,0.15,0.0494797354688986,0.04195437,0.06853044435646156
ID_4DA56843CF,0,0.15,0.21391532148818396,0.4295256,0.29874504204359537
ID_4DAB9E7860,0,0.15,0.04155058892226208,0.07408481,0.09841989381330257
ID_4DD002F4FD,0,0.15,0.04271482505115933,0.009390301,0.024788759677285385
ID_4DD8652969,0,0.15,0.1138402541192681,0.060914095,0.08230834648213856
ID_4DE9914204,0,0.15,0.006814108605577379,0.056145474,0.10326133770368928
ID_4DE9B6B477,0,0.15,0.1401169965683444,0.05430113,0.07531812720950096
ID_4DEAADACC9,0,0.15,0.32342407778877663,0.20160213,0.16224134399970042
ID_4DECDA9155,0,0.15,0.0992603221441805,0.04287976,0.07182203530642799
ID_4DF1A6376E,1,0.15,0.18008092889738397,0.39459583,0.354633202853646
ID_4DF757AB71,0,0.15,0.15394551772401202,0.059106253,0.07719437053738047
ID_4E03F5CE64,0,0.15,0.011743131840962769,0.14920647,0.15014144719311515
ID_4E0EB28FD9,0,0.15,0.2925296570585461,0.16770872,0.27166843479573055
ID_4E1A175118,0,0.15,0.14435917677376447,0.032173242,0.06928727743115697
ID_4E2939F65C,0,0.15,0.049373125680963345,0.02222205,0.05288119556362713
ID_4E42B66887,1,0.15,0.2733194101843015,0.5555654,0.3846579259902187
ID_4E46B1C9D3,0,0.15,0.08156291380114529,0.041651588,0.04724235165157168
ID_4E57D7C479,0,0.15,0.060596619854284495,0.04060914,0.06318180931472746
ID_4E5D3B48B2,0,0.15,0.1685617252405075,0.0637331,0.14361887012927188
ID_4E64419B32,0,0.15,0.07570039213596735,0.07090664,0.09753854854529445
ID_4E662F5326,0,0.15,0.16785530389192094,0.22575378,0.22141434649702338
ID_4E6AA08E06,0,0.15,0.16855280496977038,0.114956975,0.0947730827548212
ID_4E6E8C091D,0,0.15,0.1607561819707921,0.1255482,0.19553051568817775
ID_4E7557FB19,1,0.15,0.3321801020490662,0.5058875,0.38643527764225577
ID_4E75CB699F,1,0.15,0.28378610534775206,0.34129977,0.34830763341975524
ID_4E8BD59D86,0,0.15,0.08426027994647267,0.09933135,0.08325714628712443
ID_4E9E6F2BA9,0,0.15,0.1215682458882331,0.033377722,0.06164142457998055
ID_4EB0CE0B25,0,0.15,0.2886478992567401,0.24668592,0.2965372921747657
ID_4EB125615E,0,0.15,0.0015837481145265188,0.080096774,0.0936697145803777
ID_4EBBC17675,1,0.15,0.15958532632825212,0.64933145,0.44826266998393266
ID_4EBCA7B2F8,0,0.15,0.14353511116898332,0.16278683,0.11644025775540953
ID_4EBFE32E74,0,0.15,0.1935120200885824,0.1487973,0.2202509742347081
ID_4EC338829F,0,0.15,0.11468377896274914,0.064141914,0.14934950221984788
ID_4ECBD74EF8,0,0.15,0.11439199244457117,0.1581021,0.147663832566842
ID_4ED12ADF9C,0,0.15,0.09066451372925154,0.2321149,0.1613169968683192
ID_4EE80018B0,0,0.15,0.03498999607429907,0.015052184,0.03921679349859461
ID_4EEA2411AD,0,0.15,0.0663239442586989,0.03568896,0.07385936590742773
ID_4EEDE6C38A,0,0.15,0.057929168481695444,0.08385393,0.11278284716823887
ID_4EF637A213,0,0.15,0.24577545250846677,0.34504,0.3292662719937463
ID_4EF726E9CB,0,0.15,0.10691759064860591,0.05298778,0.06465653434985258
ID_4EFFA9AB70,0,0.15,0.19784369515973593,0.23920949,0.28220982513735204
ID_4F000E5B57,0,0.15,0.05333575481126531,0.09752514,0.0846721761167798
ID_4F09D1FBA8,0,0.15,0.026357086847755857,0.011723549,0.025812021183796045
ID_4F0CC0E6E8,0,0.15,0.18046777720947907,0.22303706,0.3018439112340621
ID_4F0D75E6A6,0,0.15,0.12624783729367353,0.09781838,0.14008755118077368
ID_4F1086B899,0,0.15,0.020074510264691148,0.07466465,0.09457550586656295
ID_4F208C2172,0,0.15,0.07428988869032156,0.007892992,0.02405418673347775
ID_4F259AC975,1,0.15,0.3535955937878054,0.4731474,0.4599227847862384
ID_4F27E46132,0,0.15,0.009164561326423735,0.05381658,0.04058383895779142
ID_4F3C69D00B,0,0.15,0.18508679270615228,0.25084004,0.1568752166184656
ID_4F59783893,1,0.15,0.1001555047149205,0.054597676,0.09671535669277971
ID_4F59E3B2B1,0,0.15,0.21123663439092336,0.35541028,0.2172840404667026
ID_4F5AD46148,0,0.15,0.09904445519006765,0.08052754,0.08280401212421434
ID_4F60A50BB3,0,0.15,0.09831566490523971,0.097543985,0.08811369068291092
ID_4F6AD49B1B,0,0.15,0.025846512910021373,0.0621616,0.10262499489654851
ID_4F77ADDEC4,0,0.15,0.0883284110510506,0.110153936,0.11425784852260241
ID_4F7A87CCDB,0,0.15,0.16061349098961772,0.07696788,0.10551686764153691
ID_4F7E815355,0,0.15,0.1688532307076187,0.08342107,0.1157585036046128
ID_4F82975326,0,0.15,0.05735704096443062,0.03844318,0.06748050658090823
ID_4F87FE163B,0,0.15,0.1881208596932844,0.06278103,0.10715885442444485
ID_4F8AA2DB64,0,0.15,0.06133163845999579,0.025071245,0.051463454332720204
ID_4F8F171E95,0,0.15,0.2624316199126086,0.15345226,0.12209554848054995
ID_4F932C4732,0,0.15,0.18120743286030674,0.27462262,0.2502580290455859
ID_4F94AD2CD1,0,0.15,0.09553469019805096,0.066211894,0.06922302733285154
ID_4F98CFB5E1,0,0.15,0.007812900827615609,0.0935456,0.15681691963284441
ID_4FAA741731,0,0.15,0.1524465621372879,0.13447806,0.16471991953756168
ID_4FAAFC6CF7,0,0.15,0.04900167790419162,0.060885053,0.08268160691844123
ID_4FCCF5F408,0,0.15,0.02618152406222236,0.11613084,0.12159951391084668
ID_4FD9B1D063,0,0.15,0.022519571810426707,0.025583556,0.031063150783283727
ID_4FDB9AD4BE,1,0.15,0.5658446690115707,0.40921465,0.4237043278554696
ID_4FE1C79679,0,0.15,0.01457504412370829,0.07931979,0.12469942824968724
ID_4FF065DB86,0,0.15,0.16693918375846944,0.07771463,0.09282672357569804
ID_4FF4243F11,0,0.15,0.06289778183279633,0.19730993,0.137233762595093
ID_4FF6CE63AB,0,0.15,0.13010604073270834,0.07958306,0.11343976118076746
ID_4FFB7DE7F7,0,0.15,0.08679155309425055,0.09272737,0.10817391167719534
ID_501C2CF5C1,0,0.15,0.06075292839381758,0.030778294,0.07498639486444057
ID_502B6348A4,0,0.15,0.20477923232574355,0.067941494,0.1198011989344623
ID_503100A746,0,0.15,0.01921798956546919,0.04389815,0.07459267525135468
ID_50322A272C,0,0.15,0.2809617518525855,0.0997148,0.1281853074788766
ID_50346167CB,0,0.15,0.06133787995116522,0.08781184,0.09760884300038472
ID_503F649F0F,0,0.15,0.0648930332171205,0.015770426,0.04515852128558538
ID_5042C3C997,0,0.15,0.12277303434114248,0.10934529,0.1044469252664147
ID_504D871FD2,0,0.15,0.041180658155313486,0.023127789,0.05637324144541603
ID_505A2F4FFB,1,0.15,0.2939598388355096,0.3176736,0.3229085452902255
ID_5063BC6740,0,0.15,0.061153400101126146,0.08950464,0.0698863254951653
ID_5073F4F535,0,0.15,0.07596715705735535,0.06729459,0.10633629194003248
ID_507A2051E6,1,0.15,0.25368067520202797,0.3904512,0.34140452870304777
ID_50856F2C74,0,0.15,0.10107869915500846,0.114789195,0.2024475726754801
ID_5086C201A8,0,0.15,0.04808452079336592,0.09715634,0.11179039678343695
ID_5086F5766B,0,0.15,0.31689838758450206,0.14426133,0.1752478197797669
ID_5087666BA7,0,0.15,0.02869618927959265,0.02366127,0.04917264953657637
ID_50979DBF2B,0,0.15,0.15966007337201965,0.2150036,0.22830043013734652
ID_509971AEBA,0,0.15,0.156279639648451,0.048590846,0.04692942060701209
ID_509DE18DD8,0,0.15,0.055465404279406036,0.11530081,0.13395436846344974
ID_50A2431A2B,0,0.15,0.25245084657055544,0.16362819,0.21865933109830332
ID_50AF29D1AA,0,0.15,0.10852377703867884,0.098410435,0.14330155932117603
ID_50C740F623,0,0.15,0.24086902846884084,0.1921096,0.18269537641221115
ID_50CF7D0C7A,0,0.15,0.08398669811868131,0.053258583,0.059471035021385656
ID_50D632CD17,0,0.15,0.25394529848765596,0.21139963,0.2215591842523424
ID_50DF155ACD,0,0.15,0.07131705912076239,0.029064154,0.04221741105075863
ID_50E5FD7CFB,0,0.15,0.2914513610951096,0.19135296,0.1828755085930503
ID_50E78F150B,0,0.15,0.03977902520117319,0.03661969,0.08019266959507194
ID_50F3FC7BB8,0,0.15,0.0507724735223658,0.02695246,0.048007182236610796
ID_50F8FAEC6F,1,0.15,0.09693750350935326,0.22859105,0.17415655567211585
ID_50FB3F3081,0,0.15,0.6754565097645008,0.58743733,0.4585803139603529
ID_51056F7618,0,0.15,0.18399533700502324,0.17664097,0.13050139480916007
ID_5110BC2DDC,0,0.15,0.1750109115931876,0.050083667,0.0954059200603142
ID_512545CC9A,0,0.15,0.0871373753054808,0.018483175,0.04390675770001309
ID_513083B537,0,0.15,0.02171093695032754,0.023066504,0.031242057458797337
ID_513490182C,1,0.15,0.09785235778296514,0.097349346,0.11347350790738524
ID_513CBCFBEC,0,0.15,0.13445557852809714,0.073432274,0.13889640303684092
ID_514110EB3A,0,0.15,0.03765756295273577,0.01177631,0.03253150431793098
ID_515B912A43,0,0.15,0.039676526176824274,0.084189154,0.09728069798499737
ID_515D5B2E11,0,0.15,0.04926907051950331,0.050530158,0.06966456540845471
ID_515F124A46,0,0.15,0.07227126350199792,0.16847779,0.12615908059132505
ID_516103FAEC,0,0.15,0.16019423889791057,0.2282848,0.1633518816998254
ID_517292F7D9,0,0.15,0.055589879696884587,0.048335806,0.0756290476369699
ID_517593E616,0,0.15,0.09948599484688914,0.078130506,0.1461401502509307
ID_5199C76450,0,0.15,0.09423139217479688,0.066374466,0.10022147874238418
ID_51A15E974F,1,0.15,0.13068942732209338,0.41575125,0.22553907192595635
ID_51B0370E75,0,0.15,0.7955770251948212,0.3637844,0.24070995825586947
ID_51BA341BDD,0,0.15,0.1514611983707562,0.034092613,0.06167779825309637
ID_51C182CA23,0,0.15,0.057465404351451435,0.12197233,0.13018364546623645
ID_51D72D6549,0,0.15,0.0018507730483448487,0.09699661,0.12866133582127393
ID_51EAB0B450,0,0.15,0.07431154784406892,0.072262675,0.07827186506152248
ID_51EB7633E4,0,0.15,0.09115941677841728,0.10113985,0.11651897213339114
ID_51FE362000,0,0.15,0.07149638527942787,0.055162743,0.18932974187860688
ID_520780CB1C,0,0.15,0.2641411188768197,0.311851,0.33213258479094554
ID_520E47745E,1,0.15,0.032938371499148876,0.09437422,0.11695743910354896
ID_5221202ECE,0,0.15,0.028199850054768348,0.015849497,0.03245327365678263
ID_52332D7A79,0,0.15,0.013815153414315837,0.03660747,0.04405316415020205
ID_5234A20B40,0,0.15,0.06567247948540397,0.015329931,0.035082057701306305
ID_523BB2FE70,0,0.15,0.03536309590922576,0.06720479,0.11064365886013341
ID_523C072860,0,0.15,0.11278012150764329,0.037119865,0.05219548725597633
ID_523E0F1FA8,0,0.15,0.5100935957129163,0.2517853,0.20986590986783288
ID_524F1FC34B,0,0.15,0.11602727245050043,0.103753485,0.12969417000383793
ID_52657383AD,0,0.15,0.0028429918972347943,0.03494029,0.06161642827323906
ID_5267276F6A,0,0.15,0.10107076277500958,0.2155708,0.1346809889414919
ID_526898CC28,1,0.15,0.4401184150124046,0.6546426,0.4075739440887385
ID_5278F5B5CC,1,0.15,0.4772742628683505,0.8968585,0.7344048084916429
ID_527C885180,0,0.15,0.1026277205850552,0.068990976,0.13095001167361872
ID_527CD995C3,0,0.15,0.9392002364671918,0.39361173,0.2511865504141007
ID_52856F7C7C,0,0.15,0.25038665837218727,0.03714295,0.1451076148217778
ID_528C8C282C,1,0.15,0.24473581704767858,0.5150767,0.4448125592144103
ID_52A2A2FB52,0,0.15,0.11109832584934426,0.05659929,0.08082723360913935
ID_52A44E2113,0,0.15,0.10362575112503243,0.0370634,0.0583633023727081
ID_52B2807755,0,0.15,0.11591009457995856,0.05378986,0.07804555930734336
ID_52C1D2A178,0,0.15,0.09644977053787054,0.092429794,0.11031954074538113
ID_52C4B76357,0,0.15,0.15564817317732557,0.25547105,0.2376742573379911
ID_52C5D5F220,0,0.15,0.03130977193030089,0.11099333,0.10854948823083392
ID_52D61C20DA,0,0.15,0.2127283285539324,0.2459156,0.2462481257288477
ID_52D67D5674,0,0.15,0.27522785271030964,0.21135654,0.20142970258858056
ID_52D92B727C,0,0.15,0.15672392490694181,0.037283286,0.05746003092988695
ID_52E0FBDB64,1,0.15,0.3061099530826716,0.2986399,0.2631758974364249
ID_52F24D0F7C,0,0.15,0.17531794135657383,0.2533107,0.19187076580570672
ID_530EFACD6D,0,0.15,0.07095962822241378,0.06853667,0.08673048394810838
ID_5312C41840,0,0.15,0.021672469454051577,0.019391492,0.029221816662007398
ID_531804B51D,0,0.15,0.10305069754186466,0.03634068,0.05111797331999819
ID_531B1A2147,0,0.15,0.0564806531485813,0.082326345,0.10401450011778984
ID_532075E6F8,0,0.15,0.09582750842183807,0.23439948,0.14295023570145907
ID_5321564F55,0,0.15,0.1517556839702311,0.054436896,0.09078486351528259
ID_532F52FE72,1,0.15,0.2977145008379059,0.6021455,0.4714838934012459
ID_53384AF51E,0,0.15,0.24582835878175385,0.22891352,0.23622407682142357
ID_53432AAD30,0,0.15,0.06707085290862587,0.037742525,0.05368637975378688
ID_534518FC1B,0,0.15,0.2019415571751035,0.17674461,0.1582297324261611
ID_535B4FC038,1,0.15,0.7395792928051379,0.5255458,0.6895518359337575
ID_536AE1F424,0,0.15,0.12881297180692908,0.09051423,0.08753760017468332
ID_536B40D796,1,0.15,0.17226348336775832,0.27381337,0.1755615579284194
ID_536F5F2951,0,0.15,0.11456906051463586,0.27677184,0.23075847881469258
ID_5370DF102A,0,0.15,0.06428803073851498,0.04767119,0.08522123382743348
ID_53770E88E1,0,0.15,0.03400336570768719,0.07790676,0.11652632553936217
ID_537A0050B6,0,0.15,0.033985696543289125,0.023515595,0.04762206232243927
ID_537BE962BB,1,0.15,0.30015133580108744,0.79570615,0.710330093578156
ID_5386DDE485,0,0.15,0.11617778565959284,0.03998733,0.05617274514188649
ID_53ABE664FF,0,0.15,0.18706086565932353,0.6977291,0.5021485137548723
ID_53B270331B,0,0.15,0.31271268256854823,0.15172347,0.18327652147387175
ID_53D4C2AEA1,0,0.15,0.05382144277811315,0.038417667,0.05980444712108198
ID_53E3B4B632,0,0.15,0.02220591268106189,0.013203847,0.024754466982200064
ID_53E5612463,0,0.15,0.16085299320786584,0.061868425,0.10831037979439403
ID_53EDDEDE43,0,0.15,0.3585766087614851,0.36402753,0.33809168071928297
ID_53F2DE440E,0,0.15,0.13550468215329922,0.090836585,0.1117391534336326
ID_53F98700CB,0,0.15,0.23001733852520426,0.29741982,0.2114914015213671
ID_53F9B75F81,0,0.15,0.08511027184776009,0.1471586,0.2288116161057879
ID_54079F7D39,1,0.15,0.4145956048799674,0.19971535,0.20996307170437473
ID_540D070462,0,0.15,0.12504282815032822,0.06738183,0.09929329338228611
ID_542398A27A,0,0.15,0.16357769178634032,0.1199529,0.13657119895006323
ID_5424476451,1,0.15,0.18886073110095183,0.24053732,0.18699971904565607
ID_5424E70CEB,0,0.15,0.32459630839751114,0.49672568,0.3527859985904831
ID_54418DC02B,0,0.15,0.021614404907526728,0.05424667,0.07033552887888156
ID_5442E619AC,0,0.15,0.14811507011238154,0.05012377,0.08994688821302992
ID_5447321C5D,0,0.15,0.18635391183457556,0.22287716,0.23020683116492258
ID_54537EB550,0,0.15,0.20684113395806222,0.089625336,0.11886968910774395
ID_54590982C5,0,0.15,0.3122996680260943,0.33808973,0.2474566147241625
ID_545DD822A7,0,0.15,0.17629141165899415,0.088425316,0.2675899103826617
ID_5479978EE1,1,0.15,0.37522784958478334,0.3403989,0.28968891325001805
ID_547E72843A,1,0.15,0.1951888291190168,0.4315062,0.233238760428443
ID_54892E2A51,0,0.15,0.13561150558013282,0.09857776,0.14551197679143996
ID_549F3922B9,0,0.15,0.28167636075271024,0.079886,0.13404835055674869
ID_54A1BCF5E8,0,0.15,0.08004220246908417,0.012605438,0.042316822289745516
ID_54AFD313D2,0,0.15,0.17908960309029565,0.093471006,0.11941597566316871
ID_54B2340888,0,0.15,0.11523561085787916,0.033118747,0.042218385646292905
ID_54B2C218FC,0,0.15,0.03789104174051794,0.039636135,0.0690577859629996
ID_54B595E958,0,0.15,0.13900277853384738,0.08746179,0.08225897684011983
ID_54B59E1B8F,0,0.15,0.07999091724609314,0.12362534,0.15438592249262073
ID_54CE2317F8,0,0.15,0.2657472089613132,0.062361903,0.08915761228488814
ID_54D2DB3DB4,1,0.15,0.340082476905434,0.19431922,0.18386927037331421
ID_54DFF71E76,0,0.15,0.12355041357270397,0.07119166,0.10567493081086544
ID_54F9E41C1E,0,0.15,0.0938989934089205,0.016583595,0.03642593169640706
ID_54FE776A22,0,0.15,0.34578064886071325,0.065719694,0.09549438240494891
ID_5507C2388B,0,0.15,0.1444111998434443,0.032935213,0.051973161767892795
ID_5516DD945B,0,0.15,0.09572673123402538,0.43697813,0.32352718594603486
ID_551D6DCE7C,1,0.15,0.1705103723158545,0.43295157,0.3081569113124296
ID_551E2DB616,0,0.15,0.07749423598113866,0.11278117,0.10806364889909101
ID_55274013B7,0,0.15,0.16797865232338807,0.09526337,0.06724046851543913
ID_5531720B15,0,0.15,0.030404871203044803,0.018859118,0.03505316444011594
ID_554432B5CA,0,0.15,0.021985686180243998,0.10223066,0.10263632722454138
ID_5547C90376,0,0.15,0.09726967045240513,0.13255799,0.08453799484783872
ID_554CA4743F,0,0.15,0.19413030127774222,0.23335521,0.25722403411097455
ID_555759F480,0,0.15,0.25421336747807644,0.06017197,0.07505947631939693
ID_555F2213AB,0,0.15,0.09680620506794207,0.04596204,0.0757424489214865
ID_5560AEC770,1,0.15,0.12465577029259663,0.29560867,0.20127304516227848
ID_5572386CD5,1,0.15,0.1759208538511173,0.12617847,0.1448420111866826
ID_557352964F,1,0.15,0.3202103489413937,0.5155171,0.4534577155094359
ID_5574976D08,0,0.15,0.09581738325834856,0.14152423,0.1434911199754594
ID_558B23BA9B,0,0.15,0.2577120660614447,0.10061009,0.09583750000606919
ID_559F538680,0,0.15,0.0780926201600885,0.08999815,0.12846966916301716
ID_55A0A261B2,0,0.15,0.16178053987475172,0.3617724,0.20229954046517043
ID_55AFD0B27B,0,0.15,0.2303946393485427,0.32165787,0.20718718259666055
ID_55B09F2E71,0,0.15,0.09407491167159401,0.03672227,0.06048711923239857
ID_55B4E2B058,0,0.15,0.08109038898269676,0.023925578,0.047109166336977606
ID_55BF640E25,0,0.15,0.11417517275402747,0.02540047,0.09592493321021156
ID_55C127913C,0,0.15,0.04854183547570525,0.2628927,0.19976674765393967
ID_55C19F19B8,1,0.15,0.8349548980691408,0.5374913,0.5384561052279956
ID_55C33D9967,0,0.15,0.15100533778752243,0.1458531,0.1812287365596082
ID_55C7485474,1,0.15,0.32947596375221894,0.48696572,0.35884811505693964
ID_55CC00040A,0,0.15,0.15556847444082056,0.14295937,0.15194373814159612
ID_55CF73971E,1,0.15,0.22136149819704104,0.107697405,0.13153508762423433
ID_55E2FD942E,0,0.15,0.10181405792305237,0.1590004,0.13385323606308155
ID_55E5F14EA8,0,0.15,0.07705591602009175,0.030796971,0.06483577234433784
ID_55E65E39A2,0,0.15,0.10991274159540962,0.017438741,0.05911601792007004
ID_55E6838072,0,0.15,0.051343467308222354,0.16726838,0.18268296759703065
ID_55E8F05CBE,0,0.15,0.059217091366378025,0.032058597,0.04127263756970966
ID_55F298776D,0,0.15,0.15858201359146246,0.08278215,0.0835091518427046
ID_55F485A172,0,0.15,0.15046701018068878,0.3756547,0.2737222845369665
ID_5601E410B1,1,0.15,0.14899653443424113,0.56465644,0.4789709353337315
ID_5604BC53C4,0,0.15,0.10535636261630504,0.2647116,0.15091786013989253
ID_560FF14B44,1,0.15,0.36145667142789845,0.8565516,0.7326222679949498
ID_561BE17537,0,0.15,0.16127244959885537,0.085366175,0.1199100234986435
ID_56255AA16D,0,0.15,0.08653627877657898,0.048400145,0.061476471822901904
ID_5625EF39C6,1,0.15,0.3194260446326157,0.4784632,0.390547869896589
ID_5626D6C38F,0,0.15,0.02926502915451772,0.15948388,0.2937156832633055
ID_562B185B8D,1,0.15,0.9499477760748101,0.4976127,0.3001443674653555
ID_563710024A,0,0.15,0.06098379307208072,0.054290745,0.10060429711453955
ID_5637944676,0,0.15,0.04598115034112348,0.009283723,0.04445535726149926
ID_564268786D,0,0.15,0.20199371930613397,0.09410625,0.11009561228468717
ID_5659F182F9,0,0.15,0.19641132222706942,0.085485816,0.11381856721802686
ID_565B81E722,0,0.15,0.11994075055185345,0.02542628,0.049414343598927296
ID_5671505597,0,0.15,0.07527196555049656,0.021454694,0.0351160017085826
ID_567BD56CF5,0,0.15,0.03729954280754234,0.033976715,0.07139972772523465
ID_567BE2207D,0,0.15,0.15354202317424218,0.112189256,0.1234529159438307
ID_567E4667F2,0,0.15,0.146426583899453,0.14513594,0.14059633921872636
ID_5680991F7A,0,0.15,0.029275595023669186,0.023097917,0.05760433223515952
ID_5680EDEF66,1,0.15,0.35010002145551655,0.36666393,0.23894281122459893
ID_5689373BCC,0,0.15,0.1653966423575248,0.23931974,0.1342179504472214
ID_568F48B06A,1,0.15,0.5510150325079961,0.19022569,0.18278067020399053
ID_56AC3FE12A,0,0.15,0.01401447677259258,0.017958118,0.024124554385178243
ID_56ADDF593F,0,0.15,0.28850272742220595,0.39814025,0.38435653609121406
ID_56B1400181,0,0.15,0.10726810430407809,0.026992146,0.046894798250854394
ID_56B18B4297,0,0.15,0.07587414973564592,0.060848393,0.08406918913646584
ID_56B3509829,0,0.15,0.028118830783152644,0.17842004,0.2008427644943482
ID_56CDE5403A,0,0.15,0.045013525423466504,0.02917368,0.04673157453207316
ID_56D3658A53,1,0.15,0.08114547438738358,0.032122754,0.06329400978676376
ID_56DB08EB28,0,0.15,0.15341551705600168,0.15208197,0.17620291105113964
ID_56E48243C2,0,0.15,0.1820864191201622,0.43142125,0.27882886174091176
ID_56F71F912C,0,0.15,0.00021908832929359748,0.11433009,0.0974853781531648
ID_56F921468D,0,0.15,0.08298728595161428,0.018546099,0.029123515110631333
ID_5703806630,0,0.15,0.12085271521793842,0.015242902,0.04225415688900226
ID_5708D41D7C,0,0.15,0.12389625459764027,0.032239024,0.06284082799874625
ID_570D232EA3,0,0.15,0.0843766406269826,0.060747903,0.08461724214361141
ID_570D43CDC1,0,0.15,0.22453815145846073,0.23220484,0.2639906178974243
ID_570E9BD716,0,0.15,0.22738257361281536,0.26603526,0.20215764841397718
ID_571041081A,1,0.15,0.1606200703165909,0.43357098,0.28793255351000474
ID_5710555503,0,0.15,0.07847361871361826,0.07457577,0.08412186151874797
ID_57286B45C6,0,0.15,0.16467762123043622,0.21284193,0.21114349513502323
ID_5736468E6F,0,0.15,0.036947510174631805,0.06732438,0.12667401852363105
ID_575428F3DC,1,0.15,0.09434177810735879,0.11829025,0.10539864902169964
ID_575A028EB7,0,0.15,0.05009886945168163,0.049655914,0.10926205695794988
ID_575F7ABA4C,0,0.15,0.041078353258247255,0.0074226935,0.02368984241368383
ID_5761CE1F5B,0,0.15,0.14789808263180088,0.117536105,0.20118400748575366
ID_5762A4B611,1,0.15,0.15838517546018988,0.21160349,0.10249704386571167
ID_5765B3081B,0,0.15,4.989820884643711e-05,0.049050048,0.06919450605500263
ID_578CE98D6F,0,0.15,0.07882643190480254,0.02015867,0.0407095510845237
ID_57941D04BF,0,0.15,0.01899000092070143,0.08107453,0.10400589405534709
ID_57A7E9C2E2,1,0.15,0.03376917257936016,0.13130292,0.34483259371506564
ID_57AE3955C3,0,0.15,0.1207380383941254,0.04840982,0.06857441988500092
ID_57B469A387,0,0.15,0.0723509893256494,0.11860281,0.14049803918658527
ID_57BAD60489,0,0.15,0.02566107537270569,0.032278724,0.0349066988921669
ID_57D77E4851,0,0.15,0.10001479861565132,0.119952604,0.07881002114396596
ID_57E1B9A755,1,0.15,0.048610559849971584,0.106595986,0.08174066234946505
ID_57E7F8CFED,0,0.15,0.05046911507275877,0.026995827,0.06182995191482494
ID_57E8E0494B,0,0.15,0.17515414446215716,0.1957542,0.1714243460481377
ID_57F03AA253,0,0.15,0.0771562186762738,0.025525907,0.05154168916212801
ID_57FE426A7A,0,0.15,0.18984833717985541,0.06371528,0.08435015013507599
ID_580C82F6ED,0,0.15,0.2600806523691348,0.10332011,0.16487083500078212
ID_58128F5923,0,0.15,0.12305618838230363,0.024103181,0.05644388934444854
ID_5819191DCB,0,0.15,0.14465648131499745,0.029170858,0.04939853292126311
ID_5825404CC3,0,0.15,0.10252832519175722,0.21678087,0.2089677659801439
ID_5828422628,1,0.15,0.22306862562451363,0.22525287,0.1905780968986056
ID_58291C430C,0,0.15,0.12447087237664381,0.3009621,0.2833883879687703
ID_5835E270FB,0,0.15,0.3130905484514891,0.11069628,0.1378154899922226
ID_5837305710,1,0.15,0.11899923031976724,0.48766214,0.3985146868813157
ID_5855310567,1,0.15,0.1367843167538333,0.43297902,0.42067586210736385
ID_585802A796,0,0.15,0.12674684983163942,0.0967993,0.14266267838366184
ID_5861E63EF8,0,0.15,0.12938362642352474,0.1504251,0.158689611663871
ID_58672E2FEA,0,0.15,0.17343286683097064,0.070985645,0.1690267010541556
ID_587ABF6C6F,0,0.15,0.08730465909904796,0.039143555,0.06966200268923559
ID_587EE27F45,1,0.15,0.06240927884716026,0.12930976,0.09661092584706632
ID_5880F83033,0,0.15,0.03295268434196529,0.006452439,0.02379352490862125
ID_588AD0854B,1,0.15,0.0882380437796784,0.18689919,0.14214162287516735
ID_589652B782,1,0.15,0.2388853014014082,0.2932275,0.2875089335621897
ID_58A400AA4C,0,0.15,0.15193488740756253,0.097839884,0.11871855215060828
ID_58B1138808,0,0.15,0.11144313992663633,0.19141862,0.14545040652078475
ID_58B278D545,0,0.15,0.0388693234632187,0.02452659,0.05952641520218351
ID_58B3A64DBC,1,0.15,0.18608722003195935,0.21494943,0.22407259306438101
ID_58BDD95B45,0,0.15,0.07332570231023325,0.038083773,0.07327277641171515
ID_58C1D75C15,0,0.15,0.11013394739715628,0.23197481,0.254653909520447
ID_58C9E9A634,0,0.15,0.09543148804086372,0.049986858,0.07745149632951843
ID_58CF70CA6C,0,0.15,0.1099777390239335,0.31899002,0.3390488039119053
ID_58D62411CF,0,0.15,0.08059663910750789,0.08402437,0.06176793054954845
ID_58E548A897,0,0.15,0.0035580620531553402,0.10216861,0.1549285881642922
ID_58EF2A3EF5,0,0.15,0.09371942676591762,0.022898432,0.05381468885503623
ID_5907535307,0,0.15,0.12240503852251558,0.060749494,0.07694954973588837
ID_5911520901,1,0.15,0.15884514475781772,0.2662738,0.2396360237026673
ID_591B0951FA,0,0.15,0.2939977683366619,0.13104162,0.329002012354457
ID_592348F03E,1,0.15,0.2070325368748027,0.40826756,0.26933713101696505
ID_5925121407,0,0.15,0.12558714677347607,0.17863883,0.21663200668303492
ID_5926765F9D,0,0.15,0.21915046491031157,0.31625262,0.3316109987997421
ID_59341FB1B8,0,0.15,0.1824587580210611,0.1654511,0.11728824525193546
ID_593441B5AF,0,0.15,0.22725303453076987,0.2547123,0.20526169230347904
ID_5942820510,0,0.15,0.12801248073955093,0.07239544,0.10813588091243108
ID_59464CC352,0,0.15,0.03575325709967741,0.026907615,0.04718001773604177
ID_595BF47FD5,0,0.15,0.26826717597729466,0.13811506,0.1870907201855334
ID_595C6EF2AC,0,0.15,0.03137922485683786,0.0686122,0.07656403067582086
ID_59727F4AB6,0,0.15,0.03669977817444678,0.06907746,0.047295455712727356
ID_597F2A9A8D,0,0.15,0.0746239266630425,0.114613354,0.14081925294089107
ID_597FBC596F,0,0.15,0.10417209677139498,0.058587577,0.06759344443100286
ID_597FCFB83A,0,0.15,0.09292606579490963,0.02198174,0.06002885720699608
ID_5981188A1C,0,0.15,0.21446344290544497,0.3988146,0.3123014262814797
ID_59959A1777,1,0.15,0.5314816174447393,0.81418294,0.6144894763734476
ID_599B96EEBA,0,0.15,0.13705412444766593,0.052710865,0.0746125302726105
ID_59A62F0411,0,0.15,0.019950596543514713,0.00866306,0.02456456656824056
ID_59AA5685E5,0,0.15,0.25329644000577195,0.086102426,0.08419142045910057
ID_59AE00AA97,0,0.15,0.21909775987730587,0.06074128,0.08996828275286835
ID_59B64AEB67,0,0.15,0.08246360812767763,0.14031067,0.20445267478139167
ID_59C48B5C21,0,0.15,0.19626730590837946,0.19062611,0.2365800776681428
ID_59C5050852,0,0.15,0.13224237692253699,0.03215709,0.1082178502710814
ID_59C8BD4EBB,0,0.15,0.049889447874598786,0.044477504,0.08506968051835714
ID_59D60CAB10,1,0.15,0.14206898086812095,0.23797286,0.12032224079485251
ID_59DE65697B,0,0.15,0.09556562810303916,0.025868742,0.05061894756724287
ID_59E14AACCD,0,0.15,0.025724433381772202,0.06935535,0.08289660881482473
ID_59E2403638,0,0.15,0.20932059758720664,0.0815371,0.1094084096455222
ID_59F47BAAD1,0,0.15,0.10574676446262114,0.08898686,0.09905155679730779
ID_59FFAE7EF3,1,0.15,0.2473054861519538,0.6391578,0.4531862974488057
ID_5A01F3704F,0,0.15,0.028867003594652368,0.036118913,0.08350424729189605
ID_5A096529E3,0,0.15,0.29132850535981775,0.26125118,0.22629626289543772
ID_5A0C5FF8FC,1,0.15,0.2982889153206493,0.24707578,0.2259298176019411
ID_5A12E0ADC5,0,0.15,0.21012967499960777,0.38171852,0.2566185939558807
ID_5A201CF1DD,0,0.15,0.07686645281002108,0.022697782,0.056976273796725325
ID_5A34135752,0,0.15,0.06483503308914511,0.06754567,0.08365571001052605
ID_5A34512E71,0,0.15,0.1317671112283292,0.07489988,0.0923690535630161
ID_5A460EE793,0,0.15,0.04770259597453856,0.027216207,0.061889993745845084
ID_5A4C9DAB84,1,0.15,0.14901493679791955,0.058575507,0.10113320225054617
ID_5A6263BE15,0,0.15,0.08136639017433782,0.069935605,0.09800477912688431
ID_5A64DC206D,0,0.15,2.9725589502387753e-06,0.04673736,0.0648055005559563
ID_5A6ABBE74C,0,0.15,0.3458451957273812,0.53916395,0.44072651103840643
ID_5A76EE8750,0,0.15,0.1443455406970098,0.24261248,0.17839002944492485
ID_5A7A026F37,0,0.15,0.09930866652765051,0.09164776,0.07988806854900078
ID_5A80DE5815,0,0.15,0.0942758672597988,0.049034756,0.03367961686040614
ID_5A982C2D82,0,0.15,0.082169184798637,0.052079134,0.09267046887101318
ID_5A9D4972DD,0,0.15,0.1583729193800645,0.08710873,0.14805522656236444
ID_5AA86A5B97,0,0.15,0.10108953834552314,0.099184126,0.12957502519578368
ID_5AB4E72316,0,0.15,0.018294805045892235,0.014154863,0.03059296436019151
ID_5ACFD9066B,1,0.15,0.36606549033783353,0.3909872,0.2618324371534172
ID_5ADE3F2C7A,0,0.15,0.06671490964236344,0.041990273,0.06481163323636423
ID_5ADF727956,0,0.15,0.14779973206843283,0.17305607,0.12742038888279822
ID_5AE1ABEF5E,0,0.15,0.019963576144849157,0.1801095,0.1316314735703099
ID_5AE3B19B64,0,0.15,0.10250820115005707,0.06472009,0.09917065416372695
ID_5AE90F7A7A,0,0.15,0.002934258873772174,0.052920435,0.09248225936023402
ID_5AEB670DA5,0,0.15,0.09221918188349217,0.019482302,0.05020777295210768
ID_5B018C0EDC,0,0.15,0.07290765269825213,0.0400202,0.09204912174000403
ID_5B01A78C6E,0,0.15,0.039223263561455134,0.006739532,0.025063450767605557
ID_5B095375D8,1,0.15,0.07363489895192495,0.043857615,0.08582720150898888
ID_5B1CB081FD,0,0.15,0.016980115343904076,0.06399992,0.09499867385821432
ID_5B2D61EEE6,0,0.15,0.13884226032908872,0.079463676,0.09262184420046268
ID_5B3CBC1831,0,0.15,0.2536135687041119,0.15691856,0.16303701488924044
ID_5B4903D6E3,0,0.15,0.04862698899989413,0.1018156,0.12529295260734025
ID_5B517241B1,0,0.15,0.0025245595042182596,0.03594748,0.0836523512049333
ID_5B6DC62858,1,0.15,0.09729514341731285,0.112675525,0.14392776424748863
ID_5B6FF4D25E,0,0.15,0.09668563589286527,0.1456373,0.19036962155782514
ID_5B8E448E92,0,0.15,0.08031210032697203,0.014378173,0.04312322275838037
ID_5B9A93B94E,0,0.15,0.2449372686416453,0.14335361,0.1642085913126219
ID_5B9D592FF4,1,0.15,0.2336321250016008,0.5123035,0.6225568824462709
ID_5B9D6CC948,0,0.15,0.0815191235742589,0.07519257,0.0967314895525655
ID_5BA27FA85E,0,0.15,0.31305831169987397,0.2911152,0.33957556452239496
ID_5BB172A2FE,1,0.15,0.2630320714286857,0.52257293,0.5501002294402328
ID_5BBC5B72D9,0,0.15,0.26187837703885486,0.222898,0.25129060220486626
ID_5BC0F88692,0,0.15,0.06808505409331118,0.050522335,0.07986354689665875
ID_5BCBCFB58F,0,0.15,0.12134213931871146,0.07003823,0.09771605270131728
ID_5BCFA09334,0,0.15,0.05951326581844029,0.10219075,0.11970087645137444
ID_5BD0B958CE,0,0.15,0.19532668160407984,0.31063032,0.30784568705044546
ID_5BD7C63B0F,0,0.15,0.05345189545266133,0.016017908,0.02888707462301127
ID_5BD9F9BA12,0,0.15,0.09814665677659841,0.030579265,0.04207860340865301
ID_5BDE7E580D,1,0.15,0.5520794891241346,0.5254951,0.2412748651219124
ID_5BE0A84705,0,0.15,0.2962357374354568,0.27159247,0.23152708106701314
ID_5BE528A700,0,0.15,0.017460507632026327,0.02895595,0.0584427682088085
ID_5BEFBC2467,0,0.15,0.1291883633720941,0.100337215,0.12392671701243062
ID_5BF2FF39D7,0,0.15,0.07564271136669899,0.41442925,0.18032210156135392
ID_5C0E170845,0,0.15,0.14664880594287694,0.1188649,0.15497551071712068
ID_5C1ADC8270,0,0.15,0.0831882604910753,0.04449237,0.0758737989187928
ID_5C224EFF7E,0,0.15,0.03993540451805169,0.009965643,0.030857779583966526
ID_5C3EA0AA45,0,0.15,0.3615964984563534,0.1894266,0.19167907484747607
ID_5C4A644B15,0,0.15,0.19717409712764083,0.049305428,0.0834381545342078
ID_5C4F77F152,0,0.15,0.1247907351340989,0.09365651,0.09217214341932543
ID_5C530E645B,0,0.15,0.03211928404812031,0.018165061,0.048608079170725564
ID_5C53DE36C1,0,0.15,0.15223706147443397,0.0902372,0.09603270991525292
ID_5C61F8DAB8,0,0.15,0.0002789162448515975,0.13563356,0.11205531024549194
ID_5C6A4506C3,0,0.15,0.07376671137578003,0.0377782,0.06543594995748825
ID_5C77A1CD30,0,0.15,0.0922886147893166,0.032497708,0.11984682109993797
ID_5C782CED6D,1,0.15,0.5530160613745989,0.35027948,0.19782613322470385
ID_5C8D2CA76D,0,0.15,0.9621870632005315,0.25010347,0.19920388552665944
ID_5C9715C3CE,0,0.15,0.08643649335050398,0.2943124,0.21271775581749136
ID_5C9B8718E6,0,0.15,0.15556432744437673,0.62185377,0.44625005077594176
ID_5C9F386394,1,0.15,0.47020538826724945,0.22867367,0.19854215991608795
ID_5CA281C2FC,0,0.15,0.26859823748388,0.14116806,0.19870414968121095
ID_5CAF8ABA0C,0,0.15,0.16710102673165597,0.340228,0.30059681845311254
ID_5CB60AD8E8,0,0.15,0.3484795788995661,0.11193118,0.12547777160531495
ID_5CBDE25A4C,0,0.15,0.053247135468937584,0.023225617,0.03201545518504494
ID_5CBF3D6126,0,0.15,0.9482137204853722,0.52843153,0.5075898546115848
ID_5CC233448E,0,0.15,0.09328248169367799,0.05873842,0.07775138629069879
ID_5CD0E5953F,0,0.15,0.1719742590918258,0.25390422,0.1980247241852637
ID_5CD686E31D,0,0.15,0.15987264421248903,0.134475,0.20568725758302028
ID_5CD7D1DB1B,1,0.15,0.2502291691806676,0.15664564,0.22898949502861368
ID_5CD8B6DC43,0,0.15,0.03907088423414648,0.14276288,0.19906131197038507
ID_5CDFF0B242,0,0.15,0.08927195130999237,0.18136662,0.16782559815107623
ID_5CE55FB5F7,0,0.15,0.024432886056216373,0.013587026,0.033073900067074676
ID_5CE8A140E9,0,0.15,0.019453613768023584,0.017974323,0.01983301616693854
ID_5CEF54E86C,1,0.15,0.23317494360881152,0.31120983,0.25156716842470866
ID_5CF220333D,0,0.15,0.14980531097188463,0.035530057,0.05452512304187969
ID_5CF3BCA1D5,0,0.15,0.07221370893720552,0.03944093,0.06987309098029144
ID_5CF5FFC428,1,0.15,0.36815822248237245,0.17391603,0.19598701591038548
ID_5CFD70146B,0,0.15,0.13400554559722336,0.044670746,0.07392271448546706
ID_5CFFAE657A,0,0.15,0.254701459782636,0.14141472,0.15249781442769977
ID_5D0C1A7CB2,0,0.15,0.17253966420379832,0.07186849,0.09322749453129162
ID_5D15DDF354,0,0.15,0.1953117629570974,0.104761295,0.1136566155541517
ID_5D1EFB57FD,0,0.15,0.17180004969158744,0.13983454,0.24064112889617498
ID_5D34DB09D8,0,0.15,0.11560301763853022,0.12429054,0.12906335800028543
ID_5D443BA5A0,0,0.15,0.09622439510508012,0.026194265,0.03973035875724921
ID_5D457BF821,0,0.15,0.13682951063432225,0.06925294,0.11261484707106212
ID_5D50463CDF,0,0.15,0.2290146959571607,0.18649422,0.21145307523107804
ID_5D594AFD73,0,0.15,0.06955606835231097,0.13304844,0.12623084718868086
ID_5D6237885F,0,0.15,0.0938321280450102,0.068694845,0.08087110854793655
ID_5D794ADF6C,0,0.15,0.2616309433794189,0.06855663,0.10457432811698973
ID_5D7996967F,1,0.15,0.2627177648371812,0.5760029,0.4045053836011111
ID_5D7F3BE6B1,1,0.15,0.42776491233739616,0.530105,0.5048296121771
ID_5D96038140,0,0.15,0.15715841167299718,0.11344344,0.10241219751664123
ID_5D97387B23,0,0.15,0.017890741086711015,0.01797645,0.03085850306273912
ID_5D98B6ADE7,0,0.15,0.19394224484434372,0.08000147,0.14880144827814304
ID_5DA15A7B59,1,0.15,0.12014717917499097,0.21362615,0.12299714518723372
ID_5DA68B8E71,0,0.15,0.07803500492862563,0.019591121,0.035012318382814045
ID_5DAFF46EB7,0,0.15,0.13133767699669652,0.04409664,0.07392330067982229
ID_5DB1710CE5,0,0.15,0.08514056848170974,0.051050548,0.08425427298468714
ID_5DB7EB81EB,1,0.15,0.004691980690505525,0.040208206,0.05928571853801027
ID_5DC91F4EEF,0,0.15,0.054368273752460554,0.026592627,0.06219161597502433
ID_5DD9596B9D,0,0.15,0.19561288139490138,0.08341828,0.12382659202777449
ID_5DEC72349C,0,0.15,0.2834209580478663,0.31046557,0.24134453446624982
ID_5DF01DDBCB,0,0.15,0.11197496101681462,0.038101375,0.047338815080554264
ID_5DF50916E7,0,0.15,0.035125453207811394,0.16543567,0.25142215289067776
ID_5DFE00BABC,0,0.15,0.044102410865685476,0.011469364,0.03691424361793247
ID_5E02271B42,0,0.15,0.22583048361715255,0.21895225,0.19638541009137614
ID_5E0C8D3851,0,0.15,0.07662365731788956,0.019124502,0.04711182703473461
ID_5E0F2AD375,0,0.15,0.18650376909754474,0.290185,0.22038934586029676
ID_5E2654C425,0,0.15,0.013581791650601704,0.009374501,0.028203338210052498
ID_5E29097E4C,1,0.15,0.3068856578005001,0.30508766,0.31198638636904996
ID_5E31F81A4B,1,0.15,0.17398728343621014,0.52671856,0.5182394641763802
ID_5E32325E3B,0,0.15,0.14264228985639035,0.09223331,0.16701629491155895
ID_5E61519438,0,0.15,0.1327183641666419,0.05488541,0.08509396853479745
ID_5E6C9010C9,0,0.15,0.26033945531563335,0.19924043,0.12826732318308276
ID_5E6FCA4763,0,0.15,0.010969033447844136,0.033114858,0.05023101375649949
ID_5E72F8BFD5,0,0.15,0.19695156469119696,0.042428244,0.10909340434240732
ID_5E73AE7E57,0,0.15,0.020514662819490676,0.09215702,0.10782238903896768
ID_5E7E9A9B91,0,0.15,0.05787234599774383,0.055528976,0.06688518909252335
ID_5E9750B1E3,0,0.15,0.025357115378164784,0.013805262,0.036954541203052256
ID_5EA023DB50,1,0.15,0.04789851496651188,0.014656353,0.040273996804794474
ID_5EA7F702AF,0,0.15,0.12756524501303843,0.05813226,0.09047632025723028
ID_5EABE20E76,0,0.15,0.09256627317216394,0.10583559,0.12873724968853303
ID_5EB633545B,0,0.15,0.18450192114889044,0.11391446,0.2038133529253475
ID_5EC0908528,0,0.15,0.09651680887226326,0.057063226,0.07166209697790564
ID_5EC41E8BC8,0,0.15,0.23075214707559955,0.052005693,0.08054918420361001
ID_5EC9BE2151,0,0.15,0.20630835751574889,0.12688828,0.14274588997855542
ID_5ECF79749A,0,0.15,0.048293622375315794,0.061024193,0.05431284587692064
ID_5ED023E968,1,0.15,0.08914424843636856,0.2552174,0.22888285396847402
ID_5ED65410AD,0,0.15,0.3540113155121112,0.35220206,0.41856161943905024
ID_5EDDCF317D,0,0.15,0.10821428143476498,0.102699704,0.1538935023915795
ID_5EE86B098C,0,0.15,0.16113185724871137,0.2723871,0.2787370011221508
ID_5EF578D194,0,0.15,0.1562506355915389,0.35912552,0.29701001324361853
ID_5EF8519914,0,0.15,0.13517604670408168,0.0906833,0.10543715599916016
ID_5EFA149963,0,0.15,0.09247032826413229,0.054927427,0.08927407653250184
ID_5EFE56F68E,0,0.15,0.09018789683702298,0.061010804,0.17235413055518808
ID_5F008144A9,0,0.15,0.02341180305214245,0.015186653,0.04046134708256651
ID_5F040CACDF,1,0.15,0.002834989045348745,0.09565064,0.10210936373847866
ID_5F0AA43161,0,0.15,0.11782084480355944,0.025844289,0.047883861018111026
ID_5F1ECE7D12,0,0.15,0.0868330239437999,0.08362691,0.08968663796009184
ID_5F265AC3DF,0,0.15,0.04087124800491382,0.07348185,0.08188410720048139
ID_5F328B67B9,1,0.15,0.2778249305483608,0.4762084,0.3310940295048012
ID_5F40FF1DB1,0,0.15,0.14356231270327316,0.071400136,0.10170319563874466
ID_5F47892AA9,0,0.15,0.13048970567156384,0.1492849,0.16800910157237833
ID_5F50FFF535,0,0.15,0.059752832610274025,0.06512085,0.12325214761293396
ID_5F5B7E2C80,0,0.15,0.2153757044485728,0.12034924,0.15758098608506246
ID_5F5C49853B,1,0.15,0.32190692792920994,0.61567485,0.3483209398673117
ID_5F60C5C260,0,0.15,0.051085649151877195,0.030152077,0.065542209909433
ID_5F87E3D852,0,0.15,0.09600669380146164,0.42397824,0.3339793899244746
ID_5FAAEBEE33,0,0.15,0.22252653601081096,0.13208234,0.14649536810105399
ID_5FC2F3DAA8,0,0.15,0.01968444128945791,0.07262317,0.12195892030595461
ID_5FCBE568B9,0,0.15,0.08994697616548368,0.075234,0.08531667407657927
ID_5FDDBC3786,0,0.15,0.011555577803912533,0.012242873,0.04514722248972256
ID_5FF123DE0C,0,0.15,0.13290869505715175,0.121873975,0.10342832045303328
ID_5FF2958D07,0,0.15,0.30055943615656067,0.046764564,0.09166246354771714
ID_5FFCE2B7C9,0,0.15,0.0590052292614269,0.009820254,0.0444517239957126
ID_600103AD58,0,0.15,0.18708187304648313,0.13242279,0.11473542997214725
ID_60172DDCE9,1,0.15,0.1979432380163363,0.54960924,0.29074857556174877
ID_601975A5C3,0,0.15,0.13642870467940374,0.3642809,0.2587941222519072
ID_601BF25B89,1,0.15,0.26546146542322674,0.30082655,0.3194342669715769
ID_6025257E3E,0,0.15,0.064874185447447,0.038376953,0.06300533500110907
ID_6025977137,0,0.15,0.11198287478655096,0.118664056,0.1536638123582593
ID_60307003EA,0,0.15,0.08406865904657783,0.021398794,0.040192036641281605
ID_6037E7076E,0,0.15,0.04814433826021642,0.04608564,0.03970042547848274
ID_603F49F37D,0,0.15,0.033300811568432884,0.04549517,0.12462254440015723
ID_60413BC9DD,0,0.15,0.10231017639667128,0.034069255,0.06232405550060922
ID_604720F9B8,0,0.15,0.3362103556071161,0.14513527,0.16770527269670504
ID_6047F1C434,0,0.15,0.049630360540953905,0.08578451,0.1755322725483495
ID_604800F214,0,0.15,0.15226636199401647,0.07736335,0.1431998500719896
ID_604ED51D9D,0,0.15,0.06285487387197823,0.15206373,0.14994410164898078
ID_605A9A2A3C,0,0.15,0.7706924459216324,0.1514928,0.1438284458481305
ID_605EF83D0D,0,0.15,0.16398733930560647,0.07152936,0.08304809710760665
ID_6063A3B4DC,0,0.15,0.03199990552152473,0.019993698,0.037268989935760666
ID_60717E8AC1,0,0.15,0.1387806302549603,0.07116862,0.08482237162602789
ID_6072F09E23,0,0.15,0.04538888715860961,0.02261746,0.04325204184467891
ID_6080E0E9E1,0,0.15,0.1510681969978213,0.20378509,0.15706906643531346
ID_608274759C,0,0.15,0.1766481730505429,0.15471344,0.18180070105845703
ID_608421C7BA,0,0.15,0.2030740146823964,0.4119161,0.3162265266364168
ID_60857420A1,0,0.15,0.3157959685288097,0.45783857,0.2279862913227302
ID_60A5AE0529,0,0.15,0.11197934616311582,0.013447959,0.03345663293896508
ID_60A901E74D,0,0.15,0.1331030092576528,0.044978302,0.08901313114375778
ID_60AB24D7B8,1,0.15,0.284210607194392,0.40188113,0.40964108690362955
ID_60D85CA2B8,1,0.15,0.09708499596826574,0.31599504,0.17061807655806935
ID_60E0CBBF6F,0,0.15,0.17838825027188165,0.047306504,0.07097082763315224
ID_60E39E4856,0,0.15,0.09260870621270496,0.07223608,0.10047308643866408
ID_60EA9BFC50,0,0.15,0.09637443293905772,0.064174294,0.12035748537741017
ID_60F259BE20,0,0.15,0.17723681162865812,0.054590333,0.07490478083482717
ID_61075B33F5,1,0.15,0.12628294851840635,0.11638799,0.13732480063391894
ID_61227A1D01,0,0.15,0.2549870853783687,0.14181209,0.20999031549052488
ID_6138A9F448,0,0.15,0.12648963379413644,0.12113774,0.12702113745434127
ID_613E0D597B,0,0.15,0.2516369299379403,0.06331164,0.14512344101948307
ID_614AE86ECC,0,0.15,0.0005363600342175462,0.058928978,0.09132980440849293
ID_614B8D1C31,0,0.15,0.06256000503202735,0.026501445,0.03689305003872418
ID_61654D394E,0,0.15,0.08993564991367611,0.11842113,0.10874606430672115
ID_6165E5407C,0,0.15,0.09900632003721568,0.0227903,0.059637891025900946
ID_616963FDF8,0,0.15,0.0997241835298125,0.053022664,0.06847329274944951
ID_616B84B4CE,0,0.15,0.1666957498769016,0.38216636,0.27449878946728906
ID_617F4977C1,1,0.15,0.24018795487389127,0.5206744,0.3685296399896937
ID_6192603908,0,0.15,0.12574496078304087,0.1671145,0.21936664687339497
ID_61A2A921D5,0,0.15,0.2812338079781367,0.18778537,0.1053454195717795
ID_61B17C4754,0,0.15,0.3625705750096932,0.23347305,0.24386097905339366
ID_61CA8F3A9A,0,0.15,0.3607141788200497,0.39940795,0.2726486201755256
ID_61D2DF5027,0,0.15,0.07420495330002937,0.057306774,0.09427935472278885
ID_61E1A699D2,0,0.15,0.18207052098002038,0.05812111,0.087840571728179
ID_61F771B69B,0,0.15,0.12009465858313859,0.11810204,0.10244123194650465
ID_61F91F1368,0,0.15,0.09894145006362787,0.025465272,0.04520391829124889
ID_61FC03E94A,0,0.15,0.1650830272026417,0.10946339,0.15444157863998553
ID_620527CB2D,0,0.15,0.00045534040066344674,0.067292154,0.1388612670261772
ID_6205FBC009,0,0.15,0.08022491562176333,0.05495217,0.089657302639445
ID_620AC7975F,0,0.15,0.1804686830177532,0.2651207,0.20718399532851847
ID_620E35757F,0,0.15,0.1964418287446861,0.065356344,0.14785265186250074
ID_620F9F42D3,0,0.15,0.09726386147554991,0.15065207,0.10686829653711956
ID_62153A962F,0,0.15,0.2662170703157549,0.21701415,0.19226029104966497
ID_6216197571,0,0.15,0.019613045491382756,0.015294875,0.03428471229755295
ID_622101A24F,0,0.15,0.15883311976255512,0.19324303,0.15021086812513126
ID_622824A814,0,0.15,0.1074851601793878,0.02878938,0.05523219824101931
ID_6234843AA1,1,0.15,0.07894261183516789,0.08839447,0.07252935010840182
ID_623597BFC4,0,0.15,0.049763815468436536,0.018330324,0.03557925371847191
ID_623C16F92F,0,0.15,0.185601782570664,0.68678826,0.5333036749009317
ID_624075F306,0,0.15,0.12270943033155267,0.06262468,0.11009012304295188
ID_6253E16653,0,0.15,0.10227381641805874,0.093974866,0.14865650023455437
ID_62644DC8A6,0,0.15,0.07957181791836045,0.046084538,0.0684833532908951
ID_626F198112,0,0.15,0.03831936071392991,0.056524582,0.10734725765132143
ID_62706CC719,0,0.15,0.06004014553080116,0.01219044,0.030399472411914583
ID_6279157C79,0,0.15,0.011461046813856773,0.015755305,0.03047079495847347
ID_62831A287F,0,0.15,0.23701836389253883,0.12321634,0.1409840966473341
ID_629242B1F7,0,0.15,0.11616293147466764,0.1299648,0.14760195595163278
ID_629BDC8770,0,0.15,0.08088562162594043,0.03797999,0.0494097206703948
ID_629F4C76B8,0,0.15,0.027671468212467923,0.067940645,0.06264644330387167
ID_62AB93BEDF,0,0.15,0.13112155836557224,0.11314637,0.15746474057383572
ID_62AD5C87B0,0,0.15,0.014900645281402808,0.024543526,0.04981591706213854
ID_62C1098047,0,0.15,0.14927506781192384,0.10089169,0.16699973177390162
ID_62C1C77520,0,0.15,0.0540473699467576,0.018110864,0.04950784660974009
ID_62C8D2A1DF,0,0.15,0.11930303871779191,0.07663964,0.06328754014544043
ID_62D790F239,0,0.15,0.0994155448904939,0.01691381,0.027478446430423346
ID_62DE1CE965,0,0.15,0.09666745911812402,0.048736535,0.10837061614435647
ID_62DE88BE71,0,0.15,0.05444271177903274,0.056401376,0.09639923243658233
ID_62DF17D769,0,0.15,0.07075820554233644,0.044405628,0.05185142158603347
ID_62E07BD2DA,0,0.15,0.03222411587104401,0.06707759,0.046512265232560614
ID_62E1566DE9,1,0.15,0.23579569662510333,0.54287165,0.4810485765693076
ID_62E5FA6D1A,0,0.15,0.05180490826229318,0.020577617,0.03595023696770797
ID_62E8F615AD,0,0.15,0.17111487840113118,0.13341774,0.14074273899626616
ID_62EFF4B6DB,1,0.15,0.2512513242613678,0.2365761,0.2633489971877947
ID_62F96191EC,0,0.15,0.0654777865888113,0.014454807,0.03311707405317427
ID_62FAEACDB2,0,0.15,0.0803797704732731,0.13416131,0.10713644887158237
ID_63068B9D76,0,0.15,0.10062173539748921,0.049793977,0.04753703016488123
ID_630B79AE83,0,0.15,0.06984328591203047,0.017625753,0.04808141359859621
ID_631034D34A,0,0.15,0.3102717166130463,0.508432,0.3579476032314967
ID_6315295131,0,0.15,0.010504795557013398,0.07147483,0.08915049365431696
ID_6317CC729A,0,0.15,0.06468393136048783,0.03222377,0.07121716257299754
ID_631D30EE15,0,0.15,0.10955333484309096,0.06086575,0.11304565257613852
ID_6328DA44F0,0,0.15,0.11825964305388885,0.053251423,0.08330073181962946
ID_632D141761,0,0.15,0.08473379105840702,0.028712424,0.06681870468922115
ID_6334E6C743,0,0.15,0.11718323338600935,0.036749646,0.05954358251087798
ID_633881F232,0,0.15,0.11256271347760867,0.112428464,0.1777645868220558
ID_634B2B0B62,0,0.15,0.03644842895648259,0.027317554,0.053922335739007475
ID_635C3EB7A2,0,0.15,0.06064742369080104,0.023533965,0.04444586264266939
ID_6363F81FCC,0,0.15,0.09276712432903021,0.10972633,0.1334774656618489
ID_63751F023D,0,0.15,0.15740588610511222,0.1129876,0.143096402604242
ID_637AB592A5,1,0.15,0.24886959372126807,0.37704915,0.25793612175683317
ID_63801D40CF,0,0.15,0.26803000339059097,0.09172098,0.1110112540135843
ID_63829E5980,0,0.15,0.08631729173475153,0.067439325,0.06702006415505792
ID_63845572B6,0,0.15,0.05017441484541832,0.02146324,0.04430062365694665
ID_63949BAC08,0,0.15,0.12435946968343652,0.06352043,0.12401965749954577
ID_639F143A5A,0,0.15,0.24492532650590446,0.2628619,0.21196649411645277
ID_63A1748BFE,0,0.15,0.11908722508032013,0.34378386,0.22471365521025577
ID_63B6D31E96,0,0.15,0.02773281208206048,0.047780924,0.06225087645068495
ID_63B7181C1C,0,0.15,0.17690236909003393,0.10218181,0.09486445511220566
ID_63BB79AF88,0,0.15,0.22063296547675665,0.25944328,0.2759884469198353
ID_63BE27345C,0,0.15,0.11417371432045524,0.05988906,0.10234773285475231
ID_63CE451EF9,0,0.15,0.09143961071321532,0.09468195,0.09729542128663753
ID_63D03F4892,1,0.15,0.3235944861104689,0.3511787,0.3755253664595202
ID_63D16A9968,1,0.15,0.38820505735683924,0.37081027,0.4209773483515251
ID_63D3BC5071,0,0.15,0.1712747314628483,0.06484684,0.08329083857124688
ID_63D61EDA98,0,0.15,0.1607104199144621,0.40664232,0.2743430531815425
ID_63EDD87633,0,0.15,0.13695334231178405,0.033683427,0.04493831927643859
ID_63F189B47B,1,0.15,0.14282773094282475,0.39051914,0.30239661514539024
ID_63F2F0740C,0,0.15,0.22556793991219745,0.07004986,0.12243875599422584
ID_63F9B11919,0,0.15,0.08838278703154173,0.08299776,0.09053879448739266
ID_640D7CB9C4,1,0.15,0.24685109490856172,0.2856893,0.17379490497196529
ID_6411D242F3,0,0.15,0.06855171430807282,0.07891393,0.10757710340128328
ID_641FA097FA,0,0.15,0.14573069825491353,0.16991518,0.16257124559062303
ID_6426170731,0,0.15,0.08934810081602626,0.015604259,0.04355716546709978
ID_64275A676B,1,0.15,0.24573992273595324,0.47966266,0.4115931258664526
ID_64316EC9C5,1,0.15,0.15495973200287,0.483332,0.3605506081084021
ID_644039B9E2,0,0.15,0.2332372524868395,0.15349898,0.1958996444806398
ID_6441C1820F,1,0.15,0.17155371994784094,0.22089161,0.12754307320656028
ID_645BECF8A8,0,0.15,0.10563359388033677,0.022138167,0.040003054120962576
ID_64757702A0,0,0.15,0.1747436324407294,0.13067777,0.11148215140467173
ID_647E7605A4,1,0.15,0.1715329412194667,0.08424144,0.09074025622102118
ID_64817724DC,0,0.15,0.26836148745374905,0.08698734,0.11598777818232363
ID_649B20A4A2,1,0.15,0.20416671963144875,0.34392068,0.2411554701781236
ID_64B406953A,0,0.15,0.008285930795859488,0.0765956,0.11125401315413982
ID_64BB0C832B,0,0.15,0.029376684754969726,0.018166307,0.03714238182385515
ID_64BE45FCB4,0,0.15,0.14912863590352715,0.051673707,0.08557558460171545
ID_64C4B43672,0,0.15,0.20292506234003374,0.06636214,0.10303405433388414
ID_64C8A3C624,0,0.15,0.17061535110758566,0.10352127,0.08838439677595507
ID_64D8088386,1,0.15,0.174988517245982,0.21138331,0.19738893223396206
ID_64DD09C584,0,0.15,0.31519863940112985,0.13012768,0.2227871305834762
ID_64E1B8B132,0,0.15,0.12255102036993566,0.041131586,0.0704878623797658
ID_64ECD91E1E,0,0.15,0.22685981509999842,0.024500052,0.07012916801310477
ID_64F554A8B9,0,0.15,0.03619424408511014,0.024778409,0.04041888988829622
ID_64F8E7D668,0,0.15,0.18701550170831735,0.28152585,0.22310022930618653
ID_64FD1C5D47,0,0.15,0.17146598563217166,0.19998133,0.13186386043264545
ID_6518DDFA2E,0,0.15,0.1176638839492652,0.073438525,0.08725610455303237
ID_651AAAEF3E,0,0.15,0.15780091002104446,0.03302339,0.06538063605828119
ID_651C6DCCA2,1,0.15,0.37561312212368625,0.29515967,0.2866466430968271
ID_652A611E24,0,0.15,0.15363620907969125,0.2415855,0.20969347279125214
ID_6538BBB904,0,0.15,0.1871514833266434,0.15635395,0.2760402656598268
ID_653B03C501,0,0.15,0.20382469737414333,0.28000367,0.23978101707456953
ID_653F994F9F,0,0.15,0.12530419882410235,0.05240028,0.05646677561710875
ID_654431B22A,1,0.15,0.22691760960550492,0.2603187,0.30447761158690206
ID_6545D1390A,0,0.15,0.11917446162115101,0.023576643,0.05276678783328047
ID_6546B0052C,0,0.15,0.19711302441910042,0.046310525,0.06555585667928844
ID_655E9A069D,0,0.15,0.25492760752405863,0.24549393,0.19352619866368917
ID_6562C1283A,0,0.15,0.06633472793938622,0.124682605,0.09746735005090157
ID_65774D97C4,0,0.15,0.3494498043464277,0.15766431,0.1247267168873805
ID_657E2D264B,0,0.15,0.14349175483478463,0.06530864,0.10500328948873397
ID_658BA3EDB2,0,0.15,0.2204596919642429,0.10255376,0.0941782253724874
ID_658C981677,1,0.15,0.21536569223594038,0.21493135,0.17431107485228184
ID_65924D6015,1,0.15,0.2582304235694713,0.58999324,0.3548704043112628
ID_65979B8156,0,0.15,0.12253231334612716,0.04208193,0.06663916840524535
ID_659AE53E4A,0,0.15,0.15996640163227666,0.08360102,0.10449966560338894
ID_65AFD34E38,1,0.15,0.1653271346620484,0.3335733,0.1890496042066693
ID_65C0D42E35,0,0.15,0.09914146927913559,0.024648331,0.06227733385819827
ID_65C4C50E9A,0,0.15,0.1436015350931616,0.035770774,0.05558163222005225
ID_65C7F6AC4F,1,0.15,0.1372373043741089,0.29189828,0.23895948454963833
ID_65C80D2135,0,0.15,0.08115389670211641,0.04585164,0.08762850438850824
ID_65CE2AC7C9,0,0.15,0.10441644580104739,0.17305262,0.12401345196604593
ID_65D7436E8F,0,0.15,0.03800180072513362,0.019890152,0.055855671190919
ID_65DB526384,1,0.15,0.2848686571527225,0.62046933,0.29842576152937333
ID_65DC69C8E0,0,0.15,0.0425355246951322,0.18020143,0.14850973281240792
ID_65E1C9216B,0,0.15,0.2147705276373278,0.13278505,0.12246326011780237
ID_65F1433CD8,0,0.15,0.17603119340464934,0.12326034,0.1784933753716549
ID_65F144EC1C,0,0.15,0.173749332149051,0.077569276,0.08705841683589718
ID_65F67DD4B9,0,0.15,0.07036117110976499,0.061517347,0.11385418753540182
ID_65F8DA179C,0,0.15,0.08496309043351796,0.023223642,0.06247861719347943
ID_660155D8A8,0,0.15,0.05245537647187228,0.03243371,0.06665888793722521
ID_66106859B0,0,0.15,0.05075799689357962,0.039103333,0.0747669935635668
ID_66207A3BD7,0,0.15,0.05461772673249821,0.038246542,0.07458405853948015
ID_662A577F0B,0,0.15,0.06935678267892936,0.03594509,0.06474918369553716
ID_662FCADB34,0,0.15,0.06012391783165279,0.03874394,0.0954519189266907
ID_6633964A0D,0,0.15,0.12178368306848497,0.06212052,0.07119550357097293
ID_663F250D3A,1,0.15,0.15356801898960873,0.3156475,0.3729644306310931
ID_6643997D6E,0,0.15,0.17124345147245387,0.029466089,0.05622608371990101
ID_664678B348,0,0.15,0.06906128150108518,0.028336344,0.04191432418544974
ID_6647682997,0,0.15,0.01977933697984606,0.059948597,0.11450501004777713
ID_66494B882D,0,0.15,0.19570268549537423,0.2461624,0.18365206871656126
ID_664CF25B0F,0,0.15,0.525118803716729,0.3391724,0.18702253436368257
ID_6656F5E6EE,0,0.15,0.17013365384832274,0.10067999,0.14613756333586703
ID_6666DF804C,0,0.15,0.16306424435618433,0.15178172,0.19557094455538257
ID_666988EE1B,0,0.15,0.10126952987042012,0.052798282,0.06452464617769942
ID_666F70C261,0,0.15,0.12884193231692984,0.060283124,0.0563641593149957
ID_6671868E3C,0,0.15,0.058555623398635154,0.09485554,0.09243935178387981
ID_66765EE073,0,0.15,0.061646987952860055,0.039220136,0.07808498387939586
ID_66834642CA,0,0.15,0.11762093197413737,0.038190167,0.06783233827733634
ID_668772EDEF,1,0.15,0.306197579642851,0.45946586,0.30637577030493507
ID_6688DD4E86,0,0.15,0.12115175026476085,0.094046146,0.10791971826587099
ID_668BA0E010,1,0.15,0.2596409075598878,0.20280142,0.17070398912117687
ID_668C8B7C07,0,0.15,0.35152547708299103,0.21098669,0.13820073322494972
ID_66923B5B42,0,0.15,0.29738054376789225,0.13339925,0.17026156220957087
ID_6698A294CA,0,0.15,0.09654299676781769,0.061544694,0.10127294930137246
ID_669BF6A14D,0,0.15,0.06367583653215944,0.023400959,0.05063130189761938
ID_66ADE6271E,0,0.15,0.19148492192247377,0.24724208,0.1821522718366739
ID_66AF1B850E,0,0.15,0.0851024395687798,0.14137723,0.09393867349334624
ID_66B22BDC19,0,0.15,0.2522414356022982,0.15499948,0.16126185490077904
ID_66BCAC62C5,0,0.15,0.30752811453468937,0.10118023,0.08001130560791064
ID_66C8746BA2,1,0.15,0.4014485858802543,0.4928132,0.4751721098212942
ID_66D1E5A7D4,0,0.15,0.42254830420945444,0.08689683,0.16589104170439933
ID_66D29B2F4E,0,0.15,0.04379519616775221,0.039934717,0.09332363412762588
ID_66DAA8DEEB,0,0.15,0.1764862410366254,0.021313714,0.0627631874219463
ID_66DE879121,0,0.15,0.13018255632821848,0.080967024,0.11113083041809499
ID_66E5D89FC8,0,0.15,0.13270305252275383,0.11785184,0.11121952869802892
ID_66EB6E44DB,1,0.15,0.46213677184347834,0.3166406,0.17968863821868647
ID_66EB755D18,0,0.15,0.05601391464855458,0.06796038,0.07179889051639014
ID_66F12EAF4A,1,0.15,0.20646636608217633,0.26742855,0.299472742476408
ID_66F4B08544,0,0.15,0.249340019892515,0.07374879,0.1133986523343739
ID_66FBD4EE65,0,0.15,0.07209676392797314,0.018861968,0.03302700060288238
ID_66FD1C0D66,1,0.15,0.07517357050546304,0.08298673,0.09398014392931746
ID_670246D1DC,1,0.15,0.31374206368756274,0.5012625,0.346313012161155
ID_67051A9265,0,0.15,0.28687224996260174,0.33220163,0.2703793035017365
ID_6711819DAC,0,0.15,0.13110538186572093,0.18136775,0.15840888943804723
ID_672910D417,0,0.15,0.07530809589022978,0.045462124,0.07008850821347516
ID_672E52B9F9,0,0.15,0.11960942456644125,0.06868063,0.12023302349693805
ID_6741595D10,1,0.15,0.0774112809661429,0.12391363,0.14817696423970533
ID_67435075D2,0,0.15,0.2624732493545744,0.083666734,0.09146348841797085
ID_6744F870BB,0,0.15,0.12322001266090361,0.017735934,0.04054974791477373
ID_67460877C0,0,0.15,0.11318476370584689,0.08662017,0.08727797725278316
ID_674A8A0309,0,0.15,0.16139206683099772,0.0419299,0.08037964440564092
ID_6762C24020,0,0.15,0.01529012810435292,0.13717191,0.14268926736284562
ID_677291954F,0,0.15,0.15428982828337443,0.030170577,0.05088489909110974
ID_67A6C4F059,0,0.15,0.009662518835866255,0.15377595,0.11058512880393286
ID_67AD88ECC0,1,0.15,0.261326473082793,0.4792276,0.3073517042288957
ID_67B2B5C48A,0,0.15,0.23849316552554745,0.09441938,0.0989781508965958
ID_67B37276E9,0,0.15,0.23410313408614847,0.309922,0.16680591866675534
ID_67BCD2964F,0,0.15,0.11003207975375025,0.11826429,0.16316946594052484
ID_67BDF9BFA5,0,0.15,0.10485302307084499,0.103621416,0.09573748330369042
ID_67CD3DF76F,1,0.15,0.27809336397611434,0.50588226,0.3534634069372306
ID_67D8DFFB0D,1,0.15,0.0947504986926749,0.18871135,0.17556598307393387
ID_680070F844,0,0.15,0.1682162324837898,0.15106852,0.2154401218416352
ID_68037B26AE,1,0.15,0.19659256070815562,0.24216379,0.18053667434179885
ID_68052018DC,1,0.15,0.14211166018716187,0.092355184,0.12648987570912054
ID_6809D64486,0,0.15,0.17427360909224526,0.27201653,0.32568917057981905
ID_680E424AE8,0,0.15,0.9272669571514328,0.16669208,0.14738171224561908
ID_68130FB620,0,0.15,0.23279972857120743,0.04648925,0.08948564774076571
ID_6823617782,0,0.15,0.23944219072380382,0.2574389,0.2531038947142611
ID_6844F1910F,0,0.15,0.216294616859927,0.15742399,0.172594218562212
ID_68478F955E,0,0.15,0.3030437979555667,0.32892996,0.27449538827757425
ID_6847D738C0,0,0.15,0.18155018124463004,0.12290056,0.1502065985682479
ID_684B540792,0,0.15,0.2172858152195102,0.16525273,0.1397270445376932
ID_6855422F6C,0,0.15,0.30681443514357415,0.09627197,0.19365899833801092
ID_6857560C4F,0,0.15,0.04073882827196669,0.08869476,0.13261073058314582
ID_6858FDE206,0,0.15,0.040646631705226685,0.027013926,0.059888190102688546
ID_685CEE7095,0,0.15,0.13258974424648512,0.070966125,0.13654427061853436
ID_68676C9714,0,0.15,0.2089975743926506,0.29905874,0.20042626674464242
ID_686BC3A2F9,0,0.15,0.16672295957655286,0.047951445,0.18142212300878602
ID_68738BF717,0,0.15,0.20702575955697264,0.2815201,0.2802134661585392
ID_6878009C2B,0,0.15,0.10687209092090795,0.046171468,0.07235895927497464
ID_687CB52B8D,0,0.15,0.025790609861836983,0.07094782,0.1014465261168289
ID_688E87AC9A,0,0.15,0.35156326000382765,0.12116352,0.12216951679939425
ID_689AAA1FE4,0,0.15,0.053700531787142375,0.0819056,0.08544511813131125
ID_68A2F381D9,0,0.15,0.03730146968277083,0.03451031,0.05413125931666619
ID_68A485388E,0,0.15,0.17297870166623963,0.049236387,0.07187016197638169
ID_68A54B0835,0,0.15,0.23656540705832582,0.08924745,0.14832650861804436
ID_68A68979FF,0,0.15,0.0988014613151287,0.04944491,0.0743245654247978
ID_68AB49BAF8,0,0.15,0.14058652142193964,0.092015944,0.13237628015090586
ID_68B091343A,0,0.15,0.10969587850183123,0.05232506,0.09120272786146294
ID_68C78BB3F4,0,0.15,0.10812094661686228,0.051205542,0.08623292734798718
ID_68CC524805,0,0.15,0.018153787395456866,0.012256119,0.04114976542802758
ID_68CF698D8F,0,0.15,0.1392097833984923,0.060254954,0.13483528919392201
ID_68DFCC30B5,0,0.15,0.09689457316438117,0.1247139,0.13082596622793916
ID_68E1525393,0,0.15,0.10692375808908394,0.1162845,0.1476513103265477
ID_68F4311EBB,0,0.15,0.0971739480335231,0.233788,0.2072587804883604
ID_68F4788985,0,0.15,0.06325657279335813,0.013002755,0.02981610448061189
ID_6902AC598D,0,0.15,0.04122652288174027,0.018217202,0.03457147359595913
ID_6904B5D501,0,0.15,0.03103991706233231,0.016148085,0.032852161946195814
ID_690628E142,0,0.15,0.07275410607764794,0.013860447,0.04427218692874432
ID_69197E2468,0,0.15,0.31751161264657857,0.12748013,0.10391123952996527
ID_69209C3F1C,0,0.15,0.06263335945374378,0.035626583,0.13791458698763936
ID_69379D999C,1,0.15,0.18789141592615102,0.47594333,0.39560366853124057
ID_693B58081D,0,0.15,6.921065985449202e-06,0.046201084,0.06682899724374693
ID_69479FA9BF,0,0.15,0.05873730521223273,0.05463579,0.09125851016260815
ID_694E0494C6,0,0.15,0.11952779181386901,0.05122855,0.08849819593854473
ID_695214DDC4,0,0.15,0.1864134857357493,0.19543877,0.20741887437934395
ID_6952F7C8A7,0,0.15,0.8439446318589848,0.19285695,0.16989969524260257
ID_6959E9DAF5,1,0.15,0.07703589004813123,0.32729992,0.20903802281665088
ID_695EDE42EF,0,0.15,0.0785998457383056,0.39313686,0.3150647287703694
ID_696317D4FC,0,0.15,0.31314737983996727,0.17165682,0.1345671090546047
ID_696525B407,0,0.15,0.07560468639021127,0.040914286,0.09634769464704655
ID_696A69158B,1,0.15,0.051553134948709355,0.2718285,0.16924904938182836
ID_696AE23B88,0,0.15,0.10658827018075341,0.026585117,0.0433943114836882
ID_696BE36A78,0,0.15,0.1214244100647398,0.21943593,0.19752139698599533
ID_6971DE0D36,0,0.15,0.059771534048894084,0.12927715,0.11201060784622188
ID_6973F865DA,0,0.15,0.03175436257285457,0.010370246,0.021423903049402462
ID_6974F041B7,0,0.15,0.035544378646535424,0.011609929,0.028247224223104894
ID_698061B4E9,1,0.15,0.2927459145153361,0.3002812,0.25376188275386646
ID_698EA04335,0,0.15,0.10601950305969644,0.03444974,0.07425994783466094
ID_699D5395B6,0,0.15,0.22035969388086724,0.23008396,0.28210353615652217
ID_699D85EE02,0,0.15,0.035000711866748954,0.1362584,0.11194622626210354
ID_699F661E49,0,0.15,0.04528435110259562,0.2508715,0.15531009584214656
ID_69A2387815,0,0.15,0.039091027739257565,0.028293341,0.06508460460684566
ID_69B49CFE9F,0,0.15,0.09491862037367511,0.09603932,0.06110861432469838
ID_69BA3F691D,1,0.15,0.05289769578197436,0.082590535,0.12465357531479936
ID_69BEC24350,0,0.15,0.10598097800224549,0.05540909,0.06684813461466668
ID_69C612424B,0,0.15,0.1435007508099714,0.06606261,0.06751675383174498
ID_69CBF55C7F,0,0.15,0.08204500354172346,0.06419175,0.10741694685108778
ID_69DF1CD7B1,0,0.15,0.1234332896986259,0.07949383,0.08810125925944914
ID_69E1D7984B,0,0.15,0.07712697947472723,0.03956314,0.06588799877460577
ID_69E3640DED,1,0.15,0.8566573084808523,0.31116343,0.19429709674741244
ID_69F2BFE924,0,0.15,0.09245502846772391,0.32644206,0.22742257401032775
ID_69FA2A3FDA,0,0.15,0.08514398770855848,0.019211924,0.04856194263368613
ID_6A083B23A0,0,0.15,0.14468169911777629,0.09020244,0.09131028936278196
ID_6A13724DC5,0,0.15,0.15590090795804668,0.28244543,0.30083752485881077
ID_6A18687E6D,0,0.15,0.03855550827918052,0.07987835,0.1484871753041981
ID_6A1B5A8C50,0,0.15,0.07717478634058907,0.040889125,0.06189621755741486
ID_6A2C5E7982,0,0.15,0.06939632776113436,0.041642293,0.07784039165343914
ID_6A3473F92A,0,0.15,0.031577874138575046,0.01878238,0.03865731261908407
ID_6A3A38C606,0,0.15,0.023381659550307746,0.029885897,0.0530057064311709
ID_6A3F0A2EDA,1,0.15,0.4032851355698997,0.4276175,0.35800412859824604
ID_6A4C9E4357,0,0.15,0.1562445324829842,0.07895685,0.09058314027536934
ID_6A4CBF4B20,0,0.15,0.2574831080156501,0.08384435,0.10027905113642961
ID_6A577A3A5C,0,0.15,0.11962627319336465,0.05792779,0.0824993707398171
ID_6A6224DD84,0,0.15,0.16163653160511166,0.040136673,0.07553079433065382
ID_6A7286340E,0,0.15,0.1128868810771769,0.033297524,0.05864532252433294
ID_6A72C90CD6,0,0.15,0.08709480035424243,0.06542355,0.10023172435579943
ID_6A811BFBDF,1,0.15,0.49809001048921514,0.24691531,0.28399258476332856
ID_6A81610E94,0,0.15,0.3003146599735948,0.29377446,0.27285541845073724
ID_6A881A330A,1,0.15,0.0014971375750480662,0.045454375,0.0798134133905404
ID_6AAFC7DA63,0,0.15,0.03143807655631578,0.14901158,0.1304917608430917
ID_6AAFF0A9A5,0,0.15,0.1682005828405046,0.072116844,0.07668614894695774
ID_6ABDE5A650,0,0.15,0.10910275585298253,0.075032055,0.12756856974628056
ID_6AC4D3B9EA,0,0.15,0.49231644129044067,0.21248752,0.20981501966409144
ID_6ACCD8066F,1,0.15,0.23713603683912787,0.41476545,0.2941943263877622
ID_6AD4FAE3FE,0,0.15,0.24936535210213306,0.060947187,0.11598515864129869
ID_6ADDC6D0D9,0,0.15,0.3118497196559286,0.2782306,0.2620462971101493
ID_6AE2D304FD,0,0.15,0.17565347298522543,0.13876435,0.15151170044860976
ID_6AE93BC5E6,0,0.15,0.12383378851341066,0.17887965,0.20173984174679063
ID_6AEA0B8613,0,0.15,0.021431894771117035,0.009485664,0.03071341872774726
ID_6AF0FD60D1,0,0.15,0.7898793606936659,0.40539593,0.44142385504690873
ID_6AF865A347,0,0.15,0.09436373165052875,0.059788153,0.09107936998283732
ID_6AF935EF33,0,0.15,0.3109720761473078,0.36068237,0.34254683191419355
ID_6AFC272655,0,0.15,0.2715923384992164,0.09119718,0.09641703687611564
ID_6AFF27EF7C,0,0.15,0.029596565275360733,0.08964609,0.09012291385574589
ID_6B07923745,0,0.15,0.18969519785680955,0.15716182,0.11819545089948061
ID_6B114CEF41,0,0.15,0.07180995394659702,0.18724893,0.13896647756671324
ID_6B20ACF95B,0,0.15,0.11619667965619494,0.030250784,0.06721179554755055
ID_6B279EFB52,0,0.15,0.16128218795250948,0.15067637,0.1573181261298108
ID_6B38D78505,0,0.15,0.0002866543927870271,0.045009978,0.07219906615584692
ID_6B3C2CF70E,0,0.15,0.04668583373905525,0.0284003,0.04654758821800066
ID_6B3F26FE50,0,0.15,0.1191399223488883,0.076119915,0.11465197112658354
ID_6B41D42514,0,0.15,0.15087862427223905,0.24730664,0.14964445041891972
ID_6B45834D57,0,0.15,0.25074481510590363,0.55326724,0.3986272931776451
ID_6B47D458E6,0,0.15,0.08872923746597268,0.010341106,0.03127095224184178
ID_6B4D293FDB,0,0.15,0.01713009906561311,0.019415349,0.04700230142751812
ID_6B5020B25E,0,0.15,0.14087181705517796,0.23272702,0.13930026630082037
ID_6B523A3816,0,0.15,0.01646414702103096,0.09374659,0.1276549662657784
ID_6B59F2FE3A,0,0.15,0.04442409103008049,0.10035465,0.07173567478936149
ID_6B71CAE25B,0,0.15,0.108412815436595,0.035100076,0.08242475256998075
ID_6B80D611FD,0,0.15,0.22725591286933655,0.09550081,0.11925638569585251
ID_6B85F3E11A,1,0.15,0.11515837275741317,0.10226786,0.08454236953225877
ID_6B8807E82D,0,0.15,0.1431505494047671,0.21350178,0.18391734871696272
ID_6B8F9AD6E9,1,0.15,0.2257261039584182,0.08950299,0.10527873788151718
ID_6B90421316,0,0.15,0.29061725743595157,0.19278088,0.1406576548580878
ID_6B94CD342E,0,0.15,0.06713343343623594,0.041516665,0.07100631166269093
ID_6B95293D6F,0,0.15,0.16522816556952177,0.096493445,0.1441630238211197
ID_6B9836615A,0,0.15,0.11968676123635277,0.07668338,0.1342312542527437
ID_6B9863D466,0,0.15,0.12390268804720897,0.06720063,0.07080589047346231
ID_6B98B05DC4,0,0.15,0.05337320360727854,0.03726303,0.039579239811792025
ID_6B9A9959D7,0,0.15,0.24381917283275287,0.1375396,0.13428419337994948
ID_6B9E0F9F3A,0,0.15,0.04035723455652858,0.015532276,0.05272334468317505
ID_6BA3E652FB,0,0.15,0.2434098196253444,0.23153834,0.2145785295779625
ID_6BA77409EC,0,0.15,0.27463398553976015,0.29385105,0.22962457757241936
ID_6BAFFE0BB2,0,0.15,0.05140877279247105,0.012577521,0.03216228215658722
ID_6BB5B45207,0,0.15,0.05317581050978821,0.052030873,0.05268658094461474
ID_6BB63C9BF4,0,0.15,0.030507014200122473,0.05169622,0.10079952128472748
ID_6BBC1DA3B9,0,0.15,0.06657466515851031,0.026088463,0.04858192726779965
ID_6BBDC00E48,1,0.15,0.11868766209975061,0.16683827,0.12266268285779258
ID_6BD4174B68,0,0.15,0.11057414392983604,0.03816111,0.05975959121152052
ID_6BE2339A24,0,0.15,0.12822774200612716,0.09406175,0.0920889244766519
ID_6BE4067467,1,0.15,0.1255487183146777,0.06623843,0.10545777654241326
ID_6BE910B7C3,0,0.15,0.11630672794195936,0.06094172,0.09022463725687221
ID_6C06316ABB,0,0.15,0.18267126863293184,0.11098846,0.19873672928970001
ID_6C08827B3A,0,0.15,0.1806902449511189,0.060570892,0.10437643320456164
ID_6C1898ED5F,0,0.15,0.10659740599244308,0.05327057,0.12412857315438969
ID_6C26B35C73,0,0.15,0.03261384434542601,0.104724675,0.07099132808810421
ID_6C28E7CF36,0,0.15,0.302192056364382,0.5329662,0.46819678496413153
ID_6C29486D74,0,0.15,0.08930400077232728,0.03517074,0.08713300004211241
ID_6C31480C70,0,0.15,0.15491456534218356,0.46129945,0.26839489071603406
ID_6C4741D061,0,0.15,0.27453276364890056,0.17390431,0.1503288189508099
ID_6C586F92B1,0,0.15,0.17066000963652075,0.045878995,0.06434216977474237
ID_6C5DB602EE,0,0.15,0.05738918847481228,0.06797141,0.0752931067503656
ID_6C5F3F67F2,0,0.15,0.16032624385860483,0.14737566,0.1739376629662541
ID_6C621AB5BF,0,0.15,0.3027707323406429,0.07801956,0.0828767219272166
ID_6C7C23E647,0,0.15,0.2555890424916082,0.07751189,0.06995100410376624
ID_6C7DC8F555,0,0.15,0.031610081832829186,0.028415905,0.05392397273719837
ID_6C7FD68D54,1,0.15,0.26506682687815614,0.41833335,0.2982273435120394
ID_6C811D221F,0,0.15,0.28284031920881914,0.16381359,0.12313074701653613
ID_6C81F151AC,1,0.15,0.16040103974761882,0.073484786,0.10845739520278444
ID_6C84139532,0,0.15,0.1744827875662891,0.31026447,0.3039984207298899
ID_6C8D162353,0,0.15,0.08754400681912342,0.055437095,0.062255241594944825
ID_6C90B94CC3,0,0.15,0.018128234485435588,0.017951284,0.058094291440775415
ID_6C9288E32A,0,0.15,0.33295054961423604,0.22397554,0.20291848882484664
ID_6C9480EF0A,1,0.15,0.3174638756573307,0.42481828,0.35262618558895203
ID_6C9B44B025,0,0.15,0.29008921491504924,0.29243764,0.2845014490542785
ID_6C9F01521D,0,0.15,0.1187588430406328,0.19308032,0.2024685888771781
ID_6CA07997EC,0,0.15,0.0004960111341403042,0.07451257,0.06788816353099845
ID_6CB114CB01,0,0.15,0.05708179923652908,0.033313274,0.05382817243120938
ID_6CB439C13A,1,0.15,0.1558137574329733,0.16304506,0.10813251424319141
ID_6CB5FC5EE3,0,0.15,0.043530499511881066,0.021905778,0.04075765808684997
ID_6CC266065A,0,0.15,0.02720981931149573,0.006998395,0.022236389325884367
ID_6CC4893C01,0,0.15,0.08584416365711363,0.15114398,0.14226600391296287
ID_6CCF2DD477,0,0.15,0.07650778098570708,0.18338744,0.20171268881846535
ID_6CE8E7F92B,0,0.15,0.31576614402678627,0.3074947,0.2470699699748712
ID_6CEAE2235D,0,0.15,0.11778077973289836,0.050013084,0.13955578021199017
ID_6CF801EC13,0,0.15,0.09010788578844427,0.10410257,0.10168661733492752
ID_6CFAED7B3E,0,0.15,0.19251294433090546,0.046869874,0.07354996732735948
ID_6CFD065662,0,0.15,0.1625609455437957,0.15592246,0.12924598986992478
ID_6CFEA4BA59,0,0.15,0.014591778770378325,0.007876725,0.021384142151069215
ID_6D0719B4C5,1,0.15,0.18677746209597554,0.123906344,0.14428400952029913
ID_6D1A39CAB1,0,0.15,0.12080805663869386,0.06571211,0.11771051565702859
ID_6D215FADCC,0,0.15,0.01999080071968301,0.022922026,0.055179764011362945
ID_6D24C57128,0,0.15,0.03452589006718976,0.13307162,0.18836083703041825
ID_6D2F915633,0,0.15,0.9465307211547094,0.24752907,0.20942020952765816
ID_6D4E03E0B8,0,0.15,0.0662044468518042,0.06691741,0.05915816604534606
ID_6D51185B7E,1,0.15,0.07180478124938784,0.14961445,0.15886450557495482
ID_6D51B08096,1,0.15,0.16674307212022382,0.529728,0.27143868887075867
ID_6D5B6AE38C,1,0.15,0.3063681427921496,0.4499412,0.41299190491050897
ID_6D5FDF4B69,0,0.15,0.0017334145173920307,0.16708651,0.235369564516734
ID_6D67CA3F7C,0,0.15,0.09078173788175313,0.1626359,0.2183142385370937
ID_6D7449B4CA,0,0.15,0.19367279096222656,0.23580176,0.19903540943740716
ID_6D77CCD837,0,0.15,0.25731864798289866,0.20185833,0.16242105616561298
ID_6D7C96DD37,1,0.15,0.10506028415300475,0.3464561,0.3162233904286807
ID_6D935CA1D1,0,0.15,0.05652860036894438,0.032647084,0.04429119809759423
ID_6D94F4A1B9,0,0.15,0.1538365393745496,0.08887887,0.12090771822279615
ID_6DA20AC484,0,0.15,0.0030330539581407325,0.17669104,0.15000472837102108
ID_6DA9BD9B3B,0,0.15,0.10069426137402973,0.039172426,0.055703967765884155
ID_6DB22AE90A,1,0.15,0.3310395804467016,0.55888665,0.4907926199698593
ID_6DB8BE2D19,0,0.15,0.15321639736432002,0.21092547,0.12906881596280598
ID_6DBB7677FE,0,0.15,0.050035667051077204,0.3784103,0.24951909860954355
ID_6DC4459AC5,0,0.15,0.049471374013893225,0.080821685,0.10700639976938985
ID_6DDBB29E32,0,0.15,0.09056831326351826,0.034084033,0.06508450871929365
ID_6DDBF57D7C,0,0.15,0.1593802842720701,0.1877815,0.2190736772011789
ID_6DDF9E02C6,1,0.15,0.2964789139194208,0.3630571,0.29545893053335764
ID_6DEB11DF78,0,0.15,0.06835485235296616,0.079772264,0.1259928260858639
ID_6DF426CB2F,0,0.15,0.10738625222553311,0.05503467,0.0746168381048542
ID_6DF83E27FC,1,0.15,0.10442784165693973,0.1862645,0.11642085754730765
ID_6DFEC38CD3,0,0.15,0.11571674800372807,0.06276264,0.11539024243486622
ID_6E0010F0B4,1,0.15,0.24992200398128664,0.29918537,0.3602171420594606
ID_6E0140E97A,0,0.15,0.09896875683485479,0.06316885,0.06118200366456274
ID_6E063FF687,0,0.15,0.06495169080170894,0.11920177,0.14853905719080676
ID_6E10017FEE,0,0.15,0.060322166847201306,0.021325763,0.0569686119988228
ID_6E1456653F,1,0.15,0.13153326138391896,0.34649378,0.2869930544769396
ID_6E1E4C0378,0,0.15,0.40884893472750256,0.43496844,0.3942991602490492
ID_6E1E9646A8,0,0.15,0.06034544550644704,0.14283815,0.1548776811485982
ID_6E2412D402,0,0.15,0.1147497722721493,0.04479599,0.06639101723502187
ID_6E27AD2B37,1,0.15,0.2125283767492967,0.23218729,0.2644296135843393
ID_6E3322FAA4,0,0.15,0.18816146825323526,0.33380178,0.2935428569504454
ID_6E3717B508,1,0.15,0.6017661298811846,0.8904259,0.7370751020427527
ID_6E37EF956E,0,0.15,0.09106633913605351,0.07021187,0.08637239730400358
ID_6E57A7B67C,0,0.15,0.00047658134922791694,0.05775474,0.0812254672254333
ID_6E5854FB78,0,0.15,0.026611855964371236,0.08926424,0.11595999394019373
ID_6E5A4D5746,0,0.15,0.006854097877474309,0.003639103,0.018133976786479464
ID_6E60A6D674,0,0.15,0.3853720414127047,0.37037975,0.28057987340879886
ID_6E71B66014,0,0.15,0.08764482092465344,0.06352809,0.07478947581107992
ID_6E73E7BBB5,0,0.15,0.15211977704068658,0.13464221,0.13374935961257578
ID_6E78536CDC,1,0.15,0.2897937405342369,0.41947097,0.3302113342280754
ID_6E79B60CD7,0,0.15,0.11310809763770742,0.05470372,0.07623960472111325
ID_6E7D9136AF,0,0.15,0.37431968393507,0.24652301,0.22083502586935264
ID_6E8AC2BC69,0,0.15,0.0629272373725784,0.016510569,0.045708817354238894
ID_6E8D358EE2,0,0.15,0.03596861855268676,0.055920623,0.10769008457123981
ID_6E90781600,0,0.15,0.07818420942599275,0.012891345,0.031184879041899368
ID_6E942B97E9,1,0.15,0.2506678576411733,0.37076622,0.3278433614920206
ID_6E9DB2289B,0,0.15,0.13886381154154875,0.014316189,0.031821524021593744
ID_6EA74E3EBD,0,0.15,0.14694935497928757,0.072102316,0.13751259002567848
ID_6EAD860C61,1,0.15,0.49188347467250493,0.44600898,0.31043148760889383
ID_6EAE301022,1,0.15,0.08919046971441823,0.2501988,0.32453097266469993
ID_6ECBBDD9BF,0,0.15,0.15380438087121884,0.054236423,0.0822381151930422
ID_6ED9256C6D,0,0.15,0.10840517241680303,0.12651505,0.1494059574321557
ID_6EDA6751C8,0,0.15,0.00721090089295607,0.005935842,0.025297571611728954
ID_6EDEA8D76B,0,0.15,0.36262152655186913,0.27772513,0.10641414975325993
ID_6EE37974A0,0,0.15,0.10795121260819614,0.11612816,0.15429434490085858
ID_6EE7E56E0C,0,0.15,0.2437509435282586,0.16935001,0.16187900408221603
ID_6EE92B5644,0,0.15,0.08294372032158971,0.24000323,0.15999572994483735
ID_6EED65D609,1,0.15,0.23648617499040722,0.30023912,0.1933248442419227
ID_6EF401616E,0,0.15,0.09306152991361663,0.026080377,0.06332017369337153
ID_6EF65E4831,0,0.15,0.19879287108521723,0.12443051,0.1957369435300364
ID_6F02C3BC5A,1,0.15,0.7193124617676734,0.1970975,0.18176035384081343
ID_6F1462AF1F,0,0.15,0.07114761686733743,0.047858004,0.05416305115417735
ID_6F2392A9DC,0,0.15,0.08074386052067423,0.12981309,0.1321567382641987
ID_6F274BB03D,0,0.15,0.2706894132980333,0.15743355,0.16249568030048933
ID_6F27AF5F65,1,0.15,0.04411403184541877,0.107531734,0.1120349396071288
ID_6F2C303980,0,0.15,0.2459756070338396,0.1567926,0.14113178035112925
ID_6F2D13B19D,0,0.15,0.10065397850028575,0.056838717,0.08054758617353253
ID_6F2F6E4A94,0,0.15,0.3649535380931779,0.22601086,0.2476428588162163
ID_6F35A760FF,1,0.15,0.29153721716470465,0.2408658,0.24068969492378364
ID_6F4476A77E,0,0.15,0.010053013847445984,0.10633715,0.16304521563942836
ID_6F4748EEA4,0,0.15,0.07591433522593881,0.033895697,0.06123813830987548
ID_6F5A8C6C27,0,0.15,0.0699594232699282,0.020659303,0.058184638953049976
ID_6F61772098,0,0.15,0.017946784956962725,0.04890256,0.08224619144587927
ID_6F6286CF83,0,0.15,0.02124117897116606,0.006156836,0.02720070830621531
ID_6F637ED337,0,0.15,0.07879250546267348,0.021698365,0.04865149546421975
ID_6F67239F88,0,0.15,0.24597500241653247,0.2634383,0.22585106268017316
ID_6F6787CC80,0,0.15,0.1383688989368818,0.14806537,0.10345581033211337
ID_6F6DC8679C,0,0.15,0.20473266568774906,0.13708982,0.13595160965835243
ID_6F9AA9B5FB,0,0.15,0.13563037657931445,0.34301203,0.3065371213260922
ID_6FA095CAEA,1,0.15,0.20780019486043277,0.26258415,0.31912682917263474
ID_6FA1BD0CB5,0,0.15,0.1733109703357073,0.25252485,0.2522846507767693
ID_6FB109A3DC,0,0.15,0.18020685088807384,0.1461146,0.1155506234734092
ID_6FBD1F8F57,0,0.15,0.01230273965603442,0.0058636647,0.022863651042069423
ID_6FCEBEFA56,0,0.15,0.08149850416733807,0.018892737,0.05027711427277632
ID_6FD454B69B,0,0.15,0.07142836713431296,0.28591993,0.3205527909963877
ID_6FE2154622,0,0.15,0.24294365529873393,0.1106809,0.1188915900737632
ID_6FEEBC2D67,0,0.15,0.14558798851967206,0.071857944,0.13339089912133778
ID_6FF146F4DC,0,0.15,0.2736139683518495,0.36798584,0.3496590582993095
ID_6FFB37EF43,0,0.15,0.20292829299926093,0.22378114,0.18279065974835285
ID_70118C6484,0,0.15,0.028990071447046892,0.010961071,0.029017457346489063
ID_7012D98778,0,0.15,0.1145375637570006,0.024288662,0.0509352661087982
ID_70137066C4,0,0.15,0.2499240084632235,0.1370276,0.13221861943931607
ID_70189B8F41,0,0.15,0.0008492401141714279,0.057471473,0.11078099256214959
ID_7019521482,0,0.15,0.20167977926792233,0.055978257,0.07782799824325456
ID_701C01E9F2,0,0.15,0.16347890145569194,0.090294875,0.08175968760675457
ID_701E184FA9,0,0.15,0.05141735838563704,0.015691418,0.03762156517128047
ID_7025B0659C,0,0.15,0.13164357492201298,0.069135755,0.10850285086917154
ID_702D31CE1E,0,0.15,0.10770976911305774,0.037400935,0.0364170450183491
ID_7036E878B4,0,0.15,0.3491527755208424,0.086432844,0.11464836530036696
ID_704402AF0C,0,0.15,0.028377367586077052,0.047759492,0.0763470532949962
ID_70475EA1C4,0,0.15,0.3361514982265696,0.088807784,0.1543998202583722
ID_704A9272A9,0,0.15,0.08607049876594645,0.09337071,0.11656087496672408
ID_704AE32257,0,0.15,0.2102607670709772,0.2570381,0.2925379140318809
ID_704C028732,0,0.15,0.07107957965579417,0.12615013,0.17757096516034337
ID_70548C97E4,0,0.15,0.18915873904145789,0.13336992,0.18325788836716153
ID_70665E3262,0,0.15,0.024392598660750428,0.043979097,0.05045833486610848
ID_7066A61296,0,0.15,0.09726619296220834,0.13957438,0.1314097985407761
ID_7067CC98E0,1,0.15,0.2550238977445158,0.37443927,0.3097700267891537
ID_7068CBE8C6,0,0.15,0.09265815701323386,0.07966459,0.07588611188038752
ID_707DF3723B,0,0.15,0.13298094484423484,0.03526829,0.06445904886482776
ID_7086067660,0,0.15,0.2146823813764365,0.20154396,0.15596618798485087
ID_708F0427B5,0,0.15,0.0614175181212142,0.2556656,0.17526209729262215
ID_709C9A154D,0,0.15,0.09300417916229874,0.067557566,0.09665297512850506
ID_70A0227EB4,0,0.15,0.16683865910911283,0.10279411,0.10655367234985094
ID_70A37BDA3A,1,0.15,0.15507120714943337,0.517493,0.4737337002611303
ID_70AAFD3763,0,0.15,0.1775340875765207,0.09817399,0.121990392531537
ID_70AFB9B66C,0,0.15,0.03905363473234102,0.022795726,0.04547928751364195
ID_70B6DFE6C8,0,0.15,0.13368917966854163,0.09833608,0.09226674175598751
ID_70C8F2A41D,0,0.15,0.21343692482754797,0.051098518,0.12252299750980947
ID_70C94E069E,0,0.15,0.08283880234759071,0.041427758,0.05167191942171903
ID_70C98F8C70,0,0.15,0.5393330490706812,0.25424117,0.289160467582706
ID_70D12FE0FF,0,0.15,0.14765828842505088,0.057379283,0.09550600163130099
ID_70E17EA345,0,0.15,0.3005633063955338,0.23425461,0.2811044616465407
ID_70EB34EB39,1,0.15,0.2126217880402599,0.34786507,0.23583891659255515
ID_70F61AE2D7,0,0.15,0.1312032746760104,0.09963998,0.12358172453940443
ID_70F6DF4E91,0,0.15,0.2008389858583662,0.092008874,0.08367708869278796
ID_70FF784A12,0,0.15,0.19305779179909008,0.19517553,0.1163339700161322
ID_71123587B5,0,0.15,0.0942109794058581,0.037834954,0.053130168487183924
ID_71193CF0A3,0,0.15,0.04233797250032231,0.013968578,0.03831070622970019
ID_711947EA8F,0,0.15,0.17832189393435657,0.09537818,0.12469151080408707
ID_7123EDBE19,0,0.15,0.18169768168699338,0.06977436,0.08526434327383685
ID_7129F690B0,0,0.15,0.009567694239763912,0.06442231,0.10613153745580714
ID_71302E8C7A,0,0.15,0.07994761268610993,0.046837803,0.06761830259366572
ID_713393A0EA,0,0.15,0.05238795306926376,0.08993264,0.09361907496007808
ID_7137308ABF,1,0.15,0.22909704626637284,0.13799222,0.12354472768736346
ID_713BBCEF69,0,0.15,0.046639555478880136,0.033392325,0.06693438469066287
ID_7149A4572E,0,0.15,0.08946487263252623,0.3769354,0.2331610336463873
ID_714B3C972D,0,0.15,0.1645497374923577,0.28553668,0.16664636875931507
ID_714B505352,0,0.15,0.05584631446830321,0.026185066,0.05877085942993354
ID_7154325A49,0,0.15,0.16849868060323603,0.056194197,0.09498662670943271
ID_7154358968,0,0.15,0.15433825238696647,0.064684965,0.0768389731992627
ID_7156208700,0,0.15,0.06104186433301777,0.07350899,0.10040915421051698
ID_715DE25CE2,0,0.15,0.05309268576398274,0.025114171,0.06846612997588078
ID_715DE66DA4,0,0.15,0.16757950664705779,0.060454275,0.10388632677997542
ID_71650CB86B,0,0.15,0.05017486900163688,0.113324724,0.1704087407370949
ID_71709F5813,0,0.15,0.1439919123751252,0.026457673,0.048272437367050926
ID_717266FF56,0,0.15,0.3286493585961197,0.19424264,0.18648571676901354
ID_717BA6775B,0,0.15,0.43536090569982083,0.27048826,0.2720766022073734
ID_7187A9C820,1,0.15,0.5177722497540512,0.42806113,0.2952392856681803
ID_719EC082AA,0,0.15,0.11293986732421725,0.041292887,0.07866379280548202
ID_719F7011F2,0,0.15,0.0548817786870243,0.027150365,0.06578849682598112
ID_71A3A9BA57,0,0.15,0.14049525012441375,0.13409533,0.15866274271817207
ID_71B5B8FA01,0,0.15,0.006172526087564743,0.058293764,0.10010730669828147
ID_71C170D4FA,0,0.15,0.10427399610589601,0.020974398,0.08429870828865396
ID_71CEA9FCCC,0,0.15,0.0970679389211409,0.09327563,0.11103225447813084
ID_71EA7A7CEB,0,0.15,0.06579019992450347,0.010522625,0.05275528852736099
ID_721049C44F,0,0.15,0.04186917016949997,0.01744545,0.032279952774943936
ID_722044E2FB,0,0.15,0.27181459891148846,0.10015669,0.09214252579370719
ID_722EC10078,0,0.15,0.045574691593653446,0.08728755,0.10736138272569534
ID_72351208EE,0,0.15,0.03561046694717864,0.08327459,0.07758091083979729
ID_7235AD08EB,0,0.15,0.18831751498108976,0.17074242,0.1680540901978625
ID_7236AC3FA6,0,0.15,0.08144863680737756,0.03243735,0.06248535853555632
ID_723985E4E2,0,0.15,0.03346868999235981,0.04513025,0.058328284359277685
ID_723A7ECA81,0,0.15,0.02443565873396478,0.014394156,0.04696326879368555
ID_723FC788D5,0,0.15,0.0358233730613235,0.017823461,0.03938087658577773
ID_7261E024DF,0,0.15,0.09990573571274727,0.033331774,0.07308025438126074
ID_726C04DAA9,0,0.15,0.026813677581858257,0.15870883,0.16273094394359555
ID_7275F6EEF7,1,0.15,0.3452729853907088,0.55290264,0.45309791121532716
ID_727F5C7214,1,0.15,0.6074422531928405,0.86411315,0.6511529092228515
ID_727F9FE469,0,0.15,0.10732177038767196,0.12069251,0.17363603343896522
ID_72999F1E8E,0,0.15,0.0008462448521371086,0.046976145,0.07932121248271126
ID_7299EBE57F,0,0.15,0.15935983427264444,0.42596227,0.2538081479296434
ID_729B131635,0,0.15,0.03645416750013836,0.022592776,0.04813809993375907
ID_729B814167,0,0.15,0.0635414077248681,0.0358818,0.05817788811517038
ID_72A33DA8ED,0,0.15,0.08943993995443794,0.024918614,0.04612609530637689
ID_72B2B9935C,1,0.15,0.1680806875845505,0.10768605,0.12216782447368135
ID_72B97A8E0E,0,0.15,0.1777377299626399,0.12819374,0.09985143849217162
ID_72BD0C5B41,0,0.15,0.013846974261893682,0.012650492,0.026909373572142303
ID_72BDBBF8A5,0,0.15,0.05823324026702519,0.07192387,0.04377653302720544
ID_72C5325466,1,0.15,0.21762357258014456,0.4481117,0.42779093730829376
ID_72CEECE289,0,0.15,0.06876816342384012,0.03404132,0.05013367046466811
ID_72D887B446,0,0.15,0.45246650150341206,0.2969063,0.2176101930678501
ID_72E5F03B97,0,0.15,0.03232931324417119,0.03746821,0.03660222558100118
ID_72E6537D14,0,0.15,0.0846828472487055,0.02573696,0.04937676661214234
ID_72EE530EFE,0,0.15,0.04340360983223311,0.10254215,0.09833164052841836
ID_72EFDCFBA9,0,0.15,0.10750080743960634,0.10022131,0.09378257833193225
ID_73016E791D,0,0.15,0.12778458588201067,0.039727125,0.05435457189215155
ID_730191451F,0,0.15,0.07714775962778159,0.025366317,0.04011807361607977
ID_730E829F3E,0,0.15,0.20310555746166398,0.43025732,0.44104671685645985
ID_7318C716B8,0,0.15,0.21206210357707758,0.16667987,0.23168274374444664
ID_731F6F78A7,0,0.15,0.08126148878114837,0.07834548,0.0772233756295866
ID_7324A68198,0,0.15,0.127589264481578,0.10253127,0.1720350954604492
ID_732A0F3FE4,0,0.15,0.05928907500154702,0.031960543,0.08859083013302554
ID_732ADA6043,0,0.15,0.20868703159050075,0.14207475,0.1258079020927597
ID_732BEEE3D4,0,0.15,0.21256836571196774,0.119751394,0.11117464458353768
ID_733F2D7002,1,0.15,0.11188314446117273,0.30026725,0.21393304240445649
ID_7346C23F75,0,0.15,0.21820325154973264,0.11402271,0.11668021871952737
ID_7347058294,0,0.15,0.0002804078693634425,0.028659666,0.07877642887477831
ID_73512E53C1,0,0.15,0.1271897530694138,0.11514507,0.11423608063223428
ID_7351DA62B3,0,0.15,0.14477346532491744,0.10994172,0.20825882301129944
ID_735CBDBDED,0,0.15,0.04804719157091585,0.022265222,0.05372367246069291
ID_735F62AA44,0,0.15,0.04260250539235208,0.008982461,0.04098316288666524
ID_73753E94C7,0,0.15,0.07834542185859737,0.08595184,0.12233658416902798
ID_738032854B,0,0.15,0.3041651359606001,0.2606975,0.22687702239994373
ID_738B1A0460,0,0.15,0.12617050603732177,0.08857148,0.11133076100231859
ID_738BB8A8BB,0,0.15,0.09889772967068038,0.06690891,0.08057339352925728
ID_7397ED4C0A,0,0.15,0.047588467638862084,0.058059722,0.07193458679984187
ID_739943D92B,0,0.15,0.11166754760949674,0.13177542,0.13723093158085842
ID_73A6E9B8CD,0,0.15,0.03443715875111107,0.052305557,0.0723805801829664
ID_73AED6A1F4,1,0.15,0.20174204456805084,0.16876693,0.12675151734383425
ID_73CACA86DD,0,0.15,0.0016143181289913944,0.06819635,0.08270729153957446
ID_73CC6F6600,0,0.15,0.06898854015725196,0.03800309,0.06578184367828088
ID_73DAABA9EF,0,0.15,0.23654614122009948,0.17520933,0.19226483607324588
ID_73DB1F58B3,0,0.15,0.12494379221849007,0.029251708,0.04493778975306718
ID_73DF93E084,0,0.15,0.12681428037140183,0.4032103,0.19673184324307721
ID_73E0605F55,0,0.15,0.15209300197658798,0.111512214,0.09800032041590148
ID_73EDD27FD2,0,0.15,0.1903057720483356,0.12946618,0.12222550440436096
ID_73F6EB4380,0,0.15,0.047349962659871035,0.05749763,0.049714287404434516
ID_73FB25196A,0,0.15,0.136472261508373,0.0243586,0.05809661482836535
ID_73FD512F5B,0,0.15,0.10904688376474472,0.051358797,0.06993959068186636
ID_7404E4F033,0,0.15,0.07396758221212685,0.02101745,0.03510475764328017
ID_740841CF74,0,0.15,0.19973696324561085,0.18022925,0.12705664305908582
ID_740963795E,0,0.15,0.03676136994795734,0.054485682,0.08621350689943452
ID_742374AEAD,0,0.15,0.1787066497821544,0.06283103,0.11031322379606512
ID_7426ED1AEF,1,0.15,0.07255151336813158,0.2420646,0.29557919675836675
ID_743208EECA,0,0.15,0.1749213043594191,0.2824701,0.2561217882388022
ID_743250A664,1,0.15,0.3690991852343425,0.5647914,0.4680596395630032
ID_744AA45433,0,0.15,0.08852611281683637,0.09827866,0.10386907893736529
ID_7456C1F1FA,0,0.15,0.12425965826685328,0.25293058,0.3409212420371008
ID_746EF96A4C,0,0.15,0.00037185245523363783,0.04506824,0.07644908190062279
ID_747473B268,0,0.15,0.03655868089673003,0.016635677,0.04227569792116054
ID_74793B53D9,0,0.15,0.10748118911346152,0.015997201,0.05068387044357111
ID_747AF9D73C,0,0.15,0.27938085355635567,0.31302127,0.32341488761545456
ID_747BC96242,0,0.15,0.08574247358767674,0.071233034,0.07120729894666267
ID_748072F37F,0,0.15,0.10013600756466802,0.053055212,0.0772738828806457
ID_7490D6B127,1,0.15,0.0864325775811152,0.25014082,0.1555768774179307
ID_7493D9BAEB,0,0.15,0.05645365439371446,0.08054118,0.08671246093445625
ID_7496257994,0,0.15,0.126050502188925,0.34201816,0.1875979855283241
ID_7498D7C946,0,0.15,0.1001976445114048,0.06846196,0.10536174305769719
ID_749E5C3F50,1,0.15,0.12061696408443857,0.08611364,0.09711128680944883
ID_749FA61EFF,0,0.15,0.10175916577715678,0.013169168,0.04756990731458699
ID_74A3BDB22E,0,0.15,0.06551882650563981,0.016702471,0.028922051179400807
ID_74AAD24B65,1,0.15,0.1412184725158939,0.09347171,0.09584028349329447
ID_74AD695964,0,0.15,0.09423905104913707,0.14573528,0.12477392698626913
ID_74B87FF4ED,0,0.15,0.22674062432142897,0.03629481,0.09970096204108463
ID_74C948C0F6,0,0.15,0.2464128213455877,0.14514118,0.13766664705582865
ID_74CA29831D,0,0.15,0.1702165290284006,0.16355997,0.17317872672053514
ID_74CB749CC0,0,0.15,0.31638393786789293,0.15501395,0.20907641184613554
ID_74E1DF9699,0,0.15,0.017741812477770944,0.017364604,0.033164973545202744
ID_74EE893DF5,0,0.15,0.17093143064497973,0.036969762,0.05032703797383697
ID_7504D1460E,0,0.15,0.26987925798504386,0.5912626,0.4205846695233258
ID_750F219A80,0,0.15,0.2391580428349964,0.08340486,0.10519594123082401
ID_7517FC5CBB,0,0.15,0.009681149666852757,0.014779581,0.03650791596856233
ID_7520E9C03C,0,0.15,0.10665367879040831,0.04021173,0.06911052669344084
ID_752B7378B6,0,0.15,0.15592533455609944,0.052811936,0.07071523466417186
ID_75302B2B82,0,0.15,0.08396674909258134,0.0675586,0.10875604478747405
ID_7546DED653,0,0.15,0.03369516342329904,0.017777892,0.030758672033344467
ID_7548129B2F,0,0.15,0.07757061244938225,0.04812573,0.06412724407779063
ID_754C7E703B,0,0.15,0.30733730759578326,0.120287865,0.1958181950402264
ID_755025B6FC,0,0.15,0.06660227771888204,0.078117214,0.12744136800515526
ID_75575AE340,0,0.15,0.28506526111635244,0.16046813,0.1771753668919154
ID_755E209F7D,0,0.15,0.0017925821252954138,0.07745884,0.12094649128189014
ID_75785AC97E,0,0.15,0.05764534493297984,0.04656732,0.08420672573300882
ID_7579289458,0,0.15,0.26833533096267503,0.3501063,0.32967652891431093
ID_757F45FB3E,0,0.15,0.06780210518675016,0.16315453,0.17058763298054255
ID_75906AF493,0,0.15,0.08793530430007321,0.023005847,0.0647219034635786
ID_759249FA9E,0,0.15,0.06221636913802575,0.030892108,0.04439151686316248
ID_7599ACFFAE,0,0.15,0.03733059162426801,0.024228936,0.032445573679051334
ID_7599DAF7ED,0,0.15,0.061554669606743995,0.1122075,0.166473915844208
ID_759BD7386E,0,0.15,0.18083567559731553,0.07812999,0.12228708220254521
ID_759C8D0331,0,0.15,0.21967038166043884,0.25424373,0.2601673571798409
ID_75A60F8CD8,1,0.15,0.16692711021726755,0.12312907,0.12610455956838504
ID_75AC6CA8F3,0,0.15,0.11128313111718469,0.14402974,0.19808419017526283
ID_75C097277B,0,0.15,0.03529565902921698,0.01980858,0.04020877626240063
ID_75C6BF978B,0,0.15,0.01865293077624347,0.036083438,0.05778669986130376
ID_75C726D505,0,0.15,0.10450708479730045,0.12534079,0.18939337678070028
ID_75CA51C112,0,0.15,0.13943657725644387,0.120840244,0.12428913916908169
ID_75D8EE6088,0,0.15,0.07523723387212498,0.0472423,0.0911032924903148
ID_75E075F073,0,0.15,0.08700132403179,0.14938375,0.11675368520256246
ID_75ED247245,0,0.15,0.21272003126979777,0.074265555,0.10153647063316838
ID_75EDA66599,0,0.15,0.1373106798771891,0.17714311,0.23015722631797136
ID_75F48565F6,0,0.15,8.696107515515754e-05,0.03783676,0.08059939279950484
ID_75FE4E7AA5,1,0.15,0.10914845548952544,0.40251315,0.38436264603182346
ID_760284074B,1,0.15,0.4924927554164133,0.8636417,0.6349817238295606
ID_7605469432,0,0.15,0.05810254016922438,0.058319677,0.09397100540295523
ID_760902D6F2,0,0.15,0.13583817937905338,0.07103717,0.05960948632812557
ID_7609CEAA90,0,0.15,0.00061875570752176,0.041080765,0.06628834193655536
ID_7615045AA1,0,0.15,0.031783714123122656,0.017011475,0.03338989746675771
ID_761A9532EE,0,0.15,0.35978262847005615,0.41312185,0.29621193807943025
ID_76336BED8D,0,0.15,0.22001255017180682,0.17804152,0.4059874037013582
ID_76393EE80D,0,0.15,0.1289879267076354,0.030934598,0.06623458516101281
ID_763AF61D1F,0,0.15,0.6215450033798713,0.16851807,0.26523943417904583
ID_763F540491,1,0.15,0.4312588172178013,0.43373668,0.33769909896523337
ID_764717892B,0,0.15,0.17428890549428128,0.10251152,0.050531852738909415
ID_7659066E8D,0,0.15,0.22671367732190456,0.33598718,0.2933535486984644
ID_7667C427BB,0,0.15,0.15199228285867225,0.12859999,0.08949239916455119
ID_766A78F531,0,0.15,0.12751743292042755,0.16149914,0.13764052188954368
ID_766E61C199,0,0.15,0.12346670760668065,0.11547985,0.13711502595505357
ID_7672763AD1,0,0.15,0.0856669573877494,0.0461851,0.0612493915467379
ID_7678209A60,0,0.15,0.14773623772472913,0.08508759,0.06701559710545199
ID_767B4166D9,1,0.15,0.1332811493887891,0.08804939,0.10106230955002996
ID_769305AD46,0,0.15,0.05656778965296032,0.03454014,0.06197035725652325
ID_76A282FD7D,1,0.15,0.27137573073894916,0.31407055,0.34917122870354306
ID_76A35F196C,0,0.15,0.027255627141660452,0.09017664,0.09333415590055275
ID_76A8E72BC5,0,0.15,0.11389002052335452,0.2466169,0.19742728399719353
ID_76B604259D,0,0.15,0.39610287612797207,0.22696981,0.17453237053806028
ID_76BC3F7F95,0,0.15,0.07029708139637769,0.02981403,0.04516118767649032
ID_76C388CFC5,0,0.15,0.04886492457794696,0.028529478,0.05112581132871843
ID_76DEE65A65,1,0.15,0.3458166560574767,0.29648715,0.3120599143113652
ID_76E62CC823,0,0.15,0.010711138248590131,0.021856995,0.05348843530569416
ID_76E7A448C8,0,0.15,0.1136145564323884,0.1294275,0.15049247183426065
ID_76EA400852,0,0.15,0.09324751612321193,0.018194143,0.049063061778368056
ID_76EE6118EA,0,0.15,0.09382692025733544,0.051571958,0.08179560474365685
ID_76F1DA492E,0,0.15,0.12800963778592872,0.10475492,0.09062781593957285
ID_7705F16C8C,0,0.15,0.07717614963124828,0.008290567,0.028881931094292428
ID_770A34FE5F,0,0.15,0.053913419355509896,0.027771374,0.05665346336685191
ID_771EFD6F65,0,0.15,0.13483375572563078,0.10754386,0.12705989329039022
ID_7721235AD6,0,0.15,0.1258567499315622,0.061353058,0.0627961651475726
ID_772659949D,1,0.15,0.2767588589661745,0.15397948,0.1634447985512802
ID_7728CCC6A9,0,0.15,0.14360821693873374,0.093118064,0.1283815614847228
ID_772D2EADEE,1,0.15,0.30446429446547,0.29218462,0.24371358962708525
ID_77426A25A1,0,0.15,0.08764567493102524,0.018684447,0.03405722929261962
ID_7761E86F00,0,0.15,0.17199228041662556,0.06994127,0.06205822117692111
ID_776469569F,0,0.15,0.23110972353593634,0.065969095,0.11921867228734188
ID_77711C4580,0,0.15,0.31455371787529374,0.04814205,0.062276128895210385
ID_777B5CAA3B,1,0.15,0.31306154959681715,0.23697707,0.22253247626737804
ID_777ECFFC14,0,0.15,0.20209624210680388,0.13244525,0.1287076231264027
ID_7789E7AE77,0,0.15,0.27877644335005897,0.11089344,0.13554279728393162
ID_778FCA2246,0,0.15,0.06053772203548808,0.01725647,0.03555039090846982
ID_7793289D4B,0,0.15,0.1497983997946687,0.099684864,0.0985728423779188
ID_779F31EEEC,0,0.15,0.09161781913271524,0.18880907,0.15193939485203733
ID_77A0B43F14,0,0.15,0.13928620726175403,0.076027066,0.07539157200336304
ID_77B10D7F46,0,0.15,0.000423620573982608,0.12886234,0.13170679499285431
ID_77BCC773A3,0,0.15,0.2008581781477908,0.20559387,0.23950414822015265
ID_77C3B3DDB2,1,0.15,0.24648167708453808,0.22798872,0.15328008284371397
ID_77C46FDCA9,1,0.15,0.34996685602743616,0.2306999,0.23281814591205194
ID_77C5141F8D,0,0.15,0.2543262461311622,0.08748358,0.10302049676988687
ID_77C520C06D,1,0.15,0.19029151346338724,0.32159886,0.3418978400281434
ID_77C574022D,0,0.15,0.1606842002870448,0.044012863,0.056473802159168154
ID_77DAF5EA7A,0,0.15,0.04245579807449101,0.015033201,0.04766043444499381
ID_77E0364A61,0,0.15,0.1570535634798654,0.08007141,0.1231014374157462
ID_77E465B50F,0,0.15,0.3846433704265532,0.19356552,0.16819521360504566
ID_77EE473C0A,0,0.15,0.19442070101934594,0.21010524,0.2572513771518539
ID_77F9052CC0,0,0.15,0.10008779082627431,0.11120595,0.16500158500018297
ID_78043F8383,0,0.15,0.11265141281289463,0.031116411,0.07909444476374167
ID_7805E56225,0,0.15,0.15702989433878534,0.05466341,0.0870811968891856
ID_7812DA3411,0,0.15,0.008066765227069839,0.20244496,0.18065773314001013
ID_781554BCC7,0,0.15,0.06215959358343688,0.079271086,0.06588957462143928
ID_781A87B122,0,0.15,0.04127662685823315,0.10226598,0.12420083993915057
ID_781F937A55,0,0.15,0.005474036950154203,0.018186504,0.045767894698520654
ID_782A403863,0,0.15,0.18653460876971684,0.2581755,0.2613450876714151
ID_783754AF54,0,0.15,0.14698725979975047,0.03888215,0.08480128663006825
ID_783BA83F38,0,0.15,0.14301580501627958,0.040219624,0.05572319280612234
ID_78453EADE5,0,0.15,0.008628106334007924,0.0062356307,0.02532135067441653
ID_784778285F,0,0.15,0.04339211066328583,0.033427726,0.06022273141872215
ID_7847B5145C,0,0.15,0.12675812129294325,0.03744796,0.059922793542896056
ID_784A303AE4,0,0.15,0.1179584117156259,0.019526286,0.05912825473234861
ID_784A395893,0,0.15,0.2905383735311137,0.07304012,0.08812019334702233
ID_786427F2F4,0,0.15,0.18172827135099895,0.050113272,0.10095183124348647
ID_7869BCFD17,0,0.15,0.015168614209342972,0.017033122,0.028538482582864944
ID_7869CA01C8,0,0.15,0.1774671516171406,0.05933981,0.10179888509723574
ID_7875C31E51,1,0.15,0.14022190047799982,0.07848878,0.12339015026199121
ID_787EB1EE5B,0,0.15,0.17765942813020608,0.1346667,0.13077663133168455
ID_787EC2C6C4,0,0.15,0.04738076749553981,0.023727069,0.05628027719231259
ID_7880BFEDFA,1,0.15,0.30145897019506984,0.8264754,0.516598825907126
ID_78822ADC31,0,0.15,0.0823150725596472,0.021936433,0.08317135252294706
ID_7886019CCC,0,0.15,0.0022524828463929493,0.03728477,0.07588070197990075
ID_78A29C570B,0,0.15,0.02969266167346092,0.04212758,0.07547136927170225
ID_78A4952663,0,0.15,0.11243677756306236,0.06661535,0.08746790233980802
ID_78A5A7E27C,0,0.15,0.18507277156894025,0.13857593,0.12808722032258016
ID_78C5AD75C1,0,0.15,0.286736531623311,0.43384153,0.3186928654501335
ID_78C83AD1C2,0,0.15,0.036492190081306775,0.05681214,0.0743605506298128
ID_78D6E09FCE,1,0.15,0.29106598706599446,0.34104908,0.2883470123683457
ID_78DC6796B0,0,0.15,0.15393417949892257,0.08220254,0.1767513965980752
ID_78DDEB0DB0,0,0.15,0.148313809271705,0.03696987,0.08396059848576919
ID_78E05E9EB5,0,0.15,0.051011780993666885,0.13912639,0.11583968040224096
ID_78E0648BA5,0,0.15,0.054182915895499006,0.0412124,0.05859337382240427
ID_78E9063F44,1,0.15,0.45345930396625234,0.26143676,0.23715550310578265
ID_78EBF61BCF,0,0.15,0.11128598242091252,0.06338808,0.11548847430495085
ID_7908205C61,1,0.15,0.16098730915051954,0.23146594,0.2460327537875011
ID_790B665615,0,0.15,0.18627128994601935,0.06113065,0.09909892631134602
ID_79303DF836,0,0.15,0.15658531755036578,0.11761037,0.10444049958312467
ID_79372D54E4,0,0.15,0.11497214110526019,0.0113889985,0.03762948575660507
ID_79394EAF75,0,0.15,0.17093620208796145,0.024268305,0.04525499196240025
ID_793BE463DC,0,0.15,0.278157217656802,0.18228273,0.19049624130901666
ID_793EF38463,0,0.15,0.05001576971775888,0.029260894,0.054533390277989834
ID_79411A70B9,1,0.15,0.7908390803297873,0.4721018,0.40406069987554494
ID_794255F263,0,0.15,0.24133027425645642,0.24835613,0.29569041212994995
ID_794623FB95,0,0.15,0.0009214781677196613,0.03858901,0.08481944075466753
ID_795440E06E,1,0.15,0.3046798073121714,0.35586083,0.3674614133530446
ID_795BB516D1,0,0.15,0.1059659759315319,0.05777382,0.10845567241350754
ID_795E2FAAF4,0,0.15,0.07789865316026007,0.031858686,0.06521490110234238
ID_7968E7DC16,0,0.15,0.05673251880706477,0.1673926,0.164399221172502
ID_797AC9B691,1,0.15,0.16444903385697482,0.18158217,0.1517667898438403
ID_797DF4592A,1,0.15,0.22826598111593824,0.19430509,0.20136771875266246
ID_798F845B6B,0,0.15,0.12260277556216043,0.15769136,0.12828227882497753
ID_799026924E,0,0.15,0.13580342382529048,0.1270795,0.20057322249983112
ID_799957BBB0,0,0.15,0.06564671646338266,0.2692142,0.21378490563518154
ID_799D6936CE,1,0.15,0.3305074202022853,0.88984424,0.6708697889787414
ID_79A91F6E98,0,0.15,0.21638719468580198,0.11966231,0.12837714098874237
ID_79AF77DB1C,0,0.15,0.207822225032051,0.23507527,0.25851443306757876
ID_79C0ED2924,0,0.15,0.004772308821532544,0.1179346,0.14804978301653182
ID_79C7D9AA70,0,0.15,0.1605204753105237,0.1725765,0.16885774128458103
ID_79ED7CBAE8,0,0.15,0.04354630156703468,0.10776566,0.12007963742932432
ID_79F7AC63DC,1,0.15,0.06924767744556369,0.105508864,0.13477726999986026
ID_7A0BE9AC76,0,0.15,0.03876258833854364,0.009838158,0.03581013653419525
ID_7A216375D7,0,0.15,0.14314689479035164,0.11654424,0.13005223336923322
ID_7A29C26182,0,0.15,0.017647866548521116,0.0062893117,0.014320050168996155
ID_7A38D1864C,0,0.15,0.13740377440263257,0.08501438,0.10921737221640097
ID_7A3F899400,0,0.15,0.730628549151521,0.27090886,0.2528741767616614
ID_7A453B2AF3,0,0.15,0.055923354530762706,0.037402324,0.041255459779652906
ID_7A598F0E2C,1,0.15,0.05797762316205499,0.114997685,0.18636884577404958
ID_7A59CC19E1,1,0.15,0.17456820756458735,0.21632497,0.1407938535527887
ID_7A5F442358,0,0.15,0.13432185953761433,0.06855736,0.12467665415083598
ID_7A643E47C5,0,0.15,0.2992662292551679,0.14353707,0.19934839470905738
ID_7A6623AADD,0,0.15,0.14044870300989432,0.18642193,0.21454316611557928
ID_7A66D24835,0,0.15,0.10439801083841803,0.04268868,0.07758944939937817
ID_7A69D6A226,0,0.15,0.06880452864521129,0.042192403,0.13496944406191033
ID_7A6A49B137,0,0.15,0.03809611625546637,0.040562574,0.05732217092385721
ID_7A6B1326B1,0,0.15,0.2071605127892218,0.14553238,0.2145788400434504
ID_7A7954C44C,0,0.15,0.035499507138682995,0.029604604,0.07929287164410764
ID_7A7AA46645,0,0.15,0.088267720987671,0.0829033,0.09999393526351709
ID_7A7C4BD5C0,0,0.15,0.04475518427364875,0.030672066,0.03553410981734175
ID_7A7FF7CAF8,0,0.15,0.07580382304676195,0.25984254,0.1642989036019434
ID_7A89908A9D,1,0.15,0.11497688192098814,0.21168804,0.22699905959846567
ID_7A98CFE946,1,0.15,0.20379301734073776,0.13833053,0.15076887523424604
ID_7AA1592843,0,0.15,0.07331959414132037,0.05262541,0.08835308913421715
ID_7AA20A115A,0,0.15,0.09866083547038769,0.11745711,0.08950580716838719
ID_7AA227DBBF,0,0.15,0.06625467806066385,0.055114895,0.11649998470053086
ID_7AAFF388B4,1,0.15,0.12994222209902556,0.40463227,0.3321191017110705
ID_7AB111111D,0,0.15,0.12410833246779884,0.06012888,0.1063021117532487
ID_7AC327E93C,0,0.15,0.2203509723543649,0.054936893,0.09960245943353863
ID_7AC5317470,0,0.15,0.0513759489187048,0.15328446,0.14284969389993796
ID_7AD135427A,0,0.15,0.10159114340170401,0.22039464,0.2585543737090327
ID_7AE5736D4A,0,0.15,0.10887035995385522,0.067156255,0.09318545121574147
ID_7AED47EC07,0,0.15,0.09678596027243712,0.10214012,0.1257222924273656
ID_7AFFCB3411,0,0.15,0.19216568112273563,0.087196685,0.14701385743591855
ID_7B02F11056,0,0.15,0.14781444896659773,0.06347926,0.09332756281096655
ID_7B147E3C08,0,0.15,0.031917908416608444,0.06615513,0.069356012410801
ID_7B1BE24253,0,0.15,0.2805434103080948,0.088697016,0.10891751090761086
ID_7B20B16F8A,0,0.15,0.12864552811552676,0.16305043,0.1685642149777605
ID_7B267F8CF5,0,0.15,0.025513674194146116,0.03996846,0.09521190200400052
ID_7B268BF87A,1,0.15,0.04862707180433627,0.19138046,0.17506101661355652
ID_7B310D4F4A,0,0.15,0.18716008533011402,0.120350264,0.11609091111958192
ID_7B3A4D460D,1,0.15,0.2886466266771126,0.44302163,0.359918429381641
ID_7B4A71C975,0,0.15,0.06197399722403046,0.043918367,0.06435177166306325
ID_7B6275F74C,1,0.15,0.22606042522608036,0.48451456,0.24050895872725273
ID_7B62F99E7C,0,0.15,0.1268948803893768,0.13763437,0.18307128856286228
ID_7B63E52C49,1,0.15,0.24538745432007567,0.19679923,0.1334842581845333
ID_7B6F344F8C,0,0.15,0.04421392324726826,0.0133122085,0.03566572826295036
ID_7B7198F923,0,0.15,0.15474603784596694,0.23608616,0.1821848306737657
ID_7B757CC21A,0,0.15,0.036741235620613356,0.060042474,0.08540119500635643
ID_7B7C89FA34,0,0.15,0.2072303523855041,0.1357723,0.14481914726195333
ID_7B7D00214B,0,0.15,0.10857527888469347,0.10867771,0.170319930141572
ID_7B84C6444D,0,0.15,0.0827862163276976,0.023762107,0.05229165908222723
ID_7B9C821272,0,0.15,0.06900292183966412,0.07838315,0.10796542216005059
ID_7B9E886E34,0,0.15,0.28507004428070404,0.19394568,0.16032873204349785
ID_7B9E8C7812,0,0.15,0.07218588298604815,0.10131123,0.11242402287894815
ID_7BA888FDD3,1,0.15,0.32261967178313106,0.3947893,0.3506820722923963
ID_7BB5D8EC2A,0,0.15,0.05624370273918711,0.019984802,0.02829325772876423
ID_7BCCE7A192,0,0.15,0.11421815911945656,0.034630276,0.08662329155575424
ID_7BD26A9FD2,0,0.15,0.07107549680048408,0.03920291,0.04408002814771548
ID_7BD8601DD1,1,0.15,0.40574313768009557,0.49524644,0.2817344154095017
ID_7BD8E3DB08,0,0.15,0.0012042703273590994,0.039088313,0.07559714100714611
ID_7BE705503E,0,0.15,0.15274470383080938,0.08520229,0.20194245755068227
ID_7BECFB219B,1,0.15,0.23400794923555995,0.5864732,0.44539877776696396
ID_7C00AD611E,0,0.15,0.1905988751612173,0.38093454,0.262534213434864
ID_7C0DF46062,0,0.15,0.07767181285851776,0.05293036,0.08089328829569388
ID_7C1396589C,0,0.15,0.09484314633555616,0.18836345,0.17526027327678936
ID_7C1434B882,0,0.15,0.12448606010030745,0.12970705,0.20697089301192576
ID_7C1BC046B9,0,0.15,0.22092546451983833,0.11788027,0.10982976886136757
ID_7C1C979DD0,0,0.15,0.07074338409803696,0.04585313,0.07105471097298031
ID_7C29B6CCCB,0,0.15,0.05767970202324235,0.032093663,0.060126713578798056
ID_7C4843C966,1,0.15,0.3656284964233574,0.3907044,0.37935729993319345
ID_7C48735BC3,0,0.15,0.19761800016123782,0.06699099,0.10872956171436719
ID_7C4899F6BC,1,0.15,0.1035812189337989,0.24538448,0.12466467944928027
ID_7C4A5BD467,0,0.15,0.14152300304198093,0.06976209,0.0894074046302008
ID_7C4B5EBD84,1,0.15,0.25983418829437965,0.45328176,0.3444433869198812
ID_7C5147D22C,0,0.15,0.0647666055548366,0.26197693,0.13399302833858082
ID_7C51DEACBC,0,0.15,0.10980282570547661,0.035245884,0.09929453327996918
ID_7C5672635B,0,0.15,0.08180079841806323,0.022093376,0.05517282967317141
ID_7C5D3C8294,0,0.15,0.13937451152864835,0.020756843,0.06089440509348407
ID_7C62DA17C4,0,0.15,0.2957732768906983,0.06732133,0.07661748923527278
ID_7C6E63BAA0,0,0.15,0.07732991098305937,0.020734016,0.035174886008959384
ID_7C82D6B2F1,0,0.15,0.10021259774277992,0.08582798,0.13972011149747202
ID_7C8F0598D7,0,0.15,0.29396545663030055,0.2505026,0.11406473203533739
ID_7C96D3F14F,0,0.15,0.03857341132197793,0.1015019,0.08578910027645713
ID_7C9A539F68,0,0.15,0.0945269939702794,0.021759639,0.04084068337205835
ID_7CA601B08B,0,0.15,0.28859489232558755,0.25027394,0.19851119155302144
ID_7CB0227944,0,0.15,0.05489386616061994,0.06483376,0.10378950339487605
ID_7CB0AD9FC9,0,0.15,0.19178814330861552,0.060777593,0.07632158733199197
ID_7CC0DDB0E2,0,0.15,0.10249587418382201,0.10610865,0.10128254104293123
ID_7CCD5336B8,0,0.15,0.1782855764553699,0.05675547,0.05937439058645542
ID_7CD935BBB2,0,0.15,0.1301443927801772,0.033035196,0.07442442328882157
ID_7CDE931DDB,0,0.15,0.036003641590913196,0.020889023,0.04480746498917562
ID_7CE64C0807,0,0.15,0.16182074498249605,0.041254304,0.09205801038979293
ID_7CEA989876,0,0.15,0.019211603923039427,0.06372929,0.06929544153850771
ID_7CED69E0C7,0,0.15,0.30116691038657034,0.07256657,0.08039105822527527
ID_7CF9FB937B,0,0.15,0.32928574550022693,0.32152554,0.2959857526698629
ID_7D0524DF43,0,0.15,0.20390879227749356,0.04697717,0.07902635549860192
ID_7D132FD35C,1,0.15,0.005889819434616218,0.2295339,0.19507999505727006
ID_7D146639CA,0,0.15,0.22961594230427118,0.10479976,0.19096087727596675
ID_7D184DE616,0,0.15,0.5454568663889487,0.6570049,0.7097318864673858
ID_7D248F15E9,1,0.15,0.29590707045611336,0.4587911,0.4516387961700279
ID_7D4343453A,0,0.15,0.02348967016586093,0.0043585896,0.01820587949226016
ID_7D53B9DCF2,0,0.15,0.1337746886785479,0.047638968,0.1058048897793599
ID_7D5AAC7A4D,0,0.15,0.09123893894399701,0.020763053,0.03453545390166799
ID_7D7BA0BA7E,0,0.15,0.07480679812502038,0.012158992,0.03299208753053484
ID_7D82A37E6C,0,0.15,0.07375199770355043,0.03476763,0.07335256329855301
ID_7D89821977,1,0.15,0.12272766702017371,0.04419059,0.07595163402592475
ID_7D8CFDE59A,0,0.15,0.13640357313388837,0.06834888,0.12559718643160633
ID_7D8FF0F305,0,0.15,0.09799054280120371,0.12847726,0.1436831133064415
ID_7D955589DB,1,0.15,0.07468646880760227,0.09279412,0.14005524439437295
ID_7D9743D4B0,0,0.15,0.1888461430982255,0.1599359,0.15622220530779013
ID_7D99A07008,0,0.15,0.07925227043288866,0.010543393,0.036932651010242214
ID_7D9BC57E03,0,0.15,0.27273733061526567,0.26444486,0.2150138082077194
ID_7D9C961E5F,0,0.15,0.06628471376513916,0.06647715,0.07697183872274914
ID_7DA8518173,0,0.15,0.13691380143062631,0.11528207,0.10789341757801324
ID_7DAB120C3B,1,0.15,0.0952078801475765,0.07431183,0.0816206174445354
ID_7DAC2A0F0A,0,0.15,0.07225200563061354,0.06109341,0.07742788463640644
ID_7DBB50C435,1,0.15,0.033419646916317776,0.22692196,0.28953666143994977
ID_7DBDC77F66,0,0.15,0.07625606134541937,0.09930297,0.13359950941483323
ID_7DC017067C,0,0.15,0.11463478279331588,0.073216654,0.098859462568264
ID_7DC6B08E83,0,0.15,0.02278005016272542,0.010701948,0.02943556128877357
ID_7DE52CF239,0,0.15,0.23511176927455923,0.07089085,0.12947114890399936
ID_7DE67B5D2F,0,0.15,0.11881451172782771,0.117049985,0.1469249195268305
ID_7DE712B94C,0,0.15,0.12408003681853146,0.05387148,0.11105140718248745
ID_7DF4CE0771,0,0.15,0.2915697751011415,0.42557818,0.42318096801714944
ID_7DF6FAD9ED,0,0.15,0.11543984381562909,0.18782732,0.14843192738730396
ID_7DFFED1788,0,0.15,0.10000722818476027,0.18623924,0.14079588467151583
ID_7E0419C4FF,1,0.15,0.3912860928641718,0.5543041,0.4270164803425029
ID_7E05F7966B,0,0.15,0.17222413975787979,0.36289564,0.27638281062434444
ID_7E124EE51F,1,0.15,0.23139258474812277,0.11686206,0.10266652428834785
ID_7E1ABCD323,1,0.15,0.056416896966220965,0.10980008,0.08528426040747641
ID_7E2135D23A,0,0.15,0.04713419120859734,0.011372592,0.03732500358973581
ID_7E303BE8F7,0,0.15,0.11024415315074301,0.08339095,0.13848115800337799
ID_7E35FC508B,0,0.15,0.31229533114508085,0.0992838,0.10719643924675096
ID_7E3BBAD2DD,0,0.15,0.30724813646312843,0.4272706,0.2758887095478471
ID_7E3CFC7C3B,0,0.15,0.17744122756838895,0.082740836,0.2088724351613784
ID_7E493CCCCD,0,0.15,0.24552436242284317,0.28377762,0.1990905152527256
ID_7E4A8DEB92,1,0.15,0.15783032890102885,0.4436234,0.36128468574995387
ID_7E52C517E7,0,0.15,0.11440767027665041,0.026740296,0.03291255325016823
ID_7E643AB306,0,0.15,0.04873177650653925,0.039416883,0.04952902779198651
ID_7E8698C28E,0,0.15,0.13333834843485223,0.25159216,0.192939390874493
ID_7E8C3C7177,0,0.15,0.11280941443826926,0.017848304,0.043093078896736095
ID_7E9D7B9C01,0,0.15,0.0900780241993095,0.238058,0.34539861321482607
ID_7EBE2A20B2,1,0.15,0.16160484431160888,0.13426575,0.1330896486949808
ID_7ECA6A53CF,0,0.15,0.04199106291132607,0.0029598188,0.014648596125621761
ID_7ED196A823,0,0.15,0.026635260952178445,0.020622775,0.03494840270544394
ID_7ED21C0300,0,0.15,0.12979616382391398,0.062413156,0.11260964026267505
ID_7EEA4D98D7,0,0.15,0.054461448701658054,0.012919597,0.03293022098062398
ID_7EEEF67874,0,0.15,0.07225062528761081,0.049116768,0.049099984879525646
ID_7EF177EC68,0,0.15,0.2895867021684831,0.07943563,0.1520939539167019
ID_7EF3283DCB,0,0.15,0.15787951220718938,0.031382482,0.06537899293731858
ID_7F0BB3249A,0,0.15,0.19868325262265166,0.09311022,0.08865416032153002
ID_7F15552CA9,0,0.15,0.5986589302444676,0.3250828,0.3054567876273818
ID_7F16D8B7F0,0,0.15,0.059703375419959306,0.045230974,0.06333705243569364
ID_7F1C56026C,0,0.15,0.11165045318502284,0.06385372,0.12473762539300874
ID_7F1E48712D,0,0.15,0.15448525557533965,0.044962052,0.09893791233184879
ID_7F260E9B78,0,0.15,0.08161020378258048,0.083496615,0.12245759815950145
ID_7F287EE6D9,0,0.15,0.0892990420925579,0.09856933,0.12487447573558298
ID_7F340FDCBE,0,0.15,0.06467649290494208,0.026496956,0.060473034219150325
ID_7F3AAEE632,0,0.15,0.03255351288601791,0.01943314,0.03690784265329954
ID_7F461D982C,0,0.15,0.10859787041578986,0.08368463,0.1675725496727138
ID_7F4F534815,0,0.15,0.16521813230601043,0.08394061,0.18405494754624616
ID_7F52A08F6F,1,0.15,0.0811870403715583,0.24480273,0.2272649659696477
ID_7F6968F8B2,1,0.15,0.14000534024078937,0.1030573,0.1235089615711737
ID_7F6C03031F,0,0.15,0.1138178093276103,0.06580544,0.09421887772262093
ID_7F724B6C71,0,0.15,0.1713069466300562,0.06063511,0.088120113782547
ID_7F79147C96,0,0.15,0.1801262837747677,0.10843566,0.14035019460356102
ID_7F8D0633D1,0,0.15,0.20994479974856495,0.18892922,0.14060748417755622
ID_7F8DF42FD2,0,0.15,0.24385057734245175,0.07929533,0.0725060359421677
ID_7F9BFBE6C5,0,0.15,0.23878552329562097,0.24383499,0.1918430002510216
ID_7FA760E2AD,0,0.15,0.027245124634692336,0.010865608,0.023818201020531574
ID_7FA7ECB743,0,0.15,0.2146303596903931,0.06266212,0.07368734971934192
ID_7FAC5C791B,0,0.15,0.20726420545918092,0.03956592,0.09069662359501568
ID_7FBB198786,0,0.15,2.4410354251064825e-05,0.017867941,0.06044781243476732
ID_7FC429415C,0,0.15,0.03787488613246006,0.016558526,0.049996419185917435
ID_7FC638AF74,0,0.15,0.13246058064451738,0.35760427,0.2236561085095666
ID_7FC88795AF,0,0.15,0.09533192607945451,0.049690183,0.12286607561153565
ID_7FD053F6CC,1,0.15,0.041595418904365564,0.13375667,0.11887502325412523
ID_7FD5448513,0,0.15,0.28976512705194274,0.18508044,0.20547207293201952
ID_7FEA716732,0,0.15,0.15328124337696955,0.07863041,0.06120039216980912
ID_7FF28792E6,0,0.15,0.03558323511881772,0.031372786,0.08369735242766971
ID_80014B37A1,0,0.15,0.020857351069594667,0.018668782,0.039741604642147106
ID_8001F8626D,0,0.15,0.1834780295494114,0.06440408,0.13848524811272508
ID_800343EC4A,0,0.15,0.0893689628008926,0.08341047,0.1558468593433581
ID_800EDEDF4E,0,0.15,0.04489974088540588,0.031828668,0.04383787051840056
ID_801983787C,0,0.15,0.12178216358384694,0.07441963,0.07862316486557673
ID_801ACC504C,1,0.15,0.10671839650054496,0.194985,0.16148161840890143
ID_801E803923,0,0.15,0.2673944424483464,0.29927227,0.38753994252703144
ID_802610C2C4,0,0.15,0.06889271345857438,0.009640206,0.026825391819034743
ID_803C8EF631,0,0.15,0.054691276559142105,0.13786161,0.13751563217027796
ID_803F25E075,0,0.15,0.10044751064326327,0.019207602,0.05187408060883291
ID_8040A2CFC2,0,0.15,0.035863654028973624,0.06335071,0.09570640921048068
ID_80449B9F6F,0,0.15,0.1398732526616467,0.087795176,0.11578635647584053
ID_8065AB2BA5,0,0.15,0.06599009795812419,0.06999973,0.10398272503174195
ID_8065D06973,0,0.15,0.191645959471719,0.22375874,0.14705673442864445
ID_8071EEFCED,0,0.15,0.2624132783708934,0.22781749,0.22346330564245828
ID_8077A84EB5,0,0.15,0.06446612917259803,0.02149522,0.043589547485618434
ID_807CD8E485,0,0.15,0.0465351374016314,0.060409553,0.0655330826083853
ID_80864A79A1,1,0.15,0.19994589132291213,0.10679016,0.11598525668315536
ID_808902948F,0,0.15,0.047375938520764965,0.03870479,0.04075844589961475
ID_808D125054,0,0.15,0.07197316378909267,0.029244319,0.07141331391674731
ID_809A18E916,1,0.15,0.1359168290786179,0.036070287,0.05132736741761034
ID_809AF6F947,0,0.15,0.25041043099563925,0.05452799,0.10812253213294258
ID_80B0BF6B95,1,0.15,0.22154661718084565,0.28168434,0.38479522315713616
ID_80C232D8C6,0,0.15,0.2945601646344386,0.19100155,0.192354506138128
ID_80C2BC603F,0,0.15,0.1296596513252763,0.115338475,0.10015904743514542
ID_80C4E4C0AF,0,0.15,0.1322983648187309,0.04400996,0.09244109991648254
ID_80C880B248,0,0.15,0.20129972277409458,0.016823046,0.030651689649666473
ID_80D18E121B,0,0.15,0.20377410960933276,0.08596152,0.11412638017632075
ID_80D7BCBC2D,1,0.15,0.13260368081607837,0.10579046,0.16065629986189928
ID_80E0C3FD2E,0,0.15,0.010162891183400812,0.008741371,0.026932812182322817
ID_80E4AF3F42,0,0.15,0.04508244653707013,0.2022624,0.20888109057818355
ID_80EB2255D3,1,0.15,0.17920508231684695,0.1452572,0.238883130412511
ID_80ED5431BA,0,0.15,0.00431074469179844,0.053758044,0.09258363881890075
ID_80F586C05F,0,0.15,0.00023282421284838428,0.06399368,0.09699752630148133
ID_81019B61C4,0,0.15,0.08547374323093117,0.037148535,0.07227075759415562
ID_81019FA1D6,0,0.15,0.16899442943656928,0.0365426,0.1300399697004347
ID_8101A8DD1A,0,0.15,0.7159854820424963,0.35618863,0.25138987854000777
ID_8102E1FD57,0,0.15,0.058433221993798586,0.048051044,0.07727606857436158
ID_81066DFB4A,1,0.15,0.07050964576819263,0.05955941,0.05733662960572989
ID_8107B5D520,1,0.15,0.20428336123672866,0.056846857,0.07323290754315842
ID_8118FC7177,0,0.15,0.10820241476056626,0.035092544,0.085744066805521
ID_811D0A3557,0,0.15,0.19681140266046107,0.20912859,0.25944438662957875
ID_812931CCBF,1,0.15,0.17709769261885816,0.19997133,0.2688896324754164
ID_8129AE52D4,0,0.15,0.729482042420368,0.26373082,0.32422718668030426
ID_8133CEDEA3,0,0.15,0.0791585027635242,0.023676984,0.030091842383825763
ID_813E0318AB,0,0.15,0.11083773233983968,0.24636115,0.25632672441007043
ID_814A71D96C,0,0.15,0.18995100378302804,0.025523808,0.05532024014378986
ID_815C7F4BF7,0,0.15,0.15986799022056636,0.22183526,0.18007326468682142
ID_815D50A6C5,0,0.15,0.11777313470069548,0.07960645,0.0711785481012474
ID_815F0B8166,0,0.15,0.022730211417231756,0.014653957,0.046727620558810176
ID_8173A05033,0,0.15,0.19585053880786657,0.19336516,0.18656630211208494
ID_81938121E6,1,0.15,0.2377788604749027,0.4255258,0.4091235655670479
ID_81A9120C67,0,0.15,0.13715866662398968,0.016885418,0.03901496627739568
ID_81AB019EF3,0,0.15,0.13205524752958847,0.11334109,0.1668032356388745
ID_81B8A79184,1,0.15,0.009896073649826767,0.08961257,0.13012108312355342
ID_81BD5A6F9B,0,0.15,0.12331883075183536,0.13563307,0.14608531873717692
ID_81CA11FE32,0,0.15,0.11707431852122828,0.31672522,0.2992458477613273
ID_81CAA62F2F,1,0.15,0.11040899395101993,0.29040083,0.28906520568400607
ID_81D91980DC,0,0.15,0.09782661524970773,0.043017026,0.04978460879887265
ID_81DBBA9FB7,0,0.15,0.1588387524327097,0.11408972,0.17185194922718613
ID_81DFC22B4B,0,0.15,0.11547739336351487,0.042574573,0.05668746338394499
ID_81E36D5A42,0,0.15,0.2334255675916431,0.054339483,0.08634634337258816
ID_82034D6E66,1,0.15,0.035675220275069267,0.1108011,0.16781404404027245
ID_820462666F,0,0.15,0.26544652337046265,0.4012609,0.39703844247181797
ID_82093D1C3A,1,0.15,0.3189673774938353,0.42337614,0.3990558222202101
ID_820F4BBCC8,0,0.15,0.13095369428585837,0.078842595,0.07627191866598433
ID_82179D0A93,0,0.15,0.13484449838878057,0.15076637,0.1391248579144536
ID_821EF1E016,0,0.15,0.04024975202247022,0.061007198,0.08917876575928997
ID_822C1A1ABB,0,0.15,0.05466342054429512,0.03144521,0.044261561145552304
ID_822E7F140C,0,0.15,0.08413317846646536,0.13683452,0.12227245350849941
ID_822EFE34AA,0,0.15,0.04944593440144257,0.021602161,0.05256150828446993
ID_82457FA709,0,0.15,0.0870691253280813,0.07180506,0.06808730915149971
ID_8252FCD07B,0,0.15,0.04329351188774242,0.11497685,0.06883353552043774
ID_825A062D88,0,0.15,0.25161955447082035,0.08265064,0.21329578938510577
ID_825A6B1963,0,0.15,0.3017641786586917,0.07146821,0.0911216447715323
ID_825D6E2553,0,0.15,0.23004916962391778,0.31940225,0.25696244596004325
ID_826205EE3A,0,0.15,0.21858358209044626,0.1278188,0.22889214757327359
ID_82684793D8,0,0.15,0.15552283708420275,0.31846458,0.2458495947833102
ID_826E4B4787,1,0.15,0.9919213376961677,0.36380655,0.3467272483353783
ID_8270E2C942,1,0.15,0.0811508565490914,0.10119958,0.17058005467371903
ID_8278529FD5,0,0.15,0.04361826652522045,0.027391145,0.06234974242499461
ID_828041CF7F,0,0.15,0.06103555207016643,0.05993238,0.10757687009274422
ID_8286DE09B4,0,0.15,0.019598183989054364,0.11460155,0.16311630924208925
ID_8287A7F4B4,0,0.15,0.14269408951114365,0.05146649,0.08008781914854209
ID_82885FD50F,0,0.15,0.16962072896636204,0.17533526,0.1645678426399441
ID_829BD02A2B,0,0.15,0.2514854551288708,0.14433214,0.13390250376752927
ID_829DFFCC10,0,0.15,0.05731832676661175,0.2641911,0.2654061221466116
ID_82A226C5F0,0,0.15,0.1845083161269923,0.06609864,0.06808182999088556
ID_82A64564D5,0,0.15,0.02711971817413525,0.13365506,0.12108436416253289
ID_82AEF03BF0,1,0.15,0.20290566059314297,0.36027455,0.20595978734974263
ID_82BA6BEF9B,0,0.15,0.17208101633427803,0.24822289,0.22096052173645
ID_82BDFD8356,1,0.15,0.24923169961471212,0.42129362,0.2722558682040916
ID_82C71D46E9,0,0.15,0.09386080136029401,0.024351344,0.0727419523163466
ID_82CCA1FF0F,1,0.15,0.16450002320495805,0.07155929,0.08621558182455459
ID_82D3689A68,0,0.15,0.1651940641025178,0.3257149,0.3085372023192565
ID_82EF2358E8,0,0.15,0.07106274439357863,0.051323146,0.07597769196699233
ID_82F4F11014,0,0.15,0.02664326175829501,0.014566875,0.04056192327253635
ID_82F8D37EAC,0,0.15,0.09529581455391653,0.055169888,0.06779410717644561
ID_83084D4AB8,0,0.15,0.18192042841574432,0.041111797,0.06873723940101911
ID_830F937522,1,0.15,0.5311191245316268,0.7125463,0.3146191626152284
ID_831D2E9FB4,0,0.15,0.10350198340877112,0.046038914,0.04985212666990055
ID_831FD9C8F4,1,0.15,0.30131104745611964,0.53351474,0.37606527131536105
ID_8329309EC1,1,0.15,0.19713043882429698,0.22729723,0.26737112754663456
ID_832DCAF887,0,0.15,0.21918866452995875,0.2445049,0.21982928216584188
ID_833AC1A2E2,0,0.15,0.2017480917534381,0.19481044,0.16101780941227312
ID_83479E5FBC,0,0.15,0.1013881675990339,0.03637842,0.07324171197397766
ID_834EBF5267,0,0.15,0.0260048320217076,0.013641531,0.03450700701812738
ID_835C24F265,0,0.15,0.22459563261293,0.05961519,0.10550260149357363
ID_836175D268,0,0.15,0.13217130272754174,0.05760205,0.21488281894588984
ID_836B7650D5,0,0.15,0.11108564259383842,0.122727364,0.17157543558705307
ID_83799FD748,0,0.15,0.14929210487553018,0.24752286,0.1416284463951838
ID_837ED53529,0,0.15,0.3375900339581185,0.18112695,0.12813770800846777
ID_8397941200,0,0.15,0.021425870326524623,0.006342695,0.021974537392850737
ID_839CD847F8,0,0.15,0.13279190081002706,0.06259908,0.11101711794437963
ID_839DC9EBB7,0,0.15,0.03247678614766423,0.090942845,0.07041882716017124
ID_83A2F7F32D,0,0.15,0.1400768554566336,0.21922041,0.3342846749873836
ID_83A558E076,0,0.15,0.0024528961409919425,0.10068475,0.10290065472930912
ID_83AC222792,0,0.15,0.00039588017670732405,0.09372193,0.09665360560783907
ID_83AD17E250,0,0.15,0.2020561674869161,0.15270561,0.2067533100290671
ID_83BAE644B6,0,0.15,0.061541218040816525,0.029609228,0.04097854533999753
ID_83BD63EDE3,0,0.15,0.05154063837683076,0.019631395,0.04485273265883621
ID_83E23F2449,1,0.15,0.2696024318980646,0.27272967,0.2088549365064811
ID_83EB184039,0,0.15,0.09872667709614781,0.083393395,0.11699086909183999
ID_83F470A604,0,0.15,0.24756657219070408,0.37065327,0.33025502035237303
ID_83F7774182,0,0.15,0.18102826295273045,0.08954092,0.10017420012330369
ID_8408FEB98D,0,0.15,0.09900602764404856,0.3674953,0.2833030177309104
ID_840B7F526B,0,0.15,0.24130351652175241,0.059682455,0.10966148311086257
ID_842985B7B4,0,0.15,0.1494206152331533,0.043909628,0.0432204550392776
ID_842BFFB88B,0,0.15,0.29282543062127214,0.19359337,0.2002928987095353
ID_842C9AB4B2,0,0.15,0.08201795711813646,0.15692066,0.09340232903354799
ID_8439E7564B,1,0.15,0.31837677644585466,0.23771983,0.2195052673921873
ID_843A33DF7D,0,0.15,0.0403862138978622,0.07185486,0.10148569788536364
ID_843AFBFED7,0,0.15,0.09718408085217375,0.04086298,0.07385785274298026
ID_843DB6F131,0,0.15,0.2071512151636432,0.29828358,0.3664862169708446
ID_844B8B766C,0,0.15,0.14713252276708427,0.07871448,0.10331167305698671
ID_844D78A646,0,0.15,0.021211829583389092,0.11273653,0.11802889850387706
ID_84550CF0C7,0,0.15,0.045501479167783576,0.018378802,0.04201730417251562
ID_8456E68987,0,0.15,0.17898349920694767,0.4490656,0.29786538023470877
ID_8456E73B07,0,0.15,0.0544337859501051,0.03397488,0.04075924757516829
ID_84597487E5,0,0.15,0.07246188084157619,0.12446258,0.1577392871756463
ID_84650C128B,0,0.15,0.09798283407258644,0.18446456,0.13307223931189838
ID_8465455C77,0,0.15,0.34535178113243314,0.2906537,0.25382144643559434
ID_8467AD4BFF,0,0.15,0.05479047874440648,0.032822225,0.054657604501641435
ID_846973662F,1,0.15,0.2955038687003029,0.3066311,0.31206831511325106
ID_8476E55928,0,0.15,0.03333337908134887,0.011587811,0.03341010076798042
ID_847E415213,0,0.15,0.04092240110894684,0.026956765,0.037618801723412566
ID_8485C13BB3,0,0.15,0.13272289719177424,0.036516257,0.08507964435997277
ID_8488E9DB0B,0,0.15,0.1224088547617346,0.031720623,0.04715513759670137
ID_848C036344,0,0.15,0.17364491174597735,0.08496245,0.09212868173548466
ID_84A6B953EB,0,0.15,0.08690360209175263,0.060212575,0.07250891239786093
ID_84B199CD4A,1,0.15,0.21203371812208527,0.42574063,0.2459074543492542
ID_84C55AF827,0,0.15,0.22433396044187487,0.08146793,0.049311945206063676
ID_84C5AFD911,0,0.15,0.03647651030820268,0.035778664,0.06539838124975905
ID_84C6F59DF2,1,0.15,0.21722136741747636,0.6143575,0.43422873379121757
ID_84CF91F083,0,0.15,0.022751246126849922,0.017894771,0.05379192730921229
ID_84D05318FA,0,0.15,0.15067310952469717,0.114480935,0.16898798563385922
ID_84D07DFB73,0,0.15,0.05725303006919503,0.058977947,0.09090261120016759
ID_84D26069B2,0,0.15,0.3140389721001963,0.20943251,0.2323065001077328
ID_84D9A41E7E,0,0.15,0.47453268349238736,0.25352308,0.20385554475130704
ID_84F129725C,0,0.15,0.04144376683124216,0.022753535,0.053263633825051365
ID_84F6AF5145,0,0.15,0.019505085906823986,0.073465995,0.07624640173268458
ID_84F918D074,0,0.15,0.1331407758512639,0.08238816,0.132520021686766
ID_850158B753,0,0.15,0.19424474518642257,0.019328415,0.04808765982679108
ID_85039EE649,0,0.15,0.07907798750023098,0.048668317,0.08124139765327795
ID_85048EABEC,0,0.15,0.12140755312428274,0.12131612,0.13734433087107917
ID_8509222570,0,0.15,0.10928464610015569,0.08135922,0.11680847982894642
ID_85097FAC18,0,0.15,0.30109415189849326,0.21431132,0.1768380536490075
ID_850F9E4A84,0,0.15,0.07042951035047175,0.03874458,0.07900885653790017
ID_8514E546E5,0,0.15,0.04908271110051692,0.0337096,0.060001858006797484
ID_85152C25BD,0,0.15,0.03295592912640455,0.008768509,0.027832705731468153
ID_851D70C25D,0,0.15,0.48393754288672497,0.29177815,0.2514338206914411
ID_851E52B964,1,0.15,0.2444097038630864,0.2868595,0.16418713210136854
ID_8524D73DE1,1,0.15,0.44546604009155666,0.36516157,0.3409660270825024
ID_853D9E65FA,0,0.15,0.16662501930475973,0.11255018,0.10742987541935599
ID_8545F312A1,1,0.15,0.07142842677235817,0.08530766,0.09677054283235223
ID_854D50A2A7,1,0.15,0.11246745480756125,0.20622472,0.24757629396045622
ID_855222AC08,0,0.15,0.18026582768552146,0.25860643,0.1836326431881468
ID_856BCC438F,0,0.15,0.16293974669738334,0.12019038,0.1414336229585585
ID_85720C23A7,0,0.15,0.29433756350117535,0.17302956,0.12932544855086014
ID_857C2F41B5,0,0.15,0.08772957301954976,0.03785743,0.06059206883719204
ID_857F59E922,0,0.15,0.11554876790385546,0.09746881,0.12050473702245008
ID_85813A3B71,0,0.15,0.027250375248365426,0.017431375,0.03632330892705745
ID_858C4215B0,0,0.15,0.1944330447011571,0.1324847,0.10916682673120913
ID_858E1FC58D,1,0.15,0.24243070898105493,0.13353692,0.1603811529465857
ID_858E7B9FD9,1,0.15,0.5082214314589896,0.14853391,0.15987707684059208
ID_85A9AD576E,0,0.15,0.1670184418847198,0.04165949,0.0784566783505193
ID_85ACB0C9DA,0,0.15,0.18921748413304684,0.096469186,0.10741169471815973
ID_85B04C86CD,0,0.15,0.1709255809609775,0.12728499,0.2126236406933094
ID_85B3F488F6,0,0.15,0.06247590013009787,0.03801056,0.046090038903742234
ID_85B6BDAE81,0,0.15,0.254808964899686,0.17565002,0.1003092849718383
ID_85B836FCE6,0,0.15,0.051485130826404844,0.016703097,0.042823538981831166
ID_85C5E4CE50,0,0.15,0.18862459846508006,0.19248958,0.16577104535795317
ID_85C6279572,0,0.15,0.25902363972740516,0.1300171,0.18801552317730932
ID_85E126A58E,0,0.15,0.22032681408332783,0.28631178,0.22687826452489326
ID_85E59B75AD,0,0.15,0.036745663011638466,0.02324573,0.06397931971545182
ID_861754F9E5,0,0.15,0.2665747714325293,0.2286433,0.18323632296898956
ID_861884A474,0,0.15,0.11480783610723105,0.14543602,0.11320891483058666
ID_8618E6D711,0,0.15,0.23896001120477992,0.2582726,0.3071561795578891
ID_861C33920A,0,0.15,0.1305775508461263,0.023210984,0.07370291519612202
ID_86215C897C,0,0.15,0.17678259152349976,0.056769088,0.1057081312149097
ID_862A71277E,0,0.15,0.12836568592052153,0.035875555,0.06701252912915083
ID_8642A6016F,0,0.15,0.4196545959076601,0.21266374,0.2296769344227246
ID_86565B127D,1,0.15,0.3234354091214712,0.81462115,0.5504770571569133
ID_86599FC70E,0,0.15,0.4059628340691421,0.36468455,0.2290735140679199
ID_865B84C790,0,0.15,0.1760485076644535,0.10479032,0.0917173698339228
ID_866A55B15A,0,0.15,0.07781694487853902,0.012823707,0.03353302323153392
ID_866B6FFC00,0,0.15,0.1690783136961009,0.055595975,0.0659407165268718
ID_86712BB350,0,0.15,0.09434427252131632,0.04614774,0.09331459138793524
ID_867CAA8530,0,0.15,0.10347923893374213,0.016496653,0.036926110047044394
ID_86888A9977,0,0.15,0.14885641688420229,0.029473364,0.07571440158604369
ID_868C6795E4,0,0.15,0.2180247212815655,0.10769067,0.15383738733474311
ID_868E7EA887,0,0.15,0.21574782442182805,0.12670349,0.24423307276995093
ID_868E8552E9,1,0.15,0.039579982645757156,0.026012534,0.04093015758108193
ID_86958EC176,0,0.15,0.0698871020876408,0.1099066,0.11134191108457413
ID_86997267B0,1,0.15,0.8063022110490479,0.36128777,0.3652584887656742
ID_869D168A28,0,0.15,0.009391014534708352,0.066655524,0.11456343827596163
ID_869D60D6F5,0,0.15,0.2022152700438727,0.09333159,0.13533062221654843
ID_86A77A3628,0,0.15,0.1502465629654688,0.05834372,0.09705532569001656
ID_86A960169C,0,0.15,0.026623607196128166,0.028530212,0.04922694637450096
ID_86B38F4934,0,0.15,0.12501722169547141,0.14886706,0.12813866065626967
ID_86B8332684,0,0.15,0.05014777486813932,0.040225092,0.04524856501712076
ID_86BB434247,0,0.15,0.04889097583893291,0.035119906,0.06668873716067322
ID_86C0CD8F2A,0,0.15,0.29032015115506904,0.0561597,0.09862515308206385
ID_86CC2BA628,0,0.15,0.10431845774099895,0.019705947,0.04905072529997222
ID_86CCA9A25F,0,0.15,0.278098651342201,0.20954162,0.17994388476509374
ID_86D044C019,0,0.15,0.042651795787529395,0.02063618,0.0482426967279038
ID_86D634E7C5,1,0.15,0.33303233414253397,0.17332703,0.17548840450100248
ID_86E2D63958,1,0.15,0.09770751169765485,0.18072233,0.1734582547681374
ID_86F7B7999B,0,0.15,0.14218025580607657,0.08544113,0.1194864210008533
ID_86FC249A81,1,0.15,0.34834118588874646,0.18564327,0.19692912902536297
ID_8703376774,0,0.15,0.03138018692777441,0.039884437,0.049674124900863786
ID_870940EAAC,0,0.15,0.09637404881156403,0.08255985,0.10879723130602376
ID_8714650085,0,0.15,0.16549886627714852,0.06321928,0.06936777392942449
ID_8723F88A5A,0,0.15,0.18087030589653855,0.047202233,0.06566119136232133
ID_872A09C3B8,0,0.15,0.07178933189117709,0.05624167,0.0610668053090033
ID_872A5EAA72,1,0.15,0.2551956883384735,0.20618978,0.26512930680727875
ID_872E018EF1,1,0.15,0.22477553705381417,0.38216224,0.22262238506156679
ID_87370D9756,1,0.15,0.12537371754406682,0.11966456,0.1315205838546623
ID_873BB1C29C,1,0.15,0.40186031597970623,0.40479234,0.25549614539864995
ID_874CFAD5C8,0,0.15,0.28411908372130296,0.090255246,0.08014327731705606
ID_8755914A21,1,0.15,0.28419707472232547,0.40553203,0.31606329118585447
ID_875DCD452A,0,0.15,0.06397635729467978,0.016097957,0.03443416586282722
ID_877287FD4A,1,0.15,0.25740180386309175,0.38961232,0.34857385193706103
ID_878CC485D7,1,0.15,0.08958322113932334,0.12745985,0.181840547390162
ID_879472D63B,0,0.15,0.07134257789470547,0.04871639,0.07704434776369838
ID_87987AB7F6,0,0.15,0.010837259621810846,0.10582569,0.12546431858636534
ID_87AC1C852B,0,0.15,0.04076901862379472,0.015117539,0.034815527891210084
ID_87B4B2A1E2,0,0.15,0.19016559973939504,0.08616779,0.14833259730474097
ID_87B790EC44,0,0.15,0.11573576591192739,0.03186397,0.07380734394996531
ID_87C3BA1840,0,0.15,0.19544187239146857,0.076061524,0.07648325544082653
ID_87CBAD3648,0,0.15,0.18260878406072995,0.023832228,0.04954999358695888
ID_87D0E60CFE,0,0.15,0.017604023126833294,0.0153875705,0.03548086750353733
ID_87DECD1EF1,0,0.15,0.0668699409108465,0.1281453,0.10514680779786087
ID_87E0F34816,0,0.15,0.09506344391003013,0.07122441,0.1059445600987294
ID_87F2DA9B98,0,0.15,0.069579621258956,0.030975495,0.05534208816343008
ID_87F3E7B454,0,0.15,0.12039141565710888,0.10553086,0.1121671289553914
ID_87F6FB800B,1,0.15,0.2494158681426091,0.4091473,0.4761824834986853
ID_880644607A,0,0.15,0.13661615582333372,0.03763259,0.08753614041168653
ID_8829ADEF1A,0,0.15,0.08242386874228241,0.12491762,0.14162247772297798
ID_8830D35345,0,0.15,0.2306253657791863,0.0657547,0.10065207182571691
ID_8831684519,0,0.15,0.2257977280709364,0.17869845,0.13584369907306595
ID_8834033B1A,0,0.15,0.023576695033960607,0.021481484,0.04708133966833637
ID_8837512C77,1,0.15,0.04122793739277044,0.40313226,0.23634514590581712
ID_883FBAE96B,0,0.15,0.39568657836617677,0.358315,0.4013133413274631
ID_8844523445,0,0.15,0.238809110659588,0.23051685,0.1232665318263011
ID_884A742BA4,0,0.15,0.01830682352425745,0.14173053,0.23806213065824405
ID_8856F6DA16,1,0.15,0.6046990623979644,0.14408746,0.18217668149034424
ID_8866BB44E5,0,0.15,0.018789966938542717,0.0068910047,0.022104186041626665
ID_886A4CAFFE,0,0.15,0.1597003917728353,0.1571742,0.13693015790480365
ID_886C0046DF,0,0.15,0.20965996762035982,0.10225263,0.1279229291725606
ID_8873DBCF0A,0,0.15,0.15324120930719778,0.16616385,0.16753793888155855
ID_888AFFA7F8,0,0.15,0.10478581976723553,0.06482606,0.10463885422018251
ID_8893C68D49,0,0.15,0.07051707438125275,0.06569411,0.11140863265381687
ID_889A24E882,0,0.15,0.03282324514287644,0.035617918,0.08034542675263583
ID_88A349A3B6,1,0.15,0.22868879529107008,0.64187217,0.5076802153431816
ID_88B56CA318,0,0.15,0.12124185049133736,0.2512667,0.18634649230039038
ID_88C88D6B14,0,0.15,0.029192738658255512,0.032942664,0.06707852095246437
ID_88CC63BE6A,0,0.15,0.05413552003363524,0.14178711,0.1909472917663303
ID_88D0FEB140,1,0.15,0.20398290499643257,0.21012609,0.23280281703544337
ID_88D39AAE78,0,0.15,0.4044175025752188,0.51623714,0.4075391997380256
ID_88E61DC125,0,0.15,0.09775985730293564,0.08888318,0.09252701705435579
ID_8902662A83,0,0.15,0.04134390273228205,0.104640186,0.09874311279959559
ID_8902963022,0,0.15,0.0794446914253115,0.02263419,0.03525975447975046
ID_8905190491,0,0.15,0.021504404852012823,0.06110174,0.07445125174884888
ID_89085D9CF4,0,0.15,0.25607500127892857,0.33050984,0.34104053776031956
ID_8909927443,0,0.15,0.023814444354849106,0.031196715,0.04149007863600683
ID_8916A2E7B9,0,0.15,0.10517514130852589,0.014912247,0.048084705420558
ID_89185C6B04,0,0.15,0.20328103126646868,0.14882609,0.2201278384173246
ID_891B8FBA05,0,0.15,0.042716730663291014,0.022213036,0.03949403268340828
ID_891C34F3AC,0,0.15,0.10654758488046565,0.027709927,0.08775917474919988
ID_8929C0CA2B,0,0.15,0.0511486092873021,0.015384016,0.03977389994649417
ID_892A63855D,0,0.15,0.18366301251523814,0.07462384,0.08539816359241303
ID_8933EC06C1,0,0.15,0.03542820091574083,0.01845392,0.05871635622243698
ID_894E559C12,0,0.15,0.03405997522580952,0.021921977,0.03928286846395713
ID_89502087C0,0,0.15,0.09803912732566947,0.05004372,0.1038813895958062
ID_8961A1F9F1,0,0.15,0.00827576129960866,0.03210044,0.05134853955186444
ID_8964E1C28C,1,0.15,0.1946734663619121,0.31408107,0.22615288996408758
ID_8969EDC090,0,0.15,0.022928652881038812,0.059748847,0.08687469429255347
ID_8970212C01,0,0.15,0.10988765143684251,0.15107876,0.11189865321902873
ID_8970515CEA,0,0.15,0.16660635830121043,0.067671135,0.09965680498890098
ID_898029D264,0,0.15,0.12616164910393515,0.020178186,0.058329910398538146
ID_898087C371,1,0.15,0.18453434909602442,0.30881763,0.2745006530111182
ID_8984C0AFE9,0,0.15,0.011480167469749477,0.009601727,0.024644578295339965
ID_8998F32B3F,0,0.15,0.17162503280895822,0.028319836,0.05900378447178661
ID_89A551483C,0,0.15,0.16257104730315905,0.08792766,0.10500523284038171
ID_89AF94FAC9,0,0.15,0.03822681290071494,0.06213311,0.09025249280867813
ID_89B36D7675,0,0.15,0.024659614266162144,0.023573482,0.03742625356822769
ID_89B721EEF8,0,0.15,0.050973577050469634,0.051189326,0.05402092865931721
ID_89CD7FAF8E,0,0.15,0.1819366868552044,0.10283928,0.08279787492685285
ID_89D5AB3AC9,1,0.15,0.24295375848321432,0.5696605,0.39889748238160044
ID_89D8D827D7,0,0.15,0.007545274900064677,0.002759813,0.012389389400222986
ID_89E22BE507,0,0.15,0.042990907539320805,0.112782754,0.13352607142124062
ID_89EAAD64B3,0,0.15,0.01650400327593665,0.009340726,0.0256797331773444
ID_89ED2F2760,0,0.15,0.14485040390534065,0.028983818,0.051757656685748804
ID_89F600EE58,0,0.15,0.05990036824494264,0.07164054,0.10870857819992664
ID_89F6E620DE,0,0.15,0.10418366610610771,0.32257333,0.255840093815266
ID_8A1ACB3101,0,0.15,0.1433045056560961,0.030056452,0.04303737019428018
ID_8A22CB7A35,0,0.15,0.30317502217526027,0.11347854,0.169244949341161
ID_8A33350996,1,0.15,0.22786516823295916,0.4034239,0.31366170609545213
ID_8A36D8F0C5,0,0.15,0.10803191184438711,0.1069526,0.1086903584021679
ID_8A43598663,0,0.15,0.14920610319842384,0.16777419,0.15657543113224345
ID_8A45183A25,0,0.15,0.15061689905843062,0.12444052,0.15148585809786733
ID_8A4F7F1B08,0,0.15,0.023107574477467786,0.023890136,0.036168924996466664
ID_8A573B55DF,0,0.15,0.09760804239683751,0.08456696,0.10840833753260674
ID_8A5AF8A105,1,0.15,0.48830297508915066,0.6586156,0.38094994656546893
ID_8A5D7D41B3,0,0.15,0.24406949955438736,0.21190807,0.22064489260739162
ID_8A603733EF,0,0.15,0.09997386077530762,0.049147,0.04481497014565999
ID_8A6D12D02D,0,0.15,0.0005761425219176882,0.048861206,0.08083226876719546
ID_8A83A13A58,0,0.15,0.24172469906526922,0.7880628,0.5435987215260274
ID_8A8FA198DA,0,0.15,0.09438603102716873,0.22380266,0.25777930106961494
ID_8A9F83864C,1,0.15,0.2671506449253705,0.2818208,0.19302366584536357
ID_8AB3F824EC,0,0.15,0.07274854629229108,0.039529968,0.05545647731169876
ID_8AC09DD605,0,0.15,0.243256452919772,0.10318583,0.11469362439069315
ID_8AC6C63B80,0,0.15,0.19543957850199517,0.16616468,0.25664188273800786
ID_8AD0FEEAAA,0,0.15,0.05055541059985769,0.08852962,0.11130831553121201
ID_8AD8519E67,0,0.15,0.08790663052895854,0.10409442,0.10319736339685331
ID_8AE57AD112,0,0.15,0.18592921585879793,0.059396308,0.11578513634116307
ID_8AEA25F1F1,0,0.15,0.05511708549940746,0.06873199,0.07327635471599561
ID_8AEA3D39FA,0,0.15,0.10428495645809735,0.10992969,0.11031510389358341
ID_8AEE5D9B0A,1,0.15,0.15619416362305785,0.38244715,0.23373395684081263
ID_8B0ADC7730,0,0.15,0.06594075557898642,0.032980975,0.05386484839840658
ID_8B0D4810CA,0,0.15,0.01275979048897051,0.19502221,0.12147391841866256
ID_8B147402AF,0,0.15,0.11476810675609413,0.035110656,0.08076378722490865
ID_8B2160EFE4,0,0.15,0.11833168976376228,0.088297084,0.15709999482806858
ID_8B22041A0C,0,0.15,0.22603303829801405,0.113743514,0.13586497190297223
ID_8B24EB2CF7,0,0.15,0.18148448262290215,0.14411661,0.18209617023804486
ID_8B25855EEF,0,0.15,0.24191682309434706,0.061162557,0.06401604237393595
ID_8B2719F32C,0,0.15,0.05784993335479883,0.018937148,0.03685888592745765
ID_8B3C7FBC8E,0,0.15,0.28213785010298437,0.14809598,0.2312815943895657
ID_8B465FD8F2,0,0.15,0.08838615283061363,0.035497528,0.0901216090178255
ID_8B5AD3EF4C,0,0.15,0.09930249660245409,0.10707701,0.11505613602100354
ID_8B6B9FAD67,0,0.15,0.3655886524966721,0.093148194,0.1122241006343532
ID_8B73D717BE,0,0.15,0.07316582996854062,0.03494534,0.0614872155122705
ID_8B76C99326,0,0.15,0.007949050151884896,0.06634387,0.11361060145375056
ID_8B784E67EC,0,0.15,0.07706925623912798,0.065177225,0.13648958523119623
ID_8B793D8762,0,0.15,0.036558089970664905,0.06851915,0.10518157740193616
ID_8B7FF88BE1,0,0.15,0.17345664896252436,0.17415853,0.15174636258032395
ID_8B84C3C024,0,0.15,0.2563768022030641,0.14546318,0.14967831813118065
ID_8B8544BB80,0,0.15,0.08708759868073311,0.33740035,0.33839272069738136
ID_8B8AC4A82F,0,0.15,0.42899961301368533,0.3085067,0.17599566701656852
ID_8B9DFA03A6,0,0.15,0.12695920435607502,0.07452372,0.07226554784006727
ID_8B9EC9B701,0,0.15,0.13352246143851457,0.06883863,0.16029585676809205
ID_8BA07E8719,0,0.15,0.1674975716434329,0.16534008,0.1394680887606514
ID_8BA2FD9636,0,0.15,0.7376415944458193,0.34064078,0.243062612748205
ID_8BA6B237D0,0,0.15,0.1420987350476241,0.088637136,0.0961962615217218
ID_8BAF04ACCA,0,0.15,0.012962122510890258,0.052136824,0.10885043149270393
ID_8BB2CFC1FB,0,0.15,0.1743588935250665,0.14363644,0.18728394117043934
ID_8BB6C4F4D7,0,0.15,0.2752367334324635,0.15966894,0.11057758874126392
ID_8BBDF8114F,1,0.15,0.282013727420195,0.5280831,0.4347764440937275
ID_8BBE82B449,1,0.15,0.9035093042077073,0.53818846,0.38371821416645996
ID_8BDFEC03C0,1,0.15,0.30762811275055496,0.31752515,0.2478900750890004
ID_8BE4697407,0,0.15,0.13818558345522214,0.054383107,0.10366302759535821
ID_8BFDB69DFA,1,0.15,0.0671643142097174,0.017300168,0.040767344079344216
ID_8C01F44DD3,0,0.15,0.020370853053353954,0.07166418,0.06361691732580518
ID_8C124F4DB2,0,0.15,0.12646715609264855,0.049918365,0.05840961721472833
ID_8C12DB0A51,0,0.15,0.1350820268793351,0.1741735,0.1416842383796405
ID_8C2251D1F9,0,0.15,0.30865632873385696,0.33581007,0.3131289171509542
ID_8C23483DB7,0,0.15,0.14419158961981027,0.20991142,0.14396276708126116
ID_8C28BE0CAD,0,0.15,0.10285346581325443,0.19942601,0.19376610636180758
ID_8C2F6ED8C0,0,0.15,0.05277181803361296,0.14453329,0.18195500250936295
ID_8C2FE605A1,0,0.15,0.2706321929881027,0.07201046,0.11831088840918974
ID_8C38993D06,0,0.15,0.22223238323300115,0.45462698,0.2760191878530954
ID_8C3B29CFC2,0,0.15,0.19150707846678594,0.08594169,0.12385262605061899
ID_8C439F2D83,0,0.15,0.03826004601070205,0.07549749,0.06981232169656902
ID_8C46FC5E72,0,0.15,0.13545610958779877,0.0909892,0.13142965578137744
ID_8C5012CCA1,0,0.15,0.0379308194287824,0.056507383,0.05806572913304746
ID_8C68D50C3D,0,0.15,0.17261799484976756,0.09342865,0.11381455602168182
ID_8C69631AF4,0,0.15,0.13184844824129358,0.07032603,0.0795211173237913
ID_8C6E654AE5,0,0.15,0.06766220668042797,0.08870382,0.11564535695904499
ID_8C74EE70C9,0,0.15,0.12302514044305991,0.1732906,0.16901598889769076
ID_8C77913FF8,0,0.15,0.018086784906581936,0.022046011,0.061885858072989436
ID_8C77920873,0,0.15,0.04166858320779709,0.06043679,0.09638429076232499
ID_8C7A061B07,0,0.15,0.1275181151604078,0.08736494,0.09530224723023975
ID_8C7DC50BAD,0,0.15,0.17501023393196125,0.22452566,0.18264221729409158
ID_8C844F8DE3,0,0.15,0.09991347023842967,0.06608752,0.0845848821538662
ID_8C873275F3,0,0.15,0.10214875772283859,0.18066385,0.13590619375033758
ID_8C8DE6F875,0,0.15,0.20303928594695594,0.12189194,0.17439701883073785
ID_8C8F193F90,1,0.15,0.129315446483507,0.3783248,0.24261808457858114
ID_8C9650CCEA,0,0.15,0.27769284331776045,0.18938667,0.21538688263673744
ID_8C98A128AF,0,0.15,0.03658871282255896,0.032016315,0.061371599889503935
ID_8CB7913A7F,1,0.15,0.2012010344263306,0.06870533,0.07699466364686376
ID_8CB8A81DCD,0,0.15,0.1389356877117636,0.06210136,0.14410045414484818
ID_8CBD444CAF,0,0.15,0.06135324476345788,0.048561327,0.08247771180976614
ID_8CC2C027EE,0,0.15,0.022108238683978914,0.037347704,0.046214583533018286
ID_8CE90956D9,0,0.15,0.1581726719801568,0.15392794,0.14529523946440676
ID_8CFDC9C56B,0,0.15,0.03498187760581959,0.026345968,0.03661573522444701
ID_8D04683E82,0,0.15,0.19189127616966256,0.29980883,0.23495088374494422
ID_8D078289A8,0,0.15,0.056934861797584016,0.048566055,0.07783194980109373
ID_8D0D91F0BE,0,0.15,0.07815307139841031,0.05770157,0.09502089247393496
ID_8D15ECF228,0,0.15,0.08463995685897366,0.07998815,0.06763085786112523
ID_8D2664524B,0,0.15,0.04568821159331044,0.21264598,0.2409901567285512
ID_8D3087B6F6,0,0.15,0.07296773247841798,0.17169702,0.21520388607262214
ID_8D354B60CF,0,0.15,0.08400058581524365,0.11120755,0.15383313860062228
ID_8D3785BC49,0,0.15,0.12687519658937096,0.07673948,0.09646585160900037
ID_8D3A95E915,0,0.15,0.1186278575000508,0.13900942,0.14852614100380077
ID_8D4FB18601,0,0.15,0.0457328876099252,0.0108335065,0.027155002692543725
ID_8D55C718E9,0,0.15,0.044965184028202085,0.028623303,0.06774838816398336
ID_8D648C3D4B,0,0.15,0.05985644278991229,0.16510284,0.14280028474127227
ID_8D6B7DF5F7,0,0.15,0.33085101299135716,0.38979977,0.29993145072077493
ID_8D6FD1EBE1,0,0.15,0.23221502851375783,0.05455606,0.12692303735649466
ID_8D91567FEB,0,0.15,0.11264975839573434,0.052666917,0.07579449002769409
ID_8D9CB62BF1,0,0.15,0.1841150418228937,0.026034769,0.03853369551136964
ID_8DA34F347D,0,0.15,0.06939179835727331,0.041905753,0.07912354449948075
ID_8DAB401955,0,0.15,0.13534468368568786,0.19719692,0.18089752698849504
ID_8DAB61E070,0,0.15,0.21764482341943567,0.29775283,0.2555298696981426
ID_8DAC31E047,0,0.15,0.08420718328045036,0.06357447,0.08118051956457428
ID_8DB3987262,0,0.15,0.19551074321069462,0.019758012,0.05901450820788826
ID_8DB416CFC9,0,0.15,0.22708844484346777,0.067744456,0.11227399523763436
ID_8DCDCB57A0,0,0.15,0.16566407108540393,0.08881827,0.0754220238141028
ID_8DE79E7EFA,0,0.15,0.13695284556190768,0.05794376,0.08753800734469683
ID_8DEF921ACA,1,0.15,0.19749853328145225,0.17790556,0.25164761062021584
ID_8DF5EE56B2,0,0.15,0.06981212261504863,0.05041167,0.07953145980653584
ID_8DFBC90556,0,0.15,0.13843508495210682,0.29219478,0.24069047014638828
ID_8E01208901,0,0.15,0.1028047041241329,0.17619447,0.14240125616397195
ID_8E027A277E,0,0.15,0.13766449483781337,0.05444922,0.10106044651964038
ID_8E14B5AD22,0,0.15,0.17913380219404995,0.08941187,0.12319851262686562
ID_8E167AA85A,0,0.15,0.17007523311742093,0.13003671,0.12842658191595674
ID_8E1955B47A,0,0.15,0.061904369499687695,0.08769798,0.06946812549187599
ID_8E23795B45,0,0.15,0.0898010922270187,0.0518168,0.07540516313121176
ID_8E24240834,0,0.15,0.09405269263807794,0.071296066,0.09754496751595398
ID_8E24B41357,0,0.15,0.06611011655573266,0.016479796,0.0397994910777035
ID_8E29BD325D,0,0.15,0.2494850663068359,0.32848054,0.3590325849089954
ID_8E349AC22E,0,0.15,0.21325008599078113,0.034892276,0.0698829882572818
ID_8E35462585,0,0.15,0.209738491030075,0.11639862,0.17752051338904826
ID_8E3D74CAD5,0,0.15,0.12465455563781404,0.11406337,0.13892111418693803
ID_8E3DFC1D7A,0,0.15,0.24297903914981986,0.09256593,0.1307406215344831
ID_8E4275AA0A,0,0.15,0.10243599397939224,0.08104769,0.06188232625005172
ID_8E4952D5E2,1,0.15,0.05650041230049358,0.06708629,0.06624925905267942
ID_8E561F3592,0,0.15,0.023846620914535047,0.029016715,0.0446695229405325
ID_8E56B61F4F,0,0.15,0.029724046414885838,0.02789285,0.04932782098309622
ID_8E5C4B5040,0,0.15,0.042954607134848985,0.09423493,0.13970155950319268
ID_8E5D80585C,0,0.15,0.18418561732195274,0.10803573,0.10864759589365545
ID_8E77F4874A,1,0.15,0.1479453642660992,0.30038562,0.21555424582253388
ID_8E9A7A826E,1,0.15,0.016320802425829388,0.03752936,0.05516493200036068
ID_8EAA22CC13,1,0.15,0.39737767574752614,0.8390446,0.7306538149586388
ID_8EAA3F8358,0,0.15,0.056281864065737805,0.028245686,0.07279827223218487
ID_8EB8203A97,0,0.15,0.0690244337666212,0.059285942,0.07840021747368817
ID_8EBAF8BBD3,0,0.15,0.03157368768791103,0.013553552,0.029997324555960634
ID_8EBC7E5729,0,0.15,0.11007840120495391,0.048637416,0.053984721054906204
ID_8EBF1CA5E3,0,0.15,0.06990995400952743,0.08509828,0.09615000713401536
ID_8EC9C4C8C2,1,0.15,0.29903026839238767,0.48004687,0.3604823308818626
ID_8ECAF96857,0,0.15,0.2876753300321895,0.32452992,0.20142602036214327
ID_8ECF44C028,0,0.15,0.3140398150926363,0.42957467,0.38022672970076155
ID_8EF607F90C,0,0.15,0.038577486000349805,0.04862655,0.04171722504728784
ID_8EF97FFC4C,0,0.15,0.29511496644249835,0.087574735,0.21870197439138206
ID_8EF9A63FF5,1,0.15,0.12203264345506339,0.20536579,0.3786792469940216
ID_8EFA80466D,0,0.15,0.13949191961701307,0.04459463,0.08101805804673362
ID_8F1023E180,0,0.15,0.23580910336126584,0.07302076,0.11295292198915058
ID_8F10880D41,1,0.15,0.24955310339918615,0.23140967,0.30825369399303615
ID_8F23B2BCC6,0,0.15,0.12105170133351642,0.12206648,0.1271864190735022
ID_8F28F54CD1,0,0.15,0.10282967901213273,0.033998508,0.055016607590208544
ID_8F351BB271,0,0.15,0.17265122476646566,0.054695696,0.09897626381124247
ID_8F42D12354,0,0.15,0.18330297503319778,0.059274774,0.09371365060528214
ID_8F4D33F8E1,0,0.15,0.10444044067599331,0.13505214,0.19675448802105622
ID_8F5380C564,0,0.15,0.119473183803887,0.1186707,0.12428683723126495
ID_8F5416DDE1,0,0.15,0.03559748736447429,0.012784156,0.03296343457623097
ID_8F55C3C297,0,0.15,0.06092428909228239,0.01237715,0.03894571470380414
ID_8F55CA2C1C,0,0.15,0.058479438245849516,0.042802203,0.079922692794928
ID_8F56A51DD8,0,0.15,0.06835248562245981,0.053343497,0.10153394869313467
ID_8F5813FF99,0,0.15,0.288316001951857,0.13340862,0.18257086958197774
ID_8F5F116DBE,0,0.15,0.06518086218330678,0.40231705,0.29072706543593746
ID_8F61A9BF2C,1,0.15,0.11568876344604445,0.48875958,0.4338822142465033
ID_8F6DB2BE51,0,0.15,0.09377414226101004,0.24457934,0.21253651049777295
ID_8F6F6D21BE,0,0.15,0.10415627360205941,0.050038714,0.06108226081515396
ID_8F7355A79C,0,0.15,0.0345513492927764,0.041753385,0.045425545125480214
ID_8F74A28B8F,0,0.15,0.4876647226743063,0.23169954,0.21728397315757408
ID_8F7B08C710,0,0.15,0.02147011288751827,0.008888452,0.024105244538575623
ID_8F7EBD78F5,0,0.15,0.2911995721930161,0.49494892,0.39868062144546323
ID_8F8671947C,0,0.15,0.10683144056576016,0.1121421,0.14301367273120413
ID_8F93700A14,0,0.15,0.14032207856045995,0.15831153,0.11038725380121946
ID_8F99CB3341,0,0.15,0.19036012474931047,0.07697334,0.13594342936532725
ID_8FA94A4D76,0,0.15,0.11513227890312608,0.07950535,0.09744361371398018
ID_8FAA96CE5B,0,0.15,0.01075520032213758,0.25784436,0.32782311704788
ID_8FAFCBDEA4,0,0.15,0.5986225541727086,0.5757609,0.3695097569482395
ID_8FB983C0C3,0,0.15,0.19266654919570345,0.13430059,0.20797766254177746
ID_8FBA1A929A,0,0.15,0.21036138323429093,0.052100204,0.10365779356025386
ID_8FC3B85863,0,0.15,0.059090886956348586,0.05674711,0.06704144895723775
ID_8FD2DBD5DE,1,0.15,0.28392475461047045,0.29504022,0.2003699705335061
ID_8FDEFDB4DF,1,0.15,0.19516213796948398,0.14271772,0.1331342762559736
ID_8FEAF4EE45,0,0.15,0.14864360926072676,0.15866128,0.11416109263232005
ID_8FF5F8933D,0,0.15,0.16048123003157838,0.028761873,0.07068043452805775
ID_8FFA0782D1,0,0.15,0.26034312343562593,0.54102373,0.37058946302818296
ID_900AB1DBB9,1,0.15,0.35444289757242614,0.4468589,0.3005349175392919
ID_900D1D4F24,0,0.15,0.20168691820462334,0.07588926,0.08196259393013625
ID_900DDE3544,0,0.15,0.0706894344003094,0.052861355,0.06999139740169819
ID_9028BFFF99,0,0.15,0.19344490110916757,0.09221609,0.12432976050439724
ID_902E0AC97B,0,0.15,0.24063038801153433,0.1700876,0.16543218030039217
ID_90382EDB79,0,0.15,0.1135273376562685,0.044013835,0.0927632234354084
ID_9049B6BF6A,0,0.15,0.05523757937903034,0.052613758,0.08071945401886133
ID_904E2B30C3,0,0.15,0.2115298880152317,0.055263158,0.1019047657161104
ID_904FF1DEDA,0,0.15,0.032399979674924646,0.0056300247,0.0162645692515726
ID_905143B04E,0,0.15,0.28298120902687757,0.53731525,0.35289668428763876
ID_90540687A0,0,0.15,0.031456826404188024,0.027930167,0.05433997099169217
ID_905D7CCEA7,1,0.15,0.0185673593533155,0.09175081,0.14026360649542127
ID_90609241BE,0,0.15,0.15845391783149576,0.09025897,0.1134662400378828
ID_906633B94B,0,0.15,0.07245303495298161,0.060899083,0.07060070763682699
ID_9082077432,0,0.15,0.04527730555945871,0.02031128,0.03513167490879765
ID_9084127E18,1,0.15,0.08575169797676331,0.071352705,0.09122572903331043
ID_908FB1D50C,0,0.15,0.27561724751901423,0.21775603,0.16044938088654498
ID_9091057048,0,0.15,0.08763694897828114,0.08562022,0.1275567966365567
ID_9095BA1298,1,0.15,0.43074427929219544,0.54139256,0.29123985256531637
ID_90AD9C7B93,0,0.15,0.16537576129088563,0.027062671,0.050639776014975
ID_90AF2CCB73,0,0.15,0.04795898840695896,0.018998435,0.04063222840889531
ID_90AF4B12A1,0,0.15,0.27571115169876587,0.17667733,0.22155039446400054
ID_90AFCC1517,0,0.15,0.042583451405765346,0.012800276,0.03465447179826126
ID_90C353DE55,0,0.15,0.14580448336794666,0.036787964,0.06309676718430025
ID_90CA9D6305,0,0.15,0.18219459910411215,0.04238085,0.04701681345208631
ID_90E12E93DA,0,0.15,0.15644410768456368,0.10402845,0.15568694454006135
ID_90E58414C4,0,0.15,0.015898534587893358,0.019480724,0.042738991007788836
ID_90E8ADC02E,0,0.15,0.2521518802182516,0.089826725,0.14560642099659152
ID_91085E43CE,1,0.15,0.34330892484646386,0.23402564,0.267613755375253
ID_910C6A58E6,1,0.15,0.4813425558757919,0.68657875,0.6213403019102224
ID_91100B533B,0,0.15,0.10153719436277898,0.043782253,0.0560555984630034
ID_91159F2EE4,1,0.15,0.0795601243963233,0.23707868,0.16694724286024828
ID_91177EF8EB,0,0.15,0.04145812736429995,0.012262927,0.04764912968014515
ID_911998BF49,0,0.15,0.4375728170568544,0.25077292,0.25849483264496603
ID_911C74D462,0,0.15,0.0808614656726903,0.10243975,0.07536424340392435
ID_912433D739,0,0.15,0.16538399196788084,0.041416075,0.11947383972569475
ID_914A034A23,0,0.15,0.09950149569217177,0.109969415,0.11614468551388432
ID_914EADC530,0,0.15,0.8308105638356719,0.36929417,0.35298190535698776
ID_915212B0A6,0,0.15,0.06588031715853321,0.033135056,0.06390338730379687
ID_9161708C53,0,0.15,0.21755490444588163,0.11376893,0.1592944700319421
ID_916194A714,0,0.15,0.05832533886678505,0.025426101,0.03176457812196793
ID_9180292831,0,0.15,0.11195720444818733,0.054342758,0.046433675256592276
ID_918E24B5A9,0,0.15,0.2270827071051578,0.059069727,0.07205369445368247
ID_9199D465C3,0,0.15,0.1363085208843259,0.08392563,0.11792497271236677
ID_91A7807BCB,0,0.15,0.07202034645800219,0.022920826,0.05181527181875204
ID_91AD50685B,0,0.15,0.06308738969323682,0.061975192,0.10218033459236478
ID_91BFEC867C,0,0.15,0.10084966729909464,0.1155887,0.22642167342392616
ID_91C0FBD122,0,0.15,0.0032042859339603815,0.31259602,0.23322291449590613
ID_91C334B098,0,0.15,0.10828325672203545,0.080478705,0.09135661191084891
ID_91C83136F0,1,0.15,0.06721775321840148,0.121876836,0.11931766548928373
ID_91C980EE55,0,0.15,0.2016733713657193,0.042160492,0.10283746148724623
ID_91CAD6E5F0,0,0.15,0.24048952967191592,0.53277856,0.3859791976954085
ID_91CD283808,0,0.15,0.2700137119336483,0.08590077,0.09523574107144471
ID_91D02E4078,0,0.15,0.02511273709743476,0.026587931,0.04155432754059166
ID_91D84F3643,1,0.15,0.16450534958844662,0.03935318,0.05428830757065833
ID_91E2FE0018,0,0.15,0.010385988723747458,0.088807575,0.12476636285636458
ID_91EBE6414D,0,0.15,0.10904058717680454,0.05391867,0.10734891630268151
ID_91EE41F63E,0,0.15,0.05147580010555803,0.06385304,0.05957675801209555
ID_91F5EC3128,0,0.15,0.11028242989802385,0.20339136,0.15986966627355165
ID_91F6A4BC13,1,0.15,0.2876192988864779,0.21825635,0.2625242356664757
ID_920CF69F2D,0,0.15,0.23946970309745602,0.068095535,0.14480780009068941
ID_920D307114,1,0.15,0.16706247256211695,0.11269357,0.22707120852631824
ID_92152AA9FA,0,0.15,0.2884965838450864,0.17706299,0.1678672073477684
ID_9223320D24,0,0.15,0.09162120855890259,0.088304915,0.12369560541435491
ID_922A597ECA,0,0.15,0.1880150042170929,0.080860235,0.13199000260472385
ID_922DD0DEBA,0,0.15,0.11763240957478162,0.31784275,0.17047066941320713
ID_9244DC8CE4,0,0.15,0.07100974230969598,0.12595543,0.22120131905786777
ID_924AD7FD45,0,0.15,0.057722919417741006,0.06222282,0.05877593361111089
ID_925424CAA0,0,0.15,0.015445893022817564,0.07197885,0.08378378718002208
ID_925EF6D2B0,0,0.15,0.020358329999180108,0.009004659,0.02302606016426847
ID_926C2A43E7,0,0.15,0.22508998063064925,0.12911431,0.14680858714967046
ID_926DB97E9A,0,0.15,0.04416929152714961,0.23117556,0.16453255307538264
ID_92767729A8,1,0.15,0.08159748290258995,0.050841793,0.07738703278882993
ID_927E7BEB35,0,0.15,0.10930844906162915,0.028356768,0.07002964694680615
ID_927FEC0D2F,0,0.15,0.10590118235967416,0.063405804,0.03969565855177862
ID_9281720FF8,1,0.15,0.5124506837191211,0.4401586,0.2857893251811585
ID_9294416513,0,0.15,0.07540463755430439,0.030409425,0.06661209617926042
ID_9297C28677,0,0.15,0.14302885787191916,0.08936252,0.21174172323034612
ID_929BA72D88,0,0.15,0.2562617217655283,0.21285014,0.20175545267682096
ID_92A7113509,0,0.15,0.01922702381338779,0.009391991,0.02787859495727354
ID_92B14D9011,0,0.15,0.037962895504602134,0.23496944,0.17633778044672516
ID_92C0B7CB05,0,0.15,0.1312373821427518,0.053561497,0.10202540892322376
ID_92CC5C8ECD,0,0.15,0.09331885630694413,0.08840931,0.12788276883387498
ID_92D21936CB,0,0.15,0.13113937881593132,0.04926807,0.06270192917732506
ID_92D9333445,0,0.15,0.1241449559009913,0.30746925,0.38321352836583444
ID_92DC7BA648,0,0.15,0.2688514662303884,0.41031313,0.4607775399621411
ID_92DF851939,0,0.15,0.07147769531510186,0.08281063,0.10367803669102077
ID_92E1162DB8,0,0.15,0.05701968008119835,0.09025969,0.12889239602684954
ID_92EA2477B9,0,0.15,0.19614439417474952,0.10258161,0.11531827941763657
ID_92EC6397B6,0,0.15,0.055064265947288915,0.018235927,0.03336736864241378
ID_92F58DE0C0,0,0.15,0.13656701952536687,0.33645377,0.29550405091135884
ID_92FF204086,0,0.15,0.024189711120145778,0.023909526,0.0532284487139024
ID_930B34EDE3,0,0.15,0.14315974240452153,0.06457268,0.08518579111480579
ID_9310ED37F2,0,0.15,0.06888193532411642,0.022179414,0.0485203784986468
ID_93166AB8B3,0,0.15,0.24264602217017028,0.10556725,0.1457576831334273
ID_9328E335B6,0,0.15,0.52912204204847,0.24690455,0.18454677720324905
ID_932B7D5E8E,0,0.15,0.06654648083219072,0.033822604,0.07679723854033524
ID_9338905C06,0,0.15,0.03083808473967648,0.019237507,0.03922557862171826
ID_9342B287EE,1,0.15,0.2356906571332049,0.24589178,0.22887343830433846
ID_934A5BB6FC,0,0.15,0.28930036017657124,0.35876763,0.33886674826272084
ID_9358271F6B,0,0.15,0.09162892711606503,0.053858574,0.060352834344148225
ID_935C64563F,0,0.15,0.0346054050195291,0.0980191,0.05329443517135302
ID_93663B958B,0,0.15,0.06436183205005273,0.33961996,0.3215057460855314
ID_936BA3F972,0,0.15,0.1436841932622143,0.04335388,0.07979409654911745
ID_93744D11E1,0,0.15,0.08768940514599835,0.11137018,0.14593153813509557
ID_937A0702A7,0,0.15,0.05720707305854921,0.04526563,0.06468585240760383
ID_937C2B2EB9,0,0.15,0.09526462795669535,0.037760653,0.04458646427666924
ID_9380D1D838,1,0.15,0.505221269556556,0.8439115,0.6430232772252165
ID_938121686E,0,0.15,0.03562146011588595,0.014867944,0.06292439686388442
ID_93819B4A52,0,0.15,0.14697079976795954,0.06507593,0.09757216945464364
ID_938911AAAE,0,0.15,0.20108680616357952,0.1866331,0.2028628174533692
ID_938CC697B2,0,0.15,0.11557252598725144,0.05322031,0.0999653236333637
ID_938FEB98A7,0,0.15,0.0015640406356725676,0.048595667,0.07832264960481121
ID_938FF9DD82,0,0.15,0.07423477937265449,0.01209193,0.048134267349082875
ID_9392EFE28E,0,0.15,0.15682376216520771,0.061686724,0.07887727937651702
ID_9394010CCA,0,0.15,0.04605873606834376,0.03240154,0.062396988673837486
ID_93953091F3,1,0.15,0.2184325241988955,0.12666859,0.24357957726427473
ID_939557BA34,0,0.15,0.14043585763450475,0.043426212,0.07380229831557751
ID_9399960C03,0,0.15,0.16893974245731502,0.104828335,0.09790734117675619
ID_939ED519BB,0,0.15,0.18186813140602667,0.37828666,0.2454677766998581
ID_93A3CF6911,0,0.15,0.11491140553097534,0.050989173,0.08540874755700296
ID_93ADB5535F,0,0.15,0.1257047732462165,0.018283864,0.037861587174874034
ID_93C88A8CA8,0,0.15,0.14792035317518012,0.06612635,0.1274351839718676
ID_93D27A7F67,0,0.15,0.11265133565430308,0.295891,0.19290161468062553
ID_93DB9DE67C,1,0.15,0.9739953096211884,0.77467346,0.6324262079004664
ID_93DD235B4E,0,0.15,0.08668808003969068,0.08131768,0.07693606855809805
ID_93DDEA47CE,0,0.15,0.03876031253591057,0.070886895,0.10656002342805587
ID_93F2B81AD8,0,0.15,0.05796471578999566,0.046274085,0.08513999954683134
ID_940A55ED31,0,0.15,0.08520703571173747,0.07326667,0.08703352664138787
ID_9426173FE5,0,0.15,0.1268284417298237,0.096615754,0.07336547447698932
ID_94274556CB,0,0.15,0.13888803347442416,0.14336309,0.14770460811339184
ID_94281F8B38,0,0.15,0.1688281689339547,0.04892291,0.08423260984578748
ID_942FC0308A,0,0.15,0.050112125607717564,0.008921088,0.027039218768769784
ID_9446BDFDC4,0,0.15,0.1296830333335106,0.027375339,0.06719525522926924
ID_944D1D8BA2,1,0.15,0.1389900141025044,0.089813724,0.09868096092658397
ID_945686B9FA,0,0.15,0.08616896067136878,0.052439336,0.08870487360578592
ID_947214F9EF,0,0.15,0.0896301330777297,0.04865241,0.045307784564281715
ID_9487306F45,0,0.15,0.0781956210457268,0.025723612,0.03464644304681128
ID_948EE9639C,0,0.15,0.07880698242310391,0.09723181,0.10590420014118573
ID_9491364E5C,0,0.15,0.09912914835125491,0.26273674,0.1089335098867136
ID_949BCAE073,0,0.15,0.15165311419455269,0.020759853,0.03371285699071244
ID_949EA93962,0,0.15,0.11368541755186574,0.08486928,0.0994393026534987
ID_94A9FD124A,0,0.15,0.09908158892404019,0.0380918,0.07570252144289426
ID_94AC0569E4,0,0.15,0.14232575798382072,0.12087646,0.1213930339392478
ID_94B447E8EF,0,0.15,0.1852609414029218,0.21259536,0.1796536134828505
ID_94B5584674,0,0.15,0.12425619130163228,0.041149795,0.0906019638499554
ID_94B95FA6E3,0,0.15,0.22101106997762773,0.14052226,0.16543646667828518
ID_94C48789A4,0,0.15,0.07497662187020333,0.017091356,0.0403994966808603
ID_94D415BB9D,0,0.15,0.2895090284504365,0.09714243,0.13327060592304318
ID_94D960204C,0,0.15,0.1400861057272626,0.099297404,0.07024071343889651
ID_94E31ADDE0,0,0.15,0.08129509170636667,0.07449663,0.09259258859148307
ID_94E749B898,0,0.15,0.25249855405664345,0.10927739,0.11476657281605036
ID_94ECC3A571,0,0.15,0.048032712420472794,0.046569575,0.08868351245594384
ID_94F09D2346,0,0.15,0.13010783248767746,0.074393705,0.06540639358771885
ID_94F3DF0F31,0,0.15,0.0021599141063825362,0.03423273,0.07302050712998255
ID_94F9DDD083,0,0.15,0.11390275737008024,0.10170823,0.1269452571853502
ID_94FAA1B731,1,0.15,0.07717140770203204,0.20925152,0.15826896097531323
ID_950B999D66,0,0.15,0.049525277426215604,0.0478339,0.07375115490603193
ID_951E69B6B0,0,0.15,0.11408590015114914,0.075910166,0.11723064177326872
ID_95254F6817,0,0.15,0.0010641923121598711,0.08555118,0.11053354780540073
ID_9528683B13,0,0.15,0.20583156441492517,0.30621275,0.280986607606995
ID_952D6ADE1C,0,0.15,0.16134084282846461,0.05156987,0.0647180030798921
ID_952EE63F45,0,0.15,0.22139478617221983,0.1815125,0.17794805031771246
ID_952FC29332,0,0.15,0.0015758204695721443,0.051307987,0.07370853778431077
ID_9544249218,0,0.15,0.10671695986444421,0.102126814,0.11782702630139585
ID_955D076E5D,0,0.15,0.007279971707433828,0.033262223,0.07343565206561876
ID_956DE82000,0,0.15,0.15167585919094864,0.12561457,0.14291794595382337
ID_9571A2BE57,0,0.15,0.18169263184162976,0.047498234,0.0863878163037335
ID_95831811DE,0,0.15,0.06591673526378412,0.10673971,0.16666777424162418
ID_95869090EC,0,0.15,0.10359026997942272,0.036682,0.08391542538747525
ID_95881BC753,0,0.15,0.00027507571185748355,0.023070615,0.06897108601050093
ID_9599D15B5E,1,0.15,0.02583956798367702,0.14681289,0.14797654284264977
ID_959B005380,0,0.15,0.0682627056642242,0.07815352,0.10668321408503391
ID_95A1B6EB0F,0,0.15,0.23833006807175855,0.26375124,0.3354734614190785
ID_95A211E381,0,0.15,0.1579086782667454,0.16588964,0.19575849877359705
ID_95A740D27F,0,0.15,0.15314395945107628,0.056964613,0.045486957248194924
ID_95B28168D1,1,0.15,0.9635348404812594,0.6546261,0.47560241404726866
ID_95B9AC8C47,0,0.15,0.1908704208568914,0.088671386,0.1491269647856197
ID_95B9FEAB2C,0,0.15,0.3160872694706801,0.116214976,0.1605944983460051
ID_95BC8D4AAF,0,0.15,0.04483923480124886,0.13879311,0.14023021516212433
ID_95BFA4CBB3,0,0.15,0.03901057457465132,0.0357514,0.0641938956789551
ID_95C2295D23,0,0.15,0.0016303480663925126,0.041271582,0.08099946491217107
ID_95C3FB6239,0,0.15,0.16436058744778137,0.16987982,0.15174205180858644
ID_95C776372C,1,0.15,0.3016680610230802,0.41018462,0.2515562445725095
ID_95C8BC61EC,0,0.15,0.15672899090678044,0.12072123,0.1109542934563636
ID_95CBE78DE2,0,0.15,0.2532474071472752,0.20901246,0.24372775908889088
ID_95CE18BAF0,0,0.15,0.11370301014657545,0.060102217,0.07855551577536478
ID_95D3027EF0,0,0.15,0.2565092212398342,0.13493657,0.19438192922116923
ID_95D68EB912,0,0.15,0.014864920632849278,0.12856323,0.25912945369107526
ID_95E671E9EB,0,0.15,0.1918147441047523,0.21389261,0.2258172444839146
ID_95F6F4AAC1,0,0.15,0.15728132187560906,0.06591306,0.06856101169883941
ID_960FB404F2,0,0.15,0.2643059856331728,0.3384088,0.158793866404505
ID_960FE9B469,1,0.15,0.08972209915247113,0.0903678,0.14597011220941813
ID_9613508BE8,0,0.15,0.24235215265626758,0.14807768,0.12493496757096376
ID_961ABB7877,0,0.15,0.12135969740853743,0.10024725,0.11075330642351082
ID_961B1ECA9D,0,0.15,0.10869271457414335,0.17839491,0.16841297489258128
ID_963A3061AC,0,0.15,0.14297424117434657,0.19152035,0.1723719616188821
ID_963B2226A1,0,0.15,0.06320737806289484,0.10163345,0.13682826148993793
ID_963B913428,0,0.15,0.03471703583174942,0.022510065,0.0534037265878063
ID_963DBE24E0,0,0.15,0.06401971123335269,0.054491397,0.10178284405989482
ID_963E5A2455,0,0.15,0.15624329245591212,0.08795974,0.13719527165320505
ID_964CF5253A,0,0.15,0.20230511339661927,0.13298017,0.13290124713095328
ID_965024EEDB,0,0.15,0.02406459920579482,0.13221624,0.12127066077308603
ID_9654FAB6AD,0,0.15,0.16695301601757453,0.23175547,0.17402608569652742
ID_965B5C09CE,0,0.15,0.0542419620248199,0.034423392,0.0766624414466438
ID_96862B7AFA,0,0.15,0.054575876769177516,0.027180143,0.05516689939981408
ID_968B584DBD,1,0.15,0.37710365649404437,0.07483438,0.08881796386675052
ID_96978488BB,0,0.15,0.10352325731388687,0.0175833,0.04965921147957784
ID_969C08F368,0,0.15,0.23157685616106433,0.060852475,0.1029962954630232
ID_96A77E09D8,0,0.15,0.03998076745909122,0.16057332,0.27581343062266245
ID_96A9460488,0,0.15,0.08114758796904023,0.12716252,0.11503372875717988
ID_96B150ADE8,0,0.15,0.22898562750703225,0.15494186,0.10316981191531982
ID_96B1CE7F88,0,0.15,0.24418669300623308,0.23989116,0.21487905073684588
ID_96B59F9FAA,0,0.15,0.21302016401289367,0.124590226,0.12761882670817912
ID_96BB71DB15,0,0.15,0.08990304788718256,0.21418568,0.18856942203290333
ID_96BC22FE37,0,0.15,0.013224294308630863,0.006913279,0.0326768694900009
ID_96BF841CAC,1,0.15,0.2845166425693856,0.4376682,0.48631648715889464
ID_96D177B769,0,0.15,0.019325689621419697,0.019657029,0.0311060189519434
ID_96D1EAE37E,0,0.15,0.03332368946986335,0.35235652,0.2316763566058459
ID_96D680D2A2,0,0.15,0.5714497672826628,0.47860858,0.4230877300469732
ID_96DBF6E4B2,1,0.15,0.3809754315088518,0.58247125,0.3960607134982833
ID_96E91AA593,1,0.15,0.3540785532013018,0.37977794,0.36606708584550374
ID_96EE5DE98C,1,0.15,0.17487608952155315,0.5488244,0.3490498534596063
ID_96F642DD31,0,0.15,0.09289647856705743,0.09894116,0.10179036708460314
ID_96FEDCC1EC,0,0.15,0.12930902793962462,0.06593383,0.0830078493388292
ID_970044BC68,0,0.15,0.0849839801659149,0.02005146,0.04271454507046374
ID_97068C1CF5,0,0.15,0.09120708833721816,0.074976,0.0899042871193558
ID_9707112F9C,0,0.15,0.11582182656018437,0.03917038,0.09283311143871865
ID_97100A9DA0,0,0.15,0.11450379819090635,0.27211368,0.2575837372417785
ID_97179087B6,0,0.15,0.09239025072608757,0.11285662,0.12371882543445518
ID_971DBF22FC,0,0.15,0.040183593057791955,0.18148752,0.15209768109162985
ID_97403B18C5,0,0.15,0.17976995639273863,0.12417492,0.19930429473533956
ID_974116C238,0,0.15,0.06492523332662604,0.038110036,0.0987221768428442
ID_974E2713AC,0,0.15,0.09359764956125016,0.07710718,0.09163473717589189
ID_974E8A08F1,0,0.15,0.21748436127105988,0.081848234,0.11257085155773852
ID_97559A90F0,0,0.15,0.06075507646046096,0.039410114,0.07923459464319708
ID_975B061321,0,0.15,0.1971651955395795,0.08959458,0.10340234682908914
ID_9763FA7047,0,0.15,0.07239948972875564,0.03436042,0.03861362563727688
ID_9780AF31B0,0,0.15,0.1771015743389331,0.20190324,0.24230437960198048
ID_978BC64D6B,0,0.15,0.13378844178603855,0.16350296,0.20845225136892626
ID_978C4DC918,0,0.15,0.13795973248023752,0.13921385,0.19681080599483303
ID_97990EA78A,0,0.15,0.07779027304667999,0.07862267,0.1388964910249456
ID_9799DBB2C0,0,0.15,0.06186388808225624,0.06284058,0.07848600073051976
ID_97AC01BBBC,0,0.15,0.2527886146659932,0.23233825,0.19322881574341588
ID_97AEE26F60,0,0.15,0.0656775982408898,0.0621844,0.08412546076595508
ID_97CBCD8729,1,0.15,0.27381482728796475,0.4377242,0.3790355283591457
ID_97D23C6402,0,0.15,0.024037562532053795,0.02093558,0.03823627661108934
ID_97D3495314,0,0.15,0.13910867512446012,0.020127608,0.05555431595355274
ID_97D38BF71F,0,0.15,0.12399342380983792,0.07231272,0.08626462719227632
ID_97D3E9BAEE,1,0.15,0.18147357922613072,0.26224262,0.298815120046862
ID_97DF53AC0E,0,0.15,0.1705064209108956,0.076682955,0.1040070363446073
ID_97E0074C77,0,0.15,0.2501410698582733,0.120444074,0.11425752462987197
ID_97E67592F2,0,0.15,0.00616375320973331,0.014001138,0.032191411196491826
ID_97EE71840B,0,0.15,0.2711255568995494,0.13903263,0.179079390892239
ID_98013ABA8D,0,0.15,0.2885124109213638,0.48851833,0.34294099743484496
ID_980DC7DCBF,1,0.15,0.2853649595902222,0.316418,0.2558155668533775
ID_98251F929E,0,0.15,0.24410565676427443,0.15082571,0.1793923403164622
ID_98327A8B81,0,0.15,0.06882716569659593,0.10600293,0.09001512774785533
ID_984C1DEC5E,0,0.15,0.09169980738039817,0.032210864,0.059945691787216274
ID_984E41145C,1,0.15,0.1590582784851912,0.1259572,0.11404819538319466
ID_9853982F67,0,0.15,0.20620776224220755,0.15293962,0.1564895377430405
ID_9853EAB5A1,0,0.15,0.30016212921202967,0.083284006,0.14748952693472603
ID_9856226329,0,0.15,0.12416405206667458,0.03655912,0.0664170821303428
ID_9868FC0B9E,0,0.15,0.13856508892932248,0.11393454,0.1291006443123246
ID_9875CEB2B4,0,0.15,0.06364437316890115,0.013235789,0.0351676761717487
ID_9878A57CF7,0,0.15,0.27078615492206576,0.20227335,0.1505203820090863
ID_987D52C1AD,0,0.15,0.14364806991186163,0.09130807,0.08612164739611294
ID_987E03F681,0,0.15,0.2135248104771429,0.17203464,0.23504290134369402
ID_987E3D39E9,1,0.15,0.18717182344398203,0.22955616,0.21968554052972136
ID_9884B4897C,0,0.15,0.10997599858194568,0.108820334,0.1338179806201105
ID_9885721D3E,0,0.15,0.030323219653994527,0.06643586,0.07314920601749941
ID_9894F4A82A,0,0.15,0.054279952205968145,0.034014408,0.06143889866450042
ID_9895D83DC7,0,0.15,0.15593921049486906,0.2648204,0.20471994810999058
ID_989B89876C,0,0.15,0.09544401742413418,0.04545636,0.08793815288493541
ID_98AFCD97DF,1,0.15,0.11314445905959801,0.51257783,0.3770501568782206
ID_98B8E0F9EC,0,0.15,0.04986759680396208,0.042534173,0.08027302778122263
ID_98BCEC6A9B,0,0.15,0.08749712547668473,0.028869636,0.036331963492761125
ID_98BFE64E98,0,0.15,0.0826951861741105,0.03615731,0.06328414110941047
ID_98C4EAA78E,0,0.15,0.15155332390086482,0.113848835,0.12528364544570494
ID_98C6A3A48E,1,0.15,0.12298287141057747,0.41523954,0.3312234018929154
ID_98D00768DA,0,0.15,0.05206930690795583,0.15386522,0.14173262797526606
ID_98D0F595D6,0,0.15,0.06428982309984643,0.026359515,0.04004127895923636
ID_98D24CE15D,1,0.15,0.33376564872512227,0.57427734,0.5439904261112216
ID_98D66F4D11,0,0.15,0.2748590834902633,0.16404213,0.11993074618597312
ID_98DA3B5AC9,0,0.15,0.11037331054201478,0.025831645,0.069568440574255
ID_98DC9F7D1B,0,0.15,0.0074406364228028566,0.10113432,0.0989636555308997
ID_98E5BAC8ED,0,0.15,0.09076547784603833,0.08280127,0.08423913899134784
ID_98F0E8C4EF,0,0.15,0.05112707183845832,0.036609657,0.061060945288108064
ID_98F467B4F4,0,0.15,0.07543166408936187,0.052168895,0.07159667148904986
ID_98FAD6E596,0,0.15,0.0825875971673693,0.03974271,0.11592031002974607
ID_9901A59792,0,0.15,0.052569943737403,0.033254392,0.057722393179590784
ID_9909DEFFF0,0,0.15,0.11922883182734957,0.07541465,0.08668424449113557
ID_990D291A41,0,0.15,0.0288839577939303,0.010646131,0.025445906966402036
ID_990DE0D7F2,0,0.15,0.10181895746298096,0.033130277,0.04896746890979761
ID_9911F13DD4,0,0.15,0.10575218556844203,0.049964502,0.08935746135910035
ID_9929695002,0,0.15,0.048411640937394675,0.116445825,0.15211393268076553
ID_992AEAA76A,0,0.15,0.14319208372730907,0.064726986,0.06915918567839445
ID_9932478765,0,0.15,0.1846058929395112,0.4306637,0.40677281170837853
ID_993E12A0EA,0,0.15,0.0940187839251044,0.107069634,0.11292780175761423
ID_993E2961A7,0,0.15,0.05383339501468023,0.013972782,0.049812622642519344
ID_9941DD92A0,1,0.15,0.18156227757045798,0.4853422,0.44263772036792454
ID_9942C52884,0,0.15,0.13974524200851932,0.12876168,0.12796269703824983
ID_9946CD9AD5,0,0.15,0.030195912922896192,0.023434127,0.03845562069289551
ID_9948634235,0,0.15,0.19589003024311186,0.119267814,0.16207600360078434
ID_99516CEC63,1,0.15,0.13031323138626288,0.1505114,0.15918099395983615
ID_9952DF8714,0,0.15,0.03958440418864227,0.028293353,0.07480647917432492
ID_9955CA66F7,0,0.15,0.1921589606185886,0.31593233,0.3408263707384038
ID_9958B94D2C,0,0.15,0.1599847409542364,0.120796785,0.15509997587152252
ID_9958DDE302,1,0.15,0.22586636202197222,0.5837843,0.4940910251212356
ID_996855009E,0,0.15,0.016845076149192083,0.0881486,0.15555898563338008
ID_996D300D15,0,0.15,0.013668712171639326,0.11212519,0.12776226385052414
ID_996E1254D5,0,0.15,0.20811787586100505,0.1648148,0.142187032660073
ID_9972D20693,0,0.15,0.12716244135537771,0.080859326,0.0812609943078052
ID_9973B9956D,0,0.15,0.08599661894486549,0.017257644,0.039695440834215466
ID_998E2216A4,0,0.15,0.08663676499485383,0.02519289,0.04270198660040561
ID_9990897C08,0,0.15,0.01589317356844643,0.023452828,0.051150893398143105
ID_999F3FE76D,0,0.15,0.06227703084622797,0.020844745,0.04206331120798963
ID_99A49738F3,0,0.15,0.053411896281371676,0.0666869,0.08139937841592003
ID_99B2699484,0,0.15,0.16551507195927576,0.20455334,0.25230897433343935
ID_99D33B3777,0,0.15,0.09171222853659639,0.059776176,0.11451879846503203
ID_99DD75CF07,0,0.15,0.1403023279995831,0.07851555,0.05773545072941078
ID_99DF53275D,0,0.15,0.28641870289668747,0.2860385,0.25685717176450207
ID_99DF9FEC2C,0,0.15,0.05941670183200106,0.07796316,0.10313774442891632
ID_99E853C9A5,0,0.15,0.12675598896822693,0.060102895,0.06409696721432606
ID_99E858BB19,0,0.15,0.07497949911215017,0.039125163,0.04279847713104191
ID_99FA5FA425,0,0.15,0.030527609183174313,0.042544067,0.048265183247719466
ID_99FC94021B,1,0.15,0.20434593660834896,0.24902652,0.29295122263609485
ID_9A07BB93BE,1,0.15,0.20231499215903742,0.11280602,0.11788080795692311
ID_9A145D2A34,0,0.15,0.3946473666786635,0.628619,0.44055773956835587
ID_9A199481A4,0,0.15,0.07409224526324214,0.061636347,0.07636042758176724
ID_9A1DC1765E,1,0.15,0.053420646389687985,0.3649167,0.24129514803375657
ID_9A2D83A7D2,0,0.15,0.06447088344291034,0.062249344,0.06983270502495885
ID_9A2D84B7F3,1,0.15,0.30370665537261926,0.1656737,0.1627505234725521
ID_9A3399CCBC,0,0.15,0.05186686963271548,0.050084006,0.09955314276511594
ID_9A4DF8651D,1,0.15,0.35876619201203425,0.4896334,0.30052245469300853
ID_9A53CF120B,0,0.15,0.06775042486487633,0.09483033,0.10883624172445759
ID_9A5807C1B4,0,0.15,0.2927312141476902,0.16710418,0.13776065777821703
ID_9A5F1E938E,0,0.15,0.06714034515189207,0.4539516,0.40167816780243876
ID_9A5F8C4B22,1,0.15,0.2080920162359094,0.22620778,0.2528083601739985
ID_9A7338149D,0,0.15,0.1625767267220063,0.04640544,0.08108471593458828
ID_9A81E7D5CD,0,0.15,0.20683728438811122,0.19222909,0.22038709026517872
ID_9A825A3B0F,0,0.15,0.21042475891632226,0.07775977,0.11977885356494225
ID_9A8B9999B7,0,0.15,0.10737645187261619,0.1880749,0.21072815549511195
ID_9A8F7970D0,0,0.15,0.08935053761217869,0.02042375,0.049309782530762125
ID_9A930296BE,1,0.15,0.20480632090547574,0.27607748,0.3356046913250656
ID_9A94216476,0,0.15,0.08255152467396344,0.05527272,0.08548627181396377
ID_9AB964C0BB,0,0.15,0.15045094504987608,0.061885774,0.11068775722410376
ID_9ABF20F0DF,0,0.15,0.10564345150827248,0.05098511,0.07424335127324257
ID_9AE8607761,0,0.15,0.10338629387737677,0.074505635,0.08887179574106574
ID_9AE965705D,0,0.15,0.20594344151957697,0.14847924,0.15758509480397848
ID_9AFBA29093,0,0.15,0.11090329308014835,0.07488669,0.09629313990829819
ID_9AFE2F518D,0,0.15,0.5382202243090506,0.12721854,0.1450745821437716
ID_9AFEC2205A,0,0.15,0.1610097928649794,0.13850844,0.10347159396579246
ID_9B102B9E14,0,0.15,0.1018447147134584,0.01338014,0.04205233197935225
ID_9B1ACA2917,0,0.15,0.044492139606916975,0.014209436,0.05311753808160715
ID_9B1E5FB178,0,0.15,0.18480047792116977,0.11903587,0.14686398992298516
ID_9B32CB0110,0,0.15,0.1242284826276311,0.17538776,0.16178052675646828
ID_9B3FFC2097,0,0.15,0.04924735799175064,0.021256085,0.044398871838665914
ID_9B4C87F451,0,0.15,0.15117569423917285,0.04189974,0.06870413278331372
ID_9B5A54D200,0,0.15,0.3263104666800339,0.23355094,0.18500278843561008
ID_9B60B4758B,0,0.15,0.1956734835444232,0.17254981,0.3270745731790097
ID_9B6EC92B1D,0,0.15,0.07808525936834462,0.06378209,0.08648632892124625
ID_9B834141D0,0,0.15,0.13810215933303888,0.46893692,0.3087541432256231
ID_9B8B047010,0,0.15,0.17698591230679056,0.27285326,0.16841349747590467
ID_9B8BC86EBC,0,0.15,0.11341472798134748,0.042286936,0.06033771621481109
ID_9B8FF45DE5,0,0.15,0.11364943187549513,0.023663629,0.04033216652682576
ID_9B9043D2E2,0,0.15,0.020010217148312134,0.019610748,0.0546421656584074
ID_9B956253D1,0,0.15,0.1045508912947141,0.15162157,0.16794427437599493
ID_9BA981788C,0,0.15,0.042563480951224864,0.043695346,0.08588610271472708
ID_9BAB0D6255,0,0.15,0.04712117559804765,0.06539099,0.06755625617199691
ID_9BAE3CC7A4,0,0.15,0.2020567586658927,0.10727656,0.12750939012980408
ID_9BBB2ECD63,0,0.15,0.18602111447468092,0.11723425,0.09807438804743882
ID_9BC9EFBFEE,0,0.15,0.1875362076927202,0.29332778,0.34814781282574936
ID_9BD2230E4A,0,0.15,0.15458228555217715,0.10661229,0.11710533487384747
ID_9BD2CC49C4,1,0.15,0.07358899392045518,0.40215933,0.26840328516608253
ID_9BE1077149,0,0.15,0.1736101344299147,0.36139506,0.2502363679576445
ID_9BE115B34B,1,0.15,0.3258304416376637,0.31793198,0.22320571561857178
ID_9BE4830DD4,0,0.15,0.07781068464125482,0.07620237,0.09712954985553426
ID_9BE70AAA72,0,0.15,0.1633506718865497,0.21471049,0.18932781895072054
ID_9BE8705899,0,0.15,0.33283336357712023,0.15266365,0.1633351630183837
ID_9BEC9FEB22,0,0.15,0.1040519764608111,0.034120247,0.09122952932490855
ID_9BEF5AB5D5,0,0.15,0.10617864723918699,0.08975114,0.15242066624262238
ID_9BF5C488BD,0,0.15,0.11858202546310241,0.15107287,0.25016884769014863
ID_9BF7753405,0,0.15,0.12074028659751984,0.07904067,0.15979231341028316
ID_9BF7D6489F,0,0.15,0.0341398831429664,0.040044967,0.06597643517728483
ID_9C026B8141,1,0.15,0.15883151990462027,0.20307104,0.2137647468465087
ID_9C1AF0798B,0,0.15,0.2641074125138602,0.11189475,0.10533886145204462
ID_9C1FF272F4,0,0.15,0.3338055253669665,0.40285045,0.4827136527240204
ID_9C2230A9A2,0,0.15,0.03783789527363035,0.08617367,0.07187105976901564
ID_9C23E5CE4C,0,0.15,0.007977377769679916,0.007479133,0.0107699189269037
ID_9C267BCA50,0,0.15,0.4447112294696311,0.27618885,0.22099970956216566
ID_9C26BF28FF,0,0.15,0.15382322640351273,0.083533175,0.08706037362698489
ID_9C2AC23A1D,0,0.15,0.1471735139177792,0.037069377,0.05877106728093984
ID_9C2AE4DD3E,0,0.15,0.0028766798923855444,0.07066253,0.09586833524609904
ID_9C37EC87E4,0,0.15,0.015094300721503962,0.010014696,0.020924516093829042
ID_9C3A3972FE,0,0.15,0.06067905488287399,0.08767181,0.09919432046117271
ID_9C446C7D82,0,0.15,0.1022257034066486,0.060953658,0.08691511307018641
ID_9C464844B4,0,0.15,0.14188956429149036,0.10769972,0.10576965275991194
ID_9C480CF016,0,0.15,0.061391319528998484,0.049782347,0.10732539911249747
ID_9C49A31DA9,0,0.15,0.08590835781820882,0.10833189,0.16660349378788689
ID_9C4D26FCF4,0,0.15,0.09137712542060834,0.11644305,0.12975206885941587
ID_9C5359AE46,0,0.15,0.21651921872314744,0.31404835,0.3501590406149862
ID_9C56F8961E,0,0.15,0.06316827140443958,0.00989321,0.02807489076168445
ID_9C5D17CF48,1,0.15,0.18975322508845308,0.59902924,0.3376281943068091
ID_9C5D5607DD,0,0.15,0.14414738195995053,0.1736016,0.22651996556194542
ID_9C71B5D911,0,0.15,0.1256944484761626,0.07470253,0.1419109103244153
ID_9C781822C4,0,0.15,0.14458296954637637,0.05602695,0.07295353932788118
ID_9C78D868EE,0,0.15,0.25522083705884707,0.076969184,0.0854999230098068
ID_9C7C19AFD4,0,0.15,0.329225939860532,0.20139822,0.19398166443477616
ID_9CA915067E,0,0.15,0.2114922718186211,0.47440782,0.33281543811341946
ID_9CAAA05715,0,0.15,0.009669329263267528,0.064080715,0.11013262503057611
ID_9CC0D8B565,0,0.15,0.11423496829041385,0.09876326,0.10298725804605166
ID_9CC9681383,0,0.15,0.27478764314622545,0.15891574,0.1746220946746556
ID_9CE596457F,1,0.15,0.20659795445635107,0.18211767,0.185723164305509
ID_9CFFAF2673,0,0.15,0.09138601102879856,0.032656334,0.07668057320254024
ID_9D0DA1674A,0,0.15,0.0033690581195103767,0.058923833,0.12259758688477551
ID_9D1139B5D2,0,0.15,0.07454046748313993,0.15494208,0.11294960312178216
ID_9D12A60ADE,0,0.15,0.09517438902784309,0.21191019,0.1459991252617253
ID_9D15D4B9B1,0,0.15,0.1778257195434787,0.20846511,0.15721381384067748
ID_9D1DB7AA24,0,0.15,0.06706425257395207,0.06391212,0.07807411843254755
ID_9D1F9EC0D6,0,0.15,0.07802518348517301,0.05230824,0.06974911072024993
ID_9D220ED61D,0,0.15,0.1212277034765288,0.0975181,0.1237150231364821
ID_9D24C2D431,0,0.15,0.1270263984134083,0.1872841,0.11184769809279352
ID_9D2600A879,0,0.15,0.3794261882109232,0.23984452,0.19875793817347878
ID_9D281BCDB3,0,0.15,0.01360647035006975,0.014144858,0.02804268894324051
ID_9D2CD6F81C,0,0.15,0.0013334981128226592,0.24212034,0.15404139523287913
ID_9D3003A78D,0,0.15,0.3116740674331838,0.25438434,0.17026788782848834
ID_9D3359BECB,0,0.15,0.1080878540676516,0.030067606,0.06401787641752454
ID_9D362BA2FD,0,0.15,0.14446807042605056,0.06035404,0.05869129069464626
ID_9D3BAAA4ED,1,0.15,0.9674460500204141,0.847166,0.705408041648725
ID_9D483C00B3,0,0.15,0.02599945129695754,0.1686331,0.11328086042181659
ID_9D4C7171ED,0,0.15,0.19445344624091648,0.18442906,0.1549771791960697
ID_9D4F4B38D3,0,0.15,0.1509145465922481,0.11485049,0.12461909970579726
ID_9D50176BD1,0,0.15,0.037540650212467705,0.03286788,0.04247060392611283
ID_9D538F1D83,0,0.15,0.08362525252334889,0.028655954,0.05606217275533203
ID_9D5EB75D8A,0,0.15,0.0962881626592652,0.08428812,0.09012597152448693
ID_9D5FB0D326,0,0.15,0.22583947777774144,0.3463058,0.33956428319687904
ID_9D6BA451FB,0,0.15,0.03429195197519596,0.041401852,0.060266651032653634
ID_9D77EE5B96,0,0.15,0.05210367640158363,0.026489085,0.054843994720987346
ID_9D8277C32D,1,0.15,0.18463872964117103,0.17426054,0.24837385157746056
ID_9D88205B4C,0,0.15,0.09380742895602859,0.053159904,0.11449087781022789
ID_9D91D356B4,0,0.15,0.1621818400976027,0.15201199,0.1415159358273785
ID_9D94151867,0,0.15,0.14750351375620438,0.049095437,0.0846395112861806
ID_9D9838D1AC,1,0.15,0.17643488445736094,0.20880678,0.2180885494564567
ID_9D9E661650,0,0.15,0.06229786802048221,0.053007703,0.07907747131923869
ID_9DA35E3A8F,1,0.15,0.13152154245482925,0.16693774,0.18842882666667712
ID_9DAEBDC3AC,1,0.15,0.29201180267740307,0.41925713,0.24261622741927574
ID_9DB520DD7A,0,0.15,0.2565022679313491,0.5512251,0.34947588235302113
ID_9DB56047F3,0,0.15,0.0023785340550401633,0.10300773,0.14751650556577434
ID_9DBA17C1EC,0,0.15,0.08395537410582822,0.16271488,0.12424615716798419
ID_9DD203A038,0,0.15,0.261669020686441,0.18810736,0.2938570795575801
ID_9DD32092FE,0,0.15,0.1728227054333178,0.32675064,0.30549375707954524
ID_9DDA77FE61,0,0.15,0.10725699459664136,0.049858846,0.10709377412079708
ID_9DE3128DD7,1,0.15,0.016637587198168224,0.007226299,0.02409028439333015
ID_9DE40826C3,0,0.15,0.15262077059779328,0.045334145,0.10264485101561256
ID_9DFDB2FEEA,0,0.15,0.05258426838809962,0.016306767,0.03394630701216565
ID_9E00054513,0,0.15,0.17884461700782797,0.06417992,0.1308205740920773
ID_9E003E3562,0,0.15,0.024785592706420827,0.010571212,0.032668443796121424
ID_9E075A026E,0,0.15,0.060221237224676157,0.08994714,0.09230319860455966
ID_9E077F2095,0,0.15,0.1892766206301623,0.15962753,0.21143648089624592
ID_9E13CA0AC4,0,0.15,0.4303465261836936,0.4023576,0.30263861545756954
ID_9E19283FB1,0,0.15,0.26454448830470945,0.26932627,0.25395920538995137
ID_9E1B8BE16B,0,0.15,0.23208644630153896,0.08897191,0.1345299016256239
ID_9E1BC582FA,0,0.15,0.07590036458208575,0.15826108,0.1193522115966005
ID_9E1E5D577B,0,0.15,0.14101008859292555,0.062503114,0.055021068449576334
ID_9E2313BA67,1,0.15,0.3221523824743327,0.29090142,0.22623395419819023
ID_9E26362393,0,0.15,0.08216648984997674,0.08328803,0.13546905082035313
ID_9E2AA83224,0,0.15,0.08922613546915009,0.11820416,0.12733908025028204
ID_9E35F55F92,0,0.15,0.06729295919089472,0.043620937,0.06070232395251226
ID_9E3B81C06F,0,0.15,0.2508957170332263,0.31772384,0.42108258895986134
ID_9E3EC07B45,0,0.15,0.22444876687811158,0.18240552,0.1609978041523515
ID_9E4C6006ED,1,0.15,0.3107791245966658,0.6768793,0.46036730919209123
ID_9E51514EDE,0,0.15,0.03044395335071872,0.05198874,0.06937176083732838
ID_9E5AD29290,0,0.15,0.062337513470419346,0.083831586,0.10533840558300325
ID_9E5EE3823A,0,0.15,0.15073035365888707,0.05006467,0.07370841882291787
ID_9E6867883E,0,0.15,0.10166052019541127,0.19098908,0.18317014437984733
ID_9E68CA7478,0,0.15,0.028143503692160083,0.029959735,0.046943568116562244
ID_9E858CA848,0,0.15,0.14538315612182715,0.04154941,0.0651735939579912
ID_9EB6747FC0,0,0.15,0.36668967556048104,0.14907995,0.22653163021840633
ID_9EBC224C7A,1,0.15,0.5748924707971157,0.3747686,0.34076028401226777
ID_9EBE6F62E4,0,0.15,0.013983852755590389,0.015495353,0.037124646672707796
ID_9EC447CE46,0,0.15,0.09448935443973348,0.04454798,0.06821633664214848
ID_9ED320D036,0,0.15,0.1964360190476617,0.038006272,0.053488671772109704
ID_9ED93C3761,0,0.15,0.11163658277331312,0.099182256,0.1308188163124217
ID_9EDB784419,0,0.15,0.09300139317286601,0.019228058,0.04153713654496381
ID_9EDE44BD11,0,0.15,0.05405950041760877,0.04069943,0.04639990618122957
ID_9EE1C35C96,0,0.15,0.28101560386075913,0.14601175,0.12543301588542016
ID_9EE62D397F,0,0.15,0.35850539057981873,0.050134476,0.09904802589346962
ID_9EED5C1BCE,1,0.15,0.12862913548088944,0.28060585,0.3456819734951209
ID_9EFCE21602,0,0.15,0.112289990263778,0.07918593,0.12350438158871167
ID_9EFE3E3361,0,0.15,0.08524107615472695,0.026815902,0.05485474484234128
ID_9EFF307917,0,0.15,0.21570267167583437,0.17918216,0.25841352720370653
ID_9F01AC69B5,0,0.15,0.24308770135263316,0.11559231,0.19618587710682067
ID_9F12EDCA04,0,0.15,0.20157748096577838,0.10477324,0.15295350328990548
ID_9F32D5341C,0,0.15,0.12706866574379944,0.062324207,0.09151635484404963
ID_9F3803B19C,1,0.15,0.1535946183939353,0.15646236,0.18570023996872267
ID_9F399768B7,0,0.15,0.11823386637103589,0.045598414,0.06976900242753149
ID_9F42F19D53,0,0.15,0.18387956614475381,0.036616404,0.0922610381095779
ID_9F47EAC52A,0,0.15,0.262844264257066,0.083060496,0.07523523285491258
ID_9F5DC4E318,1,0.15,0.19112961738214476,0.49294937,0.4217054060282149
ID_9F5E2E5DD7,1,0.15,0.27261920026231123,0.79215616,0.588714018705877
ID_9F6B1124A1,0,0.15,0.18243903153039337,0.09118457,0.153525204377447
ID_9F75567066,0,0.15,0.032755281610098774,0.018961957,0.035595606712648165
ID_9F781A5A6D,0,0.15,0.2226972386435789,0.103345886,0.11870773323353782
ID_9F7B0E4DCF,0,0.15,0.06947242473629564,0.028237207,0.046571302052093005
ID_9F7E9A84A0,0,0.15,0.23729025225022757,0.20904359,0.1725903994377518
ID_9F86EDADDD,1,0.15,0.21097235016613977,0.31768063,0.19379185441523689
ID_9F889A2A84,0,0.15,0.2959703312032787,0.13260265,0.17829594333412366
ID_9F8AC1277C,0,0.15,0.07054104468762804,0.029820189,0.055847352759338775
ID_9F8F9AF8E5,0,0.15,0.2333616688631972,0.09125287,0.17248571669367893
ID_9F92BE10B6,0,0.15,0.2047188179885121,0.14521314,0.11101983079790591
ID_9FA1E11176,0,0.15,0.16519005968979308,0.043393027,0.060675106288697433
ID_9FA7A59855,0,0.15,0.27135846015416365,0.25976416,0.27480034867171976
ID_9FAEF98B14,0,0.15,0.12295072185923915,0.044154163,0.047627325277263446
ID_9FB36E26A0,0,0.15,0.21035904301387362,0.1107207,0.11238438746119105
ID_9FC17DC363,0,0.15,0.12429491306301906,0.11287828,0.11977465656251106
ID_9FD2026FC2,0,0.15,0.1394670664100694,0.04391279,0.07208416420541831
ID_9FD28076C4,0,0.15,0.2268618968808795,0.22687596,0.15014590828701732
ID_9FDA154835,0,0.15,0.14091133804201975,0.021711493,0.07328185380931866
ID_9FDEE9FA78,1,0.15,0.19711708892194302,0.38706237,0.26817445535902945
ID_9FF0AAA64F,1,0.15,0.33513857174552836,0.48768765,0.42128381463706005
ID_9FFA490FEE,0,0.15,0.015580248894239439,0.14477213,0.19319665358453975
ID_A0013AD0B0,0,0.15,0.06554399935742221,0.016573068,0.040937004437344736
ID_A00A8CE511,1,0.15,0.3034502664431967,0.14768608,0.1542809440289163
ID_A013BCC394,0,0.15,0.09786192373796604,0.09168264,0.12693625695027438
ID_A025D73D36,0,0.15,0.18675757652250233,0.028994333,0.07033530177952038
ID_A0325DEB51,0,0.15,0.2661222341176259,0.2027829,0.24208572138131007
ID_A04484C05F,1,0.15,0.4770050320245489,0.28267437,0.2731598122873309
ID_A044ACBFC5,0,0.15,0.06889575996906097,0.043756343,0.06377460833514072
ID_A047EECFE1,0,0.15,0.027141629326965247,0.09136057,0.09134566274150308
ID_A048BE15CA,0,0.15,0.12527746377280682,0.26432404,0.24162851223371512
ID_A04EEA6799,0,0.15,0.2058152697569381,0.37684336,0.3412128210149949
ID_A054C41FEF,1,0.15,0.11422241575500522,0.3366648,0.3397705582926819
ID_A06D08E368,0,0.15,0.17581118669556398,0.15988389,0.1196838276530901
ID_A0814AF8C4,1,0.15,0.393795839779638,0.58781725,0.36213879165469454
ID_A09BA57064,0,0.15,0.003649125186640466,0.04550274,0.09472545345465026
ID_A0ABCD13A2,0,0.15,0.10828266016556898,0.1361758,0.11315495330287542
ID_A0AF6BE8B3,1,0.15,0.3052268116380838,0.39524388,0.24424023482392018
ID_A0B77F3330,0,0.15,0.19682077794841116,0.14760219,0.3350154751637898
ID_A0BB621DDC,1,0.15,0.4094199229444245,0.4062105,0.41053561788947024
ID_A0CA3E2E62,0,0.15,0.06773168110067376,0.051846474,0.08516826557123848
ID_A0CD849ECE,0,0.15,0.10378222245828458,0.018033266,0.03994744201615384
ID_A0D1ABE1BD,0,0.15,0.17954995484789374,0.11847256,0.12488381631868188
ID_A0E1226F54,1,0.15,0.15543750502364811,0.55406296,0.4472220701369481
ID_A0E6ADAA08,0,0.15,0.19300330085892708,0.064908594,0.0820106579841148
ID_A0E756B165,1,0.15,0.5135648046027715,0.62991476,0.4729863888310425
ID_A0F4E12A9A,0,0.15,0.3737743010445587,0.36399645,0.30560223937989556
ID_A0F8B773EB,0,0.15,0.10165878887991608,0.13632591,0.13138377225591294
ID_A101BF38A0,0,0.15,0.17073911847716927,0.111537255,0.12728238972925882
ID_A10CB400E5,0,0.15,0.08645255689537985,0.19474268,0.26092460343614987
ID_A11452CCFB,1,0.15,0.263633050682238,0.4546667,0.3259179284031565
ID_A116897AC2,0,0.15,0.026146410388256523,0.13752468,0.1553591502165479
ID_A1172FF220,1,0.15,0.41042882137153835,0.6364933,0.4310389335642422
ID_A12082795B,0,0.15,0.1301501181797096,0.46281925,0.32283936059673496
ID_A125CC39E7,0,0.15,0.10241204015898034,0.056484457,0.14333595562217374
ID_A128625FA2,0,0.15,0.19215092262957556,0.13053328,0.1053907091370945
ID_A1331F9188,1,0.15,0.2479617848279612,0.12737241,0.2256961463121967
ID_A13DE190C9,0,0.15,0.26044856147070744,0.09042273,0.09623547616798087
ID_A1450D348C,0,0.15,0.26726309558584,0.084004045,0.13651244435935292
ID_A14AA6F81A,1,0.15,0.3952785034972099,0.31474078,0.36259136036433054
ID_A14E2D17CC,0,0.15,0.2256776804692756,0.055915147,0.05184802412089632
ID_A150B93E95,0,0.15,0.056674031845332234,0.056823306,0.11952197956672635
ID_A1510070AC,0,0.15,0.06760401891831518,0.03221459,0.07281858285095444
ID_A15212B5C6,0,0.15,0.3355308120051184,0.30292216,0.3457543941151473
ID_A15611D44F,0,0.15,0.04442856160531393,0.045030642,0.07592789414961977
ID_A156A5E1BC,0,0.15,0.1744908500412806,0.1918679,0.2523579654026925
ID_A157F1E173,0,0.15,0.09429395864815379,0.097790405,0.09141977857570686
ID_A15ADFF4F4,0,0.15,0.055625944084086144,0.12004038,0.11201610331727825
ID_A1603C7783,0,0.15,0.00046063281406387966,0.118931904,0.12264550876510447
ID_A16DD405AD,0,0.15,0.19595792338015447,0.33095995,0.233036173530096
ID_A178D71FCF,0,0.15,0.12243093422205671,0.10798276,0.1931720723908012
ID_A1888D95E4,1,0.15,0.11885417223525428,0.11858077,0.12201220379098031
ID_A19725B81C,1,0.15,0.2628368804289736,0.40877715,0.2385217713103116
ID_A1A30638AA,0,0.15,0.17917516311150666,0.14753662,0.10254079543050898
ID_A1A48ECAB3,0,0.15,0.5026504762277832,0.4292031,0.32943702832248933
ID_A1B7CF2AFF,0,0.15,0.01765771886736497,0.015963675,0.04016340463158056
ID_A1BCAF9198,0,0.15,0.05792993490809867,0.03157418,0.07841300941233169
ID_A1C5990710,0,0.15,0.049161110043856815,0.032952327,0.09624959437473318
ID_A1D9782B41,0,0.15,0.17614832624744153,0.08679945,0.13525572604939357
ID_A1E64E0BD6,0,0.15,0.23688087835150556,0.11374977,0.12925937157875697
ID_A1EAE5F6AA,0,0.15,0.12449730651443129,0.0770289,0.07179295288780033
ID_A21C6642D5,0,0.15,0.08781912184924406,0.031017892,0.062255208413312696
ID_A21F43ACB0,0,0.15,0.046032801272048354,0.21775965,0.1542573372568643
ID_A21F46F15E,0,0.15,0.049393905176574424,0.18592101,0.12113520318394616
ID_A222B04535,0,0.15,0.26719633665889087,0.2303885,0.19376691540318852
ID_A22453C490,1,0.15,0.17730713075693216,0.7473482,0.5652576705158866
ID_A225E2C323,0,0.15,0.060818891136774376,0.029194098,0.05358350671099338
ID_A22659BEE4,0,0.15,0.15321574320111286,0.06940129,0.08417737515177691
ID_A233C1ED36,0,0.15,0.03595434951454638,0.11449951,0.08987805939316018
ID_A2359C7229,1,0.15,0.08296912146572463,0.3622719,0.25608155535666255
ID_A250E044A7,1,0.15,0.4641277452821366,0.5515246,0.3535228052245492
ID_A258C9D801,0,0.15,0.20803741577773535,0.25815842,0.17080546444998948
ID_A27028C643,0,0.15,0.08859391507595724,0.037666943,0.07159813773805337
ID_A270E9E561,0,0.15,0.18023616489236877,0.088271886,0.07602328945570566
ID_A276F084F8,0,0.15,0.3759801871218364,0.32541862,0.32516571053083104
ID_A280E5B62F,0,0.15,0.02687034404222302,0.023732195,0.03863696998113564
ID_A28BF346ED,0,0.15,0.40030607655571976,0.25311884,0.2099184108783798
ID_A299FA2F66,0,0.15,0.08754307123320583,0.0286175,0.05275404653070064
ID_A2A7EB2273,0,0.15,0.07958727655363174,0.043655004,0.06270298948531657
ID_A2B9D5CA37,0,0.15,0.18905724277865835,0.10849642,0.14468128136237793
ID_A2BF699092,0,0.15,0.08642900781601337,0.10169841,0.10074481361706453
ID_A2DB727B59,0,0.15,0.3694389668493377,0.7918502,0.699030112072789
ID_A2E05A16AE,0,0.15,0.02783921613712953,0.036419194,0.05325022556272683
ID_A2E9A2D563,0,0.15,0.03489376544000002,0.043589473,0.05558494835232163
ID_A2EB319D1C,0,0.15,0.07095979589782235,0.03083471,0.04919986324658934
ID_A2F1D774DA,0,0.15,0.03616931688524592,0.01965946,0.03216598924822912
ID_A2F3839C4D,0,0.15,0.2643625842799473,0.108498126,0.13905305284594896
ID_A2FA003796,0,0.15,0.026334472640279737,0.040152688,0.04832784316484089
ID_A3019CBFC6,0,0.15,0.19333343338332384,0.1411275,0.16228364877121723
ID_A307D58ABA,0,0.15,0.41526632349636644,0.33685774,0.1906172658053533
ID_A30F13EB39,0,0.15,0.1189545065958249,0.2149352,0.16557040248969335
ID_A3157A7B1F,0,0.15,0.10402024118026891,0.21171565,0.212706885648015
ID_A3293594B0,0,0.15,0.02598259941254841,0.024749402,0.050727373158822156
ID_A33D736EF4,0,0.15,0.05183712828384401,0.0964192,0.11668060044314116
ID_A33F5D48EA,0,0.15,0.11964376451835544,0.017538324,0.058536427619351815
ID_A340335947,1,0.15,0.17391764177025093,0.1962499,0.17678607024133097
ID_A3416FC641,0,0.15,0.1475741200763807,0.24322899,0.2192509267828522
ID_A346296DF6,0,0.15,0.0009213008994255015,0.06224921,0.09236247947010963
ID_A349864F40,0,0.15,0.06855117234254555,0.016089667,0.03044074456197093
ID_A3503A9714,0,0.15,0.17376193156952963,0.1977544,0.09668764657909205
ID_A350C2C568,0,0.15,0.18776389689263925,0.08673339,0.09891411350096019
ID_A35F12F971,0,0.15,0.1274687697621916,0.19314633,0.1696718178318112
ID_A36A76A69D,0,0.15,0.07970408891443823,0.042841323,0.05334758955509821
ID_A36CD09E94,0,0.15,0.014516585831365184,0.013958913,0.05593433205713818
ID_A36D324701,0,0.15,0.1003808722963086,0.08100192,0.13647923625674646
ID_A36E6C9A35,1,0.15,0.36456151307656093,0.5025938,0.3527586841680309
ID_A36F22EDBF,0,0.15,0.16147380622975469,0.04651149,0.10975157392360106
ID_A3766104B9,0,0.15,0.061634722441534444,0.00958878,0.04173008519203989
ID_A379360211,1,0.15,0.11319281903070229,0.4009787,0.2934206097784198
ID_A37B935B49,0,0.15,0.06134914033488553,0.060730908,0.05968406850167164
ID_A39C4CF188,0,0.15,0.042370175748735125,0.08378873,0.09363228223677254
ID_A3A3E00721,0,0.15,0.114146269958098,0.020927664,0.05507798962535158
ID_A3C4B5C831,0,0.15,0.10988398361274708,0.055714734,0.08421008749441025
ID_A3EE01D9D5,0,0.15,0.22926679617226822,0.31110263,0.2745036889489749
ID_A405BC65AB,0,0.15,0.0486051688786286,0.021514982,0.040319097871401054
ID_A407BCC081,0,0.15,0.21718863981603642,0.1633269,0.13128246827323684
ID_A40F625CF1,0,0.15,0.04249592547103157,0.007963031,0.018079151892264497
ID_A414B60DFC,0,0.15,0.07146242170177247,0.023790952,0.03555020961131399
ID_A41FB64A93,0,0.15,4.6791682995441385e-06,0.017515998,0.058199579580107894
ID_A4329C148B,0,0.15,0.16083742279210908,0.071974635,0.15484834460246016
ID_A43A41596B,0,0.15,0.14801936488751052,0.20314828,0.15404181908552503
ID_A43F7A8A9E,0,0.15,0.11174530119735304,0.033045266,0.05634968823949304
ID_A450E5D19A,0,0.15,0.11914709267792058,0.04435328,0.11643063946158791
ID_A4566D460B,0,0.15,0.04294876167242465,0.026040481,0.05007082799334554
ID_A4625DEDDD,0,0.15,0.19014506890628202,0.19762568,0.20338174360276007
ID_A465C63339,0,0.15,0.22590579485867782,0.16841505,0.219393332146573
ID_A466BC2439,0,0.15,0.34649178980939915,0.40096393,0.28898866312894533
ID_A4724BE084,0,0.15,0.2179453803282987,0.20033412,0.19260513224725342
ID_A48BA17372,0,0.15,0.13226356594102337,0.07863139,0.09844554451755601
ID_A48E4A2A73,0,0.15,0.13315500536958666,0.13275093,0.13431477968495587
ID_A499FEB287,0,0.15,0.09712730835527747,0.03559993,0.05591130085376115
ID_A49FE07685,0,0.15,0.0677099156775047,0.16331373,0.1032074859747696
ID_A4AA76DFCB,0,0.15,0.19402745420330986,0.18609014,0.21487448232700304
ID_A4ACE6B1D4,0,0.15,0.22199354410839892,0.4203329,0.29622798574625964
ID_A4B1AAAF33,0,0.15,0.07315052337322157,0.056592606,0.06382560947013939
ID_A4B4358144,0,0.15,0.01481123208652578,0.014439972,0.03831530535999384
ID_A4B88F04CD,0,0.15,0.12462228055600737,0.033101656,0.060475321695399036
ID_A4BBCE5BBD,0,0.15,0.08776396485337871,0.03176115,0.05705579387999254
ID_A4C16876A7,0,0.15,0.1346413839524508,0.070832334,0.07163861826192927
ID_A4C56E2C97,0,0.15,0.28628645977449035,0.25834227,0.19529760610506114
ID_A4C6170A6F,0,0.15,0.07973713923541305,0.11843677,0.08955601602018343
ID_A4C912EFB5,0,0.15,0.09779292053771559,0.28924456,0.28736633955814833
ID_A4ED886D82,0,0.15,0.15217808526914997,0.061626043,0.09322442237641893
ID_A4F85B6979,0,0.15,0.0942935052757922,0.048603207,0.046609132934506865
ID_A4FA63D60D,0,0.15,0.07666467935432099,0.113998674,0.15764343631436817
ID_A4FD0FABB5,1,0.15,0.16650683480969203,0.18263386,0.1446965863467945
ID_A502B1DFBE,0,0.15,0.056852196839475365,0.06174789,0.08646722782532681
ID_A506F835AE,0,0.15,0.0012872765851104954,0.049115498,0.10578851484349537
ID_A509FE317F,0,0.15,0.04120354377464208,0.009256912,0.02433325297113138
ID_A50F629126,1,0.15,0.515065366200564,0.13816081,0.1505222900872062
ID_A51FFF30A7,0,0.15,0.2070566732861591,0.29936412,0.22450063975895101
ID_A52422EA3C,0,0.15,0.1763969734114067,0.08128992,0.10721555974829458
ID_A529ACDCA1,0,0.15,0.03083098125969923,0.021845652,0.05446829256636518
ID_A5450BD00A,0,0.15,0.23552914266510686,0.061978314,0.09335032377182059
ID_A54A172A48,0,0.15,0.05078421515202298,0.014432591,0.03960817585546616
ID_A556E5C50E,0,0.15,0.13922669752790856,0.14594871,0.12483458664793214
ID_A55F044ED8,1,0.15,0.1277981377245213,0.25563276,0.2321970376108537
ID_A56E73C64D,0,0.15,0.08910244942176135,0.03372833,0.05620153017167625
ID_A56EB4416B,0,0.15,0.16380012489250145,0.034870457,0.09349014722917012
ID_A57181DE42,0,0.15,0.04299942978691826,0.1301791,0.1114141709754558
ID_A57A93007B,0,0.15,0.09141716427621065,0.055770785,0.09295010454312799
ID_A57B724AB6,0,0.15,0.07853443857357972,0.064212866,0.13039834371990694
ID_A57EC85ADE,0,0.15,0.1674946470657573,0.08162042,0.10415703555536396
ID_A5870FAF9A,0,0.15,0.11270735183589461,0.04721758,0.06636345853620891
ID_A58AF2878E,0,0.15,0.31725517624384003,0.16154575,0.1409402998778239
ID_A58C1DE6FC,0,0.15,0.09810560182919698,0.19310834,0.20089516804175098
ID_A58E49D354,0,0.15,0.2620367065042097,0.058713816,0.10251866334060869
ID_A590FE4CBA,0,0.15,0.22906740929683725,0.07560335,0.1406596642180375
ID_A5932F00F1,0,0.15,0.15139387944788002,0.059568204,0.11036416452921972
ID_A594083ED2,0,0.15,0.24391367073501494,0.139831,0.19258916024596828
ID_A59C24DD69,1,0.15,0.10163678694268688,0.13435245,0.1835811049129419
ID_A5A41BBD63,0,0.15,0.22808144473217318,0.035465397,0.054973352410796046
ID_A5B8988D87,0,0.15,0.2725499127498195,0.10879452,0.09497435339174837
ID_A5C13FB771,0,0.15,0.02599216688676023,0.097840816,0.11519454131419943
ID_A5C2B1FF4F,0,0.15,0.06892813349036207,0.110075764,0.10257365226792305
ID_A5C813897E,1,0.15,0.0017812472319603137,0.06199053,0.06991815574650469
ID_A5D148CE23,0,0.15,0.08041612854391796,0.11145111,0.13674002610281627
ID_A5DEB0E3FB,1,0.15,0.20004799421459143,0.5477429,0.5163023381486154
ID_A5DFF5E71C,0,0.15,0.13230857092988826,0.03750868,0.06547637494033563
ID_A5E611DC1A,1,0.15,0.2140549224912659,0.26583663,0.20864569205110953
ID_A5F5EFBBF9,0,0.15,0.06155019233220334,0.061442126,0.07999404866808126
ID_A5FE1E10D9,0,0.15,0.13489313714741535,0.121202394,0.13113304646181717
ID_A60259CA1B,0,0.15,0.19582677420488326,0.20540763,0.13891580850116772
ID_A60350A688,0,0.15,0.1394927283413778,0.19433957,0.19980935892921337
ID_A604AF7A9C,0,0.15,0.24055024718535217,0.12077284,0.13520299443682474
ID_A60B0AB216,0,0.15,0.2509317968733656,0.14144889,0.12210284079598183
ID_A611A0907F,0,0.15,0.025607680646956347,0.041047998,0.04013637388496302
ID_A61FD07551,0,0.15,0.0309892527828963,0.029204162,0.059453541948700755
ID_A62C040798,0,0.15,0.09256679188126903,0.098127246,0.11275840431282685
ID_A638DAC32E,0,0.15,0.27753664808935374,0.12131364,0.09431334946791112
ID_A643DC05E1,1,0.15,0.4189515119626328,0.09103401,0.12525070191908236
ID_A643E14FE7,0,0.15,0.19152981232249428,0.08845534,0.08286879083739059
ID_A669391C6F,0,0.15,0.048145790151077096,0.019504307,0.04985620112078349
ID_A678B84949,0,0.15,0.3220714810257206,0.119843476,0.09946416493594834
ID_A67E5E5751,0,0.15,0.07956990397237375,0.082384944,0.12256418930856607
ID_A6901A4B0E,1,0.15,0.16674255713481548,0.1370564,0.20164095315335176
ID_A692963941,0,0.15,0.0228548767327488,0.05915529,0.09670702297560331
ID_A6AB2735A1,0,0.15,0.029513627163165853,0.04125827,0.07247567356827302
ID_A6ABF54024,0,0.15,0.07330156653824041,0.09437662,0.15037733274323423
ID_A6AC5E1B3D,1,0.15,0.07455426768321519,0.09661917,0.085498813937299
ID_A6BB71E25F,0,0.15,0.08554755963978511,0.053049076,0.10302120667628292
ID_A6BFBC8B82,0,0.15,0.06655036415170025,0.06205183,0.10046284084627811
ID_A6CAA79106,0,0.15,0.38417958023968224,0.15246831,0.17486433123719863
ID_A6CBB33078,0,0.15,0.2223479731547249,0.05485439,0.17458615551970033
ID_A6CC599B20,0,0.15,0.11508664394555139,0.030131383,0.03866010839765178
ID_A6CDD65348,0,0.15,0.18506914013971273,0.10451326,0.12422378424872134
ID_A6D3D72672,0,0.15,0.25577698387056813,0.08209159,0.11266018398596758
ID_A6D87332AF,0,0.15,0.22051518121560704,0.17921169,0.1766906968079232
ID_A6E4CC824F,1,0.15,0.3837686110594539,0.30751485,0.20063977192522262
ID_A6F2FDCD0B,0,0.15,0.2621765967785058,0.10706413,0.22068710949309578
ID_A6F9091199,0,0.15,0.002570473642445886,0.07860022,0.12467776618535062
ID_A71BF88246,0,0.15,0.10221245780388043,0.14543657,0.1748332108664024
ID_A7247CA7D6,0,0.15,0.3840899297652506,0.2643243,0.22962134955290597
ID_A72527D5CB,0,0.15,0.22259429192114824,0.27036226,0.3114176928461139
ID_A7275C7629,0,0.15,0.04667642201593644,0.031669263,0.04776899326859272
ID_A72D9AFB91,0,0.15,0.2220436021223677,0.26091364,0.19294119819604383
ID_A7340EB7BB,0,0.15,0.013607705962362649,0.017113937,0.03443497278028667
ID_A736084923,0,0.15,0.06747879890432561,0.024246713,0.04116694113775285
ID_A737C8B84A,0,0.15,0.07969183108988007,0.054804053,0.05911554012914305
ID_A73B5F4CB7,0,0.15,0.10686160417889218,0.03365022,0.06326098791936337
ID_A73E51AD26,0,0.15,0.06926550401113796,0.059095427,0.097670777006502
ID_A73F38477B,0,0.15,0.10891563976607636,0.033042658,0.0546686591172228
ID_A73F76D20B,0,0.15,0.057687040759154005,0.054300506,0.08446165369941123
ID_A74D5A629D,0,0.15,0.05917838700447495,0.037587162,0.11081610676578361
ID_A75481F3F3,0,0.15,0.030133833924335687,0.04987581,0.06400741019645133
ID_A75B640178,0,0.15,0.05478453366532496,0.051415548,0.09501182352337932
ID_A7602A4D2F,1,0.15,0.32694159091690916,0.14506745,0.18374710023531698
ID_A762C1285F,0,0.15,0.038249755863368935,0.043596406,0.05943374307257748
ID_A764B34688,1,0.15,0.20784746177498162,0.4667413,0.24333867254003178
ID_A76A8AEE94,1,0.15,0.12209391743637177,0.35005373,0.19589062818528877
ID_A76F135E43,1,0.15,0.1881948039865712,0.17950712,0.22056116163135453
ID_A76F5980B7,0,0.15,0.05769983680931437,0.03663776,0.08378589059979175
ID_A7718EDB3F,0,0.15,0.19561796557375047,0.08910779,0.06300480459681396
ID_A773ED7396,0,0.15,0.01446166168396583,0.081018545,0.11503312966174356
ID_A7755DA3BD,0,0.15,0.18513953429573748,0.09803038,0.10124741493741743
ID_A775E9EAC3,1,0.15,0.2784258417866434,0.5655508,0.4992925257655906
ID_A777EDFDCA,0,0.15,0.003767291493920343,0.06800072,0.10353174643611568
ID_A781391D6F,0,0.15,0.15868203380494642,0.17506622,0.14882824404133882
ID_A786B0ED7E,0,0.15,0.1326788812591177,0.031117171,0.0619357457774941
ID_A78FAEE141,0,0.15,0.02688577640733126,0.006693948,0.028864340805944202
ID_A792D92030,0,0.15,0.023747357823974094,0.042806298,0.0548961650414981
ID_A79414844C,0,0.15,0.24869313734398604,0.17481796,0.19597526300524554
ID_A795172B98,0,0.15,0.13832434216165557,0.018946294,0.04676315609507848
ID_A7956EC50C,0,0.15,0.11974223623121902,0.055688694,0.10642010243611177
ID_A7A84C5E40,0,0.15,0.0827828731177537,0.018812105,0.04957610724214848
ID_A7ACD87CEF,0,0.15,0.03498327435164138,0.008121539,0.03928179052309731
ID_A7B10005DB,0,0.15,0.40609242836913284,0.16838188,0.15874640138773696
ID_A7B40466E0,1,0.15,0.938007394247794,0.5222465,0.33110294284750336
ID_A7B5A93D3E,0,0.15,0.0023999207693254725,0.12038561,0.13807622935125125
ID_A7BA40A771,0,0.15,0.09624174144907147,0.2702325,0.2752818051493065
ID_A7C3A94FE2,0,0.15,0.28552812305138314,0.26602638,0.20576547426933228
ID_A7CF6E55F0,0,0.15,0.0742244791264078,0.028983526,0.06805589650985377
ID_A7E5E0FBF1,0,0.15,0.11997085486548328,0.16324224,0.1905083577420173
ID_A7E76EE537,0,0.15,0.15771216160701354,0.20689934,0.16980635167064614
ID_A7F8369E5A,0,0.15,0.27101278209910734,0.10481003,0.1830549965581093
ID_A7FB3298AB,0,0.15,0.05012184060450483,0.14601792,0.16009868562760599
ID_A7FDBBD685,0,0.15,3.197207149930105e-05,0.044325065,0.08040217650025103
ID_A803C86F0E,0,0.15,0.07317769810053627,0.038963884,0.08108551122794007
ID_A8135FEA8E,0,0.15,0.17837738531055192,0.027570551,0.0392488768173449
ID_A8187362C5,0,0.15,0.060632607337173135,0.036714263,0.04495346675725781
ID_A81E74B292,0,0.15,0.08105932482902029,0.021584088,0.039574573425878036
ID_A845055108,0,0.15,0.06364869710173716,0.009233933,0.03164798338445514
ID_A8503E4043,0,0.15,0.014407239742871288,0.019588469,0.03068094272212547
ID_A864AD7B76,1,0.15,0.4943532181535363,0.5985902,0.43159798712141423
ID_A865581FF9,0,0.15,0.1738974142960161,0.08319857,0.11739533245255698
ID_A86F88F73C,1,0.15,0.41124789998682615,0.47481307,0.6007918067505564
ID_A87126D7F0,0,0.15,0.08705162082301943,0.059136398,0.07484641062045468
ID_A871DE1F93,0,0.15,0.012058743713316116,0.019893792,0.033939850188275625
ID_A87FAE0979,0,0.15,0.1758510712456446,0.12620105,0.13602476519626408
ID_A886A2E5A5,0,0.15,0.06953530341879632,0.36327028,0.28629351941607806
ID_A8915AB8F4,1,0.15,0.09807572035762918,0.2439221,0.21494903142143726
ID_A894B75F51,0,0.15,0.07370130055608065,0.08274812,0.11552786441004319
ID_A89ACE455C,0,0.15,0.27455986286426337,0.06431912,0.08492026290968262
ID_A89D6D461E,0,0.15,0.08827940520758722,0.11696333,0.1741044429238406
ID_A89E69F1F4,0,0.15,0.1977723448637963,0.06687595,0.12477166310095379
ID_A8A6B9FFB6,0,0.15,0.1756697329347269,0.08109578,0.10082971979452465
ID_A8A6C63A4F,0,0.15,0.25212673165207394,0.048637126,0.0668364595679895
ID_A8AB0660E2,0,0.15,0.051477689465874846,0.013334035,0.025101272260688257
ID_A8B17F1B09,1,0.15,0.25678618332921876,0.6903165,0.589815974070405
ID_A8B466F597,0,0.15,0.3576857265633173,0.113390364,0.12746124489224453
ID_A8C0765F35,0,0.15,0.11022047568962952,0.48318848,0.3097507501249301
ID_A8C1A41DBD,0,0.15,0.17731796650557363,0.17690703,0.2021030052449138
ID_A8D5A7342F,0,0.15,0.06423946255862469,0.09788182,0.13258333905011996
ID_A8D81D42CF,0,0.15,0.12517100537813244,0.11647164,0.1373456252603819
ID_A8DA3D94F9,0,0.15,0.18887512528111655,0.13180563,0.12376186138996605
ID_A8EF05DF61,0,0.15,0.042100127874338845,0.0312519,0.08715046362023009
ID_A8FEC25B68,0,0.15,0.09084315641662669,0.06579899,0.08505647389321597
ID_A900DCB797,1,0.15,0.16008181919837966,0.18707862,0.3261093927626877
ID_A907443A9D,0,0.15,0.11595858024264837,0.22945681,0.20746018077328326
ID_A90E91C88F,0,0.15,0.0024339107019864907,0.05561483,0.08179714544067397
ID_A918AFA39D,1,0.15,0.9976582323652958,0.48564994,0.26609430913383597
ID_A9328D92F2,1,0.15,0.1312075293426676,0.329374,0.26124984164089377
ID_A933853F6E,0,0.15,0.015234018267102757,0.010674464,0.023789964798574738
ID_A934AA89AA,1,0.15,0.1557106716026722,0.06818397,0.053186597884934926
ID_A934B34AB1,1,0.15,0.20075153914088273,0.37198192,0.2884389431743319
ID_A9375A83B5,1,0.15,0.3153937329183824,0.7803009,0.6461531428117228
ID_A937F8A959,0,0.15,0.01764221940069172,0.017615922,0.03827907036038794
ID_A939FBAA98,0,0.15,0.0011969312025997252,0.03386241,0.09233812516893562
ID_A93BBE5CB1,0,0.15,0.2601079737434506,0.21920083,0.2933755540572338
ID_A94743245E,0,0.15,0.12852583081540847,0.18907215,0.2811851500623368
ID_A94C36EBA3,0,0.15,0.18747893741067123,0.11700963,0.09982746652790891
ID_A94F0E5FB5,0,0.15,0.16334416942745839,0.25693205,0.25420935870219064
ID_A956C19248,1,0.15,0.0501088544600841,0.103020884,0.12116032290117897
ID_A957504D45,0,0.15,0.0395233104028711,0.030956814,0.041740952167278945
ID_A96AEBB932,0,0.15,0.1058165027593396,0.08004758,0.1031084952568286
ID_A9706A8118,0,0.15,0.13768754776708678,0.1323396,0.18028959904820577
ID_A97236D143,0,0.15,0.07168870027632865,0.02877036,0.03789434412115318
ID_A979BC13A3,0,0.15,0.10767748088942314,0.09248499,0.13870805002961611
ID_A97DD3105A,0,0.15,0.21420391612989714,0.08728687,0.09837495755551823
ID_A98771910A,1,0.15,0.17932630231965715,0.3987699,0.24715509635983438
ID_A9896461B9,0,0.15,0.03939216330307425,0.014399725,0.04583299411095557
ID_A98CDB1FF8,0,0.15,0.05124713247957607,0.019359814,0.048117778498146094
ID_A994E04982,1,0.15,0.38084074208983776,0.377103,0.38365129939827536
ID_A9B1E4EB1F,0,0.15,0.061550437368512644,0.023762837,0.03812767404443535
ID_A9BAE024A5,0,0.15,0.1745951419622953,0.06619205,0.1203893734356263
ID_A9C51D1894,0,0.15,0.07045043928980156,0.0478308,0.08529310855912062
ID_A9CC829DD2,0,0.15,0.17399000601259487,0.3510081,0.36444504966779573
ID_A9D4408F17,0,0.15,0.2926453800883768,0.18135086,0.13381955009115312
ID_A9D9ED5947,1,0.15,0.24297029745330878,0.25474125,0.26190229444847896
ID_A9DB711F13,0,0.15,0.10392303793390949,0.027683156,0.03005220268072612
ID_A9E16C5F20,0,0.15,0.16234056648189052,0.16198394,0.11523735616608052
ID_A9EFFD61B2,1,0.15,0.18746527441524186,0.5038894,0.4273028777071448
ID_A9F472EC17,0,0.15,0.17219596171096122,0.10114033,0.0673947523362854
ID_A9F6B0E66C,0,0.15,0.0829545215043213,0.027631577,0.08538317777104595
ID_A9F98D9CE6,0,0.15,0.13655569162860215,0.04081299,0.06626528283403918
ID_AA02C8EE5B,0,0.15,0.046216772330887154,0.033912707,0.057822931094807094
ID_AA0625606B,0,0.15,0.02285649181290948,0.013714074,0.037179842346329886
ID_AA08B7A0F4,0,0.15,0.135065694383653,0.06349071,0.08579228320875525
ID_AA08CF5935,0,0.15,0.1619549817767421,0.047644246,0.0549845849201704
ID_AA111F567D,1,0.15,0.18763040726784835,0.24484302,0.2395377812640656
ID_AA1F45AFEB,0,0.15,0.06231954130099359,0.026492435,0.03901126899742103
ID_AA329BDF98,0,0.15,0.9611922342255063,0.27457196,0.25577930127063303
ID_AA3C4506F2,1,0.15,0.2560352663350597,0.5645849,0.4309399298268267
ID_AA3D23F8F6,0,0.15,0.17318989450294242,0.054721277,0.06681005772329628
ID_AA42CCBDE6,0,0.15,0.03589928853544588,0.02760745,0.05316179067554586
ID_AA48BBFAB8,0,0.15,0.2855952066083889,0.27416474,0.1273959447895664
ID_AA49FF5FC0,0,0.15,0.02124750267818864,0.0053236415,0.019812224540689552
ID_AA557D7C41,0,0.15,0.018963391711573917,0.030401213,0.055874021245302906
ID_AA5F051AB6,1,0.15,0.13636000644365281,0.13036886,0.1137687707864788
ID_AA70C2B067,0,0.15,0.019738584562479334,0.12671086,0.14948209224233175
ID_AA7611846B,0,0.15,0.11067904427673321,0.063288316,0.036469892568460026
ID_AA809F4E4F,0,0.15,0.28882257991852445,0.13521384,0.15062591774670256
ID_AA820C9798,1,0.15,0.19678477703353323,0.5414469,0.3829126216782091
ID_AA85B7C10E,0,0.15,0.3326163358765943,0.28270674,0.26447068222632814
ID_AA891E0154,0,0.15,0.034206420608371806,0.06102598,0.07917649192907347
ID_AA8FB3999B,0,0.15,0.13702912536552084,0.089158334,0.09203712238346747
ID_AA903D03CA,0,0.15,0.17342595169114264,0.13868657,0.16575443235030313
ID_AA944A88D7,1,0.15,0.14450162742376374,0.20862103,0.23216325734511886
ID_AA97F6C49A,0,0.15,0.04939032288059269,0.04471267,0.060311732680831176
ID_AA99565B78,0,0.15,0.1822377886836008,0.18659654,0.27390943407534685
ID_AAA0113D48,0,0.15,0.13243876767523022,0.096984275,0.16250775155781766
ID_AAA54BE61D,0,0.15,0.2709756135582596,0.14647245,0.14158108603545785
ID_AAAE35B790,0,0.15,0.14046039883382375,0.07863974,0.15962012117745325
ID_AACA27A979,0,0.15,0.3354141097487021,0.2770862,0.29993446978509025
ID_AAD42736B3,0,0.15,0.04293603404008615,0.038851097,0.05741152274839943
ID_AAD759BCA4,0,0.15,0.10601995350499434,0.016474279,0.044691755800480015
ID_AAD82B819B,1,0.15,0.037741658793226066,0.15587245,0.12746466429169534
ID_AAD9338EC7,0,0.15,0.1991358995828223,0.16989464,0.16549722725696253
ID_AADC15FEB4,0,0.15,0.1211006279200503,0.0810215,0.05410219434061359
ID_AADC6D6FB0,0,0.15,0.11861050543041499,0.13835566,0.08531870208563384
ID_AADD49F672,1,0.15,0.2394692032372175,0.4875194,0.4209782757470835
ID_AAE8325578,0,0.15,0.1277053103498293,0.081531964,0.07773157165318323
ID_AAEAAF390E,0,0.15,0.0835659841768707,0.12833415,0.14793583127711135
ID_AAF00F3CFE,0,0.15,0.11837329553976915,0.15126508,0.12438793132698846
ID_AAF18C7B6D,0,0.15,0.17224656464208002,0.36142346,0.2914444722126768
ID_AAF2409504,0,0.15,0.2763495998050642,0.15697964,0.23348639859577605
ID_AB0C271DDC,0,0.15,0.5982542539832107,0.27657932,0.2876074918114554
ID_AB18FAB0E8,0,0.15,0.012201573454120415,0.025098437,0.05188144906515459
ID_AB193BE19C,0,0.15,0.12587075678998796,0.07527254,0.10657325490119336
ID_AB1A340610,0,0.15,0.1376713711123733,0.035113435,0.07677162906503363
ID_AB2864AE4C,0,0.15,0.3390348651419715,0.20628266,0.18366290828334444
ID_AB336FEF84,1,0.15,0.08985029512509116,0.34275648,0.21178258923159377
ID_AB39365919,0,0.15,0.30831920587011213,0.2334085,0.23174954912828546
ID_AB43C06E3D,1,0.15,0.6779368309067734,0.8162025,0.7726900847321623
ID_AB4C2F4C9C,0,0.15,0.15891586648567646,0.0721579,0.15811969815456936
ID_AB67E6A055,0,0.15,0.05070211719070063,0.015073017,0.037087205647063595
ID_AB6A6F2C8B,0,0.15,0.06677176234340347,0.16108684,0.12421870983963065
ID_AB6D80660E,0,0.15,0.08374351694381457,0.040439773,0.07767410849879762
ID_AB72EFF2EF,0,0.15,0.04832111637839856,0.07936612,0.0908299306434021
ID_AB81B0CFAD,1,0.15,0.2990701623646238,0.6231638,0.413795061406606
ID_AB88ED3FB5,0,0.15,0.19233471173081274,0.10064629,0.10761216057092123
ID_ABBAAD2098,0,0.15,0.03734095907616362,0.089992255,0.12053746650586498
ID_ABCD05094E,0,0.15,0.2978796626749921,0.1935424,0.1724145243252017
ID_ABDCD9BC8C,1,0.15,0.2799863284049791,0.3249258,0.23855667834174052
ID_ABDE3B6B1F,0,0.15,0.13099423703283009,0.059837736,0.1024406983969509
ID_ABE0BC48A4,0,0.15,0.13798545212107716,0.042228248,0.08878462310154553
ID_ABFF030BEF,1,0.15,0.21223402552516588,0.48543978,0.36521548226688333
ID_AC0092C59D,0,0.15,0.17209523650628672,0.17759322,0.1548776700035139
ID_AC0D093F53,0,0.15,0.1155781929846919,0.045836076,0.06513235388166567
ID_AC1FDE90CD,0,0.15,0.1560381800154708,0.108010806,0.09061059884506233
ID_AC32296F90,1,0.15,0.16462966223244688,0.37166893,0.27873838939119333
ID_AC333135B1,0,0.15,0.07945813077475325,0.037309963,0.06856146739743496
ID_AC43C3FAF6,0,0.15,0.12298518189054372,0.042254113,0.06748359151287744
ID_AC495690FC,0,0.15,0.26839880845055564,0.3352891,0.4170235414365183
ID_AC4F1EEA0A,1,0.15,0.43739929983119924,0.33614105,0.372570073466186
ID_AC50EF8745,0,0.15,0.1961114022282866,0.016681237,0.030345204558460764
ID_AC5C6A2A9F,0,0.15,0.11827084848758582,0.13042042,0.14882636337999147
ID_AC6319D0E5,0,0.15,0.21006457403363465,0.2363312,0.16359793563691444
ID_AC757A5C37,0,0.15,0.1612526271068483,0.1499653,0.15268662747941222
ID_AC7D7CD697,0,0.15,0.11582812066329742,0.06742865,0.12641158378887518
ID_AC8115AB15,1,0.15,0.04322758936075894,0.26915398,0.21580574726283006
ID_AC84100F6E,0,0.15,0.043856860942353706,0.01552079,0.02672797132902124
ID_AC884159E8,0,0.15,0.05588349448948854,0.023767086,0.06067306261153552
ID_AC999DD79F,0,0.15,0.058467995476366,0.062093344,0.08594677984197917
ID_ACA8115537,0,0.15,0.006855329851808371,0.041408807,0.07408431298647021
ID_ACBB31082A,0,0.15,0.05118153224447392,0.13446702,0.13224546040197924
ID_ACBD4D8E1E,1,0.15,0.18638574063237234,0.22691119,0.18698328426840835
ID_ACCB7A7AFB,0,0.15,0.19907216261093177,0.55242634,0.3484714018603582
ID_ACDBDE9406,0,0.15,0.05633260026873136,0.017588917,0.05262590226338161
ID_ACF5AAD94A,0,0.15,0.052601537028707616,0.020018801,0.056435548685505196
ID_ACFDEA1338,0,0.15,0.11073590252359108,0.08536868,0.12724578407233217
ID_ACFE2C3E17,0,0.15,0.13957068556935887,0.032217856,0.0448494081350212
ID_AD033E22C6,1,0.15,0.09650760207012998,0.102247156,0.11196653394470127
ID_AD107F126D,0,0.15,0.023912021068471352,0.013992135,0.046248701209472914
ID_AD1704F833,0,0.15,0.0017480194797104772,0.14750226,0.13999587699079563
ID_AD1B2A584E,1,0.15,0.028304575586307387,0.14589146,0.12232806861259558
ID_AD1B3B11A6,0,0.15,0.19281221680781926,0.16842191,0.10611794829999677
ID_AD1E3706D8,0,0.15,0.1360718257886671,0.12672265,0.10301888845461997
ID_AD20B47817,0,0.15,0.045176977990353986,0.04076183,0.05008838664336033
ID_AD263AACC2,0,0.15,0.04812962740402561,0.017857308,0.0513150080958319
ID_AD2F7EB5BD,0,0.15,0.14586089730516738,0.16894826,0.14149988882221404
ID_AD380D261D,0,0.15,0.06709909292888057,0.023603812,0.051864360537932794
ID_AD493FF6F5,0,0.15,0.12171797709103195,0.058442943,0.13086767593432963
ID_AD4FDD5C3B,0,0.15,0.10209879641901481,0.048051644,0.06985868593773628
ID_AD5F3B316B,0,0.15,0.04066412171407651,0.36262923,0.33152328102440937
ID_AD677592A4,0,0.15,0.08531972979771936,0.16068968,0.20626338917879017
ID_AD69986B06,0,0.15,0.24416086864655753,0.16618215,0.191071330768454
ID_AD6E73C6D4,0,0.15,0.13316059808174383,0.08588991,0.10436759611196189
ID_AD795F17D7,0,0.15,0.06115836849694996,0.024728674,0.037510294284998344
ID_AD80887258,1,0.15,0.11803400634761169,0.11412339,0.10396626738040712
ID_AD828B3779,0,0.15,0.11486429261120779,0.07871713,0.09407262652519616
ID_AD86559997,0,0.15,0.29065711864603355,0.08230342,0.0949156669817178
ID_AD86B6A0A4,0,0.15,0.09078575986403144,0.16396195,0.2281556352745154
ID_AD91B90897,0,0.15,0.266607330884555,0.14897892,0.18184682046519796
ID_ADA4E10566,0,0.15,0.20654555821329768,0.07552774,0.14528307397149745
ID_ADA5B99518,0,0.15,0.21722762996083783,0.13048403,0.1774450207186926
ID_ADB02C0460,1,0.15,0.10845572033838952,0.15032125,0.17150758237147076
ID_ADC77BC148,0,0.15,0.05984407477770119,0.077552415,0.09518457060853266
ID_ADCB5A16A3,0,0.15,0.24071261940394267,0.14030847,0.144385126089442
ID_ADE82AF8FD,0,0.15,0.03807613262457185,0.025459765,0.03994209123720688
ID_ADF04919CD,1,0.15,0.194631190908746,0.50519013,0.4315607751512077
ID_ADFBE5540C,0,0.15,0.07193083754317159,0.21514225,0.20469594697083707
ID_AE018ADFE6,0,0.15,0.29912463889864327,0.17002064,0.16110841724530464
ID_AE0355D3FF,0,0.15,0.21343648201665064,0.15300414,0.14983222799390675
ID_AE05F76FE1,1,0.15,0.09848275455989478,0.18606597,0.12045044981839967
ID_AE183A1A88,0,0.15,0.04482747895527871,0.015658643,0.03436327473227046
ID_AE221F7CA1,1,0.15,0.11381858347608405,0.28196368,0.23130049486623708
ID_AE570ED74A,1,0.15,0.92501968256294,0.83051074,0.7560850727741767
ID_AE58292F7A,0,0.15,0.1505009881331306,0.1141734,0.14107885769162593
ID_AE5AC5533F,0,0.15,0.07224448066277328,0.040968027,0.05842364137123833
ID_AE631B9474,1,0.15,0.1631961253088825,0.13986179,0.15106118748901695
ID_AE63422F4A,1,0.15,0.16171798907268184,0.513354,0.48265057724334115
ID_AE6D7024B5,0,0.15,0.04232413277637496,0.033867143,0.06248004790537237
ID_AE7F7D28F6,0,0.15,0.11046220547363447,0.019541632,0.03983013445037481
ID_AE87D54B9D,0,0.15,0.13095910466130767,0.06307316,0.09750118722667238
ID_AE881601D5,0,0.15,0.07115647404444339,0.10560348,0.1400431900644545
ID_AE89B32C5E,0,0.15,0.030237758099271487,0.09917206,0.09823871103613639
ID_AE8ACDC320,1,0.15,0.17787680424118668,0.55735964,0.46556451100793506
ID_AE959C456F,0,0.15,0.09265187064785226,0.077128895,0.11883525972729209
ID_AE97BFA4AE,0,0.15,0.10710620124047633,0.17462558,0.1437853623753226
ID_AE9A1B5B9B,0,0.15,0.17920584926080133,0.105343506,0.14493021587370591
ID_AEAAD886AA,1,0.15,0.09434834091218772,0.12791112,0.12707834372902635
ID_AEAB6F35FA,0,0.15,0.1544208618471902,0.16155764,0.14087110780507575
ID_AEABD72A21,0,0.15,0.2042761384536006,0.06563023,0.11865858836991339
ID_AEB1618A56,0,0.15,0.09314816303502042,0.03661076,0.060625741311258696
ID_AEB7801107,0,0.15,0.18435941694959654,0.25034767,0.2634599072322213
ID_AEB7B3CDC2,0,0.15,0.11378867191674373,0.12029439,0.11649798295176099
ID_AEB8A14F6A,0,0.15,0.2777269368135462,0.11016898,0.13674605070137788
ID_AEB9769D95,0,0.15,0.1946028003633589,0.15583831,0.26024806984919474
ID_AEBDA3C12B,0,0.15,0.07541342909431842,0.04357624,0.08421622671798944
ID_AEC97752A7,0,0.15,0.19162434369440137,0.1312522,0.16979773647348442
ID_AECFD8E5A3,0,0.15,0.16312001710854135,0.052922733,0.0785633612883086
ID_AED040C0E7,0,0.15,0.02431903815698611,0.06186714,0.09159832312656985
ID_AEDC303435,0,0.15,0.09047184708313596,0.020566769,0.04529446736927205
ID_AEE1827BE2,0,0.15,0.14371988449804826,0.108339235,0.10506180943973938
ID_AEE57298E4,0,0.15,0.10981269241502627,0.0109437825,0.030626161247187273
ID_AEE81A1B1C,0,0.15,0.09272018694886916,0.019847227,0.038901647733610004
ID_AEE873734E,0,0.15,0.042284707401247824,0.1160143,0.0847955163686707
ID_AF03DDAD70,0,0.15,0.11682133233843342,0.018679464,0.0474433028775849
ID_AF05DC386A,0,0.15,0.14017860240802174,0.085344575,0.0770554231517327
ID_AF1EC0D388,0,0.15,0.23301223552575062,0.2468258,0.2756298511121399
ID_AF1FDA7CAF,0,0.15,0.11254902473127222,0.08525815,0.1284477390718881
ID_AF2D20D20D,1,0.15,0.2561758278248842,0.10835884,0.09212269992750019
ID_AF31639A91,1,0.15,0.060590088170824,0.053059593,0.06341354907625935
ID_AF40DF8757,0,0.15,0.0733161654791436,0.04623208,0.0780321595798146
ID_AF4209F2D5,0,0.15,0.13017533094752023,0.2059988,0.23822821997596816
ID_AF50BE5C0B,0,0.15,0.22169656886442754,0.36500958,0.27753683163484383
ID_AF55DC7C7E,0,0.15,0.005724835266328315,0.014851094,0.03537723970166757
ID_AF68DB84FB,0,0.15,0.07636454629436192,0.03033311,0.05523274132134908
ID_AF6BAC8753,0,0.15,0.025236496931928854,0.06614741,0.08068644712494663
ID_AF7E91CD55,0,0.15,0.1300991514805669,0.041720394,0.0691056032290514
ID_AF908CA527,0,0.15,0.06852734078647157,0.058424998,0.10792639965183906
ID_AF98F53161,1,0.15,0.2988151624760522,0.37329176,0.2797674722379133
ID_AF9D23D356,0,0.15,0.0646100704343169,0.049660932,0.0579894718276539
ID_AFACFF0B44,0,0.15,0.17475824181980606,0.16160165,0.15623025608182842
ID_AFBA6664C8,0,0.15,0.14621092201596217,0.13417077,0.1670710096618485
ID_AFBB8FCC4E,0,0.15,0.07892683870081563,0.020133624,0.05888007886748584
ID_AFBECF1B1E,1,0.15,0.04818830212273994,0.18483476,0.1788618384089858
ID_AFC44B20DE,0,0.15,0.18732897403550006,0.08086093,0.11160400271602922
ID_AFE9E80068,0,0.15,0.1609735539691955,0.076373614,0.10294183324393469
ID_AFF7578E92,0,0.15,0.18527644433592588,0.15912104,0.10696803193865441
ID_AFFCB4A9F1,0,0.15,0.05143783577970624,0.05920186,0.08255385878978982
ID_AFFE20674B,0,0.15,0.0017845662919509433,0.048430234,0.0923815210092261
ID_B00371AA32,1,0.15,0.26630178920314423,0.45257646,0.23467311831288942
ID_B004557CCE,0,0.15,0.13857825130086548,0.025064923,0.05707817585996058
ID_B00EAF8476,0,0.15,0.06185006546337142,0.08656474,0.0971301487570721
ID_B00FD3D48B,0,0.15,0.0791899839120539,0.062607564,0.11624853277177023
ID_B01780EF56,0,0.15,0.13532225544353507,0.069817856,0.0975842193261467
ID_B017B84635,0,0.15,0.029262816009950447,0.027227022,0.049390360392604096
ID_B0183616A0,0,0.15,0.04143986358530754,0.03812501,0.06520914524436452
ID_B022A05499,0,0.15,0.06943899113925517,0.04899206,0.07073361546317983
ID_B02584BDA2,0,0.15,0.13857841439268923,0.043534067,0.11715661249762165
ID_B025A043D5,0,0.15,0.1799751091313221,0.05201473,0.13133998001747968
ID_B0269ABB2A,0,0.15,0.16725689166578517,0.0448821,0.05813829445809821
ID_B03F782ED7,0,0.15,0.30297364716545144,0.05895236,0.10307118749865646
ID_B04AF72881,0,0.15,0.15440047757514996,0.048720498,0.10284395965652667
ID_B056694898,0,0.15,0.35937343183877507,0.40269634,0.32808484043012415
ID_B05BE35B76,0,0.15,0.030883894152441856,0.04466986,0.1079523505769351
ID_B060CCED6A,0,0.15,0.11771228619693014,0.04454253,0.08018640905494735
ID_B06C63F12E,0,0.15,0.3473727811791157,0.11602524,0.12826540479015427
ID_B073A19089,0,0.15,0.02112392279810644,0.02178363,0.04050147421815236
ID_B07636BFAA,0,0.15,0.12473641278911306,0.06817538,0.0812520022249567
ID_B07795DACB,0,0.15,0.12562398541474454,0.3404653,0.19473118287519475
ID_B080A9CB2A,0,0.15,0.34395137993786334,0.04453296,0.07892532845243527
ID_B08363470A,1,0.15,0.16817248156838885,0.21005175,0.12312472282580417
ID_B08AEBA570,0,0.15,0.04945076456235681,0.15531918,0.17525535719094432
ID_B093DF0869,0,0.15,0.11238728527240827,0.08447232,0.10250620810840434
ID_B09EC760A9,0,0.15,0.1501014579279976,0.2222501,0.1667367336296678
ID_B09F4705C9,0,0.15,0.07968983562740918,0.03408226,0.04971722362368496
ID_B0A3715FAE,0,0.15,0.11848559148806395,0.13206026,0.1403279963920686
ID_B0A6D59034,1,0.15,0.18821961235820037,0.2866565,0.24209147120754543
ID_B0A958F417,0,0.15,0.07448021247843663,0.11560141,0.15533531209023416
ID_B0AB0673BC,0,0.15,0.08410403953905955,0.04825606,0.08350166846591833
ID_B0B1FFAC7A,0,0.15,0.15943007003234708,0.3039112,0.1765201444104118
ID_B0B283842C,1,0.15,0.2124702909339526,0.5276629,0.5190993698001567
ID_B0B598EC0D,0,0.15,0.06964256366489328,0.061828837,0.08441001681930083
ID_B0B6CCAE87,0,0.15,0.2541186138656598,0.27380034,0.22469539144487857
ID_B0BE0A60C9,1,0.15,0.04880783992332324,0.052168127,0.07731839693223902
ID_B0C1C9327C,0,0.15,0.18039205884565418,0.17875792,0.31273202969725283
ID_B0C8244C42,0,0.15,0.05015882325556514,0.09528659,0.12831886874298745
ID_B0CD23A7BA,0,0.15,0.34241044501281437,0.16366072,0.1382836520337686
ID_B0E1307372,0,0.15,0.1788488040148613,0.46613953,0.28093523123945185
ID_B0E3A16CDF,0,0.15,0.0756223313821457,0.15794726,0.13292081422814567
ID_B0E6F23B5F,0,0.15,0.24712018377401732,0.2727628,0.22506414004990288
ID_B0E97CD142,0,0.15,0.014573475754914043,0.008128703,0.039302129327248574
ID_B0EE002581,1,0.15,0.3465277735447523,0.26986408,0.24762386997078328
ID_B0F923A040,0,0.15,0.0352726197877655,0.02589922,0.06242386657475897
ID_B0FA2DA0ED,0,0.15,0.10155686334175146,0.057580885,0.10636232699066234
ID_B102267A51,0,0.15,0.1838762917004161,0.06965863,0.09164099841981574
ID_B10C4DF370,0,0.15,0.04683326546267851,0.029789958,0.061816114298332364
ID_B10CA84318,0,0.15,0.25592875786329045,0.113638446,0.12638264001287355
ID_B11506B920,0,0.15,0.11476093209543287,0.09232761,0.14614012839512514
ID_B115CF7BA4,0,0.15,0.19054561049735894,0.14347897,0.10542599477763577
ID_B13DC9F178,0,0.15,0.07869173530050436,0.02020916,0.036181099499227785
ID_B1434AB6C2,0,0.15,0.030204912735526394,0.013847054,0.024060255227552826
ID_B14D1C9A15,0,0.15,0.10402562280430351,0.01614741,0.04500143245857811
ID_B156BEEA58,0,0.15,0.16066871168736202,0.27848753,0.18079353854828908
ID_B17A5A006A,0,0.15,0.047080069168489655,0.04481612,0.10556756661752062
ID_B17F83ACEE,0,0.15,0.09485059256099078,0.040928688,0.038055387087720285
ID_B1888A43BB,0,0.15,0.2505642545292164,0.14838628,0.17942575046015946
ID_B18A6B1425,1,0.15,0.4433925857666284,0.52997893,0.5693620448086546
ID_B18ED2739D,0,0.15,0.19735916051129346,0.118404336,0.13921639366967262
ID_B190EFE8E5,0,0.15,0.38192378699809193,0.47126117,0.367258456221059
ID_B192C5AEA7,0,0.15,0.062275593771089335,0.030776115,0.064386916688215
ID_B1935B0DE4,0,0.15,0.10807404757627471,0.023037134,0.04307305765712992
ID_B19ABAE10A,0,0.15,0.1110441207537187,0.19579248,0.1926480807133022
ID_B19C26AA8E,1,0.15,0.20121196363369903,0.20634653,0.2754162455917028
ID_B19C6EE2E7,0,0.15,0.14105524541994752,0.03707718,0.028164663712376293
ID_B1A3C1D181,0,0.15,0.20123082005030116,0.05383801,0.09316047451456774
ID_B1A6345451,0,0.15,0.13980502113657534,0.0769181,0.0986603488641261
ID_B1A7422D7E,1,0.15,0.1146820657060807,0.12601313,0.11127308636893578
ID_B1AF83FF1A,0,0.15,0.059529781395299186,0.029691396,0.060600487762741136
ID_B1C02A3AAA,0,0.15,0.21395790559279104,0.078636646,0.14058033115537222
ID_B1CDFCE30E,0,0.15,0.10894578106813328,0.031793684,0.04993367476271285
ID_B1D3A49318,0,0.15,0.16738329039693645,0.21867168,0.1550402608975496
ID_B1DA95CF9F,0,0.15,0.07685974109560252,0.04139594,0.04622933544834246
ID_B1DB17E749,0,0.15,0.18586432889676974,0.2537679,0.25837078529170804
ID_B1FC7D1EC9,1,0.15,0.08476096764985994,0.19764802,0.15181008038184582
ID_B1FE3D9479,0,0.15,0.18616428467841453,0.20047012,0.1994832110879198
ID_B20213A5F6,0,0.15,0.002997709555013916,0.003151309,0.013616813658134459
ID_B2051C1753,1,0.15,0.4034151463628078,0.36093915,0.3530428923073515
ID_B20C9C3F23,0,0.15,0.11561649892073772,0.35926464,0.2731944919976838
ID_B2104EAF2B,0,0.15,0.40249426194561055,0.30506393,0.27519686418117345
ID_B213F9EEBD,0,0.15,0.09530823274931516,0.13006231,0.11474915712811343
ID_B2178A1050,1,0.15,0.02831025622063257,0.2052417,0.19945173041441014
ID_B21BC232A4,0,0.15,0.09834620876804105,0.042218503,0.11343213084292783
ID_B21EC25088,0,0.15,0.1078629258550315,0.25786945,0.257181062826588
ID_B229CC1040,0,0.15,0.2439014547040424,0.2116576,0.18271210075995856
ID_B22ED6D8EB,0,0.15,0.08808977279021006,0.02388386,0.04478539078014655
ID_B239CA3349,1,0.15,0.19719682828245727,0.04693095,0.06849254890477673
ID_B24DAD282C,0,0.15,0.00012397488643117407,0.03757515,0.07026358984268123
ID_B250E9EA1C,0,0.15,0.2535807929712695,0.07778734,0.11633990515515717
ID_B2544CA99B,0,0.15,0.04002689724182363,0.023229772,0.054411876335367655
ID_B25A4CE0D3,0,0.15,0.31395759844662213,0.17748703,0.175119657508545
ID_B261A2C2A6,0,0.15,0.014834443981839406,0.10094248,0.14758260518955646
ID_B26878DB30,0,0.15,0.14890454063545724,0.13915399,0.0970989989142437
ID_B276394D13,0,0.15,0.09631912367126108,0.101872966,0.05093271300232153
ID_B2784255EF,1,0.15,0.06915543320799027,0.09614723,0.10625824948643958
ID_B27891AEB8,0,0.15,0.11268258766336849,0.087122954,0.11034456157248346
ID_B27C902258,0,0.15,0.20092674844971076,0.07630355,0.08341725700707249
ID_B28046DEC3,0,0.15,0.2932930311195878,0.29400286,0.3236088105222531
ID_B28278803C,0,0.15,0.26396446368157,0.19698118,0.11272621611321533
ID_B289CF4E61,0,0.15,0.12251646820781037,0.038769335,0.0845772111870043
ID_B292AC0120,0,0.15,0.05377079914870602,0.038716078,0.06398397471698475
ID_B299C6AE79,0,0.15,0.16968797816680617,0.18843944,0.12895052672349874
ID_B2B9F0DF20,0,0.15,0.07812085408583408,0.030159768,0.05225272768408476
ID_B2C658E593,0,0.15,0.04323817434618242,0.020427208,0.03876052309879182
ID_B2CD39BFCC,0,0.15,0.042151932341318046,0.011108459,0.03105912360049841
ID_B2CE933F73,0,0.15,0.1183694127722334,0.045366157,0.09069131726888618
ID_B2D28F4FB5,0,0.15,0.22222150090041817,0.19791025,0.12840292738278827
ID_B2E52B30E4,0,0.15,0.10153670042332098,0.06689514,0.10549455994420456
ID_B2F193117A,0,0.15,0.030408121480958276,0.08923616,0.10831195779027139
ID_B2F5CB5118,0,0.15,0.21791629659216524,0.10030908,0.07919907668754499
ID_B2FA22EA35,0,0.15,0.3421441723855427,0.13770135,0.1370410426434712
ID_B2FDD5A8B4,0,0.15,0.02137021146167855,0.014720438,0.039295773517087386
ID_B305DC97F7,0,0.15,0.034549808313998835,0.024173297,0.04041222723567374
ID_B30684F444,1,0.15,0.24512530877702196,0.15376525,0.20857941830654664
ID_B30847CF40,0,0.15,0.13027538521263426,0.062428944,0.1093555730601763
ID_B30D16585D,0,0.15,0.09846035534152771,0.033753447,0.055006269589799726
ID_B31F0529D4,0,0.15,0.08497248658324195,0.057531737,0.06122550266938722
ID_B3387675C1,0,0.15,0.12443305532830613,0.051912133,0.0822227019754206
ID_B33C6BCDAB,0,0.15,0.2348824487275046,0.065433174,0.09390211699943768
ID_B33FC95DBB,0,0.15,0.09923750982539097,0.03136622,0.0643764398094418
ID_B34A70C0DA,0,0.15,0.1560683940790584,0.03180909,0.046085097903756866
ID_B34C30DC53,0,0.15,0.18158251267720765,0.24285871,0.19274220261850356
ID_B34CC010F4,0,0.15,0.050229217743765604,0.23410943,0.16092434509978
ID_B3530F4886,0,0.15,0.1198119618647813,0.042658173,0.06401568700678655
ID_B357CFE024,0,0.15,0.1250431962475117,0.01608621,0.05754677857448143
ID_B35A9E6018,0,0.15,0.09207343720275765,0.033615172,0.06994885722997625
ID_B35BC409A8,0,0.15,0.09850720387948492,0.075170524,0.08622935081064755
ID_B35D0FB1C1,0,0.15,0.18338117066957207,0.10617262,0.10709525670673148
ID_B361142CB1,0,0.15,0.207669104972013,0.13240188,0.13052637918170623
ID_B365E8A05F,0,0.15,0.2825730731374844,0.031049311,0.05675635716271703
ID_B37A0F00C4,0,0.15,0.2147580038875367,0.14115672,0.1833626726901216
ID_B37E9CC2E2,0,0.15,0.0264690251765574,0.00943019,0.033965331030508715
ID_B386F3EA3D,0,0.15,0.2484330672367654,0.2124413,0.252437543375767
ID_B38B2EE906,0,0.15,0.06861844200374535,0.025726518,0.05691739974453017
ID_B3A00A4794,0,0.15,0.031232085303142657,0.009315362,0.02923380522231442
ID_B3A65521C4,0,0.15,0.17352768656763243,0.12748009,0.15819863346552862
ID_B3A8D44D5B,0,0.15,0.0031879807290011463,0.13836572,0.17162863567518283
ID_B3B0289969,0,0.15,0.056961684852738496,0.026348477,0.04544839064153002
ID_B3BED74AD2,0,0.15,0.1069536470838344,0.06801357,0.08456535955987717
ID_B3C5FCAF85,0,0.15,0.05548951976472791,0.013701747,0.04054949719583885
ID_B3CD3F3A65,0,0.15,0.06305403215883708,0.1134091,0.08517675110773298
ID_B3CD7EDE94,0,0.15,0.21594537475553252,0.20795721,0.15692672567075386
ID_B3D0B34548,0,0.15,0.06207669022170065,0.1266374,0.09247345869063689
ID_B3D630FC59,0,0.15,0.10905075411861795,0.07686303,0.13513955187822477
ID_B404826AC8,0,0.15,0.17891848928826817,0.026707096,0.05270583978392448
ID_B4090F69CE,0,0.15,0.07360894778477856,0.0183577,0.04280720037942892
ID_B40A873BBB,0,0.15,0.07446578132160586,0.027664188,0.0708780088073776
ID_B40AFFD205,0,0.15,0.04108268793771166,0.012926939,0.0298439699408576
ID_B4102C0FC9,0,0.15,0.1964962540448457,0.1598198,0.12107699086389102
ID_B4118A04DD,0,0.15,0.2226291364305595,0.1816016,0.2257098494272523
ID_B413B8EC50,0,0.15,0.17128486072801735,0.35507455,0.26553673154234725
ID_B41B915999,0,0.15,0.05275348296056939,0.076079585,0.11675935971991235
ID_B4223355E1,0,0.15,0.23839929290556702,0.10632616,0.11628793069101807
ID_B423FA2596,0,0.15,0.06323522296248626,0.026062332,0.042850384273235426
ID_B42FE76168,0,0.15,0.16161563264959308,0.5001133,0.3022177432533397
ID_B443D8A955,0,0.15,0.026593995703579166,0.0274256,0.05596513855579022
ID_B44CC95546,0,0.15,0.09768948283780245,0.034214616,0.04427957121949521
ID_B454C16565,0,0.15,0.04574264445961569,0.021395374,0.03801200840575252
ID_B455DACAF0,0,0.15,0.23368979273191226,0.15714581,0.0989231282950099
ID_B464528192,0,0.15,0.1552586127464203,0.02916287,0.06481420354300413
ID_B46D676DF8,0,0.15,0.03355054432577356,0.00973245,0.024005385218575755
ID_B471675A9C,1,0.15,0.11374304843075557,0.18226361,0.2489578286811383
ID_B471F20F5B,0,0.15,0.0252530362119076,0.12464795,0.14916596939318835
ID_B478163D20,0,0.15,0.10350671435157477,0.11972518,0.14689227971033422
ID_B478FA471A,0,0.15,0.07789682948805367,0.041018248,0.0740723171689767
ID_B479672ABF,0,0.15,0.05836358125390675,0.0805233,0.10762909573742924
ID_B4897E6FD1,0,0.15,0.1446712739723037,0.085003816,0.11604647268563754
ID_B49F379495,0,0.15,0.09995441079265434,0.043602232,0.08881024617720641
ID_B49F7F3B5D,0,0.15,0.09552474210547189,0.030654224,0.061786193273815175
ID_B4AFDBE366,0,0.15,0.07861095000799671,0.06306534,0.08236396319936556
ID_B4B07DA8BC,1,0.15,0.10941988768401506,0.48883826,0.443727628722118
ID_B4B8747519,0,0.15,0.16886831936737332,0.13841161,0.16368524083222952
ID_B4BDB78123,0,0.15,0.13290604212268972,0.20548041,0.17921016965872402
ID_B4C9E4590F,0,0.15,0.06427346884833748,0.015288734,0.052020713520774475
ID_B4CA7DF17C,1,0.15,0.264703009282269,0.26000318,0.14078618017263156
ID_B4CB810564,0,0.15,0.15061700786574328,0.10202585,0.12125650538797617
ID_B4D0178716,0,0.15,0.03402555247893548,0.051187903,0.06555889351160098
ID_B4D9597CD5,0,0.15,0.046656054549461284,0.035178833,0.06135145432894358
ID_B4DC5A0F5F,0,0.15,0.22931202675485587,0.2194409,0.18824769631772958
ID_B4DE98BE49,1,0.15,0.9956525549884799,0.36838618,0.6289992830450777
ID_B4E03C9BE5,0,0.15,0.048685796387605486,0.06658165,0.08266570492948488
ID_B4F13B254F,0,0.15,0.049946217006362266,0.05584173,0.09051676803369217
ID_B4F2E6381E,0,0.15,0.039215208107429886,0.014136834,0.0271637887919135
ID_B4F4246B7C,1,0.15,0.2715132674734947,0.39166304,0.24629674915475588
ID_B4FEA879E6,0,0.15,0.1038832721272972,0.04612023,0.04580894472043286
ID_B5005A82AC,0,0.15,0.02674501847593107,0.09119712,0.16143171685000593
ID_B501C7E6E7,0,0.15,0.06195293454752861,0.07347282,0.0815829944706455
ID_B502E88107,0,0.15,0.12454566405726797,0.22601451,0.14318148872842817
ID_B505896255,0,0.15,0.6499485903317954,0.23936938,0.23554052631794273
ID_B5084CF25B,0,0.15,0.013657169644896168,0.07998656,0.09504075424093149
ID_B5154D9DF6,0,0.15,0.15622204737518436,0.033479687,0.08855926631334579
ID_B521347ABC,0,0.15,0.00147114830003388,0.044114552,0.07615485131364755
ID_B522DB3941,0,0.15,0.03537631662163492,0.09902484,0.08007936793925037
ID_B5310FD7E1,0,0.15,0.05749326211371769,0.06696412,0.07344905412154558
ID_B5312F7A2C,0,0.15,0.08054692126022198,0.098027304,0.13540686649552097
ID_B53B2F3A0C,0,0.15,0.13929914605913044,0.10714967,0.06970056393861479
ID_B541227EF8,0,0.15,0.15602531491072374,0.06842996,0.06386069134429548
ID_B54D3A2A75,0,0.15,0.11189109240290668,0.06447633,0.09313188680456093
ID_B54F732BA7,0,0.15,0.007294282551037571,0.055986423,0.09504972530454088
ID_B555E29BED,0,0.15,0.17098870547187192,0.052645404,0.062203198041909394
ID_B555F1426B,0,0.15,0.2424178750121612,0.25961405,0.24326966722763435
ID_B55AB04BC0,0,0.15,0.14766251792195378,0.10162953,0.0978535727835606
ID_B55AFA77D5,0,0.15,0.12010246780141942,0.14370635,0.18131407626840065
ID_B56016F958,0,0.15,0.04182294452595386,0.37265596,0.4248113738444941
ID_B5673AF6F1,0,0.15,0.0308885344269464,0.0414803,0.0737767217687072
ID_B56B15984B,0,0.15,0.047337237043207685,0.012658166,0.03642161435041463
ID_B5745F026B,0,0.15,0.15058083026039534,0.07108148,0.11139748015337865
ID_B57C6B55F8,0,0.15,0.134759675209963,0.18426381,0.21941586469524038
ID_B586BD3ABC,0,0.15,0.00023586612836177203,0.042534627,0.06846358887422675
ID_B58ACA7CE0,0,0.15,0.18949438522408094,0.31532517,0.19901579606110345
ID_B591380B3E,1,0.15,0.09339646206532899,0.2655878,0.2381557550961719
ID_B59BF21E85,1,0.15,0.28261432748464466,0.36925408,0.2747490089536775
ID_B5A6A0229D,0,0.15,0.22385014727643096,0.25104657,0.19617490558077444
ID_B5B535DD85,0,0.15,7.305820934371348e-05,0.06203455,0.1065175286169096
ID_B5C5ED37FC,0,0.15,0.04953790500276089,0.034398984,0.06438703044887244
ID_B5CA12B292,0,0.15,0.09041639794791269,0.21026945,0.1453423284984674
ID_B5CC13F065,0,0.15,0.057117692104258586,0.102734074,0.0812047928145716
ID_B5D0D4A02B,0,0.15,0.05032685151952445,0.080045424,0.1231607991428182
ID_B5D74733A9,1,0.15,0.16879897539615937,0.33964044,0.22608413611677128
ID_B5D86FC80C,0,0.15,0.020182644125086222,0.111877605,0.11377788705718045
ID_B5DE3FE4D3,0,0.15,0.11938644027123574,0.15387747,0.16272124278890868
ID_B5E0283A7E,0,0.15,0.03573796913075694,0.02691131,0.045762999248523284
ID_B5E05DD68B,0,0.15,0.06079045947132449,0.048998814,0.0501789112650218
ID_B5EE81AC11,0,0.15,0.1852190230050161,0.11140352,0.18469883478125457
ID_B5F87A8711,0,0.15,0.012897712353846978,0.17005374,0.1272633576791252
ID_B600AA572E,0,0.15,0.05075474242665236,0.03173515,0.034950906923615514
ID_B60318BFF4,0,0.15,0.08470983282742048,0.14073753,0.12309258462362514
ID_B603B27280,1,0.15,0.1479682652580445,0.04895374,0.04768427472275423
ID_B610AFD7D3,0,0.15,0.07519561671519506,0.045396246,0.06657779255287295
ID_B615061D84,0,0.15,0.3514507200897082,0.47823253,0.36924761681759344
ID_B628A8D4EE,1,0.15,0.060347308159717346,0.020199267,0.029336222976468092
ID_B62B3A5834,0,0.15,0.07638873653499424,0.117478795,0.09831229349830607
ID_B63A12BF4D,0,0.15,0.0011816472872139114,0.10222226,0.1090431187467273
ID_B6544EEA56,0,0.15,0.11405966861510056,0.047448076,0.11553977438224948
ID_B65B0220F4,0,0.15,0.06613924589108137,0.024238897,0.032885464452077615
ID_B6689F1B59,0,0.15,0.1623832780653584,0.012658404,0.02836213872026688
ID_B67175F6D4,0,0.15,0.1357180740154908,0.02250631,0.0402723846818633
ID_B674C8077C,0,0.15,0.140239803128583,0.09809978,0.1503940093741298
ID_B67FACDB67,0,0.15,0.16469682009037945,0.05628389,0.06903631982263758
ID_B6868D4267,0,0.15,0.18922936872208374,0.3394293,0.33812099521394007
ID_B6A30CA399,0,0.15,0.1365499572756579,0.034737103,0.05986059135817272
ID_B6A62449F0,0,0.15,0.06780698156521689,0.0740238,0.09944964631902715
ID_B6AA972689,0,0.15,0.034098615686397785,0.038490064,0.052081373734326725
ID_B6AC9B0D0C,1,0.15,0.2923548280486803,0.27856877,0.28032191278862567
ID_B6AED4AA43,0,0.15,0.2379469525615027,0.08736625,0.1284312733835286
ID_B6B592CD80,0,0.15,0.11269076701459214,0.047830097,0.06849087515478963
ID_B6B5DFCB3F,0,0.15,0.06015945455783165,0.06202585,0.07344102324490004
ID_B6B6EEC3B7,0,0.15,0.27338954328758075,0.102655426,0.11764607235897481
ID_B6C4D5D987,0,0.15,0.264475008922124,0.3112647,0.2541980027163984
ID_B6CD292758,0,0.15,0.16429324110099922,0.039069295,0.06392995663978364
ID_B6D4B95762,0,0.15,0.042761706849457744,0.109424725,0.10993527765157707
ID_B6DC829617,0,0.15,0.043336147170306226,0.02544252,0.03533602418999647
ID_B6E4C2F41D,0,0.15,0.039094674181261786,0.010458999,0.0265147204183257
ID_B6E8421AB7,0,0.15,0.06662837494793859,0.08530492,0.1381589408993556
ID_B6EE896718,0,0.15,0.21354268574247262,0.10383601,0.12946724072474683
ID_B6F6D0CC3A,0,0.15,0.21696687505374512,0.22004887,0.19947167874820487
ID_B709830D75,0,0.15,0.13180458548463433,0.053352404,0.06262783073896165
ID_B70C5294EB,0,0.15,0.153610163622475,0.045498278,0.08914872134824385
ID_B70F6CF4E7,0,0.15,0.11059675964406998,0.0979273,0.11146811051584622
ID_B711345173,0,0.15,0.14219401400965584,0.043200783,0.06816105674025338
ID_B714EBA4A2,0,0.15,0.08293617666061104,0.06345236,0.10356032807904121
ID_B715E5B1F8,0,0.15,0.086730854103276,0.0762334,0.1279123905161698
ID_B71EBD18ED,0,0.15,0.11573846583495198,0.02331736,0.0429927121008482
ID_B71EC635CB,1,0.15,0.360815813786031,0.797871,0.5467471207347991
ID_B72537732F,0,0.15,0.18447227538627256,0.025672011,0.06434992576730705
ID_B727B4968A,0,0.15,0.10622598793841433,0.09204666,0.09891507818125438
ID_B72CB27FB7,0,0.15,0.0719757376998572,0.019691136,0.05030014789089536
ID_B735986460,0,0.15,0.013064003134696134,0.01494512,0.031464339716825364
ID_B73DA176E9,0,0.15,0.09026129524161783,0.025430705,0.06896049296514731
ID_B73DF41BE4,0,0.15,0.115117970537347,0.09211129,0.10729277801674333
ID_B73F3D9B3D,0,0.15,0.16475947736131064,0.054459445,0.16421362293235509
ID_B7442044B0,0,0.15,0.07261966030793278,0.01359703,0.047296010826122906
ID_B7456003CD,0,0.15,0.15804571494439343,0.10372534,0.13446513532627408
ID_B751AD153C,1,0.15,0.20382528435614344,0.31890067,0.23201882691022174
ID_B7542FA982,0,0.15,0.00011447676962602047,0.027910216,0.0729111326112436
ID_B7561147DE,0,0.15,0.1641149868059398,0.10214172,0.09156404698178441
ID_B75791C994,0,0.15,0.12063004763374968,0.16400142,0.20224899351385867
ID_B76DC6F0B0,0,0.15,0.1170345733228151,0.05270316,0.06394961460018375
ID_B77E8B169E,0,0.15,0.05054267675483403,0.014623954,0.039968205698739295
ID_B7883766D9,0,0.15,0.0684923552221431,0.14799352,0.1309288152342444
ID_B78903B1C5,0,0.15,0.3229861968647852,0.37618035,0.30588797617614205
ID_B78AD8D3EA,0,0.15,0.16667402512675783,0.06727362,0.07854825632607519
ID_B7962771A1,1,0.15,0.13579268282000534,0.128971,0.1365138326413979
ID_B79C435309,0,0.15,0.01725296567607122,0.11275049,0.11591220256737375
ID_B79C937C9C,0,0.15,0.24164399832696548,0.21221857,0.20664833727467985
ID_B7AE1BE283,0,0.15,0.02109468054802058,0.07929279,0.0656485113973851
ID_B7AEBF2DD1,1,0.15,0.9993517068293264,0.6907363,0.6802952651535081
ID_B7BA1115B7,0,0.15,0.16701987602259588,0.09232407,0.09626706520735408
ID_B7BEDDE724,0,0.15,0.13799456981764374,0.033787917,0.05133083341999305
ID_B7C8EFE2B4,0,0.15,0.18434257724240938,0.20620424,0.20052685299020045
ID_B7C9E268A4,0,0.15,0.08022171042076265,0.093261704,0.08880759057783036
ID_B7D23CEFD5,0,0.15,0.08584327892873378,0.018738415,0.029628539572259464
ID_B7E8BBE170,0,0.15,0.15369139272295593,0.089033715,0.20563995268995114
ID_B7ECAEE198,0,0.15,0.10049491754289383,0.14877304,0.14746020697627082
ID_B7ED4BBB90,0,0.15,0.16772594366696136,0.35057202,0.22365022221221562
ID_B800231FE5,0,0.15,0.10913929601200155,0.044925086,0.09373186948254424
ID_B8089B55C6,0,0.15,0.10337076487307445,0.030890128,0.05570556022571549
ID_B80CFC935D,0,0.15,0.05876652153048291,0.0939215,0.11052852385192685
ID_B80D54631A,0,0.15,0.10212069303632101,0.18034187,0.1776127389220565
ID_B816CCDA11,0,0.15,0.16567443849156077,0.027555533,0.04679291417899685
ID_B81F125853,0,0.15,0.10725966681838975,0.10516716,0.12335274017404722
ID_B8309D4BFA,0,0.15,0.056534618997400594,0.05650692,0.08803653169821511
ID_B843DAF80D,0,0.15,0.014926898001444507,0.011491731,0.03721393683480864
ID_B843DC0281,0,0.15,0.17295135279304286,0.08902952,0.09599157517655568
ID_B84D5A3245,0,0.15,0.12150674376582114,0.049243137,0.053985224302701765
ID_B8566E6AE4,0,0.15,0.06783417670575634,0.028105458,0.0723542574740604
ID_B862C2C158,0,0.15,0.18980352288704297,0.021383407,0.04926257092687426
ID_B86465A5A6,1,0.15,0.024594263939674423,0.09662017,0.10589424075682498
ID_B86D6049FE,0,0.15,0.10659127662985207,0.044646394,0.06265172363622261
ID_B86E30CE60,0,0.15,0.006935320890765138,0.02013623,0.049872911485557246
ID_B883BBFA30,0,0.15,0.10599058994082142,0.04435206,0.0714864218626233
ID_B884BBC06A,0,0.15,0.03675269517534835,0.029861113,0.08093318796955834
ID_B8867E62E7,0,0.15,0.11598859977549593,0.05313913,0.11251611372330464
ID_B891CEBAFC,0,0.15,0.002072128342510778,0.17706755,0.15509598565217247
ID_B89281B599,0,0.15,0.25191008072768134,0.36049756,0.3293619388838511
ID_B89396FE7F,1,0.15,0.06923558200001247,0.47743124,0.35117778657705023
ID_B8A0F2D4A5,1,0.15,0.3062147005806155,0.14780052,0.12938889490436567
ID_B8B58E249E,0,0.15,0.12810018317456212,0.37262577,0.31401464818263325
ID_B8CAFA6142,0,0.15,0.295112192279994,0.29391918,0.27104003226446344
ID_B8D7672923,0,0.15,0.15958132138882922,0.45786914,0.24336135337728526
ID_B8EAB5D717,0,0.15,0.14766033324566466,0.03238264,0.06182340434269539
ID_B8F74372D5,1,0.15,0.3038020519079561,0.67416227,0.4923108816320272
ID_B902D1732D,1,0.15,0.12829217422619765,0.20471837,0.26184134134288417
ID_B9104E72D0,1,0.15,0.12581498525264315,0.6263577,0.45259943422459226
ID_B920BDE462,0,0.15,0.7528564989848409,0.18232745,0.22794077782275268
ID_B927E50117,0,0.15,0.080835520007343,0.08752504,0.09518834139807517
ID_B938D80AAE,0,0.15,0.14438020072263688,0.17275977,0.15307735119590968
ID_B93ACFA087,1,0.15,0.7410687768335472,0.63535064,0.6111612180583776
ID_B93FC6AA95,0,0.15,0.03298040718795013,0.028886955,0.05626865981234189
ID_B94F86A446,0,0.15,0.09686654217110037,0.017960709,0.049720794356028095
ID_B951F01ADE,0,0.15,0.13416663379859103,0.08492316,0.06532616845240379
ID_B967747D33,0,0.15,0.13055590469291428,0.1254527,0.2175653662156372
ID_B96AA0A51C,0,0.15,0.12219231712523618,0.032689624,0.06180700527727124
ID_B96AB0C2A0,0,0.15,0.20702190673391305,0.14179723,0.1695258076763574
ID_B9A019AA49,0,0.15,0.10593407288044829,0.042164173,0.10150367614165029
ID_B9A9EA9521,1,0.15,0.12593106173709498,0.23528731,0.22930267146203967
ID_B9B56F5E35,0,0.15,0.032411013041345416,0.03255316,0.060707164058233114
ID_B9BF8A0A48,0,0.15,0.2521432940463736,0.044374485,0.08771179895126027
ID_B9C6B1F319,0,0.15,0.17836780342781786,0.26294178,0.15219512810356461
ID_B9C8262018,0,0.15,0.002931891662328793,0.08030922,0.12116791203459823
ID_B9C85A283C,0,0.15,0.09131708698140943,0.14007337,0.12902932077209991
ID_B9D3EDE2E5,0,0.15,0.07204304734378134,0.20586553,0.1566472171763012
ID_B9D9799FE6,0,0.15,0.09883949866480361,0.09555921,0.13367035847247163
ID_B9E136EB24,0,0.15,0.03617041815466673,0.020662878,0.040198050808341636
ID_B9E8E46471,0,0.15,0.166523586624286,0.07341818,0.07905161470016833
ID_B9F87BF6A8,0,0.15,0.0326792703363337,0.053121753,0.08532373229586063
ID_B9FABA5392,0,0.15,0.08445006934352658,0.13129732,0.15360848268447574
ID_BA026181C8,1,0.15,0.20411871593653527,0.10105291,0.08607727931151217
ID_BA0C69E8B1,0,0.15,0.18479945935208578,0.6952792,0.3992420918688464
ID_BA0EC45607,0,0.15,0.001346787802622597,0.06604391,0.0692703544364401
ID_BA0FD270A0,0,0.15,0.08041738602486832,0.16828926,0.15266151297735753
ID_BA162EB2AB,0,0.15,0.12900320951137256,0.07808259,0.08718480350412178
ID_BA18C0ECBB,0,0.15,0.26774426075374314,0.17280903,0.12311512241993058
ID_BA41BD70E7,0,0.15,0.011918186058147437,0.03618203,0.07699575849357218
ID_BA46A90038,0,0.15,0.24809613175607173,0.19001646,0.16046533668124222
ID_BA4C2C79FC,1,0.15,0.041089952274451134,0.06805577,0.11818082155867679
ID_BA5558CBBF,0,0.15,0.07070888903677267,0.062440317,0.055066007628431946
ID_BA5C2B8783,0,0.15,0.13614114845112948,0.19033271,0.176779482880117
ID_BA5D883A80,0,0.15,0.04201417166861812,0.011513678,0.02868966207458041
ID_BA65586169,1,0.15,0.14336623566087564,0.084575854,0.07452165035914181
ID_BA65FC2141,0,0.15,0.1545261100986643,0.041091353,0.051701243445090424
ID_BA6AD72D9B,0,0.15,0.020469860530697662,0.05999893,0.08816952193808712
ID_BA6E7A83A9,0,0.15,0.12025237941672119,0.047952052,0.07003238696863906
ID_BA76392AE5,0,0.15,0.030597444009600856,0.03396703,0.05334405032455952
ID_BA7AC55987,0,0.15,0.11795541284826296,0.11740332,0.119617798199986
ID_BA7BEBC67B,0,0.15,0.11616219293900394,0.032877117,0.08703838979975406
ID_BA7CCF5C62,0,0.15,0.03180746658680608,0.025217846,0.06817075028800937
ID_BA7CD64667,0,0.15,0.21623515038953373,0.19711007,0.17673391489475054
ID_BA80B7B605,0,0.15,0.08580649821441975,0.027823314,0.061590111802566294
ID_BA8D96E517,0,0.15,0.0024190995325234234,0.062707044,0.08992242252640524
ID_BA959D1726,0,0.15,0.18952350447717065,0.20453385,0.169747723213736
ID_BA9CB55FEF,0,0.15,0.13487238026226545,0.0366558,0.09072972726771837
ID_BAAC1FD9DC,0,0.15,0.16449130425211195,0.036549926,0.038323469246934826
ID_BAAEB5F88A,0,0.15,0.2783100960092725,0.21633652,0.2641348362916074
ID_BAB25634C4,1,0.15,0.26807756109777264,0.59090066,0.4553240670125712
ID_BABB0BBC84,0,0.15,0.2541713625075036,0.12417198,0.1693700238993081
ID_BAD46CFA7A,0,0.15,0.5726959702824329,0.37396848,0.27604974411019106
ID_BADC1966C5,1,0.15,0.156639623990301,0.13683432,0.18819289835945094
ID_BAE15C8A68,0,0.15,0.08448996676012786,0.048624236,0.10579607000734818
ID_BAE62D60C5,0,0.15,0.12501537833584578,0.055682488,0.07096245860853524
ID_BAF7C1BC90,1,0.15,0.2733090731964566,0.34730548,0.13853721576800265
ID_BB067BCEB6,0,0.15,0.260375424631129,0.14528817,0.13295061986256174
ID_BB1B60196B,0,0.15,0.11704889376568944,0.035990342,0.04891254084640502
ID_BB1CEF93E8,0,0.15,0.06480787221067648,0.032322302,0.06111088634170619
ID_BB2115F721,0,0.15,0.17108756806569814,0.057570364,0.0642251814904334
ID_BB476EB889,0,0.15,0.048782634416762144,0.03162235,0.05156965703698912
ID_BB4ECF49A3,0,0.15,0.15932657006850137,0.077454194,0.14752525105038314
ID_BB56B0FFBE,0,0.15,0.18040425944804617,0.111878194,0.11704097810103699
ID_BB56CA1F53,0,0.15,0.14288966765637712,0.021389036,0.06387937012627248
ID_BB572D908D,0,0.15,0.27721653701269683,0.06793217,0.0773552669280405
ID_BB58A07988,0,0.15,0.07354865644721806,0.34218392,0.21052429968343012
ID_BB60A00502,0,0.15,0.044163838512081936,0.0547384,0.09584429901201826
ID_BB70A26B69,0,0.15,0.11908308296262708,0.050286606,0.11689113311317764
ID_BB82871B52,0,0.15,0.11529028609987292,0.07138527,0.1432431230781859
ID_BB8BD37FF3,0,0.15,0.24582432026493892,0.0426244,0.06912461945978231
ID_BB911695D0,0,0.15,0.27688075384302246,0.5932334,0.46867683813305655
ID_BB94A98E68,0,0.15,0.07666806922995442,0.024073323,0.053860974621945536
ID_BB97F0C5C2,0,0.15,0.01629795392928429,0.047655877,0.06926874331055714
ID_BBB13182B5,1,0.15,0.26898981200960276,0.5023103,0.38168676426060333
ID_BBB31A4B8A,0,0.15,0.10455904584854615,0.119716324,0.14130830492664667
ID_BBB9BC0C7C,1,0.15,0.07100307422698471,0.21888618,0.17940313770084096
ID_BBBE9C024A,0,0.15,0.11523488213725626,0.04531979,0.09529988507969515
ID_BBC6A8C53F,0,0.15,0.16915447331103908,0.25214183,0.25543951613814797
ID_BBC957C0B6,1,0.15,0.5357783386348806,0.597319,0.467265922398535
ID_BBCB3FBE7C,0,0.15,0.24898362799874496,0.3646828,0.2527767245807125
ID_BBCC4235E2,0,0.15,0.22705919587334447,0.08429373,0.08375108848949872
ID_BBCDE80DE6,0,0.15,0.10829682547301339,0.019112801,0.05606815639363453
ID_BBD835F078,0,0.15,0.17183086772607525,0.15333983,0.158889629998363
ID_BBDD1C1FA6,0,0.15,0.19199570837097854,0.08421452,0.08219145866932111
ID_BBE057572B,0,0.15,0.06758757944407014,0.10322037,0.08477799712886916
ID_BBE71292FA,0,0.15,0.19280010559744856,0.032280527,0.056672628702398246
ID_BBF16F3899,0,0.15,0.13372936054749765,0.05253253,0.13935466806568622
ID_BBFA6CA186,1,0.15,0.467409769905643,0.45790705,0.41736729402855227
ID_BC02F39822,0,0.15,0.10111240310562881,0.3421608,0.3533643037139422
ID_BC07BCFD00,0,0.15,0.09476132490614243,0.15593079,0.1262204688134041
ID_BC165A7047,0,0.15,0.11022082951039325,0.09608099,0.12344846832442871
ID_BC1F4126A3,0,0.15,0.04256488846849091,0.00874121,0.034323405341947714
ID_BC23BD1FAA,0,0.15,0.06707048282127974,0.040675573,0.06392866216867513
ID_BC2B01D2C0,0,0.15,0.02676312841438579,0.046353865,0.08681273503856622
ID_BC2CEEF741,0,0.15,0.39052884010422745,0.6302283,0.3906040019719976
ID_BC390DC1D5,0,0.15,0.08529414414051316,0.027569639,0.0574099102217425
ID_BC3C9DE0BA,0,0.15,0.14042779289622115,0.17170928,0.20750434984700955
ID_BC4CC40D38,1,0.15,0.4184811180721517,0.46270108,0.36860863488812773
ID_BC4E35A998,0,0.15,0.09427257520709582,0.016858755,0.035519119126873576
ID_BC50081762,0,0.15,0.07863610768892157,0.07849931,0.11186811646692753
ID_BC617F9DEA,0,0.15,0.08580691280728109,0.19458845,0.24884963139301627
ID_BC69AFC19C,0,0.15,0.16067138058243496,0.16737881,0.15329911289981174
ID_BC77782CDD,0,0.15,0.0472790365851734,0.0665373,0.11920028985844516
ID_BC7B0CCA79,0,0.15,0.1345156815182169,0.032499403,0.062122736272038744
ID_BC809A149F,0,0.15,0.17348097562784212,0.061555397,0.1100586301355248
ID_BC912D0EAE,1,0.15,0.10247054447189331,0.09301891,0.09988632601098948
ID_BC95484EE5,0,0.15,0.2661793331388809,0.21675335,0.2472892555956307
ID_BCA0281188,0,0.15,0.2025366898079556,0.08369238,0.1245078568839341
ID_BCA0A48668,0,0.15,0.03488246205590334,0.05039686,0.07523654231007121
ID_BCA56426D9,0,0.15,0.1865173132932746,0.10566409,0.2007167326106977
ID_BCB7AF21EC,0,0.15,0.08588853049833878,0.02100923,0.046428636749453786
ID_BCBD0DEB15,0,0.15,0.13612620764278807,0.2385185,0.2046685412415072
ID_BCDC648374,0,0.15,0.08253846693516348,0.06155392,0.11781049648603976
ID_BCDF6E6D0A,0,0.15,0.07613050142263487,0.01865238,0.0426976604473088
ID_BCE1BFD7D3,1,0.15,0.2584131929263502,0.21962231,0.15946646475065399
ID_BCE286D054,1,0.15,0.07028856914574844,0.12813754,0.15336022645584493
ID_BCEBF534CA,0,0.15,0.2503596241772322,0.26254284,0.2172508580464532
ID_BCEFED361B,0,0.15,0.06429417526066486,0.3510386,0.31910778211204877
ID_BCFA6D1DE6,0,0.15,0.3514840191199504,0.3709788,0.3027475610717926
ID_BD052E802B,0,0.15,0.10017225798850435,0.016588502,0.031624527925763035
ID_BD20999540,0,0.15,0.15367510384538777,0.042917214,0.06513542793248575
ID_BD3308A867,0,0.15,0.18597517945254513,0.17122535,0.26784667813786933
ID_BD3C6A8FC0,1,0.15,0.08809436943466004,0.21053778,0.162502765524527
ID_BD4CE783DB,0,0.15,0.09467359600027996,0.080613084,0.10859645244869012
ID_BD5735DD3A,0,0.15,0.15128714619776581,0.06895036,0.08159842496264125
ID_BD67FF2FD4,0,0.15,0.06814454490760768,0.034181327,0.06308828465010963
ID_BD6D480995,0,0.15,0.16072484817138602,0.17102481,0.2273955247895865
ID_BD7BFB3A26,1,0.15,0.12209272891714636,0.12077332,0.17868930271128505
ID_BD814EA242,0,0.15,0.13010053239741304,0.4156612,0.31581214479158476
ID_BD82DAFB28,0,0.15,0.17440062386672964,0.03864395,0.06875650696158431
ID_BD8579D129,0,0.15,0.10617660395201277,0.063394435,0.05492732410823826
ID_BD8642079D,0,0.15,0.20841151424266988,0.06748078,0.06071089188627238
ID_BD86FA872C,0,0.15,0.24565614636429053,0.06861315,0.10421387416384534
ID_BD8A039E09,0,0.15,0.043003470274659596,0.08056869,0.09627923598156275
ID_BD98DB432C,1,0.15,0.2030417290142373,0.5457373,0.47068636650360995
ID_BD992B8F55,0,0.15,0.22023804926423046,0.07820234,0.08991666386461948
ID_BD9E25BBA5,0,0.15,0.08563412237349206,0.032135993,0.05389406073166174
ID_BDA15B116E,0,0.15,0.05820982557548743,0.017123355,0.02731359016917224
ID_BDA9AE0C4B,0,0.15,0.19209815494097307,0.12265631,0.13960316262991446
ID_BDC05CA58C,0,0.15,0.021938498152553085,0.021729989,0.037214437886908855
ID_BDC77E0724,0,0.15,0.4157427985759885,0.40050456,0.31437835016307275
ID_BDC7CFCFDC,0,0.15,0.02677818786566632,0.03328646,0.05048152624909034
ID_BDCA2F6F55,0,0.15,0.14806939657982177,0.054681964,0.08532059103334495
ID_BDCCC26885,0,0.15,0.08305148893523426,0.023020286,0.06734003670535983
ID_BDD23A231B,1,0.15,0.252195185007546,0.38179767,0.2677943118116358
ID_BDD7F22BB9,0,0.15,0.24644436426994645,0.26910818,0.26847375679189794
ID_BDDB13AA07,0,0.15,0.008488548013149556,0.026505556,0.04940569888692589
ID_BDE5F6F87D,0,0.15,0.023359407270023808,0.017364172,0.016779087788019075
ID_BE028769DF,0,0.15,0.10105954632362224,0.10023359,0.11271487031766077
ID_BE1DC24F66,0,0.15,0.0317304977456582,0.030331971,0.049057931486068324
ID_BE203A815D,0,0.15,0.19613750739219815,0.07599078,0.10956549731412493
ID_BE2780DBF9,0,0.15,0.17521952222402062,0.092602335,0.10553949352704986
ID_BE2EF89579,0,0.15,0.09573034631298823,0.036409684,0.054437253480268406
ID_BE4FF82341,0,0.15,0.15170287484993705,0.09997646,0.1022213763444513
ID_BE5430DADC,1,0.15,0.28535069141963293,0.7925153,0.624211637795395
ID_BE88591656,0,0.15,0.17353464484637324,0.17430267,0.1689900591993929
ID_BE9050BD36,0,0.15,0.17196139109413464,0.031548534,0.05013126273008517
ID_BE92EA7ED5,0,0.15,0.05787655917062105,0.029422425,0.0469336236956871
ID_BEA46E378F,0,0.15,0.2726763387534717,0.064224124,0.09472695079604133
ID_BEABAC0136,0,0.15,0.21056046943069653,0.057125304,0.06714492871577592
ID_BEC2783837,0,0.15,0.042961536051351695,0.009726799,0.030043592075482177
ID_BEC6E6BAB3,0,0.15,0.018138347649975295,0.011375316,0.024238023146651196
ID_BEC85C6A05,1,0.15,0.09391113152118802,0.36695683,0.2534360543758449
ID_BEC92BE937,0,0.15,0.7601892092399001,0.24998713,0.1895130031296896
ID_BECD7F5801,0,0.15,0.24116512805021847,0.07115764,0.1143519036682143
ID_BEDCD2D9D4,0,0.15,0.04811803163118842,0.043902986,0.06964771262323499
ID_BEDCFA4E4C,0,0.15,0.12108160154690074,0.09537071,0.0926692328264261
ID_BEE9D89E39,0,0.15,0.08164953659380955,0.11167289,0.13686180035997247
ID_BEF20883A2,0,0.15,0.204886328600204,0.14457233,0.14193181888310138
ID_BF00100E8C,1,0.15,0.6213525533072295,0.4300687,0.31003845103421696
ID_BF051547EF,1,0.15,0.2316983752802295,0.11944657,0.1276436420883617
ID_BF0E3935F3,0,0.15,0.3431451364954644,0.1693558,0.1533828993717973
ID_BF0EDBCED2,0,0.15,0.1269181296444932,0.17056474,0.1562474982212358
ID_BF0EE2ABC0,1,0.15,0.14884055450809613,0.08710657,0.12761511325636996
ID_BF0F971560,0,0.15,0.2002639108749864,0.27336556,0.17616603357851662
ID_BF112B7318,0,0.15,0.04490111338292308,0.18553345,0.16183942965373785
ID_BF26CDA865,0,0.15,0.10205521273637949,0.072698146,0.08722002921880845
ID_BF317218F5,0,0.15,0.09959618586579737,0.06126697,0.05260349458541441
ID_BF32437E46,0,0.15,0.0723957613023676,0.046325754,0.07514203390031902
ID_BF37E6CC09,0,0.15,0.12187855386530004,0.04941156,0.08654564925344445
ID_BF402745DE,0,0.15,0.16109708827689256,0.038896073,0.11075905138129967
ID_BF436A4EA5,0,0.15,0.1121325703282751,0.17878179,0.16393014909619433
ID_BF4D01A607,0,0.15,0.05198991464192188,0.02493638,0.033680749249393155
ID_BF5EB72425,0,0.15,0.1565101177191722,0.10289764,0.11955407364850512
ID_BF61CC19F5,1,0.15,0.19033832545441765,0.5819052,0.35270497523203787
ID_BF68FCB896,0,0.15,0.14207324375382158,0.08484386,0.07728198076264185
ID_BF6D9CBFC5,0,0.15,0.044239999544790264,0.0058856783,0.020744837556746235
ID_BF6F36E50F,0,0.15,0.018722488027985106,0.016480893,0.03453095169796112
ID_BF6FEBE7C8,0,0.15,0.060859681690496936,0.031436924,0.039520868999316484
ID_BF7F5A9C06,0,0.15,3.5370035929088536e-05,0.02854205,0.07007361483284624
ID_BF7F71641E,0,0.15,0.22831813842945167,0.17651628,0.152813354291757
ID_BF830D1D97,0,0.15,0.18299665234443924,0.13886069,0.1588680279008195
ID_BF8F521B89,0,0.15,0.05164448390377183,0.116948016,0.23166704327111728
ID_BF99704994,0,0.15,0.02212450518530342,0.058160543,0.09824872200994252
ID_BFA5727D73,0,0.15,0.09382694511752061,0.027059954,0.0563068379061511
ID_BFA9A6771C,0,0.15,0.07723416497977792,0.08509833,0.08946625124379136
ID_BFABFB527E,0,0.15,0.18464936586305727,0.2753674,0.17465939998121735
ID_BFBD7BA569,0,0.15,0.18015566738421132,0.13307948,0.1651329880390015
ID_BFBEFB340C,0,0.15,0.052298752211418845,0.14794335,0.10267700976637298
ID_BFCB502891,1,0.15,0.1900481148261506,0.28110996,0.14981777543804248
ID_BFD2DA96EB,0,0.15,0.05596748522997983,0.077658854,0.11411533718823566
ID_BFD80A8D6F,0,0.15,0.13140477200993933,0.086525366,0.10273925537925206
ID_BFDB485C1F,0,0.15,0.2389938598853531,0.26444313,0.31084044339954536
ID_BFDB8A413B,0,0.15,0.18527894556917468,0.0760332,0.10346839591014471
ID_BFE58FA417,0,0.15,0.13517003842510195,0.03207986,0.0760137009788035
ID_BFF93BE111,0,0.15,0.12649473046457374,0.22623701,0.18366420465068717
ID_BFF971E0A0,0,0.15,0.06412902542991711,0.10325396,0.08949444369426829
ID_BFFAF95E68,0,0.15,0.18796690386543763,0.07133767,0.09201921939087208
ID_C01654D8F3,0,0.15,0.1910093223170504,0.17524624,0.18907719316412863
ID_C01CF5263E,0,0.15,0.11630099129920679,0.20945443,0.11710768407484964
ID_C030638743,0,0.15,0.1295073438738116,0.025581392,0.048954411907491245
ID_C03A4EC4D9,0,0.15,0.1508926748624817,0.023660297,0.04989264291501152
ID_C0472145C0,0,0.15,0.3411030478623993,0.2246402,0.18964179230594339
ID_C04D680E14,0,0.15,0.09121627203119573,0.013022433,0.04040721148795185
ID_C04F711C55,0,0.15,0.11683139230995285,0.058691695,0.07954131080109361
ID_C0537C33CB,0,0.15,0.18971290767305543,0.038857006,0.06388021705488138
ID_C05A6CC14C,1,0.15,0.3497076388885824,0.40355015,0.3436988878283798
ID_C074A150AB,0,0.15,0.07900618979209093,0.031089036,0.05979622589608682
ID_C08D757B2A,0,0.15,0.20575775440645594,0.25843373,0.2072008455833944
ID_C08F16FFBD,0,0.15,0.09206709409329421,0.17868078,0.1991683586107749
ID_C0A104F202,0,0.15,0.09207672070636562,0.025511388,0.05016219935495782
ID_C0A30EAA5B,0,0.15,0.04901979586588845,0.051125687,0.054753409478224734
ID_C0A9838575,0,0.15,0.12459097345885395,0.21415147,0.19079170825074318
ID_C0B08D3C4E,0,0.15,0.03845863856801305,0.041984797,0.06478962984480285
ID_C0B158C8EC,1,0.15,0.1274808245574852,0.31182516,0.290712708800735
ID_C0B61B7EA2,0,0.15,0.04661828482938074,0.017269922,0.03345866135280635
ID_C0B727925F,0,0.15,0.17659960037433,0.17978798,0.19310221580953504
ID_C0B7B51442,0,0.15,0.117318244117519,0.13455226,0.1516762842016038
ID_C0BD71C8D4,0,0.15,0.026406289792164736,0.028868193,0.05506427606701165
ID_C0D13C3659,0,0.15,0.21547601261555155,0.26942006,0.25168401925042877
ID_C0D6C40EEE,0,0.15,0.08077778676564837,0.029277768,0.04337706496060333
ID_C0D717371A,0,0.15,0.17229110110488627,0.063986525,0.08410283157522966
ID_C0D9AE7288,0,0.15,0.04118750026792151,0.018819192,0.05062686244285029
ID_C0DC98C7F6,0,0.15,0.00037189672709370244,0.050637297,0.08920330733105827
ID_C0DCA685AD,0,0.15,0.12316537786675931,0.03611108,0.06390084783761067
ID_C0DEAA89A0,0,0.15,0.16590351888231109,0.1047304,0.09201256376765368
ID_C0F7033AFE,0,0.15,0.17802803692034297,0.14486054,0.10622702873786259
ID_C0FA3D0BE1,0,0.15,0.1017021301261258,0.2249829,0.13762556251625152
ID_C0FED762E5,0,0.15,0.08989117539155614,0.34139073,0.29102158980286336
ID_C109B34C64,1,0.15,0.10014007584538513,0.109277666,0.0745675325069884
ID_C10A030BF6,0,0.15,0.29829637445772395,0.23877242,0.2629425563415533
ID_C11F282678,0,0.15,0.07713852963591743,0.12392863,0.11089486945991327
ID_C1214AC1F4,0,0.15,0.0667778889174162,0.03170254,0.04959475325038734
ID_C122083EAD,1,0.15,0.08745462861810005,0.19085418,0.17565400169937853
ID_C1266838E0,1,0.15,0.13583597376195233,0.1497606,0.20888352121084625
ID_C12B55F7BC,1,0.15,0.09030877390635177,0.08585174,0.07597065620183813
ID_C132C2D552,0,0.15,0.16571550633572385,0.06055023,0.09240815645734175
ID_C138CCD0A8,0,0.15,0.1845524379969308,0.32059786,0.2522813830074345
ID_C13B8E4B66,0,0.15,0.18760453931763305,0.04148187,0.12318074213735893
ID_C13B92FE6B,1,0.15,0.08350909861003139,0.23040006,0.2138874054565891
ID_C14786C9D2,0,0.15,0.37269968970454226,0.24784355,0.2202643406288361
ID_C1516ADB7D,0,0.15,0.23692956028866985,0.3681109,0.24423306610259143
ID_C156D054A4,0,0.15,0.0710257029676072,0.10113767,0.08979216265890944
ID_C15A4A5715,0,0.15,0.08719787758228087,0.076260775,0.09500254115068717
ID_C15C3078D3,1,0.15,0.27667042047407836,0.30564484,0.2529662935056632
ID_C15F37A0B0,1,0.15,0.27508900420329835,0.4036455,0.3208321374248686
ID_C15FAC3CA6,1,0.15,0.11138410291838795,0.076203495,0.1031261105039512
ID_C165A603BB,0,0.15,0.10434634020609239,0.039870635,0.055905580697136754
ID_C16975D95F,0,0.15,0.23245317128898138,0.11297706,0.1875654481521047
ID_C172EC1986,0,0.15,0.1374358761855386,0.019714572,0.049761980771633726
ID_C1738A8413,0,0.15,0.18810129252267455,0.13616316,0.1348305259596041
ID_C180310139,0,0.15,0.017837296899295443,0.0044381856,0.022109421562749778
ID_C18F0B69C4,0,0.15,0.30429901954670974,0.60721356,0.5057229020484423
ID_C19478E627,0,0.15,0.30444427260849843,0.17642522,0.12973889829862162
ID_C19A4B264D,0,0.15,0.06253989380972945,0.3029161,0.34155385572111885
ID_C19A72EB63,0,0.15,0.14449899470738042,0.14896245,0.13509427496387952
ID_C19C2EDEA6,0,0.15,0.36589110303850964,0.19460988,0.18360305563533497
ID_C1A453702E,0,0.15,0.2537638858761688,0.3826152,0.40559462912682576
ID_C1A884AE7D,0,0.15,0.020040593757621402,0.019621858,0.05400027114511227
ID_C1AB8F4D47,0,0.15,0.04545477455190753,0.10441524,0.13266029771561003
ID_C1ADB58147,0,0.15,0.11328580673316607,0.09812562,0.10576815576319966
ID_C1B3C94471,0,0.15,0.1429050248190175,0.19457501,0.1774916646727203
ID_C1BAAFB452,0,0.15,0.22921185996411814,0.042219225,0.06893498103606392
ID_C1C05E1AE8,0,0.15,0.027098956721522235,0.16421875,0.15160302659649935
ID_C1D1F9A84F,1,0.15,0.12743186321966704,0.28227842,0.1604422258517865
ID_C1D6B28288,0,0.15,0.2979981166248572,0.08570638,0.09130900551006643
ID_C1D8015217,0,0.15,3.0788976388666076e-05,0.09278306,0.10992436272921437
ID_C1E443165E,1,0.15,0.19806688723515395,0.29492876,0.18261055042957403
ID_C1E4E877B0,0,0.15,0.0663597335922337,0.05227125,0.06439184585555593
ID_C1E9FFEEB8,0,0.15,0.11843173823622868,0.10170052,0.07822105804383278
ID_C1EDC57BF9,0,0.15,0.08111362687195577,0.038888693,0.08048072206396922
ID_C1F601D90C,0,0.15,0.03333012931570063,0.02031277,0.03170112937410948
ID_C1F805FAA8,0,0.15,0.24207657978921382,0.09693607,0.09512735014995374
ID_C1F9BA75C4,0,0.15,0.07436869897963655,0.041735295,0.07682655747460183
ID_C20167793B,0,0.15,0.0482997394498506,0.032257654,0.04286031514658802
ID_C20E973238,0,0.15,0.20393899853775288,0.09734494,0.1562549647563037
ID_C210861951,0,0.15,0.30123947730640527,0.03760023,0.09631586376982272
ID_C2182E915B,0,0.15,0.2264332574922302,0.27195042,0.23338248310442886
ID_C2270DD043,0,0.15,0.21779591814459776,0.23323818,0.17841412851583804
ID_C22933EC98,0,0.15,0.08710326926265344,0.039931938,0.06999028396759305
ID_C23280614C,0,0.15,0.24243417468647066,0.11810974,0.2018307974498398
ID_C249B3DEDB,0,0.15,0.009295548524392879,0.09762494,0.13848545003113585
ID_C2551E0983,0,0.15,0.15500689213035948,0.060286243,0.06058744620801327
ID_C25E056AA1,0,0.15,0.20908945080287009,0.093026526,0.08500401573698989
ID_C26EF7ECA3,0,0.15,0.05697895193865343,0.062817656,0.05686377225478214
ID_C276192D5D,0,0.15,0.09134814234210734,0.030392287,0.05086242328228928
ID_C27C9BB736,0,0.15,0.27277758216063336,0.082363926,0.12947741259434192
ID_C27CC03F41,0,0.15,0.2124160673669564,0.08075788,0.11322658913752447
ID_C27E3DC455,0,0.15,0.15195142270939904,0.06047216,0.08171581690359307
ID_C2825172BA,0,0.15,0.09228475809564565,0.32563257,0.3206209563008212
ID_C286C6419C,0,0.15,0.11347315820210115,0.065754816,0.08767079441613018
ID_C286F8689F,1,0.15,0.3025896899283355,0.41634226,0.38698846768780004
ID_C298FDD13C,0,0.15,0.25654315694199004,0.2722877,0.23662629931060564
ID_C299D59C52,0,0.15,0.118840520563883,0.25998327,0.27654298088720985
ID_C2A52B3C61,0,0.15,0.043196272847949746,0.028875852,0.05700881761467584
ID_C2AA83FC9E,0,0.15,0.22298435458539542,0.097801,0.20229141015754748
ID_C2AC18B9D1,0,0.15,0.0697554034385959,0.038046215,0.07972375863886935
ID_C2AE844167,0,0.15,0.115475672538151,0.15630767,0.17443354797208702
ID_C2AF0BCE62,0,0.15,0.17372963215912104,0.039623495,0.05727502989163772
ID_C2B8433A17,0,0.15,0.13654602523433645,0.14469105,0.17973707946537676
ID_C2BBF3FC3F,1,0.15,0.2312321555313402,0.7281961,0.5341205748193767
ID_C2BF06043C,0,0.15,0.1873604081818305,0.16062301,0.1653811264963977
ID_C2DEA71DD2,0,0.15,0.09424194995857235,0.10172383,0.12111801665300023
ID_C2E53EB7AA,0,0.15,0.20728722687063117,0.30464464,0.27923252419023825
ID_C2E8C1D4C0,1,0.15,0.1272759775320127,0.30176416,0.2749854242054316
ID_C2F3D03B6D,0,0.15,0.036255819823816475,0.025238976,0.047512751238540374
ID_C2F9B5D260,0,0.15,0.3202566465542777,0.41648436,0.3603254952634508
ID_C2FD2E66FF,1,0.15,0.35235982139819544,0.5624034,0.3502407380569755
ID_C309FCC66A,0,0.15,0.11192129151066829,0.0407947,0.05634004053566584
ID_C30B43E75E,0,0.15,0.2387026981851809,0.2986757,0.28293385286298306
ID_C30BFCA4F7,0,0.15,0.08064867513310506,0.1141599,0.11251465624235504
ID_C3147C0392,0,0.15,0.13965296546507347,0.09677304,0.10309704123410432
ID_C31506B3DD,1,0.15,0.2670002828468044,0.23137602,0.28262079033928433
ID_C31961BC3B,0,0.15,0.08654821426999466,0.058911305,0.07161957016532115
ID_C3369C3CB8,0,0.15,0.1736688419057187,0.21618648,0.22189063479349178
ID_C343B9F8FF,0,0.15,0.1408816035109472,0.07497631,0.08989989173669277
ID_C349CA60E0,0,0.15,0.2502742872637495,0.13195431,0.12030181429643512
ID_C34D3916E5,0,0.15,0.0537743317161881,0.045227,0.09344466650065286
ID_C34DFE83FB,0,0.15,0.018048302997699855,0.015802283,0.03948223124394174
ID_C355E6E304,1,0.15,0.08366626648986572,0.06725145,0.09481614505975935
ID_C3572890B8,1,0.15,0.2106822230760796,0.19909221,0.17740572021679188
ID_C357CE27FA,0,0.15,0.18952493952101782,0.25953838,0.26133104746978564
ID_C35B214AAE,0,0.15,0.2437527707952574,0.08638732,0.11419821527294102
ID_C36977BB7A,1,0.15,0.22873934752935754,0.38208732,0.3642033983678039
ID_C36C8BA589,0,0.15,0.07062694039420772,0.03529359,0.05976774467429037
ID_C371B70D4B,0,0.15,0.39370934665733304,0.6566074,0.48991608513819457
ID_C37F86ADA9,0,0.15,0.019243475104472767,0.023130069,0.04746760302126932
ID_C38863135C,0,0.15,0.07664116180272955,0.032854483,0.052412678053469816
ID_C391DB46E4,0,0.15,0.10455095748839305,0.02196161,0.03520224644195846
ID_C3996B1944,1,0.15,0.01995539541693002,0.33697295,0.18399188236715056
ID_C3A431C44C,0,0.15,0.13374716697291783,0.2478517,0.24881383530810144
ID_C3A685954E,0,0.15,0.24338540676788253,0.019493362,0.0558194116837821
ID_C3AD2ECAAB,0,0.15,0.09401343695569389,0.04176408,0.045589263056971356
ID_C3AEABFA4D,0,0.15,6.412722090944101e-05,0.060171008,0.07430824756141793
ID_C3AFECE45B,0,0.15,0.21444711612067982,0.07171038,0.1293785915798103
ID_C3D1C196EA,0,0.15,0.218672885983696,0.09922117,0.1695522471204872
ID_C3DFEF612F,0,0.15,0.05852655440649468,0.15847589,0.14904844543151705
ID_C3F0C20514,0,0.15,0.24034223861820678,0.107948326,0.14657287514828082
ID_C3F94AB737,0,0.15,0.08473545434874913,0.042343024,0.0953620037754382
ID_C3FC38402E,0,0.15,0.03833482984550922,0.064952195,0.07337623730455456
ID_C402DFE59B,0,0.15,0.09847326058863548,0.036939375,0.061404045975554364
ID_C4052110C0,0,0.15,0.07050412416915502,0.35808447,0.17322204766070487
ID_C40CFF7218,0,0.15,0.03753402084641752,0.10335107,0.0781186057605518
ID_C40F56BC48,0,0.15,0.1578063558132014,0.107163385,0.18304987069587222
ID_C411B50BFB,0,0.15,0.07890922563597007,0.032107484,0.0513870287777381
ID_C41580A54F,0,0.15,0.17478197228742107,0.19660291,0.2330123753145402
ID_C41A2EFF00,0,0.15,0.06206840443316595,0.054643735,0.06462650421403739
ID_C422098604,0,0.15,0.20745069342645572,0.14767402,0.11890284968472631
ID_C446C0DFED,0,0.15,0.6067294044928216,0.35680482,0.5007803700644722
ID_C44B4FD7FB,1,0.15,0.3573165927864326,0.3332076,0.2914595004026793
ID_C44C0B5AB9,0,0.15,0.19440498135380616,0.28702465,0.29958012072166157
ID_C45286E080,0,0.15,0.3404350219684393,0.17714058,0.14035391101179134
ID_C458D1136B,0,0.15,0.0663255370629519,0.075501025,0.0924054431741688
ID_C45EFDC41C,1,0.15,0.34592823429606917,0.32791623,0.4074705158862509
ID_C46F089912,1,0.15,0.17523769185281085,0.28673488,0.18393942153234755
ID_C473C42684,1,0.15,0.12491033820539567,0.13712125,0.18750518639666053
ID_C47A36D59C,0,0.15,0.08409414151486218,0.056118377,0.08625267876239462
ID_C4811ED2A1,0,0.15,0.11679578490834705,0.16037863,0.17222782697192202
ID_C4814C8495,0,0.15,0.32084661589487123,0.10798382,0.13046383692318866
ID_C48AD5CC33,0,0.15,0.04361512879963967,0.008966167,0.023172009737001415
ID_C48F0DD7F1,0,0.15,0.12085041553144002,0.09512339,0.09324796469015957
ID_C4A12006C5,0,0.15,0.06519528024354447,0.064885445,0.10090029328488695
ID_C4A1D9B4F7,1,0.15,0.3297805028863095,0.25894606,0.1575551785856096
ID_C4A6354C4D,0,0.15,0.26275329942836,0.16675176,0.23619097844636952
ID_C4A6FF6011,1,0.15,0.22343461614534998,0.30124503,0.21068178193632503
ID_C4B4D7FA91,0,0.15,0.011013658505316878,0.19089735,0.11628681749399564
ID_C4B9E2F79D,0,0.15,0.1765374665204745,0.15904292,0.11291628173896798
ID_C4BDD6270C,0,0.15,0.04803417431664652,0.08441789,0.1163900194716509
ID_C4CC47D44A,0,0.15,0.08722250546831535,0.054025713,0.05113819279526281
ID_C4D1763E1A,0,0.15,0.033632042123916704,0.029187243,0.06874209081938955
ID_C4D5355773,0,0.15,0.20354634807618202,0.14308456,0.2441160024492853
ID_C4D8392C5D,1,0.15,0.04525314407574603,0.031234097,0.06933320840246769
ID_C4DDE0FAC1,0,0.15,0.028099593401520247,0.045084644,0.0456771342559382
ID_C4E12888B3,0,0.15,0.0316535404543764,0.079501174,0.10259086725047643
ID_C4E2797799,0,0.15,0.2637484163952585,0.25787345,0.1646203712040918
ID_C4E67FCFBA,0,0.15,0.10111994081367846,0.043469366,0.039176102188690505
ID_C4ED879FE2,0,0.15,0.05633703169082702,0.034496516,0.05664612775392429
ID_C4EFE3611B,0,0.15,0.20451196346320244,0.080118194,0.12603492288873994
ID_C5059325AB,0,0.15,0.1872653262897766,0.23713042,0.36669492585414837
ID_C5083B07A3,0,0.15,0.02782788997702149,0.023140403,0.060688620810953844
ID_C5095B069A,0,0.15,0.07651250670844997,0.040148392,0.05371129241714985
ID_C50E75D09D,0,0.15,0.22618785274704284,0.08809392,0.09299529410169674
ID_C5100CA599,0,0.15,0.010293554942667352,0.026707126,0.05797154988186764
ID_C52759FEAC,0,0.15,0.2696109501556403,0.5156091,0.40812142364273507
ID_C52A543CC4,1,0.15,0.13320245965474597,0.51645863,0.36721091805000905
ID_C52EC6D73D,0,0.15,0.44648850082899527,0.1545005,0.2309888999835523
ID_C53BDB7629,0,0.15,0.05264501859466893,0.08634292,0.08240929212103784
ID_C53F0D0029,1,0.15,0.14655020306335767,0.79683495,0.7332475262758401
ID_C5405329D0,1,0.15,0.23605957837643954,0.5663857,0.4931401646401872
ID_C544AB81BA,0,0.15,0.02510402503164144,0.005457768,0.02169997618568294
ID_C544C0937C,0,0.15,0.19943642750859586,0.042382002,0.09445132141381661
ID_C546911C58,1,0.15,0.2123053475823587,0.60310596,0.3993484227018553
ID_C54D38D643,0,0.15,0.0001372727758723542,0.048686046,0.09035851409659681
ID_C54E39E0EA,0,0.15,0.07250039745643264,0.14435615,0.14541112645808096
ID_C5575FEFC7,0,0.15,0.08552907543321034,0.10150206,0.1154650830995812
ID_C55967313B,0,0.15,0.15390072173124403,0.53120244,0.270955318750402
ID_C56D604FCF,0,0.15,0.07396658698560951,0.07776808,0.11137881431634987
ID_C56E2A67A5,0,0.15,0.23539120739397043,0.2324477,0.14002279041836566
ID_C571CCEF38,1,0.15,0.21486077014430832,0.15438229,0.13484688345861734
ID_C57993E005,1,0.15,0.15398659999223507,0.4494733,0.36197344370486495
ID_C57B4A8B8C,1,0.15,0.1484574081540439,0.0584461,0.10449297637556812
ID_C583E7A0D8,0,0.15,0.03881673400876766,0.07663822,0.0942499761162414
ID_C59827BD37,1,0.15,0.23313658280849775,0.10202456,0.1237174165819362
ID_C5B3684C99,0,0.15,0.0141960387627813,0.005382076,0.01595301924392633
ID_C5B663DBBD,0,0.15,0.19199951644608934,0.068189576,0.07658672688950892
ID_C5C442CC51,0,0.15,0.17567294195110977,0.045250062,0.07218451904358059
ID_C5C986D28D,0,0.15,0.12030399729101865,0.23892215,0.22031770938008383
ID_C5D4CDA97C,0,0.15,0.09037034918644848,0.10986529,0.10924876987448491
ID_C5DB703627,0,0.15,0.3098914508695375,0.1658575,0.14222987191145756
ID_C5EBEDD89B,1,0.15,0.18031174496648453,0.16682035,0.13381200760191334
ID_C609F4C3F1,0,0.15,0.1461988695674343,0.15059866,0.13204354418116157
ID_C60A4DEF4D,0,0.15,0.15878159311996567,0.07766215,0.07486480146867436
ID_C62143020E,0,0.15,0.056768859199334804,0.07558276,0.09526633356258955
ID_C64596F4B2,0,0.15,0.0304117282651684,0.050449625,0.06982530838786696
ID_C646DDCC5F,0,0.15,0.20711093945630787,0.16643478,0.14355635950890833
ID_C64E2D0873,0,0.15,0.1515941679937549,0.21920314,0.24143380362729694
ID_C65D1BD9C1,0,0.15,0.26531742548832016,0.13299608,0.12065934253314818
ID_C661689131,1,0.15,0.597802094118996,0.93000007,0.9037352276684524
ID_C662F2D455,1,0.15,0.1835438270479594,0.43724343,0.30320949923788404
ID_C66D2070E9,1,0.15,0.14753587694628106,0.10785452,0.13948282588838762
ID_C672CCE927,1,0.15,0.16827074151919624,0.23907232,0.3418245177196988
ID_C6821FF871,0,0.15,0.988944245061529,0.36378944,0.506418241158838
ID_C69BB0F9B7,0,0.15,0.29500177587582455,0.39203733,0.3349758822290764
ID_C6A8A07C15,0,0.15,0.2124176637462081,0.0677993,0.13071143886168304
ID_C6AF1732FB,0,0.15,0.03202253896511138,0.08453492,0.14674123371769282
ID_C6B432B73C,0,0.15,0.23454678871037477,0.21989368,0.30835456150843954
ID_C6CCAFD33F,0,0.15,0.19064666593086185,0.1574092,0.2798128507948345
ID_C6D75CB6D0,0,0.15,0.24828944311822349,0.10944275,0.16117919643620437
ID_C6DD9CFF66,0,0.15,0.17318924551526632,0.10187981,0.10602610852260065
ID_C6E7EABEFB,0,0.15,0.1370613671140678,0.06029677,0.1180275091617548
ID_C6EDACFF11,0,0.15,0.27001260685793366,0.14168155,0.1570416663682251
ID_C6F7F54DA6,0,0.15,0.08791438760582468,0.042472348,0.06159666503587286
ID_C6FA3D5D52,1,0.15,0.16171625953419932,0.15470716,0.21473752597613976
ID_C6FC475E78,1,0.15,0.17160502297035168,0.15499298,0.12904674890485685
ID_C6FD6706EB,1,0.15,0.0858831477874533,0.05554485,0.06422830512812598
ID_C70D78D10E,0,0.15,0.10318373318927224,0.044112552,0.07432095905253705
ID_C7119DA1F3,0,0.15,0.12206930549851712,0.046843756,0.10130195236159638
ID_C718BA546E,1,0.15,0.3029266097314337,0.26322392,0.2867379853486891
ID_C722998F05,0,0.15,0.025748403172862644,0.019353459,0.03663037870471803
ID_C7231B06E5,0,0.15,0.38837155987762473,0.26743045,0.2972062147586236
ID_C724E6A212,1,0.15,0.16515464359834106,0.10158664,0.12364817481883787
ID_C745AF34E2,0,0.15,0.15175789949329352,0.26292476,0.19443143447427272
ID_C7508A7D54,0,0.15,0.037540575167277615,0.013877482,0.023772786541703207
ID_C7537BBC60,0,0.15,0.1435828724296278,0.064478196,0.0685634806043675
ID_C75772EE6E,0,0.15,0.24623166293712126,0.19896376,0.2567035493208921
ID_C75CBF0832,0,0.15,0.14888496444297739,0.07366634,0.12070952314002988
ID_C7604CFD29,0,0.15,0.060084856957398305,0.090871714,0.09458921827944312
ID_C768671C5B,0,0.15,0.04777735638594093,0.031445928,0.056358539548376885
ID_C76B125CCF,0,0.15,0.09661132094017466,0.010761801,0.030343249116296652
ID_C76C632222,0,0.15,0.2599607736476305,0.24875858,0.27499231919862355
ID_C76C9AB18C,0,0.15,0.02038279891344944,0.33634347,0.3385833361499193
ID_C7725CDE37,0,0.15,0.0026044863251964445,0.17426655,0.21654217568046322
ID_C77EB1FC77,0,0.15,0.44629369263832736,0.5654798,0.5580297719966854
ID_C785214065,0,0.15,0.22763205500965336,0.08694128,0.15695637983228686
ID_C7855A0358,0,0.15,0.16789073041738153,0.07932284,0.11664339001443808
ID_C795991B48,1,0.15,0.2833165576736457,0.40544558,0.3033792288520462
ID_C7A1CE537D,0,0.15,0.027193578147952986,0.021149315,0.046992116791059316
ID_C7AC710577,0,0.15,0.07886508943626779,0.07591021,0.12058150556581457
ID_C7C7F1A154,0,0.15,0.211817773319285,0.08675607,0.16671548964523347
ID_C7D8ECEBF3,1,0.15,0.08439502221269835,0.0541664,0.08406240822703641
ID_C7E88BCE6D,0,0.15,0.026744499828228074,0.13574307,0.15141243247289649
ID_C80AC51495,0,0.15,0.12275257422863052,0.075168565,0.10157952657625596
ID_C813627AC2,0,0.15,0.08844591178183672,0.07250369,0.13030677884816955
ID_C814CB6283,0,0.15,0.058728427866759206,0.088484466,0.09258658461457735
ID_C81523B10A,0,0.15,0.07897710982739573,0.038719013,0.047159411807367
ID_C817224E91,0,0.15,0.19343293693253144,0.1698426,0.171243728650124
ID_C8269D33F7,0,0.15,0.23854362349135713,0.27743876,0.27737312975525524
ID_C8327CE275,0,0.15,0.11040353722034821,0.029658234,0.06446834582705623
ID_C83DDFBEA6,0,0.15,0.22855108938418847,0.6522148,0.5480867845298294
ID_C841874205,0,0.15,0.21076827333304102,0.15743572,0.1638218424440306
ID_C847A25BE7,0,0.15,0.14332755421247922,0.07077479,0.1350785957022191
ID_C850BC6D91,0,0.15,0.05353215940116088,0.032888364,0.04982548104351938
ID_C8555889ED,1,0.15,0.23405179098641946,0.098319344,0.12213150501978316
ID_C85F152834,0,0.15,0.06568425480698592,0.041161228,0.0732428937417602
ID_C86BA5662E,0,0.15,0.19874115329908976,0.33435336,0.32206626547160594
ID_C876343B1A,1,0.15,0.10803443496821853,0.47967708,0.3301047875966125
ID_C8844707AA,0,0.15,0.07077383946113093,0.027156794,0.04958615953255834
ID_C890812A9D,0,0.15,0.1633476442783361,0.10390975,0.06488838558203398
ID_C89EBE3F36,0,0.15,0.0551146138530968,0.034879304,0.05634517585665026
ID_C8AC299692,0,0.15,0.08577170630703514,0.052781336,0.09421865058773975
ID_C8BBFB0B3B,0,0.15,0.1131188954097391,0.4009591,0.3891392625623381
ID_C8C056919A,0,0.15,0.7318958942471937,0.42177927,0.527422990844194
ID_C8C77FB0BB,0,0.15,0.1040323804120509,0.2630051,0.2278949805186737
ID_C8C7DDA1B7,0,0.15,0.18373787056752933,0.15163144,0.18463589168186753
ID_C8CF1CAE4A,0,0.15,0.06704491816948785,0.3138874,0.1509870850802767
ID_C8D6DFE471,0,0.15,0.2562401271662575,0.21723154,0.18029066651803566
ID_C8E706F837,0,0.15,0.1400784380798829,0.20859583,0.16434004761669804
ID_C900A25CA4,0,0.15,0.12451468471148092,0.070946395,0.09587490112894353
ID_C907DC32B5,0,0.15,0.21123869052526148,0.13435024,0.2046793761492674
ID_C90B01C878,1,0.15,0.24715929603079642,0.43932253,0.2828988538073778
ID_C90E27D8A2,0,0.15,0.24534174869396178,0.07941721,0.10914834747347464
ID_C91C5B864F,0,0.15,0.17520759799861174,0.13601118,0.18567577836362842
ID_C92A4C7FCC,0,0.15,0.1022063425054015,0.03797546,0.051184140761964377
ID_C930F8769F,0,0.15,0.028464013854405598,0.008206673,0.031705534311696405
ID_C930FBD0AD,0,0.15,0.1516053512187898,0.13339359,0.1299996826109772
ID_C933AC8367,0,0.15,0.03717923095195078,0.425841,0.17486245878618809
ID_C93B227A14,0,0.15,0.1874511772984806,0.16000196,0.31148198890340567
ID_C93E4C6ADC,0,0.15,0.357336654310946,0.2442382,0.22096077805684466
ID_C93F5FBB3A,0,0.15,0.02969753431259265,0.16821222,0.13985673292751857
ID_C94F540568,0,0.15,0.12480033399093586,0.13290296,0.1421545392806243
ID_C952184402,0,0.15,0.004752532376398483,0.1737474,0.16293721152198617
ID_C953C8D65E,1,0.15,0.21802011626260123,0.28817716,0.32247639040363224
ID_C95D5FF4D3,0,0.15,0.005824320209000824,0.008733393,0.018441655432519157
ID_C9669C877A,0,0.15,0.10774673912631441,0.092604026,0.11349672193254493
ID_C96ED55067,0,0.15,0.9128665783396019,0.16776195,0.23522803025713937
ID_C971D419BD,0,0.15,0.04923740079489836,0.01207226,0.045371064904588865
ID_C97545581C,0,0.15,0.05206246321074113,0.06020377,0.10817247870649174
ID_C97A2B7EF1,0,0.15,0.12539749482998952,0.011891987,0.0406241727691947
ID_C98B6BCE92,1,0.15,0.2666726009329386,0.2733924,0.3574949918963979
ID_C9929A6CC8,0,0.15,0.2058886281236587,0.1344777,0.19648138207757967
ID_C998A480E0,1,0.15,0.03240467637975862,0.056760494,0.07800263856897814
ID_C9A7AB1B71,0,0.15,0.16682063840817418,0.04434363,0.08078601045570623
ID_C9AF5E5140,0,0.15,0.07799097199786446,0.23922041,0.3192024440622331
ID_C9C4D70A1C,0,0.15,0.02944923947870223,0.01732241,0.045838778352886085
ID_C9CC038722,1,0.15,0.2042863727268171,0.7030374,0.6441877712580055
ID_C9D083D635,0,0.15,0.11088978094565016,0.057471853,0.09580986563472978
ID_C9EDCE156C,1,0.15,0.1793726189435338,0.26612252,0.23550967870837952
ID_CA02DF199B,1,0.15,0.2859602576998846,0.26176125,0.17459166067492
ID_CA0B80B3B4,0,0.15,0.05780549852609192,0.03310777,0.04370034600121171
ID_CA0F7271B2,1,0.15,0.0516997927350766,0.15931542,0.1282804108570022
ID_CA245B781D,1,0.15,0.22735962348435718,0.426704,0.36015088649211946
ID_CA2809E765,0,0.15,0.18812974375015848,0.07497239,0.10671696344579902
ID_CA296EE2AD,0,0.15,0.12850697720653895,0.07635408,0.08090398623351643
ID_CA2C09C676,0,0.15,0.229466048050156,0.13634662,0.16522091753911322
ID_CA2C2A199F,0,0.15,0.19684225311455156,0.050609518,0.06938177897191018
ID_CA2CE772B0,0,0.15,0.04315635640605537,0.04109959,0.08307057127528207
ID_CA34C77B49,0,0.15,0.04346017194606839,0.022123499,0.051446422351081246
ID_CA38EFD576,0,0.15,0.21078562220152008,0.075062536,0.10350931698807263
ID_CA3B21DD13,0,0.15,0.07081877532662674,0.054624673,0.09388713570373895
ID_CA3BECB4F9,1,0.15,0.21189032627073953,0.32592773,0.2684886706862669
ID_CA44264549,0,0.15,0.07398322173804864,0.025829563,0.04547593079768354
ID_CA46CB4EE6,0,0.15,0.12431133998148569,0.05493327,0.07878508780270838
ID_CA48C07815,0,0.15,0.01478501504082662,0.018239688,0.03518369974437518
ID_CA56C6FFB7,0,0.15,0.035117595236112166,0.079550914,0.10720865173097714
ID_CA5A83775D,0,0.15,0.14739718153968082,0.059175424,0.08801515494705413
ID_CA5AEEA683,1,0.15,0.34251107528905606,0.72757006,0.4691264131696143
ID_CA5C0B3F29,0,0.15,0.17247172017150925,0.15925255,0.18381349287719437
ID_CA5E3D3A14,1,0.15,0.051028622339729816,0.16587391,0.1411444140840025
ID_CA6ACF4FC0,0,0.15,0.21110633576857382,0.057836782,0.06706990366715462
ID_CA6B912516,0,0.15,0.4972970657935949,0.38383025,0.41783163469675405
ID_CA7486E7DF,0,0.15,0.17832501644780202,0.22262137,0.19260108394722122
ID_CA804E94C4,0,0.15,0.0798647275408082,0.022489626,0.03591852086727206
ID_CA80BDDF3A,0,0.15,0.1288353783774009,0.2073358,0.20609847333203407
ID_CA92DE592B,0,0.15,0.10323410451603313,0.07236522,0.2097885268443977
ID_CA976F6A61,0,0.15,0.15838432563461546,0.045959122,0.0846840851688179
ID_CA98F9BC08,0,0.15,0.0695782238688335,0.089114755,0.12234950305380782
ID_CAA49B1902,0,0.15,0.25242883715866954,0.09159795,0.13883791203883414
ID_CAB0E0727B,1,0.15,0.24827442404837968,0.19317405,0.19447490497037898
ID_CAB9F0E9CF,0,0.15,0.14273975252577337,0.068022296,0.11522563062180391
ID_CAC6703107,0,0.15,0.147177969484108,0.07874836,0.12546250428098898
ID_CAD196F95A,0,0.15,0.10033449937868237,0.11212659,0.15038806954798406
ID_CAF22A882C,0,0.15,0.12937383485673365,0.18936947,0.16116853572151227
ID_CAF4902D11,0,0.15,0.10680539178266596,0.07091394,0.0971938737213462
ID_CAF618511E,0,0.15,0.16658226621722663,0.14361487,0.16572320140117444
ID_CAF907B884,0,0.15,0.03903085156397742,0.036304083,0.05995459263906198
ID_CB05077076,1,0.15,0.11304945269406201,0.4399186,0.35020394891470974
ID_CB06A84F29,0,0.15,0.24780359979521646,0.16546237,0.220535697352105
ID_CB10AD4044,0,0.15,0.09691267921643774,0.08060703,0.10513525237780148
ID_CB175366E1,0,0.15,0.07297984839058248,0.036200352,0.03829180827779173
ID_CB1826EBFB,0,0.15,0.31590137442670624,0.48874134,0.4390899268847986
ID_CB23172DE0,0,0.15,0.01981483753273736,0.013486668,0.025187748983890926
ID_CB27C724DE,0,0.15,0.1363252072588388,0.07471319,0.04643013325324743
ID_CB341378D8,0,0.15,0.0512422953834526,0.024945462,0.05240146414754635
ID_CB4403DBC9,0,0.15,0.0959156578086678,0.038001537,0.09217075826585372
ID_CB4CCC61AD,0,0.15,0.110546067271852,0.06207312,0.12958801933351533
ID_CB55C9F84A,0,0.15,0.02586976735295804,0.02749959,0.05350948330283785
ID_CB68591A00,1,0.15,0.1877732101679486,0.3385114,0.18209075568763974
ID_CB6A1491F7,0,0.15,5.396525042332578e-05,0.08072025,0.09609684882713504
ID_CB709FDD98,1,0.15,0.2743003218948284,0.3086054,0.2533627122900297
ID_CB774DFA15,0,0.15,0.18623362466816204,0.10158938,0.10017175824077894
ID_CB86C59609,0,0.15,0.5938485268243605,0.15642948,0.2786690291684402
ID_CBA1C1A72A,0,0.15,0.3285574736158412,0.49153188,0.3268315656444612
ID_CBAD884282,0,0.15,0.029621049642341756,0.020805594,0.04890639449659433
ID_CBBB2D1409,1,0.15,0.2731464140493997,0.3460683,0.37166988236650117
ID_CBBCDB70F0,0,0.15,0.16923285115169268,0.10448406,0.15867678923282416
ID_CBBCE6B838,0,0.15,0.02451409604187373,0.021538224,0.03925158087325268
ID_CBCECFFFF2,1,0.15,0.06086654667714829,0.22525011,0.10745801972507724
ID_CBCF2D1F14,0,0.15,0.41366136105105616,0.2883508,0.22739442052617653
ID_CBD2FC3BCA,0,0.15,0.08279890301891633,0.040892772,0.05243463035879003
ID_CBD44F0062,0,0.15,0.018781552019409814,0.015557991,0.040788483373582624
ID_CBF15072BE,0,0.15,0.09502691829182723,0.5480113,0.346653923697011
ID_CBF9FF78C6,0,0.15,0.17216687073887296,0.05438995,0.0751292864080713
ID_CC05ECB254,0,0.15,0.02394858768369548,0.15687208,0.1454984154594874
ID_CC06C4FC1A,1,0.15,0.05582578134042831,0.03324852,0.054587621285463246
ID_CC0BB6D058,0,0.15,0.08468097157976727,0.051267788,0.05308344603136698
ID_CC108313F8,0,0.15,0.1048003230892963,0.08654052,0.07159428655531577
ID_CC146F33E5,0,0.15,0.15166752646607798,0.18345973,0.23027129976748015
ID_CC19B833FA,0,0.15,0.19874369304383468,0.18177363,0.14601478542784768
ID_CC1D706A26,0,0.15,0.11547096647303895,0.5351638,0.3436606231488592
ID_CC20DF0097,0,0.15,0.14125944105234134,0.037104208,0.05958456009996535
ID_CC25827D62,0,0.15,0.21788170324303022,0.25840455,0.1982164439145816
ID_CC3147BAB0,1,0.15,0.5044609753697218,0.9122457,0.7717937652286394
ID_CC3D25D66C,1,0.15,0.2518617041821396,0.20470688,0.22253697852397242
ID_CC43943580,1,0.15,0.25899336384508465,0.325923,0.2543775385948171
ID_CC47522D95,0,0.15,0.015720763537023008,0.007870029,0.026971125695681084
ID_CC52551A3D,0,0.15,0.15229630231957864,0.09005606,0.06251880646012557
ID_CC5362E9F1,0,0.15,0.048459958862596755,0.042892363,0.069274482789363
ID_CC6585AE7A,0,0.15,0.09580499406140615,0.041687462,0.0916187984502464
ID_CC7D9DC081,1,0.15,0.14790768445490365,0.15481628,0.1738477229406486
ID_CC7E486628,0,0.15,0.01598060246717008,0.11068383,0.13067136156329923
ID_CC7FEC4598,0,0.15,0.00013239529738908536,0.05310299,0.0841510770418023
ID_CC80AF1F4E,0,0.15,0.18682449922203603,0.0770067,0.14918472391685492
ID_CC82724B7F,0,0.15,0.35939588989873633,0.12973998,0.2144315410938913
ID_CC84121946,0,0.15,0.11202837856127289,0.04199051,0.09255852185114062
ID_CC87889B96,0,0.15,0.005639806197517191,0.04791411,0.09952774292979556
ID_CC9578BC51,0,0.15,0.19382202166357085,0.077572644,0.15239786052713772
ID_CC9BC75607,1,0.15,0.24153759237827313,0.4426807,0.26892016730083407
ID_CCB29E935D,0,0.15,0.12504976551858366,0.09119737,0.0872714382729482
ID_CCDCB7AA0E,1,0.15,0.4808044645511155,0.38291326,0.2621241518291405
ID_CCDD325E2C,0,0.15,0.09233972915445088,0.060163125,0.07037499149681176
ID_CCE0A204EB,0,0.15,0.15663181917461932,0.10050504,0.08659449429130549
ID_CCE0AC0154,0,0.15,0.29698182585633964,0.14504872,0.12279668604069212
ID_CCEBE43EEF,0,0.15,0.04229827560797558,0.06901329,0.12759487529160732
ID_CCEF28D144,0,0.15,0.06765215834423462,0.12138994,0.1302936589045082
ID_CCF7DCFA3A,0,0.15,0.14361111173315502,0.11005803,0.11293026891704268
ID_CCFA8422CC,1,0.15,0.13059494975696823,0.19537503,0.10816851538563584
ID_CD0E540154,0,0.15,0.09363180514639524,0.016560685,0.04067142131035824
ID_CD1264512C,0,0.15,0.17451057549738666,0.13826598,0.1392148749936247
ID_CD264FEB86,0,0.15,0.14085599663600787,0.048983637,0.058531710706995546
ID_CD2B843BE7,0,0.15,0.022446450133044814,0.025513966,0.04654381974277411
ID_CD2CF2378D,0,0.15,0.14992711504727332,0.053012762,0.051347273295497105
ID_CD302ADB39,0,0.15,0.1953745760139659,0.14233564,0.16317950695013625
ID_CD3F73D20E,0,0.15,0.05756180656522629,0.08034638,0.10716474535372612
ID_CD45D334E3,0,0.15,0.28253246716349234,0.058239,0.06667418673999465
ID_CD56346996,0,0.15,0.09477992731064833,0.14007184,0.18466124697143288
ID_CD57CEC484,0,0.15,0.32465141028770156,0.32974628,0.2557988459969972
ID_CD5C53EEB3,0,0.15,0.11510062832205598,0.017129488,0.047170238169802814
ID_CD6468F8CC,0,0.15,0.15639364038961442,0.035023663,0.05795909124165224
ID_CD7072F120,0,0.15,0.0638581808285703,0.048267733,0.07786248402949346
ID_CD74C1659E,0,0.15,0.35092195726761916,0.28103146,0.20489274865356327
ID_CD751AFFDC,0,0.15,0.15129581318115326,0.045459278,0.10176974217495104
ID_CD7A443982,0,0.15,0.03200584619601517,0.077664524,0.09313522370303437
ID_CD7ED842D0,0,0.15,0.10721368950212856,0.081930205,0.08313531480877136
ID_CD803DD62C,0,0.15,0.07140265531483796,0.0068031223,0.02588422680657058
ID_CD8825FE88,0,0.15,0.02435531277270764,0.023975624,0.04154929408974101
ID_CD893D67ED,0,0.15,0.10542303272347181,0.036200263,0.06920972915331637
ID_CD8C0DA337,0,0.15,0.1825413207860457,0.124494165,0.08029703346273137
ID_CD8FD30F00,0,0.15,0.2095248280539403,0.37342384,0.26055280636848865
ID_CD97353252,0,0.15,0.01899745588092905,0.046213124,0.07363296394410032
ID_CD9A817460,0,0.15,0.1011977939506108,0.03849659,0.07108543527765741
ID_CDA2CFEBBD,0,0.15,0.22631642621394027,0.25726655,0.2159013589979528
ID_CDA5C30140,0,0.15,0.21023394731031525,0.52158284,0.4533522080790985
ID_CDB2D10C2B,0,0.15,0.19802247827126812,0.27901524,0.2489909454064972
ID_CDB5FDD727,1,0.15,0.07295914441894358,0.10077476,0.1822607396440904
ID_CDB950C32C,0,0.15,0.11787542355033583,0.03843259,0.0821637809243769
ID_CDC12762B4,0,0.15,0.21524676900413361,0.12350452,0.1545751921148353
ID_CDC37420BF,1,0.15,0.061854063540462904,0.46779722,0.24105142069921864
ID_CDC4AED29D,0,0.15,0.09652562071689429,0.13043989,0.12655658395435182
ID_CDC9729543,0,0.15,0.17229063760887015,0.1287066,0.15592010976699713
ID_CDCDA1BD09,0,0.15,0.15565640405454698,0.02601593,0.07552908876834946
ID_CDCEBDC05D,0,0.15,0.012961035728827914,0.07355031,0.08787991064859473
ID_CDD5E346AA,0,0.15,0.08116348444283047,0.040113054,0.045612395487438645
ID_CDD896A89B,0,0.15,0.06717309307900682,0.057973765,0.049181620968075324
ID_CDDA5325C3,0,0.15,0.2032872588883257,0.09429015,0.17048214312748924
ID_CDDE30E2B0,1,0.15,0.39894071469498554,0.59886956,0.4590531802828391
ID_CDF4B53808,0,0.15,0.17203738354026252,0.38541633,0.3589538106909782
ID_CDF958C6D0,0,0.15,0.10893894876110795,0.11151295,0.14533166211361034
ID_CDFFB15E9A,0,0.15,0.2572249549942216,0.35129225,0.21663940444193053
ID_CE023C41C4,0,0.15,0.04382446845202749,0.01315515,0.029980067879145356
ID_CE04CA2690,0,0.15,0.06830454367644653,0.012063965,0.0387924721109231
ID_CE09B84656,0,0.15,0.12037777198644538,0.06561777,0.08913818114566607
ID_CE0A38F90E,0,0.15,0.005253617222933562,0.09029449,0.08725331007149427
ID_CE0BE8C4EE,0,0.15,0.1764465083017726,0.046460025,0.08064332473303856
ID_CE1023C2A3,0,0.15,0.1713270435979513,0.15560812,0.12158378377771453
ID_CE11F692F4,0,0.15,0.11537333434940736,0.17324737,0.10849407541115022
ID_CE122BCBD5,0,0.15,0.0811693347067219,0.03814713,0.04025640998637553
ID_CE18B48CA9,0,0.15,0.09516985745320423,0.076554306,0.08100130699875817
ID_CE1E798C18,0,0.15,0.34604441096607425,0.4951626,0.29203695920097866
ID_CE2500BDA7,0,0.15,0.11603782146856909,0.07402717,0.09442350305730561
ID_CE2C9EA7B7,0,0.15,0.1702708073320124,0.07274208,0.1224444073147227
ID_CE2EF3A0B8,0,0.15,0.007884713911685572,0.08510335,0.11214850192325866
ID_CE32A7ADB9,0,0.15,0.03037632061472496,0.018074768,0.04389236855729998
ID_CE36E1C08C,1,0.15,0.4361005882107319,0.7021269,0.6918263603886288
ID_CE3F7A61C1,0,0.15,0.009581052985992268,0.06494504,0.08992243257562918
ID_CE408A92FD,0,0.15,0.0802706033377858,0.011102191,0.03724847885318762
ID_CE56A43E18,0,0.15,0.18857474792438794,0.09801694,0.12175306886442831
ID_CE57D04A79,1,0.15,0.6239130667817251,0.19121963,0.20701145288398176
ID_CE6A2A492F,0,0.15,0.16376730180856988,0.14144695,0.13084648933439536
ID_CE6B019A42,1,0.15,0.20614677686765093,0.1299042,0.14345425354650373
ID_CE6F919B57,0,0.15,0.11138125780221872,0.039565053,0.07090602736986282
ID_CE712FA00A,0,0.15,0.0001248384534919104,0.052755468,0.09257824818330194
ID_CE77E4ECB6,0,0.15,0.09773747689674177,0.07013459,0.09017669096084402
ID_CE7B5E39BF,0,0.15,0.11557632253815435,0.23497888,0.23431167590944713
ID_CE7BB81003,0,0.15,0.23964257722700982,0.100286454,0.09553052839876994
ID_CE825F3FA9,0,0.15,0.32830204584334977,0.18415582,0.13429964917560144
ID_CE8C61F216,1,0.15,0.12423687134495906,0.111148514,0.14257854986298396
ID_CE9AB9C498,0,0.15,0.05306957579779487,0.21345665,0.2634368012341793
ID_CEA801E04B,0,0.15,0.1257245404358237,0.031045701,0.050002930553758956
ID_CEAD380E13,0,0.15,0.3237190148135474,0.26838925,0.2522156682466064
ID_CEBFC23398,0,0.15,0.06275114284908057,0.032802705,0.040405948624696826
ID_CEDE2BA7DA,0,0.15,0.07442653754399303,0.051197447,0.06952382479843305
ID_CEDF7C7F5D,0,0.15,0.2116898588520619,0.18238695,0.14421188110687339
ID_CEE51067D8,0,0.15,0.06009328932483233,0.038636297,0.0765834668176235
ID_CF15B5ADDD,0,0.15,0.1126596979754952,0.087069795,0.13321321852470205
ID_CF162082AA,0,0.15,0.17689835444573887,0.09030103,0.1946847235968435
ID_CF1FFD3EF1,0,0.15,0.20002316960781116,0.18564741,0.1616504693719125
ID_CF2C693A57,0,0.15,0.15423418045727763,0.06772184,0.04488709589703133
ID_CF3411E7FF,0,0.15,0.14205982513402227,0.29878023,0.28915764536222294
ID_CF37FBA866,0,0.15,0.25636987125084665,0.5436253,0.535627318104547
ID_CF39CA93CF,0,0.15,0.04506275232108274,0.029282615,0.04481769012460166
ID_CF583B352B,0,0.15,0.16310984457608074,0.14185406,0.10765041730589132
ID_CF6C77BA01,0,0.15,0.10839671240114764,0.03297807,0.06163552463226039
ID_CF6D91DF11,0,0.15,0.15655243385572779,0.041001145,0.09445255665710905
ID_CF7998F3E9,0,0.15,0.12370397040931314,0.073487744,0.09713537263049264
ID_CF805095AB,0,0.15,0.0829845190514757,0.032333415,0.06716823612906911
ID_CFA7A55681,0,0.15,0.33302028126020383,0.15472539,0.14387939408445263
ID_CFABFC57B9,0,0.15,0.0826871368668865,0.05621748,0.08699642612549817
ID_CFACF6269D,0,0.15,0.1285962323373177,0.03525641,0.061375601752242034
ID_CFAE24424D,0,0.15,0.05612452155364577,0.09204394,0.14513088506985267
ID_CFAF88AB27,0,0.15,0.1230016883945913,0.045591526,0.048149937953331216
ID_CFB5E1E16A,1,0.15,0.2142473863719458,0.28031996,0.27535767163246894
ID_CFB77C7548,0,0.15,0.3894993264797494,0.1302457,0.1763709805188792
ID_CFBEC603D6,0,0.15,0.36676385089489083,0.24592486,0.2972714778469941
ID_CFC43ADA8F,0,0.15,0.04362735092541003,0.1509609,0.11470251845000685
ID_CFCC911387,0,0.15,0.15389603506391797,0.20039989,0.19539141511287828
ID_CFCE154634,0,0.15,0.1374420389553951,0.30355063,0.25135972334507034
ID_CFD0454B27,0,0.15,0.2325867129649838,0.13327877,0.17357153645423237
ID_CFDDE3697A,0,0.15,0.3029345038986075,0.13428928,0.15966035739587198
ID_CFE8C1B70F,0,0.15,0.21973441931548307,0.17042443,0.20078218981276028
ID_CFF3B51899,0,0.15,0.1686695765580893,0.26674557,0.23744109540267672
ID_CFFCC94B3D,0,0.15,0.25149714409873103,0.19806619,0.11337727824626866
ID_CFFDED8800,0,0.15,0.05922515201117622,0.032548968,0.03808006648550902
ID_D000B94FB2,0,0.15,0.006017449884590489,0.008386657,0.026107472304369578
ID_D00BEC9146,1,0.15,0.06290836632154792,0.11805837,0.13887425884235302
ID_D00F7949EB,0,0.15,0.10733467117681494,0.08540307,0.12158074534737084
ID_D013060E62,0,0.15,0.11417328446455118,0.09680355,0.13394517162762554
ID_D01C154D36,0,0.15,0.11039805233417191,0.104469925,0.08916358550602675
ID_D021542E45,0,0.15,0.11411941886417122,0.17171271,0.1406582827417464
ID_D02245D10C,0,0.15,0.061829135189846195,0.017683715,0.042309963608419536
ID_D03A83309B,0,0.15,0.14703394270536718,0.14180365,0.14150623427807507
ID_D03F0F8BB0,0,0.15,0.24195295360818195,0.17225762,0.18488730392947228
ID_D0414BF350,0,0.15,0.01198047874311553,0.0067966334,0.026771407644287877
ID_D04862E609,1,0.15,0.26112594534984357,0.53802615,0.5043098817172962
ID_D04A8C634A,0,0.15,0.1061584454404561,0.32874942,0.2710623570957169
ID_D053B6F3E6,0,0.15,0.12614888739088206,0.04445876,0.0811520215150302
ID_D055B23300,0,0.15,0.14484890886944715,0.10559796,0.14370999133994283
ID_D06647339D,0,0.15,0.2211178795733005,0.07756873,0.1088572612706892
ID_D06EE5975F,0,0.15,0.3468363582821792,0.24181214,0.18794885088729674
ID_D07C4CBCF2,0,0.15,0.04112168369505255,0.038449917,0.05318710728430608
ID_D07D01CF94,0,0.15,0.15257668423212323,0.20769027,0.1883547902937459
ID_D07DCCA5F5,1,0.15,0.14016032153627925,0.16304584,0.12170029280296374
ID_D07F3B4630,0,0.15,0.11521041852870566,0.01772586,0.03415618707187014
ID_D084827A4B,1,0.15,0.175137843845759,0.42882308,0.3345880236655749
ID_D0916D02C7,0,0.15,0.058015786903783936,0.056152165,0.061057362025760564
ID_D09523FFEB,0,0.15,0.04352528319285796,0.015372182,0.03864176396149054
ID_D0BDF176F4,1,0.15,0.160206793693408,0.13770364,0.12307446273783482
ID_D0C9677EFB,0,0.15,0.13102234585880418,0.13947046,0.11726946706432928
ID_D0D74C8B2B,0,0.15,0.19851279078490505,0.18289009,0.12357160522180721
ID_D0D7EF8B75,0,0.15,0.17827457445598416,0.042062312,0.09760352348198362
ID_D0D89B326A,0,0.15,0.07283568145576517,0.015295341,0.06606012951618975
ID_D0E02E5D16,0,0.15,0.14143096370809885,0.08283122,0.13073421162251467
ID_D0E24F8D0C,0,0.15,0.06356817361500994,0.23446971,0.15154038314073565
ID_D0E738BF07,0,0.15,0.10122863216919452,0.04357097,0.0638458042169186
ID_D0F8E4B693,0,0.15,0.09157570322418995,0.12445957,0.0845504189050792
ID_D103C08E2A,1,0.15,0.9943567705740189,0.48204967,0.4054626568317443
ID_D104F7C27E,0,0.15,0.11157797968781358,0.02888393,0.04579126358949621
ID_D10E650529,0,0.15,0.09941081353998214,0.05663456,0.053374149549644506
ID_D12DDD58A2,1,0.15,0.12986469825478597,0.26261023,0.18918413257414077
ID_D131CB3A4B,0,0.15,0.17087079606841382,0.089492336,0.07862400607162898
ID_D1415CE417,0,0.15,0.11404567444724961,0.054400582,0.08073316328905294
ID_D141DFA88F,0,0.15,0.05968717910835376,0.03665187,0.12239880813494644
ID_D14AA441F1,0,0.15,0.15445919431249722,0.07745066,0.17222941761291105
ID_D14E83AA7F,0,0.15,0.1855827360353444,0.06370256,0.12054520529088834
ID_D14FDCD53B,0,0.15,0.2605375402648935,0.17478791,0.16818512559211957
ID_D15C0CB9B4,0,0.15,0.14587796991569765,0.28232932,0.20139167302908315
ID_D1642D19B0,0,0.15,0.1579380416981843,0.072574705,0.15945628694581906
ID_D172163F4F,1,0.15,0.09667062150314613,0.048941463,0.05193755043731538
ID_D1772BC389,0,0.15,0.16813536662510223,0.091651075,0.1539143617073584
ID_D1773793AA,1,0.15,0.9841212408688802,0.655536,0.6294744060370285
ID_D17A9040C6,0,0.15,0.045173769453975984,0.01995693,0.037508577355392696
ID_D17D7607E3,1,0.15,0.0484412975563691,0.34406838,0.3389620048409165
ID_D1921A1561,0,0.15,0.11175037126261413,0.079800375,0.15662674232030516
ID_D193037089,0,0.15,0.09051701320299164,0.13994609,0.16377773872598728
ID_D199C84E75,1,0.15,0.24619315745945355,0.30930257,0.20058069831851646
ID_D19E3A2D60,0,0.15,0.20275652374194197,0.07214024,0.10380265138693419
ID_D1A815A577,0,0.15,0.25367374266556697,0.33259463,0.3215212133084707
ID_D1BA0468C4,0,0.15,0.161691098495957,0.08267595,0.09570852909236652
ID_D1BACE3F7E,0,0.15,0.21391005819416287,0.25184894,0.24248007803965368
ID_D1C161695C,0,0.15,0.181974823473814,0.15696947,0.15863356361329456
ID_D1C388ABA5,0,0.15,0.032555159103368814,0.035185527,0.05640854457187302
ID_D1C948BE3B,0,0.15,0.17755248166963683,0.1584317,0.19060762693962063
ID_D1CA011CD5,1,0.15,0.6368658738701504,0.45448062,0.29957331223439243
ID_D1E0A2F192,0,0.15,0.08100938026855975,0.1543369,0.1900111658417903
ID_D1EE6D2686,0,0.15,0.17347240728582894,0.12163612,0.1180216186431587
ID_D1F2AB55AF,0,0.15,0.26062533123624576,0.13361746,0.14848914722283008
ID_D1FF1400D6,1,0.15,0.8919818896927699,0.6063615,0.6259315182783327
ID_D1FFE329C9,0,0.15,0.1124339060207038,0.018354623,0.029965030554569175
ID_D20763D6D2,0,0.15,0.008796940518271448,0.097007446,0.12291901502871483
ID_D208BA2790,0,0.15,0.2512636189191813,0.08576837,0.08948590649724264
ID_D212F789BE,0,0.15,0.08685313649447288,0.016038906,0.0503713292564836
ID_D22900FFA0,0,0.15,0.047754209165592705,0.12310656,0.12419101197390912
ID_D22CFDE5FA,0,0.15,0.34830542088521715,0.3383765,0.245758690066133
ID_D24A7D337B,0,0.15,0.11471228013743545,0.11997511,0.12142248303541182
ID_D24AC46821,0,0.15,0.23312632472020137,0.1122223,0.18835545459424952
ID_D265FE43FF,0,0.15,0.021325246257575668,0.042712476,0.06074100765267437
ID_D2709B6C69,0,0.15,0.2821048588420833,0.48362488,0.2719134940797267
ID_D274F8D85B,0,0.15,0.2926537340472408,0.06875026,0.11138282245149533
ID_D27B7AE72D,0,0.15,0.0549747720041944,0.023291668,0.05811953611020918
ID_D27C637DD1,0,0.15,0.20329102435358995,0.31217134,0.21439256553531924
ID_D27FF45D35,0,0.15,0.1338502524788233,0.03454583,0.059392403060322486
ID_D2842A49F3,0,0.15,0.27455622382327266,0.16870442,0.1358550493625801
ID_D284B6F992,0,0.15,0.30788099480929415,0.17192166,0.25526311713460986
ID_D285C746C6,0,0.15,0.05737143627040678,0.038869794,0.05633407898052374
ID_D286BDE603,0,0.15,0.07254020596977157,0.07743922,0.14470905296261782
ID_D28F2C5733,0,0.15,0.03882369530529686,0.048005912,0.08287040571687496
ID_D293B8CA67,0,0.15,0.24987169850785948,0.04040712,0.0610339786886234
ID_D2979BF5EB,0,0.15,0.16430284668178677,0.22137792,0.20044138313129123
ID_D299A2B613,0,0.15,0.15613183690062424,0.10920391,0.14421218598080662
ID_D29A019B83,0,0.15,0.21653149515074385,0.06686234,0.06026729242375056
ID_D29CC4C868,0,0.15,0.09490294754403207,0.057575125,0.09282270930125554
ID_D2A04DA84F,0,0.15,0.08267814566339796,0.0344931,0.07413099017899136
ID_D2AA82EA15,1,0.15,0.5332948289080612,0.5712563,0.4401102460466764
ID_D2B1877BA5,0,0.15,0.1492861767903881,0.03845815,0.058741273394274686
ID_D2B3C40AA1,0,0.15,0.302586045097753,0.12241231,0.0839466962777076
ID_D2B4EC5420,0,0.15,0.08667954275971458,0.044268258,0.08982772586304942
ID_D2B6D8E44F,0,0.15,0.08951749004524685,0.04442644,0.05237290014540256
ID_D2B82720D2,0,0.15,0.019884547010310075,0.08357257,0.267483928289868
ID_D2BC0D4692,0,0.15,0.3049816875482003,0.39894634,0.24165486561568128
ID_D2C1CEA6D8,0,0.15,0.10287910366249231,0.1231138,0.10880126096177496
ID_D2D7430A8D,0,0.15,0.07834722486531397,0.022281297,0.038676960796525675
ID_D2DEC907CF,1,0.15,0.32619474411268234,0.680682,0.50091732092554
ID_D2E03F4D05,1,0.15,0.09111217182275115,0.06829976,0.09159359937972143
ID_D2E4DE96D3,0,0.15,0.12408440138222857,0.121815175,0.09129920194339138
ID_D2E9C07BA2,0,0.15,0.8174087745226388,0.4807719,0.3044275084418252
ID_D2F86EBFF7,0,0.15,0.1656763449708421,0.09184854,0.13323774344509023
ID_D30121098E,0,0.15,0.30139431323265325,0.10015255,0.09762355950198252
ID_D303448550,0,0.15,0.11524879537161323,0.085143924,0.12507572259724817
ID_D30EA3AAB9,0,0.15,0.13818118785680783,0.02578342,0.03892713417582373
ID_D319FA7987,0,0.15,0.1964647440900189,0.027645001,0.06052361306603451
ID_D31A6C3D64,0,0.15,0.06121836809319318,0.043657433,0.06703096140383571
ID_D31B81FA4C,1,0.15,0.2711813929581955,0.74668014,0.5922862675791726
ID_D32F62367E,1,0.15,0.2973242368264409,0.22216538,0.20235202332692326
ID_D32F64CE41,0,0.15,0.02672435753149929,0.091834545,0.12557645650336777
ID_D33D87EE7D,0,0.15,0.10734042284450268,0.038726185,0.05875346023529469
ID_D341E4222E,0,0.15,0.030580810198964182,0.057372127,0.07595819201811993
ID_D3430D6842,0,0.15,0.06036793771760783,0.25650975,0.2111487912773306
ID_D3435EC2A9,0,0.15,0.1314655004858215,0.042049855,0.058053410003548876
ID_D34C25FCB2,0,0.15,0.1401717303236284,0.042969413,0.060695562224618464
ID_D34EDDC7E7,0,0.15,0.14932647427381665,0.062591664,0.07147387959312698
ID_D3547CEB85,0,0.15,0.10096173153526873,0.10598036,0.1257462927523421
ID_D35A382C04,0,0.15,0.10120759677873715,0.13615046,0.1910197011567673
ID_D36551AE43,0,0.15,0.15542144394664956,0.2377007,0.2445068822342942
ID_D3788C31C2,0,0.15,0.08992549599566124,0.055448297,0.11649232471170323
ID_D37FCD3F20,0,0.15,0.035977523608741555,0.10291289,0.08471272195307626
ID_D396C864AF,0,0.15,0.2093779155817114,0.22154307,0.20795559934047936
ID_D397D20CD3,0,0.15,0.17101703510830696,0.47032332,0.4185143889781978
ID_D39CA57567,0,0.15,0.0435979657113647,0.019509248,0.04353513165853314
ID_D3B60F43AB,0,0.15,0.053326711241018926,0.026305102,0.04730196414390997
ID_D3D36BC433,0,0.15,0.10658037500534503,0.09599321,0.10595034889305753
ID_D3D5358CAA,0,0.15,0.3267423492041392,0.13352738,0.1610413975012564
ID_D3D5F5D3C9,0,0.15,0.01516109912922282,0.012007689,0.034998341134774694
ID_D3EE145C4A,0,0.15,0.10210270558544626,0.038329005,0.06122499616032979
ID_D3F24088E0,0,0.15,0.13374237922179166,0.12825656,0.17662926278034066
ID_D3F8A5F1E8,1,0.15,0.38471651677715196,0.74152863,0.6194224185543054
ID_D3F9B0D6A8,0,0.15,0.17477384543104382,0.03204973,0.05723095900774617
ID_D405722192,0,0.15,0.25903169137812837,0.24286518,0.24042479532641423
ID_D42031B7D1,0,0.15,0.1888860940850805,0.15270898,0.2518707805717252
ID_D42504CC7F,0,0.15,0.056237979930248365,0.050542,0.048951090036303484
ID_D436C1D171,0,0.15,0.01701180907653135,0.101454355,0.16200077352262868
ID_D43CEE241E,0,0.15,0.15547311097439714,0.033762515,0.06748471365787313
ID_D447E88FAF,0,0.15,0.3212596087018989,0.235354,0.23320804935191486
ID_D44AED55B8,0,0.15,0.06699729409759447,0.07134882,0.07200129951335704
ID_D44D93BF1D,0,0.15,0.0010132709757838274,0.0617508,0.0901793112503371
ID_D45770BC74,0,0.15,0.09821764813340873,0.14383182,0.17398560845094996
ID_D4584500B7,1,0.15,0.1379468886602586,0.1759791,0.2693737357158456
ID_D4588EEEF2,0,0.15,0.07144705610962568,0.309979,0.2078392317678278
ID_D47325F885,0,0.15,0.2961204918853489,0.07322315,0.10431179189774101
ID_D4769B0D4B,0,0.15,0.2258324217527997,0.13768028,0.2907017277464185
ID_D49218FA2B,0,0.15,0.13305648688957442,0.256795,0.23408090647632548
ID_D4AF1F3C2A,0,0.15,0.11234311324171915,0.05963033,0.11612765627839403
ID_D4BBAF0CD1,0,0.15,0.15401916877979635,0.17386228,0.16336454096398667
ID_D4BE5927FF,0,0.15,0.2990565614414542,0.15491061,0.1890389764274579
ID_D4C395498A,0,0.15,0.037737807208217435,0.016590144,0.030095551019777893
ID_D4C858DCCC,0,0.15,0.0809324948722063,0.31080413,0.14179880992922558
ID_D4D65BEF07,0,0.15,0.25468153125534315,0.22820035,0.3709315375598136
ID_D4F61CB39D,1,0.15,0.22380928337307124,0.1270653,0.09283299559614616
ID_D4F8267C94,0,0.15,0.011597258354991685,0.00860597,0.04406144056530899
ID_D510633E58,1,0.15,0.15814794359897352,0.2435828,0.21601861298612016
ID_D51D45A40E,0,0.15,0.1648212735609908,0.13242882,0.13447644025185165
ID_D529853606,1,0.15,0.46898886954756314,0.87716925,0.46992169417759044
ID_D53498EEC1,0,0.15,0.14616952531679137,0.032509755,0.04432575701962196
ID_D53D13DCA2,0,0.15,0.13001688567450093,0.08093769,0.0774419337963709
ID_D53DD7932D,0,0.15,0.15619523302324784,0.0895412,0.12054029383343624
ID_D544EA0BC5,0,0.15,0.022846506717991752,0.05213501,0.08026076055602858
ID_D54FC14EAF,0,0.15,0.053638060367967415,0.055368274,0.08007955549988457
ID_D5592AFE70,0,0.15,0.06424889959696217,0.096795276,0.1419624849841179
ID_D55AA34C1C,0,0.15,0.1908802360987397,0.038977265,0.07324384834233973
ID_D5691AF791,0,0.15,0.22352194596131164,0.21084906,0.23081389873426542
ID_D57162A44A,0,0.15,0.052487220838350404,0.017210294,0.04951333226768847
ID_D57F0C4D57,0,0.15,0.15486975741410564,0.1511006,0.12428207849838309
ID_D5807D5A69,0,0.15,0.06365438277433642,0.07258209,0.1073862553982125
ID_D586B1E329,0,0.15,0.09067634637869255,0.020482905,0.08397915415511156
ID_D58BFC2DB0,0,0.15,0.06552560625198418,0.060539283,0.10509364025452773
ID_D59F8DCDB3,0,0.15,0.056558576947273384,0.07611652,0.08861635717625932
ID_D5A4DCFFEF,0,0.15,0.005382261372331088,0.007026542,0.016840621780459874
ID_D5B2285DAD,0,0.15,0.06690802572861164,0.12154931,0.16288864757085603
ID_D5B53DC994,0,0.15,0.14579463040253476,0.34850326,0.20584228085483164
ID_D5B967C9BC,0,0.15,0.060838503068428695,0.030606478,0.08663648431103894
ID_D5BE9A9CA5,0,0.15,0.06217810477877714,0.027706085,0.042311716594212505
ID_D5BEDC0092,0,0.15,0.16366034832253398,0.063634336,0.06376672137400609
ID_D5C46DCB66,0,0.15,0.11250495640571259,0.16878574,0.17945083917134103
ID_D5CA8C2D19,0,0.15,0.1779040304057269,0.06355743,0.12064333221183983
ID_D5E6C96AF3,1,0.15,0.19436592609125505,0.27082267,0.2480151107205579
ID_D5E8E39FF9,0,0.15,0.0785835743828707,0.0272891,0.04071244271793015
ID_D5E9A70EA1,0,0.15,0.13931194331170543,0.15964237,0.143306241461392
ID_D5F0BDED94,0,0.15,0.08231007916556106,0.063148074,0.10661841461255968
ID_D5FED3D714,0,0.15,0.13449893687222128,0.1022109,0.10731837735407504
ID_D5FF12837B,0,0.15,0.21235204328157017,0.048918754,0.06911953873739124
ID_D6064C94C2,1,0.15,0.18334316428014075,0.09587648,0.10449142435087817
ID_D614697241,0,0.15,0.1351868491894194,0.07152456,0.08872100550184862
ID_D61AF4BA12,0,0.15,0.07812438579615272,0.030289987,0.053856420293644916
ID_D6250B167F,0,0.15,0.03149887890342328,0.04016888,0.06340091677510452
ID_D628308B42,0,0.15,0.32051587051452746,0.1382161,0.06233424932610526
ID_D62AF985E2,0,0.15,0.12647746361315004,0.17534013,0.21085451507200112
ID_D62C4B73A8,0,0.15,0.12914151918947675,0.25972676,0.22666589492673125
ID_D63DEC2C5A,1,0.15,0.2509811663480849,0.47316757,0.3622901379335995
ID_D63E6F8B6D,0,0.15,0.09591541558868864,0.5504042,0.34232470372408325
ID_D641EB225F,1,0.15,0.07331177148135344,0.08629739,0.11814555028309821
ID_D64DACC3BF,0,0.15,0.06371579018900349,0.030734181,0.04501549593343244
ID_D64EEE806B,1,0.15,0.018994485902744877,0.19028622,0.16782205851732154
ID_D653AF84D0,1,0.15,0.26097726989763015,0.2281705,0.20713855926082358
ID_D65EE2B915,0,0.15,0.13963111933398192,0.112132534,0.09551715582666122
ID_D65F62573C,0,0.15,0.12633818540465017,0.037848186,0.09237046491791723
ID_D66915A0F5,0,0.15,0.11840191328446638,0.16830198,0.14331046450040208
ID_D66A4825DF,1,0.15,0.35842963425028085,0.24010932,0.23188317530624827
ID_D66FD5B8EB,0,0.15,0.010032318243566925,0.010737406,0.03350129116110142
ID_D6732A05E9,0,0.15,0.10671951580731656,0.14924645,0.13858868926184273
ID_D682A23EEE,0,0.15,0.020831761210869416,0.048332233,0.0622320287519335
ID_D6907DADC0,0,0.15,0.048365837750879916,0.13951024,0.11385071161425035
ID_D6A0BC9220,0,0.15,0.07790906299674304,0.01973099,0.044046629886489844
ID_D6A39C91B9,0,0.15,0.07143554159642096,0.056429844,0.06349222822427597
ID_D6A6588F34,0,0.15,0.13148103669531588,0.10959186,0.1421024594099519
ID_D6A8208F1A,0,0.15,0.028030699790724714,0.10294232,0.11705792207552755
ID_D6B8AD194D,1,0.15,0.11352302261764537,0.12179115,0.14473655855764736
ID_D6C1289C2E,0,0.15,0.12483728439155098,0.11078448,0.18816187545749682
ID_D6C25D87E9,0,0.15,0.3802977454346021,0.19691111,0.20418344552723622
ID_D6C71C0CA6,0,0.15,0.10105136454006883,0.124664105,0.14291700314211744
ID_D6DD20D78B,0,0.15,0.15811842536666265,0.034870986,0.05351618595308502
ID_D6DEAD3327,0,0.15,0.24230922871956137,0.2081504,0.20847635738512849
ID_D6E620C023,0,0.15,0.11464199813992894,0.057934053,0.06919172620782595
ID_D6F032ADF4,0,0.15,0.050029068212976674,0.019045161,0.04315293539342774
ID_D6F09A2964,0,0.15,0.011833611891373202,0.091493815,0.10396607146637461
ID_D6F26FB155,0,0.15,0.21212599997108428,0.12190108,0.1250031449368346
ID_D6FCCA0A7D,0,0.15,0.10978699415054201,0.3214565,0.19060016788274095
ID_D70177F673,0,0.15,0.215318228472147,0.021945817,0.0649484840234812
ID_D7096334FE,1,0.15,0.33587543563018557,0.28614935,0.19118153077976283
ID_D70AD19D23,0,0.15,0.1301885721794576,0.08256649,0.0757787624110571
ID_D70C1A0209,0,0.15,0.017478481087687427,0.014809314,0.02924285551343723
ID_D70C961D69,0,0.15,0.14866950816087426,0.18125847,0.1788056196724962
ID_D70DE30D9E,0,0.15,0.016245028960498675,0.10619795,0.12025703750085323
ID_D7100C9CE9,0,0.15,0.039086538027016435,0.04273354,0.06494896911253682
ID_D7214039E5,0,0.15,0.1316499251344633,0.12895082,0.21664943131196215
ID_D72EA35CC7,0,0.15,0.13324319976951693,0.10759446,0.10367839036031284
ID_D733068526,0,0.15,0.0006483423200493122,0.08887111,0.09701090588833046
ID_D73A04C158,0,0.15,0.08719149966055342,0.073710024,0.13455138158571706
ID_D741027A3D,0,0.15,0.16647054257300764,0.039013434,0.06036353993804859
ID_D7486254FD,0,0.15,0.024415845726105244,0.0331876,0.0676415670593052
ID_D74EE0A561,1,0.15,0.3728192117568634,0.29727155,0.2947756001331193
ID_D756FB7AFB,0,0.15,0.2003887982891849,0.10872855,0.13427778060584136
ID_D75934E20E,0,0.15,0.11818490494334669,0.13206689,0.15046287964480726
ID_D762688FD9,0,0.15,0.3096919032370099,0.25614297,0.23071028320897755
ID_D7731C6566,0,0.15,0.09550068392361286,0.055192806,0.05997789493775064
ID_D774D92BD8,0,0.15,0.1420252162327787,0.22845803,0.31870576628381836
ID_D77D771B2C,0,0.15,0.2762319105572003,0.25781998,0.2982248122917353
ID_D793381FC9,0,0.15,0.15919540844850624,0.047906857,0.09673640065394144
ID_D797693B57,1,0.15,0.21500741705883916,0.26038405,0.32176183375688355
ID_D797AEE9E6,1,0.15,0.13907110995436783,0.33375907,0.16905259098499917
ID_D79F17B39A,0,0.15,0.18585314894066332,0.121366166,0.21099204539009073
ID_D7A1FF43B3,0,0.15,0.022211522335045888,0.047522,0.06756248656491552
ID_D7AE9A06EA,0,0.15,0.07481409651162665,0.11942422,0.12043280286205643
ID_D7C7625A59,0,0.15,0.09053251831642663,0.22426559,0.11219642130916903
ID_D7CFC2A7DD,0,0.15,0.10532089827672507,0.103736855,0.06763824468684593
ID_D7D6813863,0,0.15,0.05895941711662447,0.048491776,0.06892513448108985
ID_D7DEDB918E,0,0.15,0.20051024570004963,0.32959583,0.29702907813597906
ID_D7E130C361,0,0.15,0.015141569327802773,0.009768864,0.026181360681381542
ID_D7EC23B1D1,0,0.15,0.029592316893145208,0.020924674,0.04568003768761565
ID_D7F819F5B0,0,0.15,0.09175959865412564,0.068858236,0.08566307535618435
ID_D7F9E3AB3A,1,0.15,0.21068978627158402,0.20770076,0.2722961570673306
ID_D7FBDEAA45,0,0.15,0.037703750849048964,0.054954905,0.06740010377749062
ID_D82338FD13,0,0.15,0.2029046454107076,0.1167195,0.12204876384190842
ID_D82346BF73,0,0.15,0.04836700994659707,0.09025634,0.11092892516867506
ID_D827A29C17,1,0.15,0.11516860041964706,0.095607914,0.24744108376393506
ID_D828E6C5C6,0,0.15,0.0093768630899989,0.0139470715,0.04619225265312738
ID_D838747B32,1,0.15,0.28435767161114706,0.39742002,0.27816262028399147
ID_D83C61F0BF,0,0.15,0.20081155502152492,0.06639519,0.13357883179414498
ID_D85626FA5C,1,0.15,0.386636396414246,0.53367865,0.38941757116723086
ID_D85BF29097,0,0.15,0.04695104432618138,0.03197157,0.05888812088909092
ID_D8632811C7,1,0.15,0.08500171395923939,0.22117205,0.20369528833423492
ID_D864DB266F,0,0.15,0.2146869567241981,0.089260735,0.09509695523587477
ID_D865DB7865,0,0.15,0.1260301338818878,0.19756408,0.18386503939787008
ID_D867376CBB,0,0.15,0.3023079057472904,0.19168639,0.2849614259158983
ID_D868D83C7F,0,0.15,0.15047224765170797,0.04252792,0.10542708986569034
ID_D87A88F4A4,0,0.15,0.025143872494430532,0.011714565,0.02671243275296992
ID_D87AABCD7C,0,0.15,0.08653873232560805,0.10382423,0.1177320265084107
ID_D87D0F1156,0,0.15,0.2736690102981739,0.32357928,0.3418527920981485
ID_D8897FB153,0,0.15,0.25122326588960614,0.047279872,0.08027557580582463
ID_D891ECD4D1,0,0.15,0.07461692444613849,0.18294704,0.20215007532626034
ID_D8A04656F5,1,0.15,0.3774599402993338,0.51389104,0.28818699596452624
ID_D8ABC81CE2,0,0.15,0.0864103414500288,0.03385443,0.06265765311636669
ID_D8B0C3E965,0,0.15,0.0429181970055746,0.056448787,0.06112431563954153
ID_D8B270D6AF,0,0.15,0.06147815593577457,0.07526774,0.0756313566151625
ID_D8BC1DAA68,0,0.15,0.12185396722942932,0.14233913,0.10574405432584322
ID_D8D5FDE5DD,0,0.15,0.21747210278122694,0.07671431,0.07305964064618697
ID_D8DDBE5002,0,0.15,0.21924403317198496,0.086212315,0.16392555214240373
ID_D8E65B6E99,0,0.15,0.1277146501396695,0.0710859,0.07000249166088764
ID_D8E6FF5578,0,0.15,0.16474987525337842,0.024831235,0.06385451979833305
ID_D8E857E16E,0,0.15,0.16110246908120052,0.13061008,0.1745087039602481
ID_D8F1B71B74,0,0.15,0.30982216991205747,0.3268227,0.20399210812175708
ID_D8F551580A,0,0.15,0.06362895937153036,0.029552907,0.042239174541077736
ID_D90AAB93AA,0,0.15,0.14481791282406203,0.31301558,0.22783349561297186
ID_D90F906C6A,0,0.15,0.170756414171363,0.06183963,0.0798813868533403
ID_D9122DE72E,0,0.15,0.11044742855514302,0.020388607,0.05293101944064888
ID_D926950061,0,0.15,0.28401426150298564,0.21693057,0.18518480914227106
ID_D92C81D092,0,0.15,0.3825138909164277,0.16040501,0.11957755103026534
ID_D92D120688,0,0.15,0.09307557350103271,0.18285815,0.15574404153759164
ID_D9398B8E25,1,0.15,0.18332901253066544,0.5484844,0.5261712614635305
ID_D943FD41FB,0,0.15,0.13305386947850045,0.04899284,0.07591390121225419
ID_D9511C86C6,0,0.15,0.0032305406197994683,0.09357026,0.10935348235943072
ID_D952642F70,0,0.15,0.1678850646305923,0.24052241,0.20887678712428204
ID_D972E3A667,0,0.15,0.11574414274537803,0.038455207,0.05126573341821962
ID_D984D32FE7,0,0.15,0.12884581375754708,0.08578716,0.13620654721030104
ID_D999BE8DA7,0,0.15,0.275756830469308,0.3608061,0.4359783976826546
ID_D99B430973,0,0.15,0.3635172475512629,0.30203137,0.3816879614272901
ID_D99C4EA1F1,1,0.15,0.6582505034179791,0.26220778,0.15779449880287413
ID_D99E03C3CB,0,0.15,0.004784073004804683,0.06714446,0.09757265002867206
ID_D9A0DB5140,0,0.15,0.18254213796653893,0.29387438,0.22185025123246238
ID_D9A64CE0DB,0,0.15,0.055349177968458625,0.024086613,0.05707706162207878
ID_D9A6D67F2A,0,0.15,0.08149973418987515,0.04310489,0.0720419789217745
ID_D9C1744493,0,0.15,0.046653704886705026,0.041107606,0.06934808683012861
ID_D9C21AB097,0,0.15,0.02443514973103622,0.020436604,0.04792072682199188
ID_D9C403DA1A,0,0.15,0.047153310524937535,0.013783264,0.04068944065969691
ID_D9CDDC0B13,0,0.15,0.05303114459878011,0.0145075405,0.028738454165859663
ID_D9D033D792,0,0.15,0.033102527302417244,0.021152956,0.03806411805322064
ID_D9D8E5F6BC,1,0.15,0.28705130789051453,0.44562286,0.4059567445784877
ID_D9DBD6294F,0,0.15,0.04807809018990797,0.015917636,0.02898529476150118
ID_D9EB99A7D4,0,0.15,0.049211029582472324,0.08000444,0.19693724903904555
ID_D9ECF1993C,0,0.15,0.021221049404092654,0.011223253,0.030790164403021257
ID_D9F043CFB1,1,0.15,0.42584700716364415,0.6071476,0.38893553009309273
ID_D9F0D48DB7,0,0.15,0.04144737715729886,0.032387514,0.05620217877738565
ID_D9FF956655,0,0.15,0.17717529056834508,0.11811967,0.17082177836278187
ID_DA09F92EE8,0,0.15,0.09423525915115157,0.075030915,0.08437726817806525
ID_DA13D69AC2,0,0.15,0.05108633112054764,0.06555583,0.09088112948825205
ID_DA2C4B71A1,0,0.15,0.12209463820867715,0.03889852,0.05761941381483913
ID_DA2D98FDF4,0,0.15,0.13289403598758903,0.05418543,0.05223619024872895
ID_DA2E0938BC,0,0.15,0.16477660354460769,0.1691971,0.209667497878926
ID_DA33F7C742,0,0.15,0.2790628341872247,0.15859011,0.18181132785231388
ID_DA37EC61F9,0,0.15,0.08301481086626401,0.01788243,0.04035526320793887
ID_DA4450D6C0,0,0.15,0.023920867305879334,0.03072295,0.046829712844890556
ID_DA476D0F67,0,0.15,0.011190640626651066,0.01616428,0.03708354798604141
ID_DA481E63ED,0,0.15,0.10413791813098347,0.040592488,0.10141860681338531
ID_DA4B8164F4,0,0.15,0.00047876999422520063,0.058469962,0.08017013639267945
ID_DA4C3081FC,0,0.15,0.1227678942254566,0.13594623,0.16280169343212472
ID_DA5A9648E9,0,0.15,0.12331423933390208,0.024158172,0.05382450108281802
ID_DA5C4BA35B,0,0.15,0.12864636310975977,0.13029556,0.11588726237683541
ID_DA60ACE324,0,0.15,0.01063110330765111,0.08086137,0.11584948234910358
ID_DA6F7B21AA,0,0.15,0.09041058827959204,0.045011904,0.07033710354318964
ID_DA73C403BF,0,0.15,0.09877481548843345,0.12241802,0.13008208524948184
ID_DA80FF38E4,0,0.15,0.23458925526274116,0.14283876,0.16506895075714081
ID_DA8DC94E8C,0,0.15,0.3662667238856135,0.13978757,0.13527619799062213
ID_DA912FA659,0,0.15,0.09883963785390278,0.08075708,0.11509902446625454
ID_DA9437A02D,1,0.15,0.338279085163404,0.27800435,0.1794278890430232
ID_DA976198D6,0,0.15,0.05385496078247279,0.032969702,0.08040268294096582
ID_DAB2CCA726,0,0.15,0.08742944306512015,0.04432051,0.07539267006778498
ID_DAB507709A,0,0.15,0.05689652991034357,0.044753753,0.07037087680715347
ID_DAB754789D,0,0.15,0.03256422761411156,0.020540588,0.04057265014743937
ID_DAB7F9909F,1,0.15,0.13670277930786434,0.4414907,0.24355452742525974
ID_DABEE12E78,1,0.15,0.3285605447964429,0.4164243,0.2797407097853477
ID_DABF033C98,0,0.15,0.1303454458418325,0.0648239,0.07519032777957228
ID_DACE3A1010,0,0.15,0.19024223043997662,0.0747927,0.08187707598686729
ID_DAD287A577,0,0.15,0.28685966651882905,0.11647666,0.205702176374764
ID_DADB60D7FE,0,0.15,0.02166307665858375,0.01879973,0.04369325161757474
ID_DAE9B076C2,0,0.15,0.19353447485145223,0.17383571,0.13221653382827045
ID_DAEABFA06F,0,0.15,0.4173910528450358,0.41348198,0.3312199669764977
ID_DAFCA064AF,0,0.15,0.019511805422376422,0.013264704,0.039430397489360315
ID_DB063A5580,0,0.15,0.14239669823882617,0.05492772,0.0925243028890451
ID_DB1C7D7B1B,0,0.15,0.1527150743129291,0.14338171,0.12463540566749812
ID_DB3A038F0D,0,0.15,0.2943959024611271,0.083386615,0.12200796504966997
ID_DB4269D7CA,1,0.15,0.1544727597021171,0.11804541,0.17192824756073452
ID_DB45565FB7,0,0.15,0.1992916685538749,0.054100968,0.12702612892087203
ID_DB45F37271,0,0.15,0.16998431358625862,0.0673484,0.13286033736961791
ID_DB47FD5668,0,0.15,0.19417354946199994,0.19069715,0.2283695701986417
ID_DB4C49F7FE,0,0.15,0.01813944415196431,0.04594738,0.0777484560976745
ID_DB5314DFF1,0,0.15,0.09272123507330003,0.07697022,0.11862406710371386
ID_DB5DABF7B8,0,0.15,0.04157239016643688,0.039979845,0.06423249707002601
ID_DB5DE82AB4,0,0.15,0.0004746275503083895,0.076942176,0.15735947789836738
ID_DB5E6C7C3E,0,0.15,0.014792086063333258,0.016207129,0.032777304366728925
ID_DB600393F0,0,0.15,0.13255451249446665,0.09384826,0.155709757630181
ID_DB60D29541,0,0.15,0.15537023830771154,0.07410063,0.1065959966199506
ID_DB64BDD270,0,0.15,0.03787651137410008,0.036529317,0.053850689427925695
ID_DB65DD4D19,0,0.15,0.03204944573354024,0.19334193,0.2562037550213977
ID_DB68AD3C1B,0,0.15,0.18273373339306592,0.3393648,0.2033113274112555
ID_DB68DA5555,0,0.15,0.0696117762239652,0.019916387,0.047916188395957855
ID_DB6B107167,0,0.15,0.22917549041985738,0.12138742,0.12664878436456378
ID_DB79BEEA92,0,0.15,0.07952249528227052,0.01883911,0.0332952946546626
ID_DB87CC75ED,0,0.15,0.06856251223021773,0.03234644,0.06649735000299843
ID_DB88BC6F82,0,0.15,0.18033978418700708,0.06372131,0.08865599768207075
ID_DB8FAB56A3,0,0.15,0.14853285116941836,0.12449343,0.13618333370043617
ID_DB91EF09B9,0,0.15,0.139082394310297,0.107509814,0.14081531426464516
ID_DBBA0F71C9,0,0.15,0.07860384258519226,0.034550466,0.05723927346384974
ID_DBBCD999B3,0,0.15,0.028855724204613364,0.047419872,0.06587233206782296
ID_DBBD27A72F,0,0.15,0.1697498809197927,0.037058987,0.06477960936839812
ID_DBD2A4F575,0,0.15,0.0912755504817712,0.020280126,0.0521147337674141
ID_DBD75FE20F,0,0.15,0.09607403894687645,0.10872393,0.10754175972896042
ID_DBDCC496B9,1,0.15,0.14289349932371145,0.45238453,0.25696688349284574
ID_DBE1E6C29F,0,0.15,0.06781498660535232,0.04171815,0.06203742129742257
ID_DBE210A402,0,0.15,0.06710693381910957,0.13086835,0.13635591260646815
ID_DBE883418E,0,0.15,0.028278866488200004,0.011780446,0.03709175522945665
ID_DBEAADB3EE,0,0.15,0.13672987597089528,0.049792364,0.07791085912618277
ID_DBED8E563A,0,0.15,0.03277028437313969,0.116651125,0.22495582141689882
ID_DBEE13A2F1,0,0.15,0.08198464818548604,0.11561283,0.0976978135015374
ID_DBFC4839F4,0,0.15,0.17968542220409242,0.12397515,0.09749186659174906
ID_DC05B08DCB,0,0.15,0.15909710186977546,0.5328938,0.2595186109928492
ID_DC121D95CF,0,0.15,0.012549114716270997,0.010673941,0.029782598021701294
ID_DC1B83CFB2,0,0.15,0.07855319697904918,0.0703084,0.10907587689186667
ID_DC22D7D73B,0,0.15,0.06935318745080844,0.21373801,0.19557472180159444
ID_DC28180CE9,0,0.15,0.039459794943351494,0.022741165,0.05588152195539221
ID_DC281A19FB,1,0.15,0.12618079171897245,0.27633902,0.16368644832009752
ID_DC3D09BB3C,0,0.15,0.032087679459811363,0.032706063,0.05114043892464399
ID_DC3FE431E1,0,0.15,0.17316954833160247,0.09068825,0.08545470248940168
ID_DC49B4E0A4,0,0.15,0.13657801242090784,0.10252176,0.13328280834930809
ID_DC50847496,0,0.15,0.0916730921389541,0.074568786,0.07697445957761133
ID_DC50CCDD41,0,0.15,0.2881897547706609,0.10783667,0.10259479926632743
ID_DC677B5412,0,0.15,0.17045075212501892,0.08979029,0.116355227207568
ID_DC6D8F6FEB,1,0.15,0.20473423985921566,0.2205219,0.17426571039472083
ID_DC6E167486,0,0.15,0.10463478639632795,0.05126467,0.07626362085838395
ID_DC72D03CCB,0,0.15,0.03800413375362918,0.032931972,0.08673185584680584
ID_DC74589B83,0,0.15,0.14566494054006934,0.20562293,0.11952123230819432
ID_DC7F07C880,0,0.15,0.13490228634954626,0.059852183,0.10374233168640815
ID_DC8BCAAE01,0,0.15,0.20511503868017364,0.16863711,0.09860083331717563
ID_DC8BFE7C48,0,0.15,0.23051903397720694,0.06243846,0.09636518683741703
ID_DC8EEF343A,0,0.15,0.09005652396880331,0.049446896,0.07563347129119978
ID_DC8F7DB5AF,0,0.15,0.14044941535758093,0.083893046,0.11892912091926956
ID_DC9E880F4A,0,0.15,0.14919516805615982,0.093040146,0.11917821485264789
ID_DCA0DBF619,0,0.15,0.03781916869528415,0.035945833,0.0595712690448072
ID_DCA98FB62C,0,0.15,0.10045308470627998,0.032382816,0.06570636044830963
ID_DCB0D70723,1,0.15,0.3481017269231228,0.39787617,0.35769994286911067
ID_DCB4AE908A,0,0.15,0.2930750703938797,0.1796409,0.15126618603566722
ID_DCB5E3B54F,0,0.15,0.1846820108866367,0.11653355,0.09722463487542059
ID_DCC0C2DA27,0,0.15,0.06065178082512477,0.032202177,0.03956211532129921
ID_DCC87150BA,0,0.15,0.051410978841526137,0.049572498,0.08643898877261467
ID_DCCCD7DF6F,0,0.15,0.9392725468745112,0.2774231,0.33878708846027056
ID_DCCD74879B,0,0.15,0.3300497405294761,0.30650404,0.3041608583497038
ID_DCD34DA2C9,0,0.15,0.127931029735241,0.05936664,0.12176158389461508
ID_DCDB171223,1,0.15,0.20556941671709958,0.25003034,0.25560397845737715
ID_DCF049C835,0,0.15,0.07815043525841822,0.105119556,0.09578940484989829
ID_DCF3AB5767,0,0.15,0.03563568518647737,0.053807266,0.043407839011844467
ID_DCFD21D4FE,0,0.15,0.13292942930101814,0.19008492,0.14861919843118698
ID_DCFF2CA89E,0,0.15,0.06968961308387857,0.061144672,0.06709758116661581
ID_DD030AD06F,0,0.15,0.0600512325300363,0.020061517,0.035781161495231514
ID_DD04E73C65,0,0.15,0.02773402864579086,0.06326672,0.07710309459110702
ID_DD063B8EFB,0,0.15,0.06988840469167731,0.07357087,0.10164479066871904
ID_DD0886E2D4,0,0.15,0.1578888087261839,0.037637055,0.048600140929596816
ID_DD1251BA6A,0,0.15,0.18900875319808766,0.09084007,0.13523755302845836
ID_DD15DF0F13,0,0.15,0.0009280658325205272,0.072671704,0.10411668445298528
ID_DD18344547,0,0.15,0.007558157236104929,0.033398736,0.04220541584655451
ID_DD1C947A3F,1,0.15,0.23102893757936435,0.5404317,0.4448550537096207
ID_DD2B7A2415,0,0.15,0.08257444800919223,0.02491924,0.059224631567770324
ID_DD307C61B2,1,0.15,0.16343379137449,0.07627664,0.07175179515430131
ID_DD456774CD,0,0.15,0.06674455158390064,0.06669987,0.09458719230727969
ID_DD4C8DC384,0,0.15,0.15239390130826502,0.0396626,0.06789699695250904
ID_DD4D6E513D,0,0.15,0.10267850398440602,0.15803613,0.2017772176423815
ID_DD4E6BD786,0,0.15,0.03566519012527521,0.028102582,0.08090396014369643
ID_DD5B811CD5,0,0.15,0.17371283955527045,0.19868693,0.19650296665076236
ID_DD6FDE577F,1,0.15,0.3692678385085812,0.44837153,0.3228640398993794
ID_DD77C1BBA3,0,0.15,0.02547259747160255,0.038242184,0.058659848125039396
ID_DD7FB02FA4,0,0.15,0.3469317794726506,0.465385,0.3568670989605322
ID_DD8100CE47,0,0.15,0.16419733502270675,0.10439602,0.09148134520268311
ID_DDA033288D,0,0.15,0.02121898621271298,0.03378012,0.05963696453003848
ID_DDC36AD131,0,0.15,0.08666696789510461,0.085588954,0.09536269804836585
ID_DDD6A9D95C,0,0.15,0.04279046042660242,0.021577664,0.05240962788188067
ID_DDE17C027B,1,0.15,0.8157739007550856,0.43552798,0.3538006913985561
ID_DDF75F3B25,0,0.15,0.035852738912137236,0.02173821,0.03689342600049006
ID_DE03B37430,0,0.15,0.31326417099669734,0.14379804,0.13939540097505768
ID_DE08DC01F8,0,0.15,0.09734673642399132,0.2361145,0.11024557733632166
ID_DE11739F6C,0,0.15,0.18805056065954076,0.10279385,0.08539821242350758
ID_DE1D2BAEC3,1,0.15,0.21598628388688187,0.36042216,0.15308515575195977
ID_DE2498E113,0,0.15,0.16752578964102888,0.34851968,0.2993018012332347
ID_DE24AAA284,1,0.15,0.19239329181339018,0.1341034,0.13029070844919102
ID_DE24D0C7D1,0,0.15,0.06230502211822266,0.051077593,0.06662749674712098
ID_DE286EEBCF,0,0.15,0.0924871317122695,0.064906076,0.05853979874140154
ID_DE3044D886,0,0.15,0.07958359271272734,0.14297381,0.1336953597671001
ID_DE3B45AFDF,1,0.15,0.3253941627212989,0.36704844,0.27669943521099744
ID_DE40358910,0,0.15,0.13909473017071206,0.13874623,0.1414473070664661
ID_DE40AE4CE5,0,0.15,0.10784775659295553,0.053367507,0.09577627341489874
ID_DE418253E9,1,0.15,0.10058552199709057,0.11346205,0.16622216340832244
ID_DE43BDFBB0,1,0.15,0.009123192894604327,0.04713493,0.070150937706992
ID_DE482E1A79,1,0.15,0.1672841712515837,0.25866258,0.322932839716657
ID_DE5272321C,0,0.15,0.1300960840445836,0.15638945,0.1108080616624783
ID_DE529249C1,0,0.15,0.2778272543782101,0.09619052,0.136934642583627
ID_DE57AF6A67,0,0.15,0.41356567772689407,0.27215934,0.2216593862323827
ID_DE5AD9C3DD,0,0.15,0.13296369813923603,0.13728167,0.1359803648512528
ID_DE7B4B36FF,0,0.15,0.11936189920889013,0.030641733,0.06076081928243352
ID_DE7BF64252,0,0.15,0.13494730820911963,0.23648022,0.23225662166092728
ID_DE7FA1BB51,1,0.15,0.16572248249072372,0.14396776,0.17934265217655881
ID_DEA9312639,0,0.15,0.05964414285688071,0.061826255,0.07127546601397455
ID_DEAA0097C8,0,0.15,0.046309248992850584,0.031179141,0.07205410086417807
ID_DEAC8B96E0,1,0.15,0.2568195781103326,0.24320184,0.3612442218498977
ID_DED77B627E,0,0.15,0.1875281308583063,0.05949046,0.09550209346283713
ID_DEFB11F017,0,0.15,0.20783693479324725,0.08509346,0.11925702635494256
ID_DF08A31C6D,0,0.15,0.29406990204933026,0.18124548,0.2998214221073997
ID_DF109EFFBA,0,0.15,0.13700487124480148,0.038788173,0.1256503725851675
ID_DF29333B73,0,0.15,0.048362963753447744,0.044173043,0.04927683698520734
ID_DF338A907C,1,0.15,0.28455905929891484,0.2448098,0.2943671821618066
ID_DF3DDC7B7E,0,0.15,0.1692639116109468,0.084673256,0.11364599810433136
ID_DF45CC33F4,0,0.15,0.10634929324491854,0.239911,0.3162784116681749
ID_DF6E390595,1,0.15,0.27109104206644963,0.6871392,0.5537243388672948
ID_DF6E6A8276,1,0.15,0.9649671029425241,0.5732402,0.43111309434626494
ID_DF775D055C,0,0.15,0.05207753296018584,0.07368268,0.09453109127693714
ID_DF7B67D683,0,0.15,0.05946606800569516,0.054427277,0.06887038798865741
ID_DF8CCAEC26,0,0.15,0.026819555598922167,0.012623826,0.032354850864598876
ID_DF8D67C59D,0,0.15,0.0632216396514965,0.031100553,0.06796743376703793
ID_DF92AC1F3B,0,0.15,0.05948153377249199,0.05238145,0.0614014400054702
ID_DF9CF23131,0,0.15,0.14436996682959574,0.07436721,0.0859757736504645
ID_DF9D7860A2,0,0.15,0.02069841152831399,0.008573144,0.03700084959828997
ID_DF9F152A1A,0,0.15,0.03677427488420753,0.022474242,0.023406338981434252
ID_DF9F30D1D3,0,0.15,0.18818108132197142,0.13279065,0.1655614807336324
ID_DFA166C67C,0,0.15,0.16346833302238217,0.09121949,0.1136793716087775
ID_DFA1A0BC83,0,0.15,0.24136380346860453,0.22004914,0.23908995864552054
ID_DFB11656A0,0,0.15,0.15632528368662377,0.12368859,0.1953662041981174
ID_DFBFE91742,0,0.15,0.0882866508463426,0.034661938,0.049644152231701585
ID_DFCC05CB52,0,0.15,0.07434287550298956,0.1223528,0.08722911062195732
ID_DFD87E5316,0,0.15,0.066086130447111,0.109995395,0.1274399224005905
ID_DFDE08E601,0,0.15,0.04449046936606738,0.31028715,0.3442753900760152
ID_DFE7AEE897,0,0.15,0.1914013583365189,0.37423578,0.3226174047343697
ID_DFEE3DA041,1,0.15,0.1793394008879995,0.28293955,0.2274524944990361
ID_E007A9A951,0,0.15,0.09724924339743214,0.04245702,0.05353462011666004
ID_E00AAF92A5,0,0.15,0.11068986041062874,0.14928699,0.16195083657609155
ID_E00B080F68,0,0.15,0.150460254837798,0.097159676,0.08355640233406941
ID_E00B571DFE,1,0.15,0.2217976344840577,0.31292793,0.33928267386701255
ID_E02075A96B,1,0.15,0.34414980677250046,0.30866155,0.3780166938761558
ID_E024877564,0,0.15,0.046250666991152135,0.11893938,0.10420940379858505
ID_E0418A5146,1,0.15,0.06305122437059346,0.04133719,0.08652075602999085
ID_E047DA111C,0,0.15,0.02831878901944422,0.15610631,0.09828285542162528
ID_E0494F1E53,0,0.15,0.06983102367772781,0.04509214,0.10757762215286294
ID_E049A6AEF4,0,0.15,0.4014671738802254,0.3042371,0.34753080211155934
ID_E05513E131,0,0.15,0.2759755425288844,0.07749037,0.09713798541026687
ID_E063E17CDF,0,0.15,0.0628644383240127,0.08930836,0.10303280831924887
ID_E066719670,0,0.15,0.07586758168816585,0.052665822,0.08975780992603856
ID_E07B4BBC00,0,0.15,0.03202240682144599,0.036445726,0.06912262286403564
ID_E094242D1F,0,0.15,0.06823879326575476,0.071604036,0.09010693573940082
ID_E094BDC5DB,0,0.15,0.17967176359471868,0.1548933,0.18272679988896762
ID_E0A44A0ECA,0,0.15,0.10458902496259981,0.063098624,0.10992924879467056
ID_E0A8D652D1,0,0.15,0.249992951208464,0.12233673,0.17175396024840953
ID_E0A9BB3891,0,0.15,0.135516648202774,0.06659011,0.0938533805352748
ID_E0B0C3D1E7,0,0.15,0.02099387707459161,0.0154509405,0.027287446904053415
ID_E0B1228C4A,0,0.15,0.15604984680339365,0.09768545,0.13398405861888774
ID_E0B149154F,0,0.15,0.20215119769179293,0.07228146,0.15074192470065043
ID_E0C169CCAE,0,0.15,0.2753620479339038,0.120528445,0.14109670533330465
ID_E0C8CACD0B,0,0.15,0.0687129334719848,0.028831407,0.062203349616235006
ID_E0CB878F03,0,0.15,0.1907912285853799,0.1264424,0.15570134587112816
ID_E0CBD53E27,0,0.15,0.006866248140823106,0.07614061,0.11485496405051575
ID_E0CE6A2B00,1,0.15,0.17122879477510886,0.19627349,0.144877386936859
ID_E0CEB8CF87,0,0.15,0.07619325787377479,0.04890185,0.05824810616347493
ID_E0D037E568,0,0.15,0.12932554183079756,0.03780634,0.089015651361177
ID_E0D7B7311A,0,0.15,0.30600240140503315,0.36704686,0.4178665586644114
ID_E0E140FD67,1,0.15,0.6868756107759465,0.56020045,0.2753295228833611
ID_E0E21B8315,0,0.15,0.12153135608310592,0.09742859,0.10640282939918069
ID_E0E4F18D1D,0,0.15,0.09341386904108205,0.25894427,0.21075571245937155
ID_E0EA49E7AA,0,0.15,0.12635576839032756,0.014435514,0.048440037515246386
ID_E0EF01F283,0,0.15,0.21103031649633308,0.22013937,0.23474137256468006
ID_E0FBEB072C,0,0.15,0.13460353149009646,0.057068292,0.05559851125660371
ID_E101910265,0,0.15,0.039243571203356115,0.04557961,0.06585830302126822
ID_E11D4197EB,0,0.15,0.04512111050328757,0.012774675,0.03350653026045567
ID_E132046032,1,0.15,0.9724287901011502,0.45390895,0.3577079296635423
ID_E13CB89147,0,0.15,0.19506935963676061,0.13607115,0.32189418964240457
ID_E1433A4C6F,0,0.15,0.1461585787750442,0.11575738,0.17184016444869887
ID_E153553DF3,0,0.15,0.10139999622735134,0.02727499,0.049145179425670524
ID_E160030752,0,0.15,0.2640102176654085,0.1423308,0.15324105387765485
ID_E17DB41FFE,1,0.15,0.024826664540730077,0.11076391,0.09063099517396885
ID_E186AE1A9D,0,0.15,0.21291843334809374,0.10267989,0.11141840792382468
ID_E18F304AB5,0,0.15,0.05404836890351232,0.11215899,0.10182718127327302
ID_E18F97A4DE,0,0.15,0.16050828865120087,0.062318645,0.08255498490463008
ID_E193A02D8E,1,0.15,0.07823923747384086,0.3539711,0.2783069594911353
ID_E19AF52E49,0,0.15,0.18262112573092149,0.10295238,0.18085700196489052
ID_E19EEE34D8,0,0.15,0.1917106989369524,0.18565813,0.17518019047962383
ID_E1A064FECB,0,0.15,0.2519349139306147,0.61010796,0.46584409292002366
ID_E1A3B517DC,0,0.15,0.10276867971220631,0.04102947,0.03591555011230025
ID_E1AA94E292,0,0.15,0.02296031443884676,0.145174,0.19814520213407977
ID_E1B041EEB6,0,0.15,0.042977132633384846,0.06671281,0.06042903984450278
ID_E1BC9FCC8F,0,0.15,0.17175176087123792,0.052910652,0.10983925694774938
ID_E1BCEC0DFB,0,0.15,0.1983613592023052,0.16039419,0.18904238715238847
ID_E1C956FEA1,1,0.15,0.3658870815724049,0.7022793,0.5332227325585519
ID_E1CC93B057,0,0.15,0.10363479058868891,0.065875195,0.08926129987149137
ID_E1EDD93BC0,0,0.15,0.13056602966320421,0.041939545,0.06827976947227916
ID_E1F87EA0E5,0,0.15,0.28965215004586675,0.12290445,0.15413985372851152
ID_E1FC78FE4C,0,0.15,0.010421526867125837,0.035430394,0.05384078183310524
ID_E2055889B3,0,0.15,0.23073754141436595,0.2634786,0.16118514259471375
ID_E20AAD13FB,0,0.15,0.017361586651927198,0.014031332,0.03540921164538254
ID_E210FB8612,1,0.15,0.2797051149990788,0.8559745,0.6971728590596427
ID_E215F72186,0,0.15,0.012488499351420754,0.116745204,0.12275566381789917
ID_E217074C8F,1,0.15,0.11166760763141421,0.25134686,0.2421973728638986
ID_E21A41EA24,0,0.15,0.06024027192046759,0.14254121,0.09352146584978287
ID_E21B2CE598,0,0.15,0.14431061865070177,0.042370576,0.06116677965192772
ID_E2253B8B8D,0,0.15,0.10005244599775752,0.062074367,0.06555366958910316
ID_E22F22267C,0,0.15,0.16605918449655427,0.12912603,0.14601078008257806
ID_E23ED8CF43,0,0.15,0.11178311045211095,0.10340157,0.0990656363055379
ID_E242ABDED2,1,0.15,0.17760233703627004,0.5467695,0.43452795416248396
ID_E2454B8CBC,0,0.15,0.10842241036318079,0.05047277,0.1063428394854759
ID_E2559070E1,0,0.15,0.1114245694812495,0.034746226,0.0839016150169084
ID_E25A950CF3,0,0.15,0.0024452930862895526,0.042313047,0.08375190613849984
ID_E27280B34B,1,0.15,0.14637542800090197,0.14210285,0.16294208206344551
ID_E284877089,0,0.15,0.17299983371117675,0.059427936,0.12472328309236995
ID_E28E2E9E29,0,0.15,0.19689310276564687,0.081289575,0.06043627879252665
ID_E2972385E3,0,0.15,0.1250875417505252,0.034472827,0.05452661539999853
ID_E29C55F894,0,0.15,0.15044146444616738,0.020368863,0.07907497393988878
ID_E2ACF7EF78,0,0.15,0.11927746838602475,0.038516488,0.054148385362293515
ID_E2C085E32A,0,0.15,0.03599130595370679,0.022775594,0.046119789162533786
ID_E2C23DA7F9,0,0.15,0.10623107581593794,0.032379072,0.04721493290197672
ID_E2C7732CA1,0,0.15,0.17267077512171475,0.07065225,0.09999387957895642
ID_E2C851000D,0,0.15,0.3577470059207028,0.10646047,0.1090616541175611
ID_E2D1D758CA,0,0.15,0.13469300823308897,0.19353427,0.2300123772963508
ID_E2D4725F3E,1,0.15,0.025221508993261685,0.036550034,0.06696335176874306
ID_E2DD8E4321,0,0.15,0.06638002319895123,0.02813246,0.040321272599845207
ID_E2E45D06CB,0,0.15,0.08311047762231502,0.03449415,0.06261336007466421
ID_E2EE2222F7,0,0.15,0.3230563349046019,0.22768436,0.2989178623709063
ID_E2EEA651F1,0,0.15,0.04735617338864496,0.051523026,0.11917439821984095
ID_E2F78D1395,1,0.15,0.5259819107683732,0.63547635,0.47839656188044277
ID_E301A3C2D9,0,0.15,0.28874972786242165,0.22965705,0.1973069288603908
ID_E30FE7C428,0,0.15,0.26135701332223715,0.27789468,0.31261106260232535
ID_E312E1DFF3,0,0.15,0.010533038457204704,0.010013339,0.03243978503657198
ID_E31736743A,0,0.15,0.0220631360375893,0.06620075,0.08510291440917589
ID_E31ADD9A48,0,0.15,0.12943306039323108,0.047017366,0.06732522696285516
ID_E31D7A09D2,0,0.15,0.03910642494626052,0.14234635,0.13823877363981601
ID_E31E5A7141,0,0.15,0.33238512324570996,0.48812383,0.33526835302014496
ID_E3205CFD36,0,0.15,0.3235056659649904,0.0607807,0.0961809548004391
ID_E3263B8B51,1,0.15,0.20012227893536444,0.19619882,0.15498896913497182
ID_E326AA3E83,0,0.15,0.1827374022991496,0.15563527,0.19273462194033256
ID_E339C6194B,0,0.15,0.13896998216063572,0.110970415,0.10093354185464098
ID_E3466CC334,0,0.15,0.05360137265144474,0.114459865,0.09508603507734249
ID_E349651AEE,1,0.15,0.13858126033216112,0.24573375,0.264955776380897
ID_E353BAF9D3,0,0.15,0.2038423292995306,0.60745585,0.4651641853664391
ID_E35891F794,0,0.15,0.10197609220879024,0.07022605,0.12566418404702687
ID_E364454B0C,0,0.15,0.03795256099388221,0.32425588,0.23180517130334674
ID_E374BAA670,0,0.15,0.09553727684800577,0.19871488,0.23579387702844876
ID_E37548EC24,0,0.15,0.1769904931445833,0.037019305,0.05417190994571347
ID_E37ACA90D9,0,0.15,0.24166656330689604,0.36458114,0.3242686053499092
ID_E381CCD7F7,0,0.15,0.09418387458126196,0.09519706,0.12843518075676097
ID_E386C7305B,0,0.15,0.16670488312817838,0.12832312,0.11743996493424384
ID_E39A794176,0,0.15,0.019519710952635896,0.02084546,0.04916141473955827
ID_E39D362E0E,0,0.15,0.1334515609475989,0.09650462,0.09185059612233602
ID_E39DED713E,1,0.15,0.20645817821599094,0.15447554,0.1544985794234694
ID_E3B19B0537,1,0.15,0.31078247649261287,0.3080641,0.2502020828754478
ID_E3C9622B36,0,0.15,0.05276864105737854,0.018367724,0.02709314531825694
ID_E3CB0BD92C,0,0.15,0.1286182920901701,0.032915212,0.0789152980272685
ID_E3DA64CA16,1,0.15,0.06668567753858688,0.09359039,0.11748512963052282
ID_E3E6E6EF8F,0,0.15,0.0326853306222188,0.034177028,0.05661081972597581
ID_E42D2E8C01,0,0.15,0.15296449749283467,0.08733656,0.10833463349583634
ID_E43900199F,0,0.15,0.07626698331874401,0.12225804,0.14395534932220744
ID_E43BE9CAB8,1,0.15,0.2681913836710378,0.3222884,0.355278317921828
ID_E449D65BAD,0,0.15,0.08515676777642313,0.32722294,0.28584610081470363
ID_E45172B3CF,0,0.15,0.1364576638038862,0.1384797,0.19827024077103403
ID_E455223402,0,0.15,0.03269190919529859,0.061424714,0.08069718880660195
ID_E46B360339,1,0.15,0.21279642816113675,0.33617654,0.3669111517611396
ID_E4731EF579,0,0.15,0.09122726590375635,0.012071743,0.03398668750668691
ID_E4819FD0F0,1,0.15,0.23609077469583226,0.75849444,0.5258421303997232
ID_E48BEB36D5,0,0.15,0.09520519301546249,0.08536373,0.06756798195624061
ID_E491ED24BE,0,0.15,0.034815003675946025,0.026353946,0.053387175172134316
ID_E496DD9E92,0,0.15,0.22952713664918126,0.32693222,0.25984405001117056
ID_E49FDD4605,0,0.15,0.31101682354420424,0.20868997,0.1673084837401195
ID_E4ACD7FF72,1,0.15,0.26349157759436687,0.41851434,0.44338116419395956
ID_E4B2A5DC69,0,0.15,0.26930284593722253,0.09775854,0.11587726693576189
ID_E4B96EA5F6,0,0.15,0.03519567066237582,0.08181286,0.12487169881574572
ID_E4BC5F941B,0,0.15,0.20534660887449535,0.060298357,0.09537729759211354
ID_E4C0E397FC,0,0.15,0.0968041905765189,0.1479654,0.14470893211856375
ID_E4D0E8E0D7,0,0.15,0.15747482705704438,0.37615255,0.2930978393289217
ID_E4D8D73D69,0,0.15,0.31081527748877047,0.33870688,0.2730649233498507
ID_E4D9DF3682,0,0.15,0.4599598077787014,0.27298802,0.19997162362936163
ID_E4DF3C020F,0,0.15,0.0002674251765141875,0.090374835,0.09809502025734058
ID_E4E264D1F4,0,0.15,0.037923849431344726,0.049680557,0.09331670711945203
ID_E4E3BB5772,0,0.15,0.12894712808938513,0.15152289,0.11068702686420621
ID_E4E60C3B21,0,0.15,0.14144034227043917,0.07896255,0.04756106991003497
ID_E4ED287405,0,0.15,0.07346698537021776,0.0400269,0.03762909126075064
ID_E4F62484F4,0,0.15,0.354895346058219,0.21145375,0.1289483071960947
ID_E4FBE8F80A,0,0.15,0.05922545794601255,0.019249381,0.03229321666858437
ID_E5024FF206,1,0.15,0.25924012486228637,0.37184218,0.3177365097819543
ID_E50C0B2D89,0,0.15,0.02806768792489333,0.04511986,0.08070164402433556
ID_E510BB93B2,0,0.15,0.08568474941861505,0.03593807,0.0654129106840274
ID_E512ACC7C3,0,0.15,0.2187851406080575,0.10323971,0.09153026330966214
ID_E512C0E6F2,0,0.15,0.04568308783333516,0.077271864,0.120479877329763
ID_E5195E58A2,0,0.15,0.06593367667961156,0.123519875,0.10277055937073679
ID_E5285D5599,0,0.15,0.13448928824837278,0.14094236,0.12919014993822636
ID_E529290B55,0,0.15,0.20047996365568857,0.14150424,0.1676138410422615
ID_E52B422BDB,0,0.15,0.22158507964883153,0.22391054,0.3256776252351508
ID_E52DEFAE60,0,0.15,0.04454935026248555,0.07301037,0.10256219915255778
ID_E542366D84,1,0.15,0.3472821490422438,0.6394697,0.6254754895188357
ID_E5551BCAAF,1,0.15,0.2578986652472289,0.33372846,0.33263124597140203
ID_E56B672483,0,0.15,0.062259691882581535,0.09056161,0.17312101409234248
ID_E56C561905,0,0.15,0.08385003343469168,0.09076453,0.1566192363481365
ID_E56D96539F,0,0.15,0.08573441588934669,0.074520156,0.06831940705026412
ID_E577B20DFC,0,0.15,0.022638826008433317,0.035229463,0.060206033941962216
ID_E57C0F6F54,1,0.15,0.1389165595998325,0.2679504,0.219472755139958
ID_E5800CF5B1,0,0.15,0.11188086229882435,0.05197481,0.11628919816934906
ID_E580432462,0,0.15,0.03390111278118001,0.032391287,0.041691890840548675
ID_E58A97159C,0,0.15,0.10629902356690497,0.13597494,0.19292318764183833
ID_E596F5F7F6,0,0.15,0.020769276034688998,0.021412129,0.03920712405820648
ID_E5A407656E,0,0.15,0.22990097431833864,0.09863907,0.12081904148188168
ID_E5AC1FAAFA,0,0.15,0.08848152098938447,0.04636317,0.06690900966760562
ID_E5AD0BED68,0,0.15,0.034645756438021404,0.09643245,0.1452190931967238
ID_E5B1F1B97B,0,0.15,0.14848717935056013,0.09378607,0.11266683523487395
ID_E5BA497944,0,0.15,0.09802325496896037,0.030218575,0.03417522535325594
ID_E5C7040904,0,0.15,0.09087599005975865,0.04436078,0.11887442403458562
ID_E5CA1204F7,0,0.15,0.14324245605591973,0.22140531,0.18816315432897027
ID_E5CF64DCE6,0,0.15,0.07363627547054187,0.050153222,0.10188573297740164
ID_E5D7FE1622,0,0.15,0.019846671342282324,0.028118871,0.03931602834499011
ID_E5D89442BC,0,0.15,0.1318555977034491,0.028304525,0.09703914383350604
ID_E5DE59DA70,0,0.15,0.05867081794558862,0.1458579,0.1331810397914088
ID_E5E5F979ED,0,0.15,0.26675628309605304,0.22768462,0.10343499593521215
ID_E5EC6DE012,0,0.15,0.07081970623986086,0.019721644,0.04356138032850127
ID_E5FD56EE38,0,0.15,0.12396854969467266,0.08603837,0.16166521502120668
ID_E5FF684C72,1,0.15,0.25298217854286553,0.4579838,0.44946457287728614
ID_E60134D5F1,0,0.15,0.2818349310742255,0.17566216,0.13053745580951676
ID_E608D282A8,0,0.15,0.09564923645582286,0.02758605,0.06688272621223393
ID_E60DE5701A,1,0.15,0.1156796065906757,0.11808367,0.14884162743682344
ID_E6114F3265,0,0.15,0.3006037526016065,0.055685263,0.09470041702746905
ID_E61ADCA3E5,0,0.15,0.23103989368428943,0.08151092,0.09386571391698544
ID_E620AE85B8,0,0.15,0.017093438007644905,0.008785044,0.03435862224404817
ID_E62353F2C2,0,0.15,0.0020452952671214907,0.07668195,0.09562819885783125
ID_E6427AEE5C,0,0.15,0.23106236283387688,0.27245837,0.23427094726263575
ID_E643F54DA0,0,0.15,0.33258187234062464,0.3718216,0.22901749197348112
ID_E64B76D086,0,0.15,0.07277814584847948,0.1668981,0.1366581858366712
ID_E64E01413F,1,0.15,0.4403802471116102,0.31969786,0.34847063480656015
ID_E65F218FDF,0,0.15,0.08553815392567259,0.06416525,0.11060184103449841
ID_E66381214C,0,0.15,0.3582897791538364,0.63434,0.4949723985992132
ID_E6650E5E65,0,0.15,0.19320406588163838,0.27589497,0.21726936163483293
ID_E669E43E4B,0,0.15,0.05526214886383423,0.014679427,0.033078713337485466
ID_E674B40418,1,0.15,0.29555255222315596,0.47887003,0.2863750108577056
ID_E677B36352,0,0.15,0.08180278657328913,0.059484493,0.14230749001729406
ID_E67BAA9A0A,0,0.15,0.03211693667739908,0.038618285,0.07361005766336068
ID_E67D682898,0,0.15,5.328727096844241e-05,0.04736261,0.11022442548478953
ID_E6801C0264,0,0.15,0.014460907848178136,0.09576708,0.14000829750485053
ID_E682CEB203,0,0.15,0.12896322846936678,0.20137633,0.21336351510799967
ID_E6849D2A30,0,0.15,0.1686705268946172,0.046062484,0.08363337646616828
ID_E6933CC8CB,0,0.15,0.10640280181444553,0.028061384,0.07471921555757072
ID_E69ACFFEFD,0,0.15,0.13431773978038378,0.093513824,0.1460318554677344
ID_E6A263D0BA,0,0.15,0.10233632687740883,0.12387143,0.10669098040780724
ID_E6AAF9FDE5,0,0.15,0.0003403778252102097,0.034926858,0.09292256354725831
ID_E6ACF59824,0,0.15,0.2903495240355952,0.29326305,0.19981517316622965
ID_E6AEA52FB0,0,0.15,0.1289814248896579,0.10808328,0.12429927465081266
ID_E6B3D0075D,0,0.15,0.15322861688405823,0.08002487,0.11832121590865562
ID_E6B517B2FB,0,0.15,0.005904296704074833,0.120555826,0.15656302588549212
ID_E6BB9F6570,0,0.15,0.08062045287265304,0.058431186,0.07851176159618917
ID_E6CF2FCD9F,0,0.15,0.02056325018761797,0.007057159,0.027479430132860274
ID_E6DF1D9872,0,0.15,0.11295559860463616,0.12768008,0.16710348493023278
ID_E6E4D4E6A7,0,0.15,0.2969701978786804,0.09310189,0.1037211224287514
ID_E6E6D6120A,0,0.15,0.11926878716376814,0.07024914,0.07650998637547675
ID_E6EAC3B5F4,1,0.15,0.347685348889903,0.41016623,0.4898362952990339
ID_E6F1E7B1C1,0,0.15,0.048332339079799405,0.02571111,0.051323111695263185
ID_E7001FAE51,0,0.15,0.2064498625877051,0.17743213,0.1582456929665755
ID_E70A1B3683,0,0.15,0.03335821571236125,0.012532469,0.034086460720847804
ID_E70BAEA9EB,0,0.15,0.16129411672872268,0.061515827,0.12071342761858116
ID_E70BD72F82,0,0.15,0.07813027026535821,0.009705983,0.02745346423015187
ID_E70BD9E7A0,1,0.15,0.24280746300745573,0.34495887,0.2543804854338745
ID_E70CE573A4,0,0.15,0.1927228230602575,0.4637634,0.24203189129758326
ID_E71D76C59C,1,0.15,0.08551873147725482,0.05239885,0.05007216266656783
ID_E72FCBAF4F,0,0.15,0.059508135577376935,0.029137718,0.055431339307245885
ID_E7335F2947,1,0.15,0.2705755288165899,0.33125377,0.350610286360476
ID_E735027623,0,0.15,0.19782442531724873,0.19961381,0.1819167241333399
ID_E7433FB081,0,0.15,0.3125709415969593,0.28703222,0.29441421690977276
ID_E7471F9764,1,0.15,0.10901721955609257,0.11815435,0.07371857921305001
ID_E74A43C40A,0,0.15,0.05179359996063914,0.07060813,0.10208273030767004
ID_E752961B96,0,0.15,0.05995387781888448,0.0702138,0.09611814321858159
ID_E75658AD4A,0,0.15,0.21275339835246265,0.027753275,0.0362874527206538
ID_E7676A861C,0,0.15,0.11818374976124174,0.16307779,0.21227716087735382
ID_E7749762E6,0,0.15,0.017448994687532866,0.021487908,0.04718413154694056
ID_E7764CCEEB,0,0.15,0.11600185613973983,0.07148133,0.11545469313748688
ID_E78B054605,0,0.15,0.1786770596403867,0.03280663,0.04983006723685908
ID_E78C1DE54A,0,0.15,0.2481231492037848,0.09146849,0.10208914255047663
ID_E78CDEFD41,0,0.15,0.11256535725913837,0.04364926,0.07846220670259708
ID_E78DE9D2BB,0,0.15,0.16164374714417554,0.10379209,0.1294369207337673
ID_E78DEF6E82,0,0.15,0.09673401006041736,0.058658727,0.0690141893046545
ID_E7AE3CA551,0,0.15,0.07241875285731397,0.09870031,0.12272089714471919
ID_E7B0E21F48,0,0.15,0.1608237687891873,0.24523082,0.2600191612776273
ID_E7D1ABB923,0,0.15,0.12105692037716097,0.07474695,0.05033973898595503
ID_E7EA4207DA,0,0.15,0.10821983364108007,0.06777318,0.08679770905856983
ID_E80243D45F,0,0.15,0.02247030362962045,0.12632968,0.12169976751457094
ID_E8029E2150,0,0.15,0.04122203105752943,0.020613937,0.048959090601869794
ID_E811A2499D,0,0.15,0.12588767565291442,0.049290344,0.0488782429138951
ID_E81AEF5AD7,0,0.15,0.04335263602374494,0.1799757,0.18796067870278754
ID_E81B26B6FC,0,0.15,0.1424996401462673,0.22224262,0.14028273891230228
ID_E82261D0EE,0,0.15,0.05695984984464718,0.03595376,0.054927712575742936
ID_E82FC7C9CA,0,0.15,0.06288203615041241,0.14689885,0.15232187514466047
ID_E8320A5810,0,0.15,0.19682950850800757,0.11897085,0.13896902511923484
ID_E84AE45284,0,0.15,0.0963510225247188,0.15483527,0.17081083260952729
ID_E84EEE5D6C,0,0.15,0.061937545205791006,0.03796832,0.038966543934042086
ID_E858FED719,0,0.15,0.14142473696337554,0.04490112,0.08856785380069543
ID_E85E480158,0,0.15,0.03536059060790729,0.07233201,0.07553958372146026
ID_E85E7C7766,0,0.15,0.05229571911573962,0.013254023,0.03387638481176686
ID_E867B7E964,0,0.15,0.018375154791019234,0.020572407,0.04160417314587552
ID_E87A67B177,0,0.15,0.06889813277443745,0.02396749,0.07277479244196935
ID_E886C7CFBE,0,0.15,0.09910205788891438,0.059126295,0.07484264086239455
ID_E8906EF474,0,0.15,0.04168219102882127,0.073997825,0.149371085190619
ID_E89294F6B8,0,0.15,0.12806159584118548,0.124675415,0.10793876172334706
ID_E8970C483E,0,0.15,0.06806953355615548,0.14920968,0.11839875477647602
ID_E897F77775,0,0.15,0.09605492501432569,0.0835611,0.14142430462774877
ID_E89C17E3CB,0,0.15,0.17575430323328223,0.051897693,0.13036074716526805
ID_E89DA0244E,0,0.15,0.14198950195365936,0.04083656,0.08537966656147833
ID_E8A1EB265D,1,0.15,0.2690458673127611,0.27298808,0.22444605129987386
ID_E8AE8819CB,0,0.15,0.12544015663863703,0.08537151,0.1308686706495454
ID_E8B08DE985,0,0.15,0.20855395514288233,0.06151264,0.09036432924770285
ID_E8D237CF45,0,0.15,0.18218905379974135,0.06145169,0.11349642278801282
ID_E8DE8A0FC4,0,0.15,0.13632295933446617,0.27448708,0.25029514683623416
ID_E8EC4AF666,0,0.15,0.25745538172183385,0.16111933,0.14182847238676588
ID_E8F8DB0E5B,0,0.15,0.03858787839224209,0.02788544,0.07507838291022079
ID_E90191F51B,1,0.15,0.16497238844052767,0.4377061,0.4946592110060217
ID_E9082F59FE,0,0.15,0.17388139954008472,0.066694856,0.07768419926351433
ID_E918C9F071,0,0.15,0.111580830179327,0.02226036,0.040002457659055954
ID_E923958120,0,0.15,0.08604404341048155,0.12198029,0.14112056340509735
ID_E935CA2AAF,0,0.15,0.11386131141262719,0.15531732,0.14213016537153875
ID_E938F70D6A,0,0.15,0.09599198846350264,0.042094637,0.07200604171108098
ID_E94377964B,0,0.15,0.054513702556299934,0.10249253,0.06481299581638797
ID_E94E7F5146,0,0.15,0.08269835250763137,0.069748655,0.11444813588560412
ID_E95BBFCF11,0,0.15,0.15557779392366647,0.07396569,0.0616345556195086
ID_E960E8C275,0,0.15,0.4055005771964439,0.483032,0.4942236606991077
ID_E961A66E56,1,0.15,0.22248348927865352,0.18280773,0.2269415392896469
ID_E9625A6DD3,0,0.15,0.09414786491490551,0.17382634,0.11872496808629178
ID_E978DFCD0F,0,0.15,0.20225590785043765,0.09979329,0.0960437377331125
ID_E97A89A1C3,0,0.15,0.04467153980587674,0.014879493,0.04088151278019785
ID_E98D05DA09,1,0.15,0.8747277006069346,0.477187,0.4181876735708897
ID_E9905C1340,0,0.15,0.3076110524746591,0.15043518,0.14373073301046238
ID_E997164CEB,0,0.15,0.23336140125792687,0.3983747,0.3408679738618774
ID_E999EF4116,0,0.15,0.06938623007572867,0.051285848,0.07123578912000032
ID_E9A0289983,0,0.15,0.17332323287499674,0.025238749,0.0740548618402199
ID_E9ACBDDDFE,1,0.15,0.22102689594717115,0.67447156,0.3342885152570954
ID_E9B0ADA90C,0,0.15,0.2594694251400066,0.07663432,0.06275070402729488
ID_E9BF953082,0,0.15,0.07061762351931088,0.15038854,0.1299649622117628
ID_E9C27562E1,1,0.15,0.49949167355914853,0.6504461,0.4025234812843363
ID_E9C3D8CC1D,0,0.15,0.14782179691103842,0.108247906,0.11124695796621246
ID_E9C617E544,0,0.15,0.20747155981980725,0.28993577,0.2161729423657706
ID_E9CB41148F,0,0.15,0.2424878286293046,0.3072054,0.27521098344380107
ID_E9D2D47685,0,0.15,0.08989618574662567,0.09993084,0.11948603542772991
ID_E9D34C0402,0,0.15,0.054412065421696194,0.037251227,0.05728973792747116
ID_E9D458DEC5,0,0.15,0.19939246507498923,0.07901023,0.09132529831774594
ID_E9DDA5045B,0,0.15,0.14730093943350486,0.12434833,0.18260141388194692
ID_E9EA6917C4,0,0.15,0.12750004369537382,0.085879765,0.1304073118082091
ID_E9EF9250A9,1,0.15,0.23729328203881564,0.11813934,0.11241456759430273
ID_E9F00400F6,0,0.15,0.13636220700557042,0.04419799,0.06591531618556866
ID_E9F1F5862E,1,0.15,0.30260353548176355,0.57274044,0.4547315234684055
ID_E9F5337D58,0,0.15,0.08204564255344499,0.08428672,0.15492685996977135
ID_E9FE056D6A,0,0.15,0.12190596156599054,0.06841495,0.09527681325351525
ID_E9FF9D866E,0,0.15,0.07427989674227188,0.14808434,0.1504204026846122
ID_EA0485D898,0,0.15,0.28556449527051003,0.17216639,0.18960004379326673
ID_EA2422696A,0,0.15,0.22609005973690657,0.100363925,0.09177336377247562
ID_EA24B32952,0,0.15,0.0519505884244717,0.030509759,0.06002148829984434
ID_EA2AE5856B,1,0.15,0.065057344623774,0.4525999,0.3273530988368282
ID_EA2E6F0D52,0,0.15,0.19044853605373405,0.072288826,0.07987934691266255
ID_EA31377843,0,0.15,0.05567886730049916,0.09415389,0.10247911929701836
ID_EA328D5EE2,0,0.15,0.163162941175925,0.11142402,0.18998162074051841
ID_EA37D3BF0D,0,0.15,0.17405184036389168,0.12194009,0.12030040247997897
ID_EA3B918116,0,0.15,0.2574749293294217,0.23162554,0.24982434499887185
ID_EA6915B10E,0,0.15,0.17956838463553465,0.26007998,0.28221248527988047
ID_EA8426FB7E,0,0.15,0.09602822729403408,0.084182315,0.16909345815709553
ID_EA845A4294,0,0.15,0.25568985059237587,0.16907384,0.1825416954710848
ID_EA8AC3D796,0,0.15,0.11383612856470793,0.06531695,0.10062125130642274
ID_EA91F2DEC9,0,0.15,0.06874015638660486,0.08171696,0.0693845653606992
ID_EA9314C51D,0,0.15,0.05233395881647877,0.11746776,0.13542963292858853
ID_EA94657642,1,0.15,0.33327386038610324,0.73458236,0.537733104062444
ID_EA99F182CF,0,0.15,0.6224519345151306,0.40765396,0.37926292313000426
ID_EA9A158A2A,0,0.15,0.04327809670729673,0.20516236,0.1683270978590091
ID_EAA4CFF6C0,0,0.15,0.1888522491183125,0.09073232,0.11559095305110992
ID_EAAA6D6040,0,0.15,0.09444038151511726,0.12046228,0.09079171187708764
ID_EAAE1B40DB,0,0.15,0.07987615585786129,0.029167982,0.05732440981546678
ID_EAAEBAABBF,1,0.15,0.34613854440046304,0.90575105,0.8270650559801018
ID_EAB0745249,0,0.15,0.007892882891999508,0.10770406,0.1112080945260349
ID_EAB5262C39,0,0.15,0.1868911235619848,0.14532913,0.20764338897929327
ID_EACB6788DA,0,0.15,0.06683858666266898,0.04041585,0.060935899059699546
ID_EAD54AC972,0,0.15,0.09850380922385606,0.050442565,0.09466877837157858
ID_EAD99F8648,0,0.15,0.16084360348730267,0.08053785,0.0800494976302773
ID_EAE1630E40,1,0.15,0.11622228061963447,0.27032426,0.28435813711503216
ID_EAE72E6B2E,1,0.15,0.36636007154629174,0.6049053,0.5068721588854231
ID_EAEAFED17A,0,0.15,0.061619048292482485,0.16067636,0.150005314676038
ID_EAF0FE58BB,0,0.15,0.13904699324888883,0.044492856,0.05376458579915393
ID_EB047FA174,0,0.15,0.1373309967214877,0.16649069,0.19381629611692638
ID_EB0D6DE030,0,0.15,0.09487908914464223,0.08340092,0.12009916116246681
ID_EB106D9A95,0,0.15,0.18309369420667573,0.1617663,0.17423833869035185
ID_EB197853AA,0,0.15,0.06479058717918369,0.10832701,0.09638156608442833
ID_EB2082A95B,0,0.15,0.17085448982449766,0.043142173,0.06877940455673219
ID_EB2C8ABA6C,0,0.15,0.19248512135776216,0.1783703,0.13211452401937074
ID_EB370BDAA7,0,0.15,0.10844852485363056,0.033933062,0.070338200549344
ID_EB471C928A,0,0.15,0.27994463892766985,0.19039325,0.19477758832746436
ID_EB62B1E980,0,0.15,0.05200655808580855,0.1336096,0.12709857965419674
ID_EB6335F1DE,0,0.15,0.28628227411091306,0.10257777,0.11530842052354599
ID_EB71F76726,0,0.15,0.14853290536198377,0.041508548,0.044996184365073744
ID_EB7BB34BC5,0,0.15,0.036971320528174444,0.05337586,0.05951129553544904
ID_EB7F852C8E,0,0.15,0.08771139892842278,0.044607207,0.06972686168092994
ID_EB8358BFD0,0,0.15,0.04611626513097734,0.0689512,0.07221372694066137
ID_EB95CEE3AC,0,0.15,0.6516918606958173,0.148229,0.16489598190781407
ID_EBA0BB3343,0,0.15,0.20402087819086545,0.11443241,0.19687396810193467
ID_EBA3067588,0,0.15,0.06745133594707044,0.088893875,0.1123081346246059
ID_EBAF9E7219,0,0.15,0.4874043489167518,0.33497325,0.31579114797020263
ID_EBB0D8F4EA,0,0.15,0.06384126149580054,0.044604525,0.06080902855398219
ID_EBB3D875FD,0,0.15,0.05227012363367699,0.029665776,0.039454771266441604
ID_EBBEBFAC5A,1,0.15,0.6371685547784819,0.7000584,0.5270759059844736
ID_EBC940B480,1,0.15,0.2674970458617799,0.2082124,0.19403493570848246
ID_EBCD88E03E,0,0.15,0.0828849072402007,0.06844697,0.08893530789557046
ID_EBD15B127F,0,0.15,0.05218659241195176,0.026081808,0.046894110070665115
ID_EBD5EB7C91,0,0.15,0.06375559479228254,0.29051924,0.2577823924073263
ID_EBDA480831,0,0.15,0.09261720148335617,0.10096247,0.15534979112256442
ID_EBECBB7A3C,0,0.15,0.06229357163727993,0.01813802,0.0396559089126572
ID_EBED7C6556,0,0.15,0.1947861569226431,0.21076277,0.166748062466589
ID_EBFE6A3CAC,0,0.15,0.10670385403378659,0.03766753,0.07324191150005321
ID_EC08C5FEDD,0,0.15,0.056212338842418795,0.055580042,0.06446245374861759
ID_EC0915B4B1,0,0.15,0.013219600857884048,0.190517,0.14562447362030215
ID_EC0CDF171B,0,0.15,0.16212108989591592,0.13620584,0.15181673224710665
ID_EC0E38D0B0,1,0.15,0.19281753075429578,0.5329813,0.45583995827571966
ID_EC2418EE37,0,0.15,0.03322257741421362,0.005760276,0.024681168919991527
ID_EC2CDE6D77,0,0.15,0.023480521783565324,0.06440631,0.09176917045006999
ID_EC33B84087,0,0.15,0.11474301188936144,0.116966106,0.11662603278674478
ID_EC387C73E8,0,0.15,0.004683568279919782,0.083714835,0.09589476424832696
ID_EC3E4E2C13,0,0.15,0.20616790375848495,0.1512508,0.11665397616011776
ID_EC436BB79A,0,0.15,0.09417955791156571,0.049674682,0.10993371465710071
ID_EC4DA83D99,0,0.15,0.0773567968516425,0.07490613,0.09536746212606435
ID_EC54C22CB3,0,0.15,0.10440689218036472,0.12412012,0.12314690751661214
ID_EC591C0775,0,0.15,0.04924192095732534,0.065541014,0.10487260243467415
ID_EC5ACD33D5,0,0.15,0.3290799218035557,0.18343022,0.17586310219715404
ID_EC5B4721A1,0,0.15,0.1312736783184422,0.07236734,0.1716423021672871
ID_EC61AE23D6,0,0.15,0.01918806862247068,0.09053085,0.08457680299375456
ID_EC6C28290D,0,0.15,0.28689719994207286,0.18721527,0.19334515019335427
ID_EC72706D38,0,0.15,0.1162720949801143,0.08512245,0.08921698376679987
ID_EC7E54EAD6,0,0.15,0.16320062849558456,0.2667221,0.2758617851482538
ID_EC828D3750,0,0.15,0.038841102741278506,0.09436625,0.0737829675206959
ID_EC8AF1457C,1,0.15,0.200185870533302,0.055802,0.0755149857843366
ID_EC8D09A662,0,0.15,0.4231016206802021,0.37132883,0.32945092096927275
ID_EC8F3D1D5C,0,0.15,0.3073365881548864,0.14581628,0.14198734181456807
ID_EC9781ECF1,1,0.15,0.38289287705144415,0.40003067,0.2889490692908322
ID_EC99A47F35,0,0.15,0.19812754438918448,0.18708079,0.16736301751507007
ID_EC9BDD5FE4,0,0.15,0.029680417025506573,0.2150344,0.14886819476465643
ID_ECA49AB14A,0,0.15,0.19067378161935047,0.12428581,0.19448419433110162
ID_ECB66AA7C9,0,0.15,0.01634671131483958,0.050237313,0.07867604729634814
ID_ECB6AF827F,0,0.15,0.0020308623628818617,0.16892077,0.18060016595662923
ID_ECBDB44F1F,0,0.15,0.07310932565489374,0.022333568,0.04572732179525911
ID_ECC0EB365A,0,0.15,0.12060964713887537,0.03973071,0.10216764997395568
ID_ECC2C4815D,0,0.15,0.13496788127645037,0.25360084,0.22811241831304524
ID_ECDC18DDCF,1,0.15,0.24175559254874368,0.22810826,0.15301611108531402
ID_ECE720D60E,0,0.15,0.049205947958355006,0.037754398,0.027078216941242118
ID_ECECBDE9A2,0,0.15,0.08713417956831625,0.09560322,0.08491332136751369
ID_ECF91F575F,0,0.15,0.2433022023628814,0.5191652,0.49597899683659663
ID_ECFDAB8498,0,0.15,0.14213326189875375,0.04122228,0.1001159096168917
ID_ED08C231FC,0,0.15,0.13365552479766865,0.046716623,0.0754331284530559
ID_ED0E2099EA,0,0.15,0.18849028964506462,0.1613433,0.19634867790330748
ID_ED12EF7B2D,0,0.15,0.024671250313810053,0.015485033,0.04192081929885635
ID_ED27E6E8C4,0,0.15,0.12005116381762324,0.114190355,0.12184607905492058
ID_ED34DB2745,0,0.15,0.06806848291999419,0.07807899,0.09180231838264892
ID_ED371295DD,0,0.15,0.04738357163021522,0.04001151,0.08880217416324558
ID_ED3DA0F116,0,0.15,0.061889467589938095,0.12927727,0.17042600755620954
ID_ED42625657,0,0.15,0.26070816732418844,0.109712176,0.13388926434557244
ID_ED49EDFB25,0,0.15,0.23191084692647426,0.20528711,0.1753976307397118
ID_ED4ACC875A,0,0.15,0.0100846252305663,0.050850414,0.07620559734797085
ID_ED4B2706BE,0,0.15,0.10089690190501056,0.013345017,0.04645395064738042
ID_ED55C9FB57,0,0.15,0.0014419066849729702,0.06685189,0.11372935896700488
ID_ED96135A25,0,0.15,0.03571759647191522,0.037670314,0.08619760590580762
ID_EDAEA0C612,0,0.15,0.1878922589677234,0.6026236,0.36843433530551584
ID_EDB39D22CB,0,0.15,0.07437181961717709,0.14446536,0.19732754579625364
ID_EDB5A1FC4D,0,0.15,0.11923596298252223,0.051030755,0.05536445018376637
ID_EDCD46E9E8,0,0.15,0.0691948498080186,0.028311247,0.044918717375563785
ID_EDCF00CE9A,0,0.15,0.05167995651244359,0.01286399,0.042732977576738065
ID_EDD4768B40,0,0.15,0.10272426703382241,0.1221633,0.13484022003155013
ID_EDE9D6A9DE,0,0.15,0.12789379344816534,0.119770594,0.18577143020000303
ID_EDF5A86460,0,0.15,0.31220414034959465,0.08212514,0.11735587426831301
ID_EDF817CA89,0,0.15,0.062197875833816176,0.017044822,0.05264178254669727
ID_EDF94D0923,0,0.15,0.1641909493785303,0.033698034,0.06018970883980668
ID_EE025BF2BA,0,0.15,0.06877757983972942,0.08642163,0.12831388705641844
ID_EE06408987,0,0.15,0.05112196158569667,0.062951945,0.07894650276341882
ID_EE0C333EA2,0,0.15,0.04159954095504562,0.15821564,0.12370105012686879
ID_EE0C517CC8,0,0.15,0.0009865894043732727,0.05674185,0.07836856826523377
ID_EE0DD8D77C,0,0.15,0.17353270479282745,0.14565231,0.1293400802674657
ID_EE1DAFA62D,0,0.15,0.01436580545753911,0.019343244,0.04460822458719763
ID_EE263EE341,0,0.15,0.17387353794901295,0.07916876,0.11807213043681371
ID_EE3588EB7F,0,0.15,0.07591982461457923,0.12568337,0.14957740655809645
ID_EE42543894,0,0.15,0.12094730005328054,0.07590874,0.09476219355021344
ID_EE450D54A3,0,0.15,0.08833985050118141,0.16857937,0.17800482842499796
ID_EE455517DE,0,0.15,0.06023707199176635,0.06162282,0.09285789393131696
ID_EE642C95A2,0,0.15,0.7825027455939249,0.21790214,0.16800392174561096
ID_EE6D3225FC,0,0.15,0.04174837479535007,0.14214279,0.19584782530722822
ID_EE70814943,0,0.15,0.07561146614771766,0.09094608,0.07152734535091522
ID_EE763B86F9,0,0.15,0.1315722710678333,0.070874065,0.07877986310078457
ID_EE821834FE,1,0.15,0.04062512557562535,0.19105738,0.16045334938540803
ID_EE821DFDF0,1,0.15,0.2543551349806571,0.11476437,0.25037552119776074
ID_EE845C5F21,0,0.15,0.1528970208164677,0.040357042,0.06492370577341677
ID_EE8A16D74F,0,0.15,0.1617326119256776,0.15464932,0.13089328339782208
ID_EE8F900661,0,0.15,0.13462862828195302,0.08801931,0.13045780081836322
ID_EE9694ECA2,1,0.15,0.26128177657326024,0.11756558,0.14383282988645935
ID_EE98EEF1B7,0,0.15,0.7774692991209359,0.17278695,0.20635278558693496
ID_EEAB744F1D,0,0.15,0.18231160346814118,0.10519238,0.11122746057122876
ID_EEBC3A8DAA,0,0.15,0.21247908554411404,0.2813367,0.2699324954548149
ID_EEC758F308,0,0.15,0.03001954776521143,0.013736027,0.03299760467394462
ID_EED3CF80D8,0,0.15,0.002632148366165108,0.0069017136,0.029171036249214712
ID_EED728E3BB,0,0.15,0.03619020621828538,0.067094386,0.08225464398995679
ID_EEDBB97293,0,0.15,0.0695816534504335,0.08428838,0.13852324881014128
ID_EEE3C4148C,0,0.15,0.04124096825299957,0.03458694,0.053719787563562924
ID_EEE7DE3A07,1,0.15,0.9186448771221783,0.34070703,0.36714777757769346
ID_EEF2DD1FFA,0,0.15,0.8230331835474357,0.39322037,0.2969495449700188
ID_EEFDC37AA0,0,0.15,0.07645874085021505,0.036908768,0.0593327173585575
ID_EF0080343F,0,0.15,0.17047816473815394,0.34543422,0.3168959198213313
ID_EF02C700C5,1,0.15,0.3248421538293307,0.4062789,0.2972428149170978
ID_EF0415019C,0,0.15,0.12186691425517353,0.03104318,0.04773504338316017
ID_EF12EFD850,0,0.15,0.06113972949401867,0.036346707,0.062222411102963726
ID_EF149D6E74,0,0.15,0.04696293915154625,0.027014947,0.04851493560030018
ID_EF2050C8C3,0,0.15,0.17958307097280413,0.07042736,0.0957547755931091
ID_EF22CF0512,0,0.15,0.07246403150427036,0.05019332,0.07897978939951167
ID_EF2DC4CB5C,0,0.15,0.08533367375139421,0.04258227,0.05823054432999593
ID_EF3B371885,0,0.15,0.0839046370923934,0.036505613,0.05882503583663377
ID_EF42432C5C,0,0.15,0.06419318372796157,0.016130911,0.041562705109640795
ID_EF42CF9323,0,0.15,0.2168587473977769,0.1408105,0.18798257248634717
ID_EF4A12C7B6,0,0.15,0.07704140777395001,0.08253009,0.10012855707727292
ID_EF4A4B1094,0,0.15,0.030008488706946203,0.07735321,0.06220757700499637
ID_EF4D84D264,0,0.15,0.1256072656946138,0.22476006,0.2303316223209362
ID_EF5153BE0C,0,0.15,0.07531027870235603,0.0072397934,0.023331738495454404
ID_EF53C48A4D,0,0.15,0.10294323637128071,0.032855883,0.10022068336723727
ID_EF5755037F,0,0.15,0.131843960364848,0.17144686,0.14970586218205564
ID_EF5B6D237D,0,0.15,0.07376822923208794,0.09704988,0.11123689307028664
ID_EF600B5D28,0,0.15,0.002286245683136161,0.049274884,0.0810352639735043
ID_EF6E5F025E,0,0.15,0.08154719702533499,0.09883173,0.10419544178079905
ID_EF706E08AB,0,0.15,0.04402173902789067,0.016426576,0.05678645652360437
ID_EF89B5E033,0,0.15,0.010487709406682363,0.0797421,0.10915555028226674
ID_EF89DC409B,0,0.15,0.10761887784424397,0.07518451,0.10456828792898039
ID_EF9A2EEF9E,1,0.15,0.6337914747281743,0.3070613,0.26035991238559175
ID_EFAA8468CB,0,0.15,0.14221920689977524,0.11495579,0.12287790413103983
ID_EFADF68F0C,0,0.15,0.06620520439633906,0.02769908,0.068138015694498
ID_EFB509C848,0,0.15,0.046716466996181705,0.039989736,0.06585696785228586
ID_EFE36266BD,0,0.15,0.21675582072188446,0.054667152,0.07426265660268691
ID_EFFEDCA811,0,0.15,0.15365623543134208,0.08773429,0.19309854526361034
ID_F006BCED6A,0,0.15,0.13452753824885613,0.1554296,0.15734494349372508
ID_F01B282380,0,0.15,0.010003340821677557,0.072513975,0.08837093507395812
ID_F01C35DD5D,0,0.15,0.18008916653629395,0.26194936,0.27201470633012814
ID_F023137A0A,0,0.15,0.17979601970688347,0.17480329,0.15089454710951958
ID_F02C047305,0,0.15,0.1410224595130544,0.111722715,0.1352999866719824
ID_F0317A0D94,0,0.15,0.17709769432834985,0.22898832,0.15940483861392693
ID_F044EA170F,1,0.15,0.2686832065142533,0.34894633,0.28119764770955485
ID_F048BA26D3,0,0.15,0.05231775109338377,0.06717115,0.09877588750415171
ID_F0498056D8,0,0.15,0.004457675645581426,0.017396715,0.04306752381119651
ID_F051295921,0,0.15,0.18914071605542315,0.32746455,0.28668901270164177
ID_F066507D62,0,0.15,0.02952217341737986,0.0896392,0.08480885785121989
ID_F066D75EFF,0,0.15,0.12287818830110854,0.11106494,0.13817651030748102
ID_F06965EEAD,0,0.15,0.2670773137468617,0.118612096,0.1657143114792851
ID_F0738A2D3F,0,0.15,0.03346404213094818,0.012827806,0.037704809990326923
ID_F0748CE062,0,0.15,0.00031617882668832887,0.053313885,0.09650947659085127
ID_F0761CCBA2,0,0.15,0.1643737496163944,0.115105085,0.14393702052099733
ID_F07650A919,0,0.15,0.06290208883328778,0.032593105,0.07084562069212841
ID_F07AA1F540,0,0.15,0.2672547173761932,0.12842818,0.17627630674543052
ID_F082EA35EB,0,0.15,0.10063740241706458,0.14819089,0.1388148770993374
ID_F0921054DF,1,0.15,0.15778905784984712,0.18310218,0.12935931632338044
ID_F096299764,0,0.15,0.43233576673289864,0.05945559,0.0959657584569136
ID_F097D25681,1,0.15,0.23593414254075085,0.15822773,0.18353502181066406
ID_F09E71C06B,0,0.15,0.05908990783520371,0.14285882,0.19227328927949233
ID_F0A20A8590,0,0.15,0.1685634266814598,0.22311263,0.21320818169682365
ID_F0A9B4F7F2,0,0.15,0.2342557976405229,0.19333732,0.2753183309494425
ID_F0AB5FD67B,0,0.15,0.1006463110516025,0.16970778,0.11498014611263692
ID_F0B51A59F5,0,0.15,0.017015241983820713,0.04713557,0.06451930304290092
ID_F0B7FBC39B,0,0.15,0.4847311028118837,0.36644813,0.3327481214607594
ID_F0DB552B55,0,0.15,0.07488590641924016,0.07267734,0.08776521128971448
ID_F0E443B886,0,0.15,0.09089403267745692,0.04591,0.074561506299434
ID_F0E828E8FA,0,0.15,0.09868386676722864,0.026709463,0.06687071196189172
ID_F0EC25FF46,0,0.15,0.16423527030693352,0.16867185,0.16014021031321074
ID_F0ED65C992,0,0.15,0.025997834992364077,0.009785719,0.02971259481044083
ID_F0F0F6F0CC,0,0.15,0.05486589058716823,0.2588278,0.21276453545719262
ID_F0FB3AA9BD,0,0.15,0.12124519835719075,0.06255329,0.07571094885718564
ID_F1074BE618,0,0.15,0.12365939284126674,0.07042353,0.14028903626133926
ID_F1148FBF7C,0,0.15,0.10561903561446748,0.008017236,0.028493914757648692
ID_F11BB92DF1,0,0.15,0.07430795810181844,0.118077695,0.08214509928695185
ID_F11BFA57CB,0,0.15,0.1335502642319684,0.034463257,0.052612476455444264
ID_F11C0597D2,0,0.15,0.07242254774306381,0.09146994,0.13495944476669025
ID_F1228DC6CB,0,0.15,0.18171856486218174,0.1819975,0.12613054657241193
ID_F12601B522,0,0.15,0.14426450009451808,0.14240608,0.15170932562806175
ID_F12E557900,0,0.15,0.16369282685373954,0.08406833,0.12313689530007904
ID_F130AD3EC5,0,0.15,0.14553203834223155,0.084315136,0.10066817301982361
ID_F13111E2A8,0,0.15,0.34783565522136733,0.12214563,0.1443182204994289
ID_F13C380868,0,0.15,0.14324582745626097,0.17711954,0.2048624919647615
ID_F1425C784A,0,0.15,0.010657055676068207,0.045824118,0.06465822522377647
ID_F1562B6B3B,1,0.15,0.3284148570591598,0.33869797,0.20632903241467573
ID_F1625E2AEC,0,0.15,0.03528169075001694,0.02469526,0.03695735994881225
ID_F16444A531,0,0.15,0.14540608897893698,0.09403961,0.0686121687427628
ID_F164F19B5E,0,0.15,0.16955096878078688,0.09481254,0.11279270592280934
ID_F16A74422A,0,0.15,0.254522274824662,0.33866653,0.3169441014253409
ID_F17108CACF,0,0.15,0.12405454035491248,0.29384476,0.29621171943615976
ID_F17162DA87,0,0.15,0.21214939647833447,0.3738229,0.2527259816846837
ID_F17327C602,0,0.15,0.057475116438359515,0.04284888,0.08810523236001527
ID_F175113223,0,0.15,0.04435377885856953,0.15762293,0.2609729274662646
ID_F17CCB92F4,0,0.15,0.10917674147185219,0.035202205,0.08515055075004227
ID_F17FED76F0,0,0.15,0.17859931138934051,0.07344954,0.09066602537370412
ID_F18733645D,1,0.15,0.07987521546405178,0.07717252,0.08968725339639462
ID_F1922D690E,0,0.15,0.11931007674618344,0.055640444,0.10904880697819673
ID_F195E4634F,1,0.15,0.11216706344725556,0.038960766,0.057162045313408655
ID_F1A144FA2C,0,0.15,0.0420294552974536,0.057430174,0.06470794596353838
ID_F1A32CCA7C,0,0.15,0.2009371512185214,0.07953278,0.13819253414005714
ID_F1A574A3BC,0,0.15,0.24674015891762885,0.3445848,0.2824386226788262
ID_F1ADAE542F,1,0.15,0.1442536104436704,0.28164786,0.23065832206356265
ID_F1BA939774,0,0.15,0.16426365781065277,0.095302194,0.09606679494407308
ID_F1C5566F81,0,0.15,0.020899605242077464,0.022362122,0.046844940812854646
ID_F1D1A03750,0,0.15,0.05716979533537149,0.026559135,0.05429513739620917
ID_F1D2469B00,0,0.15,0.16551565406867924,0.1049087,0.1521441056777316
ID_F1D3EDA8D4,0,0.15,0.14891353242823388,0.05948154,0.09748129314416407
ID_F1DEA10E9B,0,0.15,0.0543017124738198,0.042740747,0.07387982437625301
ID_F1E39D3613,0,0.15,0.05870793320715237,0.008888057,0.02847854444607327
ID_F1EA583464,0,0.15,0.10207574701169111,0.04052432,0.04994156932612553
ID_F1EBF90016,0,0.15,0.10874348449662127,0.1655056,0.1793900448448137
ID_F1EF20CC02,0,0.15,0.06069067837567151,0.06652772,0.1138897748772499
ID_F1F61277B3,0,0.15,0.12487545393071624,0.07925849,0.0885956218759087
ID_F1F9BD1B26,0,0.15,0.13676335757829447,0.048868358,0.0970067268215068
ID_F1F9F52FED,0,0.15,0.14944895682982692,0.04181598,0.08070607495373885
ID_F20FA0F365,0,0.15,0.17848480631095812,0.30310464,0.25997257264061396
ID_F21F02C26C,0,0.15,0.15383707401932298,0.18987463,0.13998409827766806
ID_F2263850B1,0,0.15,0.14938266097064593,0.04010916,0.0991984654763192
ID_F2299F9BD6,0,0.15,0.09303919903261235,0.31544757,0.2005864218305404
ID_F22CCFAE9A,0,0.15,0.07763147475929141,0.03214115,0.04771739001920941
ID_F23C66A892,0,0.15,0.09779844092300562,0.015577439,0.03851690369637401
ID_F23D0FBD0E,0,0.15,0.12083816468055553,0.14697976,0.09273965498007176
ID_F23F10FD3C,0,0.15,0.13482230483516364,0.047576852,0.08759891431915647
ID_F24818AF6D,0,0.15,0.10405921175023623,0.056425884,0.07739680372546492
ID_F25DFC416D,0,0.15,0.1707077063419672,0.0508738,0.05700634132492624
ID_F2611FBB54,0,0.15,0.046991464759983316,0.016972585,0.040861834140578986
ID_F267C404FB,0,0.15,0.07791291692334591,0.22035438,0.1990822031212901
ID_F26FC5266E,0,0.15,0.1379866806669064,0.0907527,0.11409610699182089
ID_F276A72BAA,0,0.15,0.15494628566713484,0.031788196,0.04923473176208316
ID_F27DDAD343,0,0.15,0.12146427698761798,0.040047303,0.0668763799090988
ID_F2800C4B08,1,0.15,0.26933567920117846,0.13974306,0.2520408293381916
ID_F2846F1DE6,0,0.15,0.12644946903287932,0.077440545,0.08661924093044607
ID_F2905794B7,0,0.15,0.20206536542679235,0.08346093,0.0950153811343344
ID_F29A116A2D,0,0.15,0.4155770908677619,0.36654904,0.2367789970415569
ID_F2A306D2E9,1,0.15,0.00705499614359121,0.09644116,0.11237222927170111
ID_F2A67355E4,0,0.15,0.30975780952847237,0.33957094,0.3061712523572345
ID_F2AF5DBADF,0,0.15,0.1286680646284319,0.39350447,0.33310054870947
ID_F2B0AB4DA2,0,0.15,0.08057659444447757,0.04274703,0.08816964459776905
ID_F2C710E79F,0,0.15,0.10986943167615769,0.032479487,0.061677135278741094
ID_F2CE58E8CB,0,0.15,0.09170409350738036,0.01571108,0.05859296739479219
ID_F2CEEE8071,0,0.15,0.11291842786692305,0.13102758,0.12827232382342782
ID_F2D099E6C1,0,0.15,0.09104012601937878,0.029499995,0.05046430528862284
ID_F2D384CC22,0,0.15,0.11324884141824293,0.13149455,0.10066840682604673
ID_F2E21DA564,1,0.15,0.06342940234441183,0.032413494,0.07786572490809583
ID_F2E747357C,0,0.15,0.15496033168056014,0.16772634,0.20510226164534426
ID_F2EEB7E80F,0,0.15,0.07885033794157983,0.040486716,0.07401350391784568
ID_F2EF654BBC,0,0.15,0.19930911954860817,0.51143456,0.36600324709312276
ID_F30A3DC98A,0,0.15,0.11284770469469234,0.02802103,0.056110551910787114
ID_F31090457B,0,0.15,0.11005721229342258,0.12300987,0.1717687514467046
ID_F310D41429,0,0.15,0.25519072587868147,0.17588067,0.17386441660055638
ID_F318EC9CA0,0,0.15,0.18093245030099508,0.08137041,0.18643471490355476
ID_F32294D453,0,0.15,0.11102094359565005,0.040794354,0.038015184973864816
ID_F325280BF2,0,0.15,0.11822941907540281,0.19715403,0.1454747979575892
ID_F32539FAE2,0,0.15,0.06587387310028167,0.16416535,0.1250640784478345
ID_F326F0A2F7,0,0.15,0.07482616195646619,0.12050226,0.12858321720333377
ID_F33E0A584F,0,0.15,0.08489509504225096,0.18404165,0.13668467373987306
ID_F34386258B,0,0.15,0.22600615312549374,0.095741384,0.12071068253924458
ID_F344B159F2,0,0.15,0.08052777893923035,0.1266948,0.09029837624722006
ID_F344C96F5D,0,0.15,0.023026329531108704,0.008746373,0.02440717792738965
ID_F348F85408,0,0.15,0.025654319475236463,0.01887384,0.028650436082307735
ID_F350F04222,0,0.15,0.1864064315909822,0.27224356,0.1938296093949083
ID_F3518D54C4,0,0.15,0.011312065600968533,0.009430591,0.021993232804529063
ID_F3519CF29E,0,0.15,0.06543875475105604,0.018974103,0.04579687488600226
ID_F351D4EAB8,0,0.15,0.03348236363740523,0.042786878,0.03699637135572203
ID_F36A504C6C,1,0.15,0.15958627683142693,0.26303545,0.15356711226498984
ID_F36C636CFE,0,0.15,0.03079919217173315,0.019009676,0.04654617477579886
ID_F36D83058E,0,0.15,0.18147135507105572,0.046934694,0.047449957914289326
ID_F36F1452A5,0,0.15,0.04310969262136593,0.09869538,0.13185032644691388
ID_F3708E1C96,0,0.15,0.11392920609532671,0.05808471,0.09181806003170355
ID_F3713F7CCC,0,0.15,0.19355447143809146,0.08484951,0.10694626809170255
ID_F3777A5762,0,0.15,0.12134145100639858,0.03395399,0.06403989777465839
ID_F37845F788,0,0.15,0.08005767317069398,0.28287095,0.2083300979781988
ID_F378B2E6C4,0,0.15,0.13329218484691427,0.027965441,0.072859879250721
ID_F378D4685D,0,0.15,0.18657025915299338,0.17596804,0.20307197969312352
ID_F37C39FB27,0,0.15,0.1820476468720542,0.045917656,0.07178286715841965
ID_F382392EBD,0,0.15,0.2633896080035563,0.27148822,0.2731838747568562
ID_F3880DB95A,0,0.15,0.07025874518556528,0.072013475,0.08117742805554747
ID_F39357944E,0,0.15,0.020513101821357172,0.0608859,0.0847289024967405
ID_F3A99EB803,0,0.15,0.21001403578910938,0.1760782,0.20294730589394008
ID_F3AB4522B4,0,0.15,0.06473419950108557,0.056905445,0.07125197673590411
ID_F3B76B7E22,0,0.15,0.21909879105695768,0.08648,0.09458396887277831
ID_F3C2D13AF7,0,0.15,0.06588183613929215,0.06965066,0.10639269646225719
ID_F3C4DF1E3A,0,0.15,0.16352232286421448,0.074042894,0.08987090116906508
ID_F3C5DC76B2,0,0.15,0.003862328182586807,0.11938816,0.1334625328259914
ID_F3CC524E7C,1,0.15,0.3566043147360407,0.20214018,0.11538493828518602
ID_F3D2A80253,0,0.15,0.3300856366968139,0.24715005,0.29559287039783555
ID_F3D82C5C44,0,0.15,0.16244860701317776,0.11135962,0.1526277732914068
ID_F3DF76F22A,0,0.15,0.03408830617089135,0.04768311,0.05135960910568827
ID_F3E54A8E59,0,0.15,0.15028836606464438,0.1405159,0.15302717477856925
ID_F3EC26E4AD,0,0.15,0.2244186404145746,0.27202734,0.16382922187294377
ID_F3F2F4611B,0,0.15,0.10218369696380084,0.02489151,0.07360488456959938
ID_F3F555BE60,0,0.15,0.06856577983090005,0.042317685,0.05392604338511819
ID_F4022F40EF,0,0.15,0.11030768088349138,0.111135796,0.13180508942221483
ID_F404584D5D,1,0.15,0.08056620668932292,0.36772102,0.25288713335112106
ID_F426C31A9F,0,0.15,0.27473312389487553,0.32266432,0.21469462158406477
ID_F4297F9EB8,0,0.15,0.32237860117455647,0.50768185,0.35901247887274507
ID_F4318DA641,0,0.15,0.13837442609139827,0.059297327,0.0794802999232782
ID_F43C941FF2,0,0.15,0.3266744709641107,0.167279,0.21690705430921745
ID_F4491D5527,0,0.15,0.10665950188655089,0.061234355,0.050664272659101214
ID_F44CBFC876,0,0.15,0.3079590834953461,0.08246439,0.07056277361483541
ID_F44D78325E,0,0.15,0.007704803824313267,0.022837471,0.054059319343112935
ID_F4668680A0,0,0.15,0.2239341201182692,0.18087132,0.14865692828804306
ID_F466B9F97D,0,0.15,0.27730412825171197,0.09805227,0.13030413310990074
ID_F46CDF4BF9,0,0.15,0.009718271622644782,0.07070766,0.1027061580573237
ID_F4704A70D0,0,0.15,0.05190684277092775,0.018915657,0.04905963263440892
ID_F477CAFABE,0,0.15,0.11183766910350165,0.05023933,0.0587438564064877
ID_F4817B674D,0,0.15,0.1179923466628448,0.027608717,0.05651212498145108
ID_F4846295BF,1,0.15,0.09068389458678133,0.07937415,0.06208619095671653
ID_F492DF1B1A,0,0.15,0.1395735846245814,0.03572785,0.06837843297915862
ID_F49A6A3A20,0,0.15,0.12021293278024721,0.09925047,0.144512079342967
ID_F4AC5BA0B0,0,0.15,0.08121518710805996,0.03159106,0.05349913158948146
ID_F4ACD2BD2A,1,0.15,0.25984080507567825,0.35725838,0.28520397801025155
ID_F4B398D528,1,0.15,0.2256581383313464,0.2882565,0.2705714218410428
ID_F4D47E8066,0,0.15,0.36180378845242306,0.16697738,0.2370949120444671
ID_F4DD6A46AE,0,0.15,0.21566696985971778,0.10353383,0.10094617310613394
ID_F4E934B252,1,0.15,0.17091511849204843,0.20966215,0.24300733603623698
ID_F4F9E7F704,1,0.15,0.3443024133509691,0.57443005,0.34911218309968733
ID_F5035CB702,0,0.15,0.019568191300116933,0.010128165,0.02417542155622934
ID_F50F17ACAE,0,0.15,0.06533284729196681,0.01000371,0.033573410356379875
ID_F51D68EFEF,1,0.15,0.13597962787876156,0.40803057,0.3612820173635678
ID_F521D8B885,0,0.15,0.2098181070471503,0.2434587,0.5096119054484071
ID_F5257CED3E,0,0.15,0.19194742836318168,0.29481575,0.4257633948541387
ID_F526AB7567,0,0.15,0.0760744618872962,0.03442359,0.06784793231045948
ID_F52941CF38,1,0.15,0.17524857545890868,0.6346094,0.44180642269856674
ID_F54BBB17F4,0,0.15,0.1879432227883388,0.08167961,0.09412088241186768
ID_F54EBF2C90,0,0.15,0.16927210516769853,0.09679493,0.18595024342824576
ID_F54EE89D98,0,0.15,0.10340027114986278,0.064846925,0.12811722693519964
ID_F5509F0AE4,0,0.15,0.14374599840856975,0.081022784,0.10921340587171458
ID_F55D927ACB,0,0.15,0.062359323115409634,0.04442639,0.04452985106146692
ID_F560B50C96,0,0.15,0.08796503157935319,0.050900847,0.08197082280206067
ID_F564B8F162,0,0.15,0.10232059407397613,0.060861606,0.07452689523087348
ID_F564E42307,0,0.15,0.12283779730107146,0.035430312,0.05522718925571397
ID_F56E90A5AA,0,0.15,0.05614617333034796,0.18147728,0.20278652082556325
ID_F571F557DB,0,0.15,0.1921525365694039,0.051537696,0.06126123193752872
ID_F5732F7957,0,0.15,0.05640614106373535,0.056135427,0.08777784078949301
ID_F57416997E,0,0.15,0.12559550517044377,0.39518866,0.28234912596415745
ID_F57BC614D6,0,0.15,0.0475453742779346,0.2753941,0.19852060828181506
ID_F57DB18185,0,0.15,0.19881807592492176,0.053259715,0.08198068310087467
ID_F57FC65070,0,0.15,0.08540144281992593,0.10251833,0.05981160177392806
ID_F58603DB7A,0,0.15,0.2883347732519301,0.08734581,0.10870391314624045
ID_F58C440966,0,0.15,0.024312453721898185,0.074707456,0.09396658880202896
ID_F59B3C154A,0,0.15,0.16153563217003725,0.057066403,0.07997744773138395
ID_F59D971263,0,0.15,0.22753793468442587,0.12472496,0.14947039233982887
ID_F5A88F6A64,0,0.15,0.16258385964229474,0.27171054,0.24568972722436364
ID_F5AE9B294A,0,0.15,0.052638387735986225,0.04412479,0.05371489459692059
ID_F5B22CF573,0,0.15,0.029643472253196624,0.03149186,0.056066981764486434
ID_F5C0DF421E,0,0.15,0.15130950509468985,0.080929495,0.09353939432385144
ID_F5D14A28EC,0,0.15,0.1387232741291041,0.16909897,0.14722485852032904
ID_F5DC951554,0,0.15,0.049587242778727385,0.027237056,0.06206314076423953
ID_F5DFB54B16,0,0.15,0.07220413651600728,0.03476734,0.04833896523695458
ID_F5F4C86E6E,0,0.15,0.13202252891482058,0.039420493,0.05576069501761295
ID_F5F98D310F,0,0.15,0.10367363418147099,0.09503706,0.12740569359598028
ID_F5FB1B5382,0,0.15,0.03901695410971811,0.020916015,0.036862657320170786
ID_F5FCD3B125,0,0.15,0.1050278074054793,0.12881881,0.1477823326612587
ID_F6117A7B41,0,0.15,0.05518445595681816,0.086286105,0.09982166828925912
ID_F61D48AFAD,0,0.15,0.3922821832522283,0.1351128,0.08375783610012107
ID_F633158424,0,0.15,0.0974865397397012,0.03459866,0.0766115240477957
ID_F6344D918A,0,0.15,0.06273544283825008,0.019396177,0.03711136738698694
ID_F65B5A0C58,1,0.15,0.0035128860845293594,0.21356483,0.3019900458492205
ID_F6600B24AE,0,0.15,0.32407887709260236,0.32144263,0.34314001153913437
ID_F67C1DE0AD,1,0.15,0.1345997615231872,0.23450533,0.21165959258696865
ID_F67D5DAE01,0,0.15,0.039099974615237926,0.046599243,0.06939223087694213
ID_F680667689,0,0.15,0.12488284044947148,0.329284,0.20709942858710298
ID_F69829083D,0,0.15,0.04698508155964191,0.043412182,0.0568324596522453
ID_F69C5A0205,0,0.15,0.2939825873740596,0.30119035,0.38366235510420943
ID_F6AB80CCE5,0,0.15,0.07888316211056208,0.14116204,0.12350108363133866
ID_F6B10AE62E,1,0.15,0.020266808315887414,0.10735572,0.07741452606458821
ID_F6B7CABAF6,0,0.15,0.026046219805539745,0.016421244,0.03580646004292195
ID_F6C1466279,0,0.15,0.0004332894573178906,0.07361826,0.14118522803326541
ID_F6C7B4804F,0,0.15,0.10277168096387031,0.113137595,0.09435959372249243
ID_F6CA404478,0,0.15,0.1437690968805404,0.18304275,0.12890975747556738
ID_F6D037843C,0,0.15,0.3185365307820118,0.11353167,0.13369965437395717
ID_F6D6F21666,0,0.15,0.11429456547023983,0.16203813,0.1166262592613657
ID_F6F43DC0CC,0,0.15,0.08386957943196693,0.048758227,0.07783432784343519
ID_F6FB976127,0,0.15,0.07698619262901439,0.08383597,0.11412601527925206
ID_F7069C9BC3,0,0.15,0.208855351129003,0.17603679,0.27520634282382195
ID_F7098E245C,0,0.15,0.04182731142954075,0.037489887,0.053414984478170696
ID_F7271DA3A1,0,0.15,0.12456538512321837,0.06797168,0.06019161850430422
ID_F72D01361E,1,0.15,0.26948854879381384,0.35507238,0.3902595302864647
ID_F73BE3234C,0,0.15,0.1818222305710163,0.07077381,0.10281782688891423
ID_F7459770CC,0,0.15,0.23102027956747268,0.12594986,0.14971202932764374
ID_F7494D2589,0,0.15,0.9845145535558057,0.40748522,0.42150850621019553
ID_F74DEBC138,1,0.15,0.09329158168106048,0.10373229,0.13624544685640008
ID_F758E5E7EC,1,0.15,0.2853057702691146,0.57094926,0.4779984067162082
ID_F76D9063D9,0,0.15,0.12639039589485418,0.062243506,0.050545920489271305
ID_F77680E61D,0,0.15,0.04981714119408614,0.029468577,0.050632340397577295
ID_F7777A01E4,0,0.15,0.08358532449836184,0.04050064,0.046828414310474485
ID_F785129B2F,0,0.15,0.09308367071870664,0.022287665,0.06733135248902561
ID_F7870BE97A,0,0.15,0.10268685286368336,0.06740822,0.07079033087919559
ID_F7935FD37D,1,0.15,0.024112146404677084,0.6385981,0.44228941412462053
ID_F795F71809,0,0.15,0.05744330847915906,0.029960684,0.0520070145534418
ID_F79847CA99,0,0.15,0.10675404864149815,0.08357984,0.15068132784565746
ID_F79C7308EB,0,0.15,0.20778463833512276,0.30846196,0.1979205719153417
ID_F79E41C2EF,0,0.15,0.05484908956821459,0.021987246,0.046327095942575496
ID_F79EEC5680,0,0.15,0.11758285384527267,0.007915578,0.029109300914782053
ID_F7AB2781C7,0,0.15,0.03404037142512914,0.01073692,0.020539473819545333
ID_F7B2D3C45A,0,0.15,0.18269695555820412,0.16414453,0.12728377621733047
ID_F7B5FBCF9E,0,0.15,0.060873202738118,0.014409886,0.03651286728160058
ID_F7B794A950,1,0.15,0.25727164458597157,0.1974033,0.15427717602202273
ID_F7B8635817,0,0.15,0.21405617680296093,0.054127585,0.07577068767932521
ID_F7B9CB22C6,1,0.15,0.006204889249596918,0.03884149,0.1008366386507279
ID_F7C22FE174,1,0.15,0.3155701242228275,0.5624267,0.4162746661134588
ID_F7C50B8606,0,0.15,0.03493105542077126,0.034661524,0.043102609111005254
ID_F7C99C0B36,0,0.15,0.06291455421421181,0.12941968,0.1295496806855642
ID_F7F4BD6111,0,0.15,0.032531024233874745,0.07585566,0.0852903929694438
ID_F7F918A45E,0,0.15,0.23797455581256935,0.06599937,0.09764288678482973
ID_F7FDFA1EE6,0,0.15,0.11255671010821054,0.010880101,0.02224580617873042
ID_F8041316B9,0,0.15,0.1582233309619451,0.116358496,0.17975267272080414
ID_F805E19538,0,0.15,0.12213172760533243,0.18671463,0.18746042027805102
ID_F80D188259,0,0.15,0.17155370073011808,0.27460948,0.19677975926758134
ID_F815BB2B2C,0,0.15,0.09036203423961538,0.049552392,0.07518094478648739
ID_F822AE4727,0,0.15,0.07505298389383605,0.12094411,0.1004409391935584
ID_F830464A4A,1,0.15,0.08405364798950536,0.10318856,0.11755271544191924
ID_F845C23546,0,0.15,0.017155531860875393,0.013697046,0.02524589370957531
ID_F8484D4CCE,0,0.15,0.1115143899857947,0.062488306,0.1306333116987752
ID_F8519EB211,0,0.15,0.18956207508382095,0.08488611,0.08806743637968813
ID_F85D0D0E0F,1,0.15,0.18439264654821655,0.37483072,0.29983463263834725
ID_F861446E58,0,0.15,0.10383575534943232,0.041729543,0.08697323400878784
ID_F87A07AB19,1,0.15,0.2164393441131774,0.23071574,0.17976054094036117
ID_F8860A547A,0,0.15,0.12743148901642098,0.049741443,0.09060554307173115
ID_F889654EF7,0,0.15,0.1128463327777912,0.047585864,0.09699251291509278
ID_F88E94EE53,1,0.15,0.06988977072861419,0.21057297,0.23230853393826667
ID_F899EB831E,0,0.15,0.05415335151914199,0.026540896,0.03742642316029017
ID_F89B40129D,1,0.15,0.17107399336814488,0.29198766,0.15055800343751138
ID_F8CA76BEDD,0,0.15,0.007404131545917727,0.003807781,0.021164187527571723
ID_F8CEEF9EE0,0,0.15,0.2770500333049424,0.2799043,0.21963293486490448
ID_F8D356552A,0,0.15,0.22495152021085754,0.10161832,0.1081362516638042
ID_F8DC10B68E,0,0.15,0.1662758174432733,0.30764624,0.2829872172572296
ID_F8DD84B5AC,0,0.15,0.07318153253546912,0.08669969,0.12388100765838286
ID_F8DE28332B,0,0.15,0.13247392018598583,0.08596716,0.1245018825955033
ID_F8E33064A2,0,0.15,0.22751825774387818,0.21993284,0.19557912977755026
ID_F8E41D9FD9,0,0.15,0.0493737542046386,0.062075354,0.06289778688177017
ID_F8E8B98CAB,1,0.15,0.18104800993432904,0.7928189,0.5446242165816105
ID_F8E9AD88ED,1,0.15,0.038856148275958506,0.04567543,0.07616118208152726
ID_F8F1939E07,1,0.15,0.2907256050987053,0.67150337,0.44482997300932486
ID_F8F1FBE056,0,0.15,0.2840130069330172,0.17512503,0.13580938849981522
ID_F8F77FCF6D,0,0.15,0.16109900065674754,0.0320934,0.05286004456339679
ID_F8F7DD29EF,0,0.15,0.012214461655317792,0.10076511,0.1535853506277357
ID_F9006CB797,0,0.15,0.18309298437162205,0.1164793,0.19564263694313125
ID_F9084F1E36,0,0.15,0.07043026549896174,0.03028059,0.07808248772506154
ID_F90DCC23BC,0,0.15,0.24785629276015175,0.23558466,0.21517791455921806
ID_F90F8A8370,0,0.15,0.10796531659325215,0.0420599,0.05573350657103845
ID_F912B293AC,0,0.15,0.15105504843503248,0.040787853,0.07052124073735641
ID_F914D9BA52,1,0.15,0.11732297573087949,0.19890863,0.21621691719303937
ID_F91E5752FF,0,0.15,0.025092942831533488,0.10524549,0.12816374642626607
ID_F92265FB2B,0,0.15,0.51778337859321,0.24237393,0.2988321343052988
ID_F926176D53,0,0.15,0.1029064688034189,0.051148247,0.07367997714189305
ID_F92AD457FA,0,0.15,0.10777182571630059,0.07578771,0.08319822426422632
ID_F93744DE52,0,0.15,0.04202094175538087,0.015582923,0.02873414492967175
ID_F93B30E838,0,0.15,0.11064369409523264,0.10966515,0.16760321713802956
ID_F93FA604C5,0,0.15,0.07391394391403577,0.027596183,0.07566251997413627
ID_F94D9183D5,0,0.15,0.25519542019023966,0.13431214,0.2241129116524092
ID_F953BA87CF,0,0.15,0.21551264849685814,0.0611419,0.06734145749923302
ID_F959BE27BD,0,0.15,0.35766028234683883,0.17320514,0.14055325362823767
ID_F95A4E28FB,0,0.15,0.387238145801801,0.2797389,0.2658028964135531
ID_F95B06ABB6,1,0.15,0.11379112473193964,0.07516593,0.18590146199982266
ID_F95C00D470,0,0.15,0.0026213358470706907,0.06894655,0.0785510690167144
ID_F9685BC69C,0,0.15,0.15030103478895873,0.073889695,0.1096444466062659
ID_F9738229F2,0,0.15,0.33228923770459795,0.19494966,0.17488783275607295
ID_F97CC5B630,1,0.15,0.2520953128414612,0.24333364,0.2981363436069472
ID_F9831A9544,0,0.15,0.4339363868389968,0.21745664,0.1852203468392791
ID_F988E3E28A,1,0.15,0.039023084251325765,0.16899668,0.13832768620034697
ID_F989DCEF89,0,0.15,0.09643872238894144,0.32367125,0.22009014417669923
ID_F9A6FFE23A,0,0.15,0.02850595965336497,0.013918718,0.0390492134785033
ID_F9A79A5EA4,0,0.15,0.23713609607259073,0.5263027,0.2974882777999355
ID_F9AC150028,0,0.15,0.045993183911418385,0.018399995,0.05622149961222122
ID_F9AE595D74,0,0.15,0.1838629636846631,0.055459283,0.06479505283582063
ID_F9B3E43282,0,0.15,0.1289798322422975,0.07169948,0.10896403261803744
ID_F9BA203BDC,0,0.15,0.0056010656503685885,0.0076450566,0.020680893032769997
ID_F9BA2DB5A5,0,0.15,0.0877789648498998,0.061977755,0.06937898094283258
ID_F9DB74C641,0,0.15,0.12208240787966847,0.063945584,0.05806978767226692
ID_F9E1A6A75A,0,0.15,0.12126821775010915,0.13094246,0.10979223243018847
ID_F9EED06FA8,0,0.15,0.048802818389126125,0.041498836,0.05125420507249509
ID_F9EF4F6F2A,0,0.15,0.17873059614601092,0.11701159,0.20025860112974195
ID_F9F07A328D,0,0.15,0.30867619900616483,0.16613816,0.13654276866452048
ID_F9F45BDF2F,0,0.15,0.11793014396953169,0.32582083,0.2670449086591364
ID_F9F51EE9D9,0,0.15,0.28522573828267533,0.2750536,0.3185348238823698
ID_F9F6794CE9,1,0.15,0.31312187736645997,0.23986578,0.23345247992589765
ID_FA0527BDC1,0,0.15,0.07564875923157842,0.08881813,0.11134097052210243
ID_FA0CD399A7,0,0.15,0.043794991919411864,0.029827558,0.04470248145861802
ID_FA130B8042,1,0.15,0.13166136259567504,0.39302832,0.4165182319153726
ID_FA16FD19AC,0,0.15,0.12687739603192782,0.18950239,0.17402604310533323
ID_FA1BB97AC8,0,0.15,0.05251572540118462,0.027385345,0.05595037394308423
ID_FA1D78827D,1,0.15,0.05521479131735376,0.16089854,0.13394844338415027
ID_FA1F49F833,0,0.15,0.1261147477340999,0.13636087,0.20377096897027908
ID_FA240EC279,0,0.15,0.09278089187644113,0.0121401055,0.029200385591972286
ID_FA2422D013,0,0.15,0.18895888938465927,0.052090153,0.06662209006169978
ID_FA28D11301,0,0.15,0.11490121816077167,0.111675814,0.13893334434757337
ID_FA2C38A6EC,0,0.15,0.14687417001137712,0.12670313,0.17787862969594434
ID_FA326BCEC7,1,0.15,0.3724469502006322,0.5140276,0.2618043864370532
ID_FA3B848A2F,1,0.15,0.6392042112066593,0.32540336,0.33334317911553907
ID_FA40B531B8,0,0.15,0.14599018754168785,0.051436387,0.09702771355340566
ID_FA42EC8DBF,0,0.15,0.06973389830384208,0.031556964,0.04895343870684666
ID_FA4983DBFE,0,0.15,0.11580281113335507,0.02330976,0.0723532891212519
ID_FA4A5AD15A,1,0.15,0.19234080511044493,0.31809893,0.4555355693195881
ID_FA5BC15F4B,0,0.15,0.08345469338491046,0.06223565,0.09867938742929082
ID_FA5F81DEA4,0,0.15,0.23124563407866577,0.4343159,0.3168733131316104
ID_FA678E9CAF,0,0.15,0.34797963726557396,0.09438679,0.10120499669276198
ID_FA6966071F,0,0.15,0.2099666043816821,0.073435344,0.0912148956939789
ID_FA6D486177,0,0.15,0.1374726640906878,0.34955427,0.24592470748535533
ID_FAA0C116BB,0,0.15,0.15489317631111513,0.116465844,0.1289967309721635
ID_FAA515662D,1,0.15,0.33409561769501694,0.50759,0.3541723873704079
ID_FAA5435A96,0,0.15,0.13313865971720365,0.2607898,0.19164897090103278
ID_FAB80A22F9,0,0.15,0.030304617356894714,0.04815987,0.05467509163673185
ID_FAD268F88C,0,0.15,0.23057949729464336,0.11338845,0.17424342296593845
ID_FADBA19304,1,0.15,0.3320357475596451,0.7731392,0.6133322346537141
ID_FADD5115D1,0,0.15,0.24048209064045756,0.13490327,0.1432014777151791
ID_FAEAB29287,0,0.15,0.1313682209660846,0.091519184,0.1763408791598499
ID_FAF18A4A1C,0,0.15,0.09304175318251164,0.08373146,0.07768989512533206
ID_FAF1EFD5E7,1,0.15,0.21091330730274552,0.08523275,0.10549025965327606
ID_FAFACAE34C,0,0.15,0.13182429804789814,0.08742524,0.12178201013534645
ID_FB02DF45C6,0,0.15,0.28330297492864487,0.14200796,0.19372819754538254
ID_FB0409685D,0,0.15,0.0609728781593919,0.036466766,0.045412290133103994
ID_FB06ECF2DC,0,0.15,0.14958299735489164,0.08106712,0.1322777746161894
ID_FB126E87A9,1,0.15,0.20264225845172382,0.155281,0.16589579970991494
ID_FB21D1C59C,0,0.15,0.0361052390542702,0.05251343,0.08857731518217618
ID_FB31A8F6E8,0,0.15,0.12207122619411241,0.07018646,0.06883169345061098
ID_FB343D68F8,1,0.15,0.25610986921048323,0.22026989,0.16195116621517475
ID_FB3709AB1E,0,0.15,0.11435482534094744,0.078848995,0.17197672662735583
ID_FB3BBC7A6E,0,0.15,0.1355895650517394,0.09460612,0.07576739004527647
ID_FB48D3BF75,0,0.15,0.16884876638358887,0.35700428,0.4033278049336447
ID_FB49A0144B,0,0.15,0.123114506691204,0.06964621,0.09833172650946542
ID_FB5FFB3AC2,0,0.15,0.08408707199198102,0.048042335,0.07430198597867217
ID_FB6030C84E,0,0.15,0.094148688859117,0.12197793,0.13039473728072454
ID_FB6A91DC9D,1,0.15,0.2822846717440706,0.5583928,0.5868753767485059
ID_FB6B94995C,0,0.15,0.15728980990976432,0.029633602,0.06030492372193769
ID_FB782CB4DD,0,0.15,0.09693151379653835,0.05802862,0.08237814538249848
ID_FB884154E9,0,0.15,0.2026159259835122,0.13290872,0.18032079337244897
ID_FB91D913F5,0,0.15,0.21723138326332228,0.022518702,0.06023953207572021
ID_FB92C18BFD,0,0.15,0.18877562410727916,0.15389022,0.19186164941488618
ID_FB9C7B7E3A,0,0.15,0.017665553692819597,0.027711596,0.018929691657483382
ID_FBA33CD900,0,0.15,0.038962713970671616,0.029118398,0.017711824225557078
ID_FBA39A6A21,0,0.15,0.16676103756490898,0.050935335,0.056631472043837866
ID_FBA404B794,0,0.15,0.09797992421754495,0.02893985,0.0783481896037844
ID_FBA71E9D52,0,0.15,0.05843875927720855,0.010042925,0.030709915632307253
ID_FBAE5C44A6,0,0.15,0.28394255103053023,0.10819286,0.11041765170024977
ID_FBAFF66D66,0,0.15,0.12185613307837925,0.13959071,0.18337113418525275
ID_FBB03EC42E,0,0.15,0.2096912889348378,0.22987556,0.18510430714764703
ID_FBB8C2E330,1,0.15,0.18243357756094586,0.42012942,0.3039528749779146
ID_FBBD8AF4CC,0,0.15,0.04886624253192493,0.027811019,0.039870611288630495
ID_FBC1630324,0,0.15,0.09076330920736256,0.08636792,0.10477344492330364
ID_FBC540D073,0,0.15,0.07296810975532378,0.061050028,0.0851269986839451
ID_FBC78417C8,0,0.15,0.31613717386365114,0.24164645,0.2617118795447809
ID_FBCEB93060,0,0.15,0.0438710647139274,0.07788129,0.0906229250742327
ID_FBE4EF3EAC,0,0.15,0.18296694535571198,0.0705588,0.09454880316178106
ID_FBE753A3DF,1,0.15,0.0724849722245166,0.5010384,0.2564339379507336
ID_FBFD580406,0,0.15,0.10101107755209959,0.06555045,0.08111553999682342
ID_FC02DB4939,1,0.15,0.15577277754470745,0.32624343,0.20908923802734425
ID_FC102BAA1A,0,0.15,0.16332208256071903,0.09307863,0.09037940121752495
ID_FC124FC22B,0,0.15,0.057759381971624606,0.13566783,0.12141839991157757
ID_FC28870E1B,0,0.15,0.03182628179734042,0.032301776,0.04252372536784772
ID_FC288F469D,1,0.15,0.21671546988908338,0.17103654,0.12750174329512431
ID_FC2C44864E,0,0.15,0.004456491734031251,0.037818406,0.08913482606122354
ID_FC2D3ECFB3,0,0.15,0.06915426831148838,0.02449229,0.06436563128333814
ID_FC2E6D20CA,0,0.15,0.044843216573950635,0.012386935,0.04332385819078317
ID_FC381A0A18,1,0.15,0.3504032922957562,0.40118468,0.2736543305472628
ID_FC4011076B,0,0.15,0.16463970543363535,0.148208,0.16425756035572026
ID_FC4DC5322C,0,0.15,0.32706566143426063,0.36865193,0.5672613148483854
ID_FC5D7A1C94,0,0.15,5.767025862863966e-05,0.044168003,0.10782800775572496
ID_FC62974DD8,0,0.15,0.1785442811699615,0.14264922,0.14326947124775688
ID_FC6445B517,0,0.15,0.19230024878035828,0.177374,0.14539936092728728
ID_FC7DCA72F1,0,0.15,0.06649957595924073,0.12782136,0.15363905656101617
ID_FC856C3D0A,0,0.15,0.0053587216664056836,0.058906633,0.09287300959865419
ID_FC889F73F7,0,0.15,0.13721698841348057,0.11085661,0.14515987407477676
ID_FC8EAF82E0,0,0.15,0.03427100030234486,0.020650184,0.05957805966083651
ID_FC96BDE172,0,0.15,0.07387899677753797,0.028842784,0.050257305760157106
ID_FC9C048B05,0,0.15,0.1328974968867317,0.051690325,0.08418558275815718
ID_FC9EAB9B9A,0,0.15,0.07500021875408845,0.018483797,0.036062481343243594
ID_FCAC3D8EE3,0,0.15,0.31902463094359945,0.32065886,0.2867538873845023
ID_FCAECB7EA2,0,0.15,0.11968540145546708,0.11289583,0.12464222531578596
ID_FCAF958210,0,0.15,0.14867161838967438,0.027150458,0.06918580204568794
ID_FCC1EAE13A,1,0.15,0.877062768564494,0.3289942,0.30750408127653894
ID_FCD0D86262,0,0.15,0.12857354302092452,0.0460821,0.06396670488223995
ID_FCD248DE4C,0,0.15,0.15615684934130933,0.054652773,0.07963731840505459
ID_FCD84C468C,0,0.15,0.07515058333063261,0.046511944,0.08029876043244989
ID_FCDBF831BD,0,0.15,0.4218479917202444,0.09382259,0.09172079001566553
ID_FCE189A58D,0,0.15,0.14773524860651846,0.12827562,0.17129353055279675
ID_FD00B21910,0,0.15,0.002543744538815914,0.07284233,0.08611871593907348
ID_FD02D661B9,0,0.15,0.28755154301789315,0.13752575,0.23624624073579162
ID_FD0AB993FE,1,0.15,0.2036126023586941,0.27059075,0.30660837396103363
ID_FD1CB45F97,1,0.15,0.6744822712578777,0.47632423,0.4133295246973059
ID_FD1E0C7722,0,0.15,0.14258292783689624,0.10986134,0.12939351053630388
ID_FD1EC2D916,0,0.15,0.17041412591767063,0.109999806,0.11342682075358225
ID_FD31F26041,0,0.15,0.7974843245995153,0.1492834,0.23460398862565912
ID_FD3646B3B6,0,0.15,0.08552679248888416,0.07353641,0.11336346813307835
ID_FD43F871F7,0,0.15,0.06779122684868134,0.033470623,0.05335108643735866
ID_FD4CEB2062,0,0.15,0.08331681292007194,0.03891529,0.05965279220911191
ID_FD51AD049C,0,0.15,0.04595868168285681,0.01986549,0.04341669618382295
ID_FD56E64E8C,0,0.15,0.46765894293469185,0.2494298,0.24187652228940063
ID_FD5E1C9B7C,0,0.15,0.12268962109975472,0.1179526,0.11864675471162511
ID_FD626A52A7,0,0.15,0.10762657723859856,0.05939379,0.10486555552559279
ID_FD63029CC6,0,0.15,0.1514630379078615,0.31101504,0.26616512530486797
ID_FD683107E9,0,0.15,0.238735745997276,0.21688539,0.1597771246878568
ID_FD6DC76F22,0,0.15,0.03334878485077001,0.020141512,0.057096150434164904
ID_FD6F5A82D1,1,0.15,0.2106581828035847,0.42916587,0.38195120349060907
ID_FD8278820A,0,0.15,0.17231112219374092,0.082317896,0.07693998681341262
ID_FDA164DD52,0,0.15,0.26878847374369347,0.12081771,0.09428246106209727
ID_FDB4A47AF1,1,0.15,0.21397205453376789,0.18463029,0.20212240953533184
ID_FDBA94ADA0,0,0.15,0.15515359956371497,0.116674125,0.1577004498293751
ID_FDC810F107,1,0.15,0.1322319724183029,0.54985887,0.42373595993969654
ID_FDCE20B0F6,0,0.15,0.1222174843141569,0.047988564,0.10192453019074263
ID_FDEE494A02,0,0.15,0.15550427759722524,0.04393984,0.07355881343971032
ID_FE03D9F82F,0,0.15,0.11708136060844297,0.16540506,0.1702375087144314
ID_FE2D24CFA3,1,0.15,0.09800926733735361,0.15021451,0.24474118769781217
ID_FE2D9FF540,0,0.15,0.02476110911426577,0.02640199,0.06620388501875867
ID_FE2EFD1BD3,0,0.15,0.09004034237862267,0.036289398,0.05637300164829604
ID_FE2F5522DB,1,0.15,0.11593388566204131,0.16537786,0.12440533894467544
ID_FE36862409,0,0.15,0.056963271247864,0.026649322,0.042781663860331255
ID_FE3AF7C626,0,0.15,0.23291811829863235,0.09246604,0.0952025651715032
ID_FE439A4266,1,0.15,0.34441922847361955,0.21323481,0.18935422181836858
ID_FE54F8455D,0,0.15,0.07944397754464201,0.013707767,0.05085457486494249
ID_FE5B6B16F9,0,0.15,0.10990283903942656,0.2144482,0.25092066870346885
ID_FE5D0692F5,0,0.15,0.1882473010844711,0.23797388,0.17661962336711115
ID_FE5EB07C59,1,0.15,0.24558718879611838,0.20536532,0.13272662539413715
ID_FE5FA6BD98,0,0.15,0.16131111350039742,0.028539278,0.05517176641507738
ID_FE6D0AD467,0,0.15,0.25028308395880533,0.20992407,0.1887494266783214
ID_FE862B7C24,0,0.15,0.02774661079866467,0.07138918,0.08958035362791687
ID_FE87A8AD96,0,0.15,0.3115781503205845,0.17089562,0.15873905851713066
ID_FE8B74B0CA,0,0.15,0.03969595566686051,0.113328524,0.12697030583723476
ID_FE8E1C9769,0,0.15,0.08766156750782785,0.040947743,0.059218663975349486
ID_FE8EF05461,1,0.15,0.14775154261573234,0.07132567,0.1385115082478898
ID_FE99082E23,0,0.15,0.18682813428574224,0.017153831,0.03814122965891113
ID_FE9A0C95B5,0,0.15,0.13361182057246218,0.15263686,0.17790947054155568
ID_FEBED0AF6E,1,0.15,0.38131990467881915,0.593099,0.648974711382948
ID_FECEFA637E,0,0.15,0.4870874515693001,0.49598137,0.4217561640383533
ID_FEE02C4D74,1,0.15,0.2660260669944523,0.23359215,0.44953593333335234
ID_FEE4E54E51,1,0.15,0.1527789920173899,0.11321812,0.16318414045332805
ID_FEE6D61938,0,0.15,0.13141102426302836,0.018939497,0.058751909137650785
ID_FEE6EE049E,1,0.15,0.44456347704816873,0.31232575,0.16669714699399288
ID_FEE8ED5FBA,0,0.15,0.09515221830459261,0.06695346,0.16705822153382044
ID_FEF985D27E,0,0.15,0.20770323544862992,0.18760352,0.19772428016704544
ID_FEFC4867A6,0,0.15,0.052660516375724185,0.029577367,0.046396844912204034
ID_FF02556EB9,0,0.15,0.1174659514227154,0.07907778,0.11204504413844735
ID_FF27798D0A,0,0.15,0.24204566271432015,0.13989139,0.17161015618084874
ID_FF2825AECD,0,0.15,0.23313131706790768,0.18109739,0.2599244132413628
ID_FF2DE2542C,0,0.15,0.13966506684884922,0.31531468,0.25210342358100346
ID_FF35B17991,0,0.15,0.24970738065005962,0.21724737,0.20282499212045985
ID_FF3918EBE8,0,0.15,0.15662884760679438,0.08995589,0.0956946953375207
ID_FF405362D1,0,0.15,0.21877070657757253,0.079950266,0.1468172345150957
ID_FF41FD5CB1,0,0.15,0.15159818394688723,0.1658178,0.11240907619582355
ID_FF4448C399,0,0.15,0.06640126922769367,0.057628296,0.08071904055010828
ID_FF721FCEDD,0,0.15,0.1888301957041017,0.12716196,0.13497404317879239
ID_FF75B356E1,0,0.15,0.04850644463336904,0.21164644,0.20653133501593196
ID_FF7726D0BF,0,0.15,0.0014026376030242865,0.043829627,0.0802538691111383
ID_FF79415ECF,0,0.15,0.057430042924014386,0.02930852,0.058646720316636716
ID_FF7AC30C34,0,0.15,0.06122344425031262,0.09306256,0.08671340447799601
ID_FF7E334BDE,0,0.15,0.05848563556039932,0.13969997,0.12749135616666837
ID_FF7F230E2F,0,0.15,0.18569354726298673,0.1863768,0.14263738757152547
ID_FF8666E1A5,1,0.15,0.2530471082866463,0.27408123,0.3049168086639939
ID_FF9BC10EEE,0,0.15,0.11190266776335758,0.054621015,0.07774741332015217
ID_FFA6503129,0,0.15,0.18835739369341953,0.071995884,0.08955213166900802
ID_FFAAA33D2D,0,0.15,0.0642537937750684,0.026395867,0.04312166520871112
ID_FFABF69097,0,0.15,0.1286944589683191,0.35512254,0.26468226620928686
ID_FFB54F8FA5,0,0.15,0.20710127186783558,0.072707936,0.09712202773852513
ID_FFBA16588C,1,0.15,0.2229440705765627,0.42951345,0.3800776077479439
ID_FFDBCC4C17,0,0.15,0.06458131238803697,0.021984948,0.04239023671641601
ID_FFE1A9E88D,0,0.15,0.04130394438186641,0.026785612,0.04899807793442764
ID_FFF3213278,0,0.15,0.007073321240562793,0.19196263,0.14684747618219587
ID_FFF36E8587,0,0.15,0.07019977277688381,0.07465966,0.07513582938790155
ID_FFF7A3F9A7,0,0.15,0.42839359691651857,0.11050492,0.12232749734460659
ID_FFF84D9F7E,0,0.15,0.21787789061379378,0.2067285,0.1900027223043812
