ID,liquidity_stress_next_30d,tabpfn_3_5_plus
ID_0006E47606,0,0.03310273587703705
ID_00177B53DE,0,0.016675764694809914
ID_00195F7F29,0,0.1638430804014206
ID_001B722BCF,0,0.20333534479141235
ID_00273C9B84,0,0.006531774532049894
ID_002C88BB06,0,0.1498848795890808
ID_0044468C4A,0,0.007854675874114037
ID_004716B845,0,0.17267648875713348
ID_004C49A3B2,1,0.13731835782527924
ID_0065D96EFE,1,0.5133887529373169
ID_008A682FEB,0,0.18102574348449707
ID_0095B29325,0,0.059409428387880325
ID_00A8FC6D80,0,0.14132936298847198
ID_00C061B1E4,0,0.02773573249578476
ID_00C476E4DC,1,0.030166367068886757
ID_00C4F93B0D,0,0.052625298500061035
ID_00CAA18FA3,1,0.3441410958766937
ID_00D34107FB,0,0.39394620060920715
ID_00D3A3B407,0,0.009492133744060993
ID_00ED58EE57,0,0.16955602169036865
ID_00F23CE713,0,0.004034137818962336
ID_00F429779E,0,0.048264019191265106
ID_00F50444A6,0,0.23009030520915985
ID_00FAEC3385,0,0.0896170437335968
ID_00FDC69DA7,0,0.05899835377931595
ID_0114FBD71C,0,0.009284982457756996
ID_011A23F4C7,0,0.22090581059455872
ID_011B133DB1,0,0.3533283472061157
ID_013F0E483B,0,0.1377868354320526
ID_0146A11B42,0,0.3434262275695801
ID_0162E914D9,0,0.38888901472091675
ID_0162EFB952,0,0.343671590089798
ID_016EC5F8C5,0,0.015033567324280739
ID_0170435CD4,0,0.12804408371448517
ID_0171D1654C,0,0.04247302934527397
ID_017D71FD2E,0,0.0641048401594162
ID_01BA6825B4,0,0.16801689565181732
ID_01BE40C89A,1,0.5767651200294495
ID_01D1F149CE,0,0.6135554313659668
ID_01D3010C0F,0,0.12123435735702515
ID_01DF4E1950,0,0.031242677941918373
ID_01F350F316,1,0.07514732331037521
ID_01F5C0D5B0,0,0.12580503523349762
ID_020273C080,0,0.16349256038665771
ID_0208450C9E,0,0.14544211328029633
ID_021383E601,0,0.029070381075143814
ID_021B10E64F,0,0.017137818038463593
ID_022C604B12,1,0.8960853815078735
ID_02314BC592,0,0.010551860556006432
ID_0236B7641D,0,0.03868759423494339
ID_02403724F8,0,0.05219733715057373
ID_0247A66F2C,0,0.009556404314935207
ID_024CC21EA7,0,0.007317979820072651
ID_024CF9DFFA,0,0.010624400340020657
ID_024DE71DEB,0,0.2515116035938263
ID_02537A94B4,0,0.7292180061340332
ID_0266A32681,0,0.0358835868537426
ID_0271001A17,0,0.11917821317911148
ID_0283F0615F,0,0.05282719433307648
ID_02A1B868B6,0,0.0966140627861023
ID_02B96E08C4,0,0.002644273452460766
ID_02BFB1424E,0,0.03338463231921196
ID_02C4BB292F,1,0.4052038788795471
ID_02CE26156A,1,0.6537352800369263
ID_02CE661982,0,0.11956942826509476
ID_02CF7379E9,0,0.010858364403247833
ID_02E7A2AA1D,0,0.06347059458494186
ID_02EE1C0DF5,0,0.016501164063811302
ID_0309FC1E5F,0,0.00307077681645751
ID_030A90A4B0,0,0.02770967036485672
ID_030AF9A4B4,1,0.4110884964466095
ID_03127D6A7A,0,0.002721046330407262
ID_03136E53D0,0,0.3003998398780823
ID_031439C796,0,0.05488350987434387
ID_031B359683,0,0.03249133378267288
ID_0322D88FC4,0,0.1240350604057312
ID_032B06E6EF,0,0.020847687497735023
ID_032EB4F8F0,0,0.31305235624313354
ID_034274309B,0,0.08400803804397583
ID_034796E565,0,0.2924270033836365
ID_03496709F6,1,0.15192346274852753
ID_034DE49D35,0,0.007073408458381891
ID_0355CD9D0F,1,0.8354890942573547
ID_0356BB4CCB,0,0.1784645915031433
ID_03617C9C84,1,0.6666070222854614
ID_036244C640,0,0.07672059535980225
ID_03639F4C30,0,0.03788882493972778
ID_0367169B18,0,0.11026667058467865
ID_0367D08A96,0,0.04079562425613403
ID_0379820064,0,0.029604727402329445
ID_03851A9819,0,0.02043839916586876
ID_0385531FD5,1,0.44890204071998596
ID_0389231CD7,0,0.005641506519168615
ID_039911976B,0,0.13622644543647766
ID_0399B36885,0,0.05977805703878403
ID_039BD0898F,1,0.4605758786201477
ID_03A30BD409,0,0.0026904908008873463
ID_03A9480D89,0,0.01776265539228916
ID_03B831D641,0,0.04128332808613777
ID_03C54EB79E,0,0.002165013924241066
ID_03C9F43F5B,0,0.1392865926027298
ID_03CC900419,1,0.24218274652957916
ID_03CFF2C116,0,0.011496958322823048
ID_03E19D622B,0,0.04825032502412796
ID_03E8EC2D5F,1,0.1859019249677658
ID_03FFCA470B,0,0.14363016188144684
ID_0401C492F2,1,0.5326456427574158
ID_0413F02612,0,0.002376603428274393
ID_0418679CCB,0,0.0232582688331604
ID_0420BB59ED,1,0.33043092489242554
ID_0420FDF24B,0,0.36771827936172485
ID_0428267A41,0,0.5415037274360657
ID_0433D49F51,0,0.27508196234703064
ID_043B5AFEFB,0,0.015261686407029629
ID_043C6DA786,0,0.19556425511837006
ID_04491A1D54,0,0.06019226089119911
ID_045207309D,0,0.005614033900201321
ID_04522C4DD2,0,0.006640776060521603
ID_0452808B9E,0,0.07566879689693451
ID_045EF15EBE,0,0.6473630666732788
ID_046772BA4A,0,0.21237409114837646
ID_04745D15B2,0,0.017888126894831657
ID_0474ACC218,1,0.3150222599506378
ID_048DFBC027,0,0.0026963199488818645
ID_048FE84883,1,0.6691220998764038
ID_049015ACB6,0,0.11196957528591156
ID_04943FC811,0,0.04857887700200081
ID_049A35C60B,0,0.17705899477005005
ID_049ACC91C4,0,0.009150058031082153
ID_04ACDD0105,0,0.153715580701828
ID_04C3E5DC42,0,0.004815832246094942
ID_04C6C8CBDF,0,0.030720224604010582
ID_04CCD014A9,0,0.009657728485763073
ID_04CF333CBB,0,0.002757384441792965
ID_04D95DC1E0,0,0.011144701391458511
ID_04E136F78D,0,0.3059074580669403
ID_04E9E12628,0,0.00474232854321599
ID_04F5143306,0,0.005791989620774984
ID_04FC8D744C,0,0.00923241302371025
ID_0503B581EF,0,0.06189348176121712
ID_050EC81991,0,0.0407223105430603
ID_0510151502,0,0.005064178723841906
ID_0512B738D1,0,0.011169111356139183
ID_05193C3003,0,0.023339955136179924
ID_051A41589C,0,0.0016428909730166197
ID_052F46BE10,0,0.13221637904644012
ID_0544ADF091,0,0.026547914370894432
ID_0550507B8F,0,0.024155985563993454
ID_05571F2CC1,0,0.13175755739212036
ID_0569CAC0AB,0,0.17566025257110596
ID_0571EC1B6F,0,0.1076657772064209
ID_057BB0E538,0,0.0029015601612627506
ID_057FF0543C,0,0.010207279585301876
ID_058530CAFC,0,0.006364954635500908
ID_058625A83D,0,0.02331116981804371
ID_058ED89F29,0,0.008213631808757782
ID_05916C7C11,0,0.08229582011699677
ID_05920644B4,0,0.007379564922302961
ID_05A28687F1,0,0.22646108269691467
ID_05A333BE77,0,0.08478529006242752
ID_05AC0E1E29,0,0.06852969527244568
ID_05B864E89E,0,0.0027564982883632183
ID_05B92BE30D,0,0.05398618429899216
ID_05C2916179,0,0.2212797999382019
ID_05C7251864,0,0.04078260064125061
ID_05D1F8592A,0,0.07142338156700134
ID_05D8CCBA03,0,0.11629394441843033
ID_05D9BE0E3D,0,0.2097698599100113
ID_05DC7D6D61,0,0.07903866469860077
ID_05F57DF5C5,0,0.013010579161345959
ID_05F6FE3FF4,0,0.006344415247440338
ID_0600E0AD26,0,0.04060854762792587
ID_0608A2DF7F,0,0.012962537817656994
ID_0612199BFA,0,0.779026985168457
ID_06191131F1,0,0.0048430850729346275
ID_06241442C0,0,0.04356516897678375
ID_062FB0C6EC,1,0.23259437084197998
ID_0642EDFEB5,1,0.1444396674633026
ID_06464BD5A9,0,0.0027074157260358334
ID_064CE543D6,0,0.032990336418151855
ID_065B7DA3BE,0,0.6350677013397217
ID_06621FC0D0,0,0.010047804564237595
ID_066D16C4F6,0,0.020458849146962166
ID_0671DD27E8,0,0.006573845166712999
ID_0680729E7F,0,0.0333063080906868
ID_068E261602,0,0.11631070822477341
ID_06A07812A6,1,0.40430501103401184
ID_06A8EB0049,1,0.8964172601699829
ID_06AACBA68E,0,0.24266168475151062
ID_06B342B6FC,1,0.1396820992231369
ID_06BF016D3F,0,0.008884739130735397
ID_06C4D7CEB4,1,0.7427830696105957
ID_06CA4F8B14,1,0.963000476360321
ID_06CB5D91D9,0,0.03023827262222767
ID_06DBBBF924,0,0.0063593629747629166
ID_06EC650F93,0,0.12099292874336243
ID_06EFF04CA3,1,0.4337765574455261
ID_0709A5A1CB,1,0.5197331309318542
ID_071B12CE2F,0,0.12912553548812866
ID_0723DE3FD0,0,0.05768206715583801
ID_07332876CE,0,0.011040323413908482
ID_0734F95ABB,0,0.06451819837093353
ID_07386D85FC,0,0.005465777590870857
ID_074AD0DA43,0,0.002698486903682351
ID_074EE31188,0,0.3097502291202545
ID_07512A88FC,1,0.7988409996032715
ID_075A790D6B,0,0.28752562403678894
ID_075D9F0B15,0,0.00978056713938713
ID_075E082F0A,1,0.5053579807281494
ID_0762CA4559,0,0.3900676667690277
ID_07636DC5B4,0,0.07849278301000595
ID_0775189395,0,0.026443444192409515
ID_0776888BC1,0,0.02595529332756996
ID_07827B792C,0,0.04299639165401459
ID_078369C27D,0,0.01313110627233982
ID_078BDB7ECC,1,0.9330114126205444
ID_0794F3DB1A,0,0.021964924409985542
ID_07952DE5A4,0,0.22352510690689087
ID_0796383703,0,0.03765878081321716
ID_0796AB4057,1,0.7482658624649048
ID_0796CFD9BF,0,0.2737668752670288
ID_07998D7DE1,0,0.10006226599216461
ID_079DA6E8AE,0,0.018038686364889145
ID_07B7E4CCA0,0,0.02039610780775547
ID_07BE74ADFB,0,0.002782512456178665
ID_07BF397A17,0,0.03642088919878006
ID_07C8956E3E,1,0.12831425666809082
ID_07D6FF148F,0,0.12416130304336548
ID_07DFD7EC3C,0,0.138719841837883
ID_07E53B3C3A,1,0.03165840357542038
ID_07E87F0D2D,0,0.0035379391629248857
ID_08036011D9,0,0.015732966363430023
ID_0806773548,0,0.07950162887573242
ID_0807911C73,0,0.007611225824803114
ID_080858A15C,0,0.05464750528335571
ID_080F3C238F,0,0.0009868013439700007
ID_0816832507,0,0.012503921054303646
ID_081DFC250F,0,0.5101937055587769
ID_08445E3BA7,0,0.0328163281083107
ID_0845822FC2,0,0.08898161351680756
ID_08587F8157,1,0.5436668395996094
ID_08633B5999,1,0.07563626021146774
ID_086D971362,0,0.09659722447395325
ID_0874F293CB,0,0.007199515588581562
ID_087C810314,0,0.02664606273174286
ID_088BA5F021,0,0.03648669272661209
ID_088E2E435B,0,0.04597310721874237
ID_089F74D5DB,0,0.11860039830207825
ID_08A6FFD3CB,0,0.0067340233363211155
ID_08A9A59187,0,0.0269533172249794
ID_08B3FE6026,0,0.13826563954353333
ID_08B5EE456D,0,0.0042938366532325745
ID_08C405A112,0,0.06285639107227325
ID_08C7DB1092,0,0.01614595204591751
ID_08CEF2EE17,0,0.30558353662490845
ID_08D83F3819,0,0.09896959364414215
ID_08D9316CE7,0,0.007154447957873344
ID_08DD4D18A0,0,0.022019654512405396
ID_08ECC1E4B1,1,0.3953026235103607
ID_08F0ED06EE,0,0.23581454157829285
ID_08FF343C85,0,0.03620900213718414
ID_0904AE360A,0,0.007730916608124971
ID_0911B58BDD,0,0.04643110930919647
ID_09234653AC,0,0.10603231936693192
ID_092A1BDE40,0,0.08854389190673828
ID_093419380C,1,0.710155189037323
ID_09396DB98F,0,0.07641974091529846
ID_093DECD7E4,0,0.10647469758987427
ID_0948F56C41,0,0.3685516119003296
ID_095E493259,0,0.008664778433740139
ID_096899D24E,1,0.24369651079177856
ID_0981F6725D,0,0.25660523772239685
ID_0982A8C9DF,0,0.0024709408171474934
ID_0995589337,0,0.04281912371516228
ID_099C12ECE4,0,0.030124163255095482
ID_099C1ED7B0,0,0.09964419156312943
ID_099C45B115,0,0.5100754499435425
ID_099FA1A517,0,0.007101563736796379
ID_09A810A738,1,0.5376126170158386
ID_09B8661272,1,0.6046278476715088
ID_09C40B4467,0,0.3273376226425171
ID_09C60D436C,0,0.03175448998808861
ID_09D2771E75,0,0.009382099844515324
ID_09E93F4F1E,0,0.11766740679740906
ID_09ED66F66D,0,0.03249439224600792
ID_09F487BA73,0,0.04386397823691368
ID_0A035FDB88,0,0.08808895200490952
ID_0A03A7D71E,0,0.0028568084817379713
ID_0A1CB85C89,0,0.13675357401371002
ID_0A1E0A7870,0,0.22639229893684387
ID_0A1F49E1B3,0,0.02168896049261093
ID_0A2A3C7A4C,0,0.18541483581066132
ID_0A2C340658,1,0.5381245613098145
ID_0A34705BBD,0,0.03284227475523949
ID_0A34E7BA36,0,0.41646677255630493
ID_0A60E09CF0,0,0.05486433953046799
ID_0A8388E355,0,0.017069881781935692
ID_0A8FBCB558,0,0.008633001707494259
ID_0AA0BB20DC,0,0.39673247933387756
ID_0AA0F96B01,0,0.18258628249168396
ID_0AB1DF9C7C,0,0.16308987140655518
ID_0AB95F5428,0,0.5211374163627625
ID_0ABDEDEF1D,0,0.029442699626088142
ID_0AC2A9E459,0,0.1359540820121765
ID_0AC2E314B2,0,0.18181158602237701
ID_0ACF9769D7,0,0.02905145473778248
ID_0ACFBC32F3,0,0.06889978051185608
ID_0ADF75A0EC,0,0.03427819907665253
ID_0AE0EA3FAA,1,0.03241114690899849
ID_0AE102242A,1,0.7087682485580444
ID_0AE19786FD,0,0.132491797208786
ID_0AE3D319DA,0,0.059064626693725586
ID_0AEB7BBE60,0,0.07875874638557434
ID_0AECCDEAF6,0,0.822744607925415
ID_0AEF79D85F,0,0.1763710379600525
ID_0B0097F2B6,0,0.06262889504432678
ID_0B064C7E39,0,0.022504059597849846
ID_0B07EEF18A,0,0.0536062978208065
ID_0B0AA8FF17,0,0.005099702626466751
ID_0B1858BCC7,0,0.00521065341308713
ID_0B3FC2B323,0,0.016546647995710373
ID_0B3FE6963D,1,0.12674275040626526
ID_0B409BC3EE,0,0.06763413548469543
ID_0B452DEC89,0,0.6896980404853821
ID_0B4703CE58,0,0.05536583811044693
ID_0B669DA6B3,0,0.00936321821063757
ID_0B7E893695,0,0.3375641107559204
ID_0B7FFE07EE,0,0.007952433079481125
ID_0B949E4796,0,0.04542020708322525
ID_0B97E8CE70,0,0.019394706934690475
ID_0B9A42DAA9,0,0.0231805220246315
ID_0BB125CCC4,1,0.734020471572876
ID_0BB240FFEA,0,0.25380927324295044
ID_0BBE22783F,0,0.005068630445748568
ID_0BC2975133,0,0.03509923815727234
ID_0BD8124C7A,0,0.07396207749843597
ID_0BDA17A403,0,0.030099492520093918
ID_0BDF50E478,0,0.6204429864883423
ID_0BE8144458,0,0.013380358926951885
ID_0BE9A055C1,0,0.028140880167484283
ID_0BFFA767CC,0,0.13348421454429626
ID_0C1C4A959C,0,0.010810953564941883
ID_0C1C5A9151,1,0.021223321557044983
ID_0C2193A7FF,0,0.008560262620449066
ID_0C2587343F,0,0.09298489987850189
ID_0C2C884928,0,0.29802727699279785
ID_0C37BD6BE0,0,0.07975278049707413
ID_0C3A45E4CD,0,0.1217060312628746
ID_0C3EEEB48D,0,0.060417041182518005
ID_0C531A2971,0,0.060567036271095276
ID_0C553E0DE1,0,0.23866134881973267
ID_0C5FAC77AE,0,0.16916245222091675
ID_0C6402FE34,0,0.35705143213272095
ID_0C7208E97B,0,0.10472633689641953
ID_0C755324A8,1,0.6770026683807373
ID_0C80682834,0,0.044716641306877136
ID_0C85787654,0,0.006804689299315214
ID_0C8A165207,0,0.07282213866710663
ID_0C8B22D231,0,0.00833568349480629
ID_0C8EA757B2,1,0.12300041317939758
ID_0C92148B1A,0,0.00905526988208294
ID_0C99D9F9E2,0,0.15266172587871552
ID_0CA2CA3797,0,0.12086410820484161
ID_0CA2ECB4D2,1,0.7010027170181274
ID_0CA52EEAB6,0,0.017898330464959145
ID_0CA782E751,1,0.31221330165863037
ID_0CA9A404FE,0,0.06756314635276794
ID_0CBA29D4FF,0,0.0029576795641332865
ID_0CC1E3D2BE,0,0.006598728708922863
ID_0CC828478E,0,0.004717529751360416
ID_0CCD28AE92,0,0.01256558857858181
ID_0CD4663195,0,0.003866553073748946
ID_0CDB1AE9DA,1,0.9001642465591431
ID_0CE7ABB3D5,0,0.014559300616383553
ID_0CE8AF566E,0,0.007666181772947311
ID_0CECA2878D,0,0.006956287659704685
ID_0CF3C7F173,0,0.05856553092598915
ID_0D010995E1,0,0.03210205212235451
ID_0D0135FB78,0,0.008254233747720718
ID_0D04486FAB,0,0.04751242324709892
ID_0D0F595688,0,0.004335133824497461
ID_0D12D9DF17,0,0.10126116126775742
ID_0D161E8E4D,0,0.06651679426431656
ID_0D1B0828B1,0,0.26039713621139526
ID_0D1CFFB783,0,0.22352376580238342
ID_0D2905B3CC,0,0.012193313799798489
ID_0D29CCAE72,0,0.0031392276287078857
ID_0D2BD386B8,0,0.24161943793296814
ID_0D2C303B1D,0,0.03466647490859032
ID_0D3150BEC7,1,0.4122304320335388
ID_0D34701EBF,0,0.019442152231931686
ID_0D390B902B,0,0.06824476271867752
ID_0D429009C0,0,0.3156099319458008
ID_0D49CA4A70,0,0.059832651168107986
ID_0D4B173574,0,0.04290277883410454
ID_0D4FA8E744,0,0.10794379562139511
ID_0D558CA929,0,0.0037470043171197176
ID_0D6CA9B694,0,0.05911020189523697
ID_0D7C8651FF,0,0.027168063446879387
ID_0D7E8240CF,0,0.056710198521614075
ID_0D7FDACB43,1,0.5145017504692078
ID_0D8124F89C,0,0.024633031338453293
ID_0D948287E4,0,0.01290555577725172
ID_0D96221C8A,0,0.19216501712799072
ID_0DA5454A74,0,0.020807409659028053
ID_0DA70B1272,0,0.1396295428276062
ID_0DAFC45689,0,0.08532530814409256
ID_0DB9C89563,1,0.9642792344093323
ID_0DBC50600C,0,0.051883041858673096
ID_0DBE425681,1,0.12939178943634033
ID_0DBE9914A9,0,0.01762884110212326
ID_0DBF967ABC,0,0.337158203125
ID_0DC5FD324F,0,0.03560574725270271
ID_0DCC6F969D,1,0.07803401350975037
ID_0DCE740CEC,0,0.01271343044936657
ID_0DD55C9AA3,1,0.35835757851600647
ID_0DE6A33881,0,0.023473482578992844
ID_0DF7D1EE3D,0,0.22608670592308044
ID_0DFADC0763,0,0.005843294784426689
ID_0E0351F63A,0,0.08462340384721756
ID_0E06AC426A,0,0.00983703788369894
ID_0E0DB4B27C,0,0.1756412535905838
ID_0E1058C556,0,0.4455296993255615
ID_0E127CEF42,0,0.03258191794157028
ID_0E19CA040C,0,0.11294378340244293
ID_0E1FDF1928,0,0.008998025208711624
ID_0E20FA453B,0,0.018535485491156578
ID_0E281364CE,0,0.20484521985054016
ID_0E2864848B,0,0.13244551420211792
ID_0E327F0E1F,0,0.024152886122465134
ID_0E3301BC48,0,0.007773698773235083
ID_0E33CA63C4,0,0.2797754108905792
ID_0E412227DA,0,0.008100593462586403
ID_0E4B7BEBB7,0,0.2759241759777069
ID_0E56D22888,1,0.3468826711177826
ID_0E580F9E36,1,0.4572381377220154
ID_0E5FCA535F,0,0.0049322075210511684
ID_0E620A4772,1,0.4221659302711487
ID_0E63B4B322,0,0.11639869213104248
ID_0E6DAF22B5,0,0.06695108115673065
ID_0E6F73C596,0,0.09595495462417603
ID_0E70A2B338,0,0.06109268590807915
ID_0E7596923E,0,0.003198217134922743
ID_0E78227FC1,1,0.48867547512054443
ID_0E8A2BD930,0,0.03280971944332123
ID_0E92761900,0,0.034934308379888535
ID_0E9527CE11,0,0.05246207118034363
ID_0EAA0C1694,0,0.02013462223112583
ID_0EAADEB823,0,0.10067296028137207
ID_0EAEBC43A5,0,0.2371818721294403
ID_0EAF88946D,0,0.1775604784488678
ID_0EB214B2D2,0,0.005561177618801594
ID_0ECA2A570E,0,0.3707059919834137
ID_0ECAFB1A13,0,0.0202073585242033
ID_0ECC6DFE9E,0,0.0037226416170597076
ID_0ED44BE949,0,0.15149830281734467
ID_0ED4CE9568,0,0.015346547588706017
ID_0ED6DA959B,0,0.0564257837831974
ID_0ED9C1A6E4,0,0.047236368060112
ID_0EE0EF740A,1,0.6753107309341431
ID_0EE27C5E9F,0,0.0074768345803022385
ID_0F1193A8FB,1,0.3591883182525635
ID_0F190ECB1F,0,0.024811098352074623
ID_0F23CC550C,0,0.16359230875968933
ID_0F26D6020B,0,0.24453213810920715
ID_0F2941C048,0,0.1340831220149994
ID_0F30AA7586,0,0.04732766002416611
ID_0F3A5D70F3,1,0.03517920896410942
ID_0F3FB10365,0,0.5196515321731567
ID_0F40B1C042,0,0.04007364436984062
ID_0F4156A136,1,0.40619152784347534
ID_0F463A0986,0,0.08985068649053574
ID_0F4A5BA4FB,0,0.2296028882265091
ID_0F58E8FAEF,0,0.011722241528332233
ID_0F5BFE4FBC,0,0.007853744551539421
ID_0F6A18461C,0,0.3320102393627167
ID_0F700D5589,1,0.4101356863975525
ID_0F705B2825,1,0.7807505130767822
ID_0F73F16380,0,0.02390403114259243
ID_0F7622680E,0,0.07617366313934326
ID_0F7901C2D2,0,0.011485101655125618
ID_0F7E0D4704,1,0.9593649506568909
ID_0F802628E4,0,0.015714406967163086
ID_0F81F901C7,0,0.11523105204105377
ID_0F85181688,0,0.45104482769966125
ID_0FA8F1D28A,0,0.08986271917819977
ID_0FAA768664,1,0.6901048421859741
ID_0FAD8B25FE,0,0.6131566166877747
ID_0FB8E26106,0,0.009466325864195824
ID_0FBB91C0A7,0,0.02346164360642433
ID_0FC165BD90,0,0.04617471992969513
ID_0FE00A2AFE,0,0.2926192879676819
ID_0FE9DFA14E,1,0.38609734177589417
ID_0FF6A3FB25,0,0.002348565263673663
ID_0FFC8F5E91,0,0.22428113222122192
ID_0FFFE0C3D7,0,0.01312677375972271
ID_10002A5FF6,0,0.002242137910798192
ID_1009AE8014,0,0.06669805943965912
ID_100F6B3DFF,0,0.01813361421227455
ID_10143BB629,0,0.003428974887356162
ID_1014AF9E23,0,0.007490797899663448
ID_101AAFB719,0,0.012837300077080727
ID_1044B70723,0,0.04642526060342789
ID_1058824292,0,0.01389405783265829
ID_105FFB3921,0,0.2321324348449707
ID_106C905B06,0,0.017404813319444656
ID_106FFE9AC7,1,0.8246430158615112
ID_107520CA4D,0,0.013594068586826324
ID_107AA0FF88,0,0.15472233295440674
ID_107E15F02E,0,0.1925828456878662
ID_1086FA3202,0,0.03580928593873978
ID_1094607BEF,1,0.29126131534576416
ID_109549DF93,0,0.11589373648166656
ID_1096E2DA0A,0,0.020082930102944374
ID_109C73C378,0,0.0013078576885163784
ID_10A350D420,0,0.009872643277049065
ID_10B124A6A0,0,0.007854703813791275
ID_10B91F108B,0,0.023979052901268005
ID_10B9C6B636,0,0.07304821163415909
ID_10BE547848,0,0.3683054745197296
ID_10C21166C9,0,0.057577721774578094
ID_10CCB2FA3A,0,0.02412162348628044
ID_10D15993D3,0,0.43996506929397583
ID_10D2CC4168,0,0.4516672194004059
ID_10EC17904A,1,0.9579275846481323
ID_10F4EC7BB7,1,0.036654725670814514
ID_10F58D138A,0,0.12707030773162842
ID_10F9AA70DD,0,0.03843456506729126
ID_10FAFCA181,0,0.04556569829583168
ID_10FF6A11D1,0,0.003560140263289213
ID_110C07F7A8,0,0.02008841186761856
ID_112AD6F74D,0,0.06818363070487976
ID_112D6DC188,0,0.1171417310833931
ID_1131EE10D6,0,0.0058291698805987835
ID_113C1CF27C,1,0.6563417911529541
ID_113F6388FE,0,0.047986388206481934
ID_1145A76627,1,0.6692087650299072
ID_114956E2EC,1,0.12278005480766296
ID_114DA64119,1,0.12471276521682739
ID_1151E80A45,0,0.12216674536466599
ID_1160A87B59,0,0.00499403802677989
ID_1161D1B815,0,0.0050504496321082115
ID_1165AFFF53,1,0.7391113042831421
ID_116ABCF8EB,0,0.2197032868862152
ID_116C03ECD5,0,0.23373597860336304
ID_1181062690,0,0.4093236029148102
ID_1189FB01F9,1,0.12322922796010971
ID_1199790812,0,0.030312834307551384
ID_11A579375C,0,0.2519625425338745
ID_11AA27D754,0,0.043842971324920654
ID_11AFFE9253,1,0.7074702978134155
ID_11B31F3294,0,0.07134483754634857
ID_11BA71D87E,0,0.007518581114709377
ID_11BCF6623F,0,0.25252753496170044
ID_11C146C4B2,0,0.19412489235401154
ID_11CEA7243E,0,0.026015229523181915
ID_11E6946437,0,0.003454781137406826
ID_11E7B42811,0,0.005913950502872467
ID_11F5770E20,0,0.0077291009947657585
ID_11F9CF05AA,1,0.8600070476531982
ID_11F9FC232A,0,0.01859040930867195
ID_11FA1D85EC,0,0.010148346424102783
ID_11FACD5BE3,0,0.10552460700273514
ID_120788A349,1,0.1438886672258377
ID_120AFE1041,0,0.11389380693435669
ID_121AE743CF,0,0.02338625118136406
ID_122E945843,0,0.3770747482776642
ID_122EA2529A,0,0.007808341644704342
ID_123736315D,0,0.20187059044837952
ID_12395F0C9B,0,0.5215276479721069
ID_123D26D355,0,0.00649516424164176
ID_1240A36085,0,0.03874484822154045
ID_1242E72497,0,0.0024877828545868397
ID_124ADB9333,0,0.044203873723745346
ID_124DAF4AAB,1,0.6403940916061401
ID_1254FB5D79,0,0.12786224484443665
ID_126520432B,1,0.7213872671127319
ID_126DFF7986,0,0.017695069313049316
ID_126E249653,0,0.036360885947942734
ID_126F276A8B,0,0.024656645953655243
ID_127EE5F4F8,0,0.22916609048843384
ID_128EB8887E,0,0.0450311154127121
ID_1298DBC9D9,0,0.00796798337250948
ID_12B2896938,0,0.05409381911158562
ID_12B3AD94A2,1,0.329789936542511
ID_12B684BD3D,0,0.10561110824346542
ID_12BE5293D2,0,0.08306761085987091
ID_12C107416D,0,0.012371799908578396
ID_12C8F5172A,0,0.025707462802529335
ID_12C9ACA4DA,1,0.6874784231185913
ID_12DE9EF49D,0,0.0023842547088861465
ID_12E019ABFA,0,0.08922042697668076
ID_12E892E72D,1,0.6699846982955933
ID_12E9F1C0D5,0,0.006700083613395691
ID_12EACE4325,0,0.06891539692878723
ID_12EFEBDFB6,0,0.009799115359783173
ID_12F8A9BDC7,0,0.02090894617140293
ID_12FB0B24B8,1,0.08344437181949615
ID_12FE206116,1,0.45796293020248413
ID_130C2DDBC7,0,0.18798580765724182
ID_131951FD2A,0,0.15853534638881683
ID_131A7A9382,0,0.2604060173034668
ID_1322EBF2A6,1,0.5101934671401978
ID_132AEE1497,0,0.11851872503757477
ID_13336C4BFE,0,0.001959688263013959
ID_1334DC540C,1,0.7923907041549683
ID_13399107EB,0,0.003537269774824381
ID_134C7A6CE2,0,0.019379748031497
ID_135718B760,0,0.04333138465881348
ID_1359B4EE30,0,0.12373530864715576
ID_136450CA92,0,0.13715076446533203
ID_137200E69D,0,0.0775047019124031
ID_1377DE807E,0,0.31856125593185425
ID_1379868A51,0,0.0014467374421656132
ID_138459D613,0,0.37693047523498535
ID_1388989890,1,0.4301151931285858
ID_13B1E21688,0,0.017180200666189194
ID_13B3E2DDA9,0,0.030045723542571068
ID_13B538B636,0,0.019119752570986748
ID_13BEEEFB63,0,0.004257421009242535
ID_13C3AACC2E,0,0.01915585994720459
ID_13CFBF33D0,1,0.7889124751091003
ID_13D56528A3,0,0.00488725071772933
ID_13E21396C9,0,0.004588228650391102
ID_13E4A9FC40,0,0.016818895936012268
ID_13EB3489BC,0,0.0341944694519043
ID_13FD27A0C8,1,0.4680835008621216
ID_14027F09AB,0,0.4808511435985565
ID_14149996EF,0,0.05522473156452179
ID_1415A73965,0,0.08106626570224762
ID_1418FB14AB,0,0.4505424201488495
ID_1420C1195A,0,0.07665769755840302
ID_142F6CAE30,0,0.01874462142586708
ID_1431A84287,1,0.863990068435669
ID_14447D2A8E,0,0.24780496954917908
ID_14453B7AB4,0,0.05315902456641197
ID_1450F37C36,0,0.13032180070877075
ID_145F83D161,0,0.14004813134670258
ID_1464E1F7F1,0,0.40073832869529724
ID_146F22BCDF,0,0.048105351626873016
ID_1477CF78D6,0,0.4669117033481598
ID_14825C25EC,1,0.11879627406597137
ID_1483172E5C,0,0.005861802026629448
ID_148A02B779,1,0.8239551782608032
ID_148A3C4FA4,0,0.004783253185451031
ID_14925DF50D,0,0.11244334280490875
ID_14A674D6E6,0,0.005372786894440651
ID_14A823CAD7,0,0.08852200210094452
ID_14A9001B70,0,0.05794697254896164
ID_14A98796EE,0,0.04131777212023735
ID_14AC142840,0,0.2745564877986908
ID_14B4C1312A,0,0.22397097945213318
ID_14B568BB9E,1,0.7435413599014282
ID_14B8A0736C,0,0.005278855562210083
ID_14D3CD2923,0,0.6247881650924683
ID_14E2BBC95B,0,0.4673590362071991
ID_14EF1637F1,0,0.7001622915267944
ID_14F3E2C324,0,0.0019344667671248317
ID_14F8759128,1,0.8784084320068359
ID_14FE828136,0,0.24291087687015533
ID_1510B93593,0,0.016084175556898117
ID_1514EF4A07,0,0.05463561415672302
ID_151A00CB38,1,0.5764346122741699
ID_151F8DA142,1,0.5448154807090759
ID_1520E0A1DF,0,0.35139957070350647
ID_152AB62A57,1,0.4008166193962097
ID_152C0D0A56,0,0.6954854130744934
ID_152D14C2F2,0,0.59223872423172
ID_152F78B90E,0,0.020185891538858414
ID_1536F64331,0,0.002354928059503436
ID_153DFD305C,1,0.52496337890625
ID_15413F584E,0,0.01963893324136734
ID_1545F7D899,1,0.5725914835929871
ID_154BB6C518,0,0.07508909702301025
ID_154FA9C0DA,0,0.04245712608098984
ID_154FD01BDE,0,0.1250002682209015
ID_156246A819,0,0.02476932294666767
ID_1564914E9F,0,0.015396527014672756
ID_157E0765E2,0,0.04041643440723419
ID_157F9F1BFE,0,0.013984950259327888
ID_158F7A8A6B,1,0.9639694690704346
ID_159AC2704E,0,0.0601547546684742
ID_15A6C33E84,0,0.21236580610275269
ID_15A909C1E6,0,0.020107828080654144
ID_15B946669A,0,0.010799916461110115
ID_15BCBE2C02,0,0.7184618711471558
ID_15C39CD510,0,0.05623745918273926
ID_15C66FC8FF,0,0.08219045400619507
ID_15CC819CDF,0,0.006353104952722788
ID_15D9BF863F,0,0.15653949975967407
ID_15DF24C087,0,0.11968395859003067
ID_15E2FA1D02,0,0.0025011037942022085
ID_15E51E0EA9,0,0.025425588712096214
ID_15EB7F7A57,1,0.2984478175640106
ID_15EE36C23A,0,0.006775169633328915
ID_15EEF5B98D,0,0.057118888944387436
ID_15EF673F56,0,0.016200460493564606
ID_15F5F4437B,0,0.14289413392543793
ID_15F7191262,0,0.5106829404830933
ID_15FD70BDAD,1,0.07048474252223969
ID_16178E0060,0,0.1305076777935028
ID_161BF30BF1,0,0.4634741246700287
ID_163DC0A061,0,0.03201712295413017
ID_164845C2D9,0,0.03257469832897186
ID_164C0A3572,1,0.31817275285720825
ID_1652D62E2D,1,0.26127001643180847
ID_1655F3C828,1,0.09969654679298401
ID_16579FEAC7,0,0.21107232570648193
ID_165D961EC3,0,0.17107343673706055
ID_165DC77F68,0,0.03173007816076279
ID_165ED99556,0,0.33485841751098633
ID_166565AA3C,0,0.023750025779008865
ID_1667D92CDA,0,0.0798911303281784
ID_166FCDE0D4,0,0.07312574982643127
ID_16772C91D2,0,0.009794932790100574
ID_1678099950,0,0.03887035697698593
ID_1678767E2F,0,0.027876485139131546
ID_167E81BACE,0,0.12009327113628387
ID_16881FF23B,0,0.2512357234954834
ID_168FA2C713,0,0.04548468440771103
ID_169FC77788,0,0.06064830347895622
ID_16AB2772BA,0,0.017723292112350464
ID_16C0A530ED,0,0.023243553936481476
ID_16C0C9D1F9,0,0.15408679842948914
ID_16D7DE3980,0,0.11800625920295715
ID_16DC543E1A,0,0.08839376270771027
ID_16DCCF6EBA,1,0.40290898084640503
ID_16DEE4E35B,0,0.1284928023815155
ID_16E2588AEE,0,0.21467220783233643
ID_16F3588B21,0,0.30621254444122314
ID_16F7BE74BF,0,0.3028109669685364
ID_16F982F7E5,0,0.020517481490969658
ID_16FA453F3F,0,0.036755118519067764
ID_1700D78D2C,0,0.0034055192954838276
ID_171B8C3B9F,1,0.18983492255210876
ID_171EAAC567,0,0.03981269150972366
ID_17249CB268,0,0.06831756234169006
ID_17258D2055,0,0.13141612708568573
ID_1734FA1012,1,0.4730461835861206
ID_173A7DF072,0,0.029946142807602882
ID_173C6814E3,0,0.14750152826309204
ID_1756605368,0,0.005728002637624741
ID_175A971EDA,0,0.269039511680603
ID_175EAE97D5,0,0.07650619745254517
ID_1765E97482,1,0.8646122217178345
ID_17753E4905,0,0.00398462638258934
ID_1776C47949,0,0.0075038718059659
ID_17799D251E,0,0.10135658085346222
ID_17816E463E,0,0.01409049890935421
ID_1782BFCDB8,0,0.008480612188577652
ID_178A92BBC2,0,0.005641937255859375
ID_1797D90847,0,0.006559077650308609
ID_179B7C28A3,0,0.0076965331099927425
ID_17A37D3F16,0,0.011218875646591187
ID_17B6C07693,0,0.054654136300086975
ID_17B954A774,0,0.05722884088754654
ID_17CB1233D9,1,0.13834044337272644
ID_17CE3B6A1E,1,0.5886661410331726
ID_17CF693539,0,0.10481850057840347
ID_17D3912405,0,0.7395092844963074
ID_17D637DBF5,0,0.031730446964502335
ID_17DE31151C,0,0.033278997987508774
ID_17DE77D5A2,0,0.00353249697946012
ID_17E20D87C5,0,0.0063727255910634995
ID_17FB88ACE4,0,0.018078822642564774
ID_17FEA87A69,0,0.06312296539545059
ID_180A1CBD6E,0,0.05366244539618492
ID_181B6BBF11,0,0.16549000144004822
ID_183EC45090,0,0.3984670341014862
ID_1842209D7D,1,0.580550491809845
ID_184C007849,0,0.014358124695718288
ID_185CA6FA56,0,0.027186065912246704
ID_187C696C54,0,0.01499883458018303
ID_187F59F941,0,0.0053171925246715546
ID_1893FDD681,1,0.26737746596336365
ID_18A499F1B2,1,0.1125139519572258
ID_18ABB5EAE5,0,0.013570611365139484
ID_18B7976DEC,0,0.21052348613739014
ID_18BAB5E61F,0,0.16940653324127197
ID_18C4F060C6,0,0.04305009916424751
ID_18C66B218F,0,0.21914111077785492
ID_18C9CE399C,0,0.1411387324333191
ID_18CFB78D3D,0,0.008591610006988049
ID_18D3B4988B,1,0.6859968900680542
ID_18D3B76020,0,0.3723193407058716
ID_18D7A7BAE8,0,0.011932344175875187
ID_18E0AC36E9,0,0.020741550251841545
ID_18E7FAFFF7,1,0.2910783886909485
ID_18EA59BEA9,0,0.009412918239831924
ID_18F4946C4A,0,0.20904263854026794
ID_18FB702A7D,0,0.01721249707043171
ID_1901FC27E7,0,0.015727419406175613
ID_1902F34E5B,0,0.006821686867624521
ID_190AF0CBBB,0,0.01281079649925232
ID_1913BE657D,0,0.002382291480898857
ID_19180C3F36,1,0.39911913871765137
ID_191FC08CF7,0,0.006748140789568424
ID_1928DEDD5C,0,0.02481709234416485
ID_192C204627,0,0.2111918032169342
ID_193E0F78E4,0,0.02050047740340233
ID_194D36329E,0,0.5561513900756836
ID_1951F38B4C,0,0.08857607841491699
ID_195336658F,0,0.01547086052596569
ID_1956CCC8E2,0,0.013533898629248142
ID_195EFFAF2C,0,0.033953435719013214
ID_1963B85A75,1,0.022544533014297485
ID_19642E7484,0,0.0035037698689848185
ID_1964C1F124,1,0.3934503197669983
ID_198615EDEB,0,0.017259152606129646
ID_198EB77D75,1,0.9115862846374512
ID_199B92B317,0,0.012537794187664986
ID_199F283289,0,0.5636528730392456
ID_19AF0DC8BF,0,0.05499489605426788
ID_19AF1F2A64,0,0.10732031613588333
ID_19B94D2D16,0,0.03648722916841507
ID_19BBB79BD5,1,0.37630197405815125
ID_19BC9436B4,0,0.0028918494936078787
ID_19C20DE890,0,0.013156319037079811
ID_19CBDF34B3,0,0.004309621173888445
ID_19D1787F62,0,0.020452680066227913
ID_19D6F8C9BD,0,0.03761244937777519
ID_19D7E58C57,0,0.015995439141988754
ID_19EC98CE28,1,0.16021129488945007
ID_19F1959AA7,0,0.0825885683298111
ID_1A03671FA7,0,0.016662325710058212
ID_1A03F3991F,0,0.03271111845970154
ID_1A052739AE,0,0.02670171670615673
ID_1A0DE61A15,0,0.005119605455547571
ID_1A10B11196,0,0.7142754793167114
ID_1A1147A090,0,0.03736423701047897
ID_1A296EBE85,1,0.0746520385146141
ID_1A2F0A0324,0,0.06342974305152893
ID_1A4C6D8EA9,1,0.06940028816461563
ID_1A57F497C2,0,0.00475897965952754
ID_1A5C891936,0,0.09692320227622986
ID_1A63833B5F,0,0.1909359246492386
ID_1A759098D2,0,0.018928498029708862
ID_1A938F7CDC,0,0.12778723239898682
ID_1A95CA0226,0,0.09258721023797989
ID_1A9F9E8730,0,0.0989328920841217
ID_1AA958914D,0,0.010111040435731411
ID_1AAA473A52,0,0.030118711292743683
ID_1ABD435029,0,0.09914793074131012
ID_1AC24C9143,0,0.006197452545166016
ID_1AC6B9727B,0,0.008204789832234383
ID_1ACC5443B6,0,0.00791158340871334
ID_1ACCE5F7A6,0,0.05737336352467537
ID_1ACF6E2FE2,0,0.46942007541656494
ID_1AD1F1FDC7,0,0.016613775864243507
ID_1ADBB8B309,0,0.01308426633477211
ID_1ADDB1C76F,0,0.027827398851513863
ID_1AE9D79F42,0,0.004188648425042629
ID_1AEF011218,1,0.08738993853330612
ID_1AFB99E134,0,0.014833224005997181
ID_1B0A896EDF,0,0.001546957646496594
ID_1B0F6F2273,0,0.0029887864366173744
ID_1B198CE013,0,0.11170633137226105
ID_1B1ACE7173,0,0.10938070714473724
ID_1B1F039982,1,0.504134476184845
ID_1B2A164EC6,0,0.021550092846155167
ID_1B2A8B2427,0,0.006103523075580597
ID_1B3543F05B,0,0.00800120085477829
ID_1B358CDBB4,0,0.11221958696842194
ID_1B3EAF2787,1,0.7558499574661255
ID_1B4E6EBD1C,0,0.04889397695660591
ID_1B50B53907,0,0.020670950412750244
ID_1B5513327E,0,0.17331495881080627
ID_1B5A4556B1,0,0.008623315021395683
ID_1B5D462BA2,1,0.2696365416049957
ID_1B636BDF29,0,0.011370674706995487
ID_1B636D6DCE,0,0.03308955579996109
ID_1B700CE3DD,0,0.35094985365867615
ID_1B7B3C4566,0,0.048270463943481445
ID_1B81DA7385,1,0.437558114528656
ID_1B859DFE33,0,0.04625841975212097
ID_1B892F683D,0,0.03996085375547409
ID_1B8C6B465E,0,0.0020531723275780678
ID_1B8D7E475C,0,0.003042749594897032
ID_1B8FACBDAD,0,0.00435238890349865
ID_1B91D22722,1,0.2963067889213562
ID_1BA13CBCF1,1,0.1475204974412918
ID_1BA38EAA0F,0,0.2541077435016632
ID_1BA488CEA2,0,0.020212197676301003
ID_1BBA026B43,0,0.04839546978473663
ID_1BBB88C563,0,0.02552027255296707
ID_1BC2B734C6,0,0.013969417661428452
ID_1BCBFCB1FA,0,0.024714753031730652
ID_1BD1D802F5,0,0.06267035007476807
ID_1BE54FFBDA,0,0.17183107137680054
ID_1BEA9D9E0A,0,0.21780294179916382
ID_1BED67B74E,0,0.03610721230506897
ID_1BEDB0AC90,0,0.5013425350189209
ID_1BEE9F08A8,0,0.018011797219514847
ID_1C05E57C7C,0,0.05154203251004219
ID_1C0EC244C8,1,0.2550859749317169
ID_1C10E22FE0,0,0.20286743342876434
ID_1C13657C23,1,0.6666108965873718
ID_1C1A668A5D,0,0.07760956883430481
ID_1C1E76012A,0,0.01340528018772602
ID_1C1F5807FA,0,0.02122240513563156
ID_1C2406B983,0,0.06676506996154785
ID_1C25B74B35,0,0.010729020461440086
ID_1C28B34EDC,0,0.18950900435447693
ID_1C33E42912,0,0.07542266696691513
ID_1C35A880C7,0,0.08433151245117188
ID_1C395E58F4,0,0.0018994747661054134
ID_1C3FC8D468,1,0.09574119746685028
ID_1C403DC450,0,0.047056157141923904
ID_1C50A1F8E1,0,0.0166705884039402
ID_1C5B75150F,0,0.013386254198849201
ID_1C6DBF1B2B,0,0.02935929223895073
ID_1C73932E5B,1,0.049873679876327515
ID_1C7496B302,0,0.0065964688546955585
ID_1C7579E959,0,0.2032793015241623
ID_1C79389852,0,0.18163134157657623
ID_1C83109244,1,0.232677161693573
ID_1C85CA9AB4,0,0.31163331866264343
ID_1C96286C6D,0,0.006695173680782318
ID_1CA5626901,0,0.12531358003616333
ID_1CA725370F,0,0.013019616715610027
ID_1CB8561B73,0,0.16067859530448914
ID_1CBB9E7577,0,0.015213066712021828
ID_1CBBBA8F29,0,0.014713604003190994
ID_1CC51F5006,0,0.0020038774237036705
ID_1CCC96C0FF,0,0.024764399975538254
ID_1CD7B06F69,0,0.013203024864196777
ID_1CD82AC565,0,0.014099263586103916
ID_1CD9027086,0,0.0375981442630291
ID_1CEBD0D1A1,0,0.12211688607931137
ID_1CF2D2EEA7,1,0.07215412706136703
ID_1CFA087D0B,0,0.02837749943137169
ID_1D0ABA8783,0,0.007970321923494339
ID_1D0CBBD702,0,0.00677133072167635
ID_1D1A4E9BC1,0,0.05205325782299042
ID_1D1AEB2818,0,0.07068236917257309
ID_1D265FD572,0,0.002245693001896143
ID_1D2AC1B9B1,1,0.397238552570343
ID_1D32B21C39,0,0.10491183400154114
ID_1D3737BE80,1,0.5063490271568298
ID_1D3C11CFEE,0,0.14109313488006592
ID_1D47230E88,0,0.3986510634422302
ID_1D4919A573,0,0.025662453845143318
ID_1D52187CFC,0,0.050352104008197784
ID_1D5606ACE0,1,0.6885812878608704
ID_1D5889E1B3,0,0.06468178331851959
ID_1D5963D741,0,0.0774582028388977
ID_1D606723CB,1,0.27178511023521423
ID_1D68220424,0,0.26533547043800354
ID_1D7CAAC1EB,0,0.0033429241739213467
ID_1D9CA8D136,0,0.06158187612891197
ID_1DACA56DDC,0,0.008302932605147362
ID_1DAF80D723,1,0.2734680473804474
ID_1DC4B8F96A,0,0.0026642291340976954
ID_1DCC6886F4,0,0.02735292911529541
ID_1DD19780C1,0,0.020478617399930954
ID_1DD53B18B3,0,0.15234580636024475
ID_1DE6E1B564,0,0.002005209680646658
ID_1E01DF7C84,0,0.01851922832429409
ID_1E0CCC2B91,1,0.5385458469390869
ID_1E15B7B473,1,0.3150444030761719
ID_1E183ADE1E,0,0.18688713014125824
ID_1E1AC6BDD9,0,0.10276178270578384
ID_1E1AD7187F,0,0.06728136539459229
ID_1E3EC30F4C,1,0.33856692910194397
ID_1E4BE6CEDE,0,0.006243414711207151
ID_1E4EDA0D11,0,0.14085854589939117
ID_1E672694D0,0,0.009215079247951508
ID_1E6FC7ED59,1,0.405489444732666
ID_1E78AF0687,0,0.15587006509304047
ID_1E81115529,0,0.01392239797860384
ID_1E870162B1,0,0.0287287849932909
ID_1E889D53B6,1,0.5877603888511658
ID_1E8F123410,0,0.22511306405067444
ID_1E96A52085,0,0.07836851477622986
ID_1E9A30274F,0,0.03342801705002785
ID_1EA3496D9D,0,0.012089433148503304
ID_1EA7AE62BD,0,0.020602596923708916
ID_1EAE11747F,0,0.08536307513713837
ID_1EB3B2F2B3,0,0.008874800987541676
ID_1EB93B9DF8,0,0.48102807998657227
ID_1EC3C497DD,0,0.3181118965148926
ID_1EF4286EDF,0,0.019163241609930992
ID_1F00C5FD8F,0,0.032108109444379807
ID_1F041C8497,0,0.10018444061279297
ID_1F072B1371,0,0.06630697101354599
ID_1F162ED5C1,0,0.06966613233089447
ID_1F244D12ED,0,0.0895739495754242
ID_1F2491255B,0,0.06625699996948242
ID_1F25A4CD4D,0,0.007620437070727348
ID_1F2ACEEE93,0,0.0943307876586914
ID_1F3489810A,0,0.193344384431839
ID_1F3E0C2F0C,1,0.8596528768539429
ID_1F410EBB53,0,0.009647855535149574
ID_1F4DA39939,1,0.0366140753030777
ID_1F4E075DE7,0,0.02239849418401718
ID_1F5995C7A4,1,0.8487213850021362
ID_1F65DA91D5,0,0.07825987040996552
ID_1F661D4F11,0,0.05726335197687149
ID_1F6E17359D,1,0.19546949863433838
ID_1F7797AAB9,0,0.027913885191082954
ID_1F7E250F9F,0,0.10729353129863739
ID_1F86EC3161,0,0.003369832644239068
ID_1F88B07212,0,0.04959968477487564
ID_1F9747DA45,0,0.008562944829463959
ID_1FA08C5EE6,0,0.06482964754104614
ID_1FA7EB09CA,0,0.11096443235874176
ID_1FBA14D3C6,0,0.008347830735147
ID_1FD8450569,0,0.15257863700389862
ID_1FF36287F9,0,0.4373241662979126
ID_1FF9E3E0D2,0,0.02738937735557556
ID_1FFF40E44D,1,0.7162914872169495
ID_200AFE00ED,0,0.15709242224693298
ID_201CD4FF92,0,0.015577027574181557
ID_20294B4E6B,0,0.26598599553108215
ID_202B4161F4,0,0.2541917562484741
ID_2031ADF5D5,0,0.05093452334403992
ID_203D2F650F,1,0.2658478617668152
ID_204179CE7B,1,0.5101900100708008
ID_205767747D,1,0.16396436095237732
ID_205EEF9ECD,1,0.7630618810653687
ID_205F5C9F28,0,0.08604636788368225
ID_2061E5789D,0,0.010148567147552967
ID_2089A0C8F3,0,0.02691482938826084
ID_208AB3D5A5,0,0.003110446035861969
ID_20994A1167,1,0.16622042655944824
ID_2099581635,0,0.028559299185872078
ID_209D769BA2,0,0.27980172634124756
ID_20A7456EEE,0,0.0060011544264853
ID_20B7C3C1E7,1,0.6995059251785278
ID_20BED783D9,0,0.029019782319664955
ID_20C5B8FA82,0,0.2346436083316803
ID_20C6D92B14,0,0.37117359042167664
ID_20D3990CA5,0,0.01586441695690155
ID_20D7A95383,0,0.12126258760690689
ID_20E6EE5A3D,0,0.11537443101406097
ID_20E977B8D1,0,0.020033439621329308
ID_20EB501231,0,0.006454480811953545
ID_20F3A6DA9D,1,0.8058357238769531
ID_20F45F46A6,0,0.02231762558221817
ID_20FB5F4EF4,0,0.501706063747406
ID_20FD51F3B5,0,0.018330583348870277
ID_20FD82B992,0,0.004785927012562752
ID_211335CFC2,1,0.32540857791900635
ID_2125058B08,0,0.04681766778230667
ID_2127BC759F,0,0.11040495336055756
ID_212A1B3165,0,0.020509542897343636
ID_213D0B3C84,0,0.002222737530246377
ID_2141D95A9E,0,0.022696543484926224
ID_215090CBDB,0,0.04633788764476776
ID_215635AE4F,1,0.16660034656524658
ID_2156CC3859,0,0.015460200607776642
ID_21578BB8F5,0,0.0795830488204956
ID_21587CDFBB,0,0.09650902450084686
ID_21600B4CF9,0,0.02121242880821228
ID_21792F9F79,0,0.01400845218449831
ID_21842CA07A,1,0.45134979486465454
ID_218D833043,1,0.8982619643211365
ID_21904A0B0D,0,0.03897407650947571
ID_2198365BE4,0,0.057263072580099106
ID_21B0F57BF5,0,0.06014064699411392
ID_21CF655965,0,0.12017814815044403
ID_21DBBBE9D8,0,0.015732252970337868
ID_21E8A12D3A,0,0.012322143651545048
ID_21E8B6732F,0,0.06707912683486938
ID_21E9162E7B,1,0.04473346844315529
ID_21EC2819B4,0,0.0851210504770279
ID_21ED978834,0,0.0033442573621869087
ID_21F5EBC6F5,1,0.051676541566848755
ID_21F8D91350,0,0.0916973277926445
ID_21FD1D32FC,0,0.020540684461593628
ID_21FDEA0F7D,0,0.09893184900283813
ID_21FDFE8206,0,0.016806859523057938
ID_220506A030,0,0.1742977797985077
ID_2207939D28,0,0.17115482687950134
ID_2207B580AD,0,0.3326016366481781
ID_220D8C1B9F,0,0.16460037231445312
ID_22169C7949,0,0.04321300610899925
ID_2218EEE8BE,0,0.008486325852572918
ID_221EEFD7F4,0,0.09974987804889679
ID_2220AC2234,0,0.15527060627937317
ID_222C4F962F,0,0.01666438952088356
ID_223438A16D,1,0.13307592272758484
ID_2241E13F13,0,0.019850648939609528
ID_224443863D,0,0.03579685091972351
ID_225105F496,0,0.07305174320936203
ID_22533CE8D9,0,0.2703908681869507
ID_225AC10330,1,0.6546388864517212
ID_225CA4458E,0,0.0877959132194519
ID_225D4E1407,0,0.10867738723754883
ID_22607035B6,0,0.006170663982629776
ID_22665CAF9E,1,0.2644236087799072
ID_226ED56811,0,0.05299142003059387
ID_226F136E42,0,0.014717912301421165
ID_2270512C00,0,0.05402224883437157
ID_2272A2AB26,0,0.03755401819944382
ID_22746A44F5,0,0.0047817048616707325
ID_228CE6F22D,0,0.014006600715219975
ID_2290100D45,0,0.03374243900179863
ID_2294CDA089,0,0.005831119604408741
ID_229D6DF761,0,0.013699824921786785
ID_22A1C89401,0,0.004731679800897837
ID_22B40110BF,0,0.08813431113958359
ID_22B88F3E1E,0,0.0662016049027443
ID_22BDC8924D,0,0.032219137996435165
ID_22C78D223F,1,0.7189561128616333
ID_22CFCB1BCC,0,0.022158611565828323
ID_22D17BD535,0,0.29041600227355957
ID_22E27517AF,0,0.08282539248466492
ID_22E4955C25,0,0.051915399730205536
ID_22E5C80B65,0,0.3847770094871521
ID_22E8C52E74,0,0.19600531458854675
ID_22F350A792,1,0.040629126131534576
ID_2302D62A2F,0,0.026676861569285393
ID_23075C5FCD,0,0.031285397708415985
ID_2307BB5B07,0,0.446161150932312
ID_230AB5071A,0,0.1185014471411705
ID_232C3A7946,0,0.03273371607065201
ID_233E7CFC3A,0,0.09894303232431412
ID_2341A796CE,0,0.0976211279630661
ID_23731C33AE,0,0.025461692363023758
ID_237965B99C,0,0.10163312405347824
ID_237ABEC79A,0,0.11556307226419449
ID_2381770BDC,0,0.025075580924749374
ID_2382AF22E8,0,0.002234294079244137
ID_23862DFFEF,1,0.1965465247631073
ID_2386EAAF8A,0,0.030386528000235558
ID_23A679528D,0,0.038157954812049866
ID_23C2AA07C9,0,0.02288566716015339
ID_23C3DF6F82,0,0.002840896137058735
ID_23D1B664F7,0,0.012338075786828995
ID_23D76DA05E,0,0.027335185557603836
ID_23E1041CB4,1,0.2124541997909546
ID_23E4B91CDC,0,0.04832129925489426
ID_23F1A930E7,0,0.03298094868659973
ID_23F7D843A8,1,0.5156575441360474
ID_23FE2F273B,0,0.17504091560840607
ID_23FFBBCEDE,0,0.004925828892737627
ID_24025E984A,0,0.06348293274641037
ID_2404A2BF04,1,0.04957088828086853
ID_240A3C8C3D,0,0.13347843289375305
ID_240DA7DF53,0,0.041407473385334015
ID_24168495FD,0,0.09454169124364853
ID_241DE17CDB,0,0.14801043272018433
ID_244C193761,0,0.010938067920506
ID_244F8C27F4,0,0.03089202754199505
ID_245605CD0E,0,0.14611530303955078
ID_2461BEAE5F,0,0.0337715744972229
ID_24629A60A1,0,0.0013573681935667992
ID_246B6AF063,0,0.01105821318924427
ID_2470180944,0,0.017052751034498215
ID_24740207BC,1,0.264679491519928
ID_2477414730,0,0.4491307735443115
ID_247B05A722,0,0.12838539481163025
ID_247BCACDF8,0,0.13659469783306122
ID_247D25CE20,0,0.06149693578481674
ID_247D52AEC2,0,0.06928248703479767
ID_247DCEAF21,0,0.11591829359531403
ID_24879F587B,1,0.8721650838851929
ID_2491ED45B1,0,0.026499424129724503
ID_24AA2B9207,0,0.1390509009361267
ID_24B67FDE62,0,0.14074306190013885
ID_24B8B0FBD6,0,0.019742246717214584
ID_24CD6C1778,0,0.0367153137922287
ID_24D050869D,1,0.03906138613820076
ID_24D250F9A0,0,0.04561397433280945
ID_24D805747B,0,0.009782129898667336
ID_24EEC710AD,0,0.010026765987277031
ID_24EFC35082,0,0.16295848786830902
ID_24F5E10418,0,0.1464744210243225
ID_2508E0237C,0,0.4176672101020813
ID_25412863F9,1,0.12855558097362518
ID_2544EACE95,0,0.022662365809082985
ID_2546F47F27,0,0.04653828963637352
ID_2552126926,0,0.024168822914361954
ID_255748624A,0,0.021855732426047325
ID_255F417E17,0,0.06181709095835686
ID_256001D6E0,0,0.01797369495034218
ID_25671BAAE5,0,0.06877414882183075
ID_25848CC1D4,0,0.04163754731416702
ID_25855E2090,0,0.06490201503038406
ID_258BBC72CA,0,0.16291646659374237
ID_25B16E58E0,0,0.4856700599193573
ID_25B7435F6E,0,0.06070011109113693
ID_25BA537B4E,0,0.01246793381869793
ID_25C80214F9,0,0.08379524201154709
ID_25E963005B,0,0.017105743288993835
ID_25F4E070A7,1,0.35134291648864746
ID_25F9A958ED,0,0.012471763417124748
ID_25FA6176F3,0,0.0037846791092306376
ID_25FB24137A,0,0.025438204407691956
ID_25FEF176DF,0,0.01622040756046772
ID_26101FEEC9,0,0.005791051313281059
ID_2611392645,1,0.10750004649162292
ID_2612A094DC,0,0.06056733801960945
ID_261598B4B7,0,0.025981657207012177
ID_2615E3ECF8,0,0.01578441448509693
ID_2616B11B32,1,0.09048952162265778
ID_262955AD75,0,0.05684703588485718
ID_262AD5DA3D,0,0.16027593612670898
ID_26459F4850,0,0.05385773628950119
ID_264FE49325,0,0.06332675367593765
ID_2650298C3F,0,0.03470078110694885
ID_2658DC52FB,0,0.2021007239818573
ID_265F2B860E,0,0.04151787608861923
ID_2667670D77,0,0.01772482506930828
ID_266982451F,1,0.4955686926841736
ID_266A25A855,0,0.2542031407356262
ID_26945414E7,0,0.01568189263343811
ID_269CF8D13D,0,0.024445373564958572
ID_269E4BE2E0,0,0.16592583060264587
ID_26A1FFCF58,0,0.006364845670759678
ID_26A28F7213,0,0.01666857860982418
ID_26B6E6DDED,0,0.01709386520087719
ID_26B7B53EDA,0,0.01894501969218254
ID_26C112D856,1,0.1942903697490692
ID_26C4865DE0,1,0.5489150881767273
ID_26C89D7E7E,1,0.6475521326065063
ID_26D2B22D2A,0,0.008499309420585632
ID_26D95AB106,1,0.8864625096321106
ID_26E0BAA71C,0,0.20757855474948883
ID_26E444A4B3,1,0.9205460548400879
ID_26E876390D,0,0.5899239182472229
ID_26E90B07D0,1,0.2560620605945587
ID_26E99A160F,0,0.0797521322965622
ID_26F4241124,1,0.03879743814468384
ID_26F92128AD,0,0.3260248005390167
ID_26FFC64A9F,0,0.01648589037358761
ID_270957D10E,1,0.7333635091781616
ID_270E60C04E,0,0.027802320197224617
ID_271D3583FE,0,0.0262687336653471
ID_272887174B,0,0.013137560337781906
ID_272BB119CC,0,0.0034751417115330696
ID_27320FD9BB,0,0.04228423908352852
ID_273A38C437,0,0.013037074357271194
ID_27471C1330,1,0.7244612574577332
ID_274850A4B6,0,0.043364524841308594
ID_2750644CCD,1,0.3065520226955414
ID_27521CF14B,0,0.1031341552734375
ID_27666B2BA8,0,0.0022198460064828396
ID_276EBA9765,0,0.007906992919743061
ID_277599BA39,1,0.47434696555137634
ID_278D711985,0,0.011334747076034546
ID_279AC305D1,0,0.1242876872420311
ID_27A4DB6730,0,0.06702041625976562
ID_27B4F97500,0,0.025137145072221756
ID_27B846CA68,1,0.26542994379997253
ID_27CB9F50BE,0,0.035200197249650955
ID_27CFEB772D,0,0.3372647166252136
ID_27DB1AD33B,0,0.016412075608968735
ID_27DBFABF99,0,0.0293305404484272
ID_27E360F12A,1,0.9359051585197449
ID_2804D11FBF,0,0.027014248073101044
ID_2807DAB1C1,0,0.08602754771709442
ID_280CFB9C58,0,0.07866308093070984
ID_282F9F6ABF,0,0.017826812341809273
ID_2838F86D09,0,0.038988709449768066
ID_284D62D7D7,0,0.09165249764919281
ID_2859165DC1,0,0.012716187164187431
ID_2863F2AA05,1,0.1573159396648407
ID_286C4AA313,0,0.1128031313419342
ID_2870FC1637,0,0.10165748745203018
ID_2877F3E8A9,0,0.0015681249788030982
ID_287DE60BA5,0,0.005676139611750841
ID_2883E18D83,0,0.09543806314468384
ID_288E566B76,0,0.040281131863594055
ID_28A2EA0F90,0,0.5053954124450684
ID_28A75A3CD5,0,0.05386900156736374
ID_28BCD04EED,1,0.8146748542785645
ID_28EA0F2C1B,0,0.29033929109573364
ID_28EC1D904F,1,0.8150290846824646
ID_2910038DCB,0,0.02998865582048893
ID_2914254C4A,0,0.17217019200325012
ID_29279C8AC8,0,0.06128406897187233
ID_2928A55C6D,0,0.11499331891536713
ID_292C43D4E3,0,0.17014548182487488
ID_292FE07A8F,0,0.011659670621156693
ID_293AADCBA9,0,0.09093718230724335
ID_2942BB10D1,0,0.03846205398440361
ID_29441F7031,0,0.15880164504051208
ID_2945F92261,0,0.05968513339757919
ID_294E39BD1B,1,0.0342712365090847
ID_295A991388,1,0.4168092906475067
ID_296F0E7B7C,0,0.02927861362695694
ID_297AC2ED2B,0,0.009870121255517006
ID_2983A99317,0,0.0178860891610384
ID_29883C2ECD,0,0.014494881965219975
ID_29AE5957CA,0,0.18937182426452637
ID_29B9D863F4,0,0.02413748763501644
ID_29CD1D8FBD,0,0.006996810436248779
ID_29D3D1001A,0,0.05744167044758797
ID_29DE5413B8,0,0.0739566907286644
ID_29E633CE56,0,0.27468129992485046
ID_29EE6FC008,0,0.18779201805591583
ID_29EFFCB8F8,1,0.3774268627166748
ID_29F6B9E152,0,0.06269434094429016
ID_2A0AA1FACA,0,0.01997394673526287
ID_2A0B9507F6,0,0.04785017669200897
ID_2A0E674111,0,0.016565363854169846
ID_2A1B532E3A,0,0.06992475688457489
ID_2A1FD87365,1,0.9108827114105225
ID_2A22158B75,0,0.00397133594378829
ID_2A252179B5,0,0.05432390421628952
ID_2A2C3EC705,0,0.34830713272094727
ID_2A2FFA5E38,1,0.902630627155304
ID_2A3A344697,1,0.6496545076370239
ID_2A43AD588E,0,0.003043257398530841
ID_2A456FC955,0,0.006811374332755804
ID_2A47FE1FCD,0,0.1293819695711136
ID_2A6873DBD0,0,0.050859857350587845
ID_2A7718F7B5,0,0.26392388343811035
ID_2A92669BF0,0,0.0368756428360939
ID_2A95D54429,1,0.6559867262840271
ID_2A9CF2CB7E,1,0.32981541752815247
ID_2AA6DF4C00,0,0.1294092833995819
ID_2AB3449D0D,1,0.4402940273284912
ID_2AB8439F20,0,0.0822320431470871
ID_2AB9C58F98,1,0.04600617289543152
ID_2AC31A62CB,0,0.7354168891906738
ID_2ACEDF4DCA,0,0.029012558981776237
ID_2AD786C21D,0,0.2331492304801941
ID_2ADE649DE9,0,0.017720134928822517
ID_2AF06A14A1,0,0.011020011268556118
ID_2AF9B40BCE,0,0.5255563259124756
ID_2B04778FD4,0,0.026330575346946716
ID_2B0756DA32,0,0.0642383024096489
ID_2B2C07283E,0,0.18414008617401123
ID_2B3139FD0F,0,0.011124074459075928
ID_2B385FA86D,0,0.015288621187210083
ID_2B38E7C0E3,0,0.021255305036902428
ID_2B3DD3EDE0,0,0.04230927303433418
ID_2B4022EB8F,0,0.2105458378791809
ID_2B445D3CF8,0,0.039908699691295624
ID_2B49097A06,0,0.03808622062206268
ID_2B5C846A2D,0,0.0017562524881213903
ID_2B61ABC563,1,0.33364903926849365
ID_2B641B27B8,1,0.15040457248687744
ID_2B689E7A5D,0,0.014460889622569084
ID_2B6D4C134E,0,0.049352213740348816
ID_2B726B3575,1,0.20817451179027557
ID_2B7273FC77,0,0.09876745939254761
ID_2B7AF3E2C4,0,0.04912945628166199
ID_2BA049BFAF,0,0.008269565179944038
ID_2BA433A41E,1,0.36590394377708435
ID_2BADBFD293,0,0.15099263191223145
ID_2BAFD4FE78,0,0.18840183317661285
ID_2BB6730E86,0,0.3495045304298401
ID_2BB7CB5675,1,0.4112100303173065
ID_2BE2026097,0,0.006260412745177746
ID_2BE49194E1,0,0.017428280785679817
ID_2BF51344BE,0,0.29788661003112793
ID_2BF7399063,0,0.07918310165405273
ID_2BF782B924,0,0.2518773376941681
ID_2C0DC31227,1,0.21043771505355835
ID_2C136CFB80,0,0.0022047441452741623
ID_2C18409489,0,0.03297029435634613
ID_2C24C6364F,0,0.012668561190366745
ID_2C2882CA57,0,0.2819010615348816
ID_2C29E778BC,0,0.06831652671098709
ID_2C31DEB17A,0,0.03881005942821503
ID_2C441C5DD0,0,0.09931489825248718
ID_2C47A617B5,0,0.013616269454360008
ID_2C565E4F1A,0,0.04366712272167206
ID_2C619DDEDD,0,0.08683256059885025
ID_2C70D98DA3,1,0.9947134256362915
ID_2C73BBA8F6,0,0.008897480554878712
ID_2C77E6852C,0,0.16356950998306274
ID_2C7D03583E,0,0.0377674475312233
ID_2C8CD7E49B,0,0.15251818299293518
ID_2C93F09CCD,0,0.009284520521759987
ID_2C972E799C,1,0.7071807980537415
ID_2CB66686EE,0,0.01374286413192749
ID_2CC736DF36,1,0.3494637906551361
ID_2CCB4BF467,0,0.1353454887866974
ID_2CCEDE853F,0,0.0028710169717669487
ID_2CD52A556D,0,0.31811314821243286
ID_2CD5899235,0,0.16584017872810364
ID_2CDA9058F5,0,0.006929637864232063
ID_2CE0334DEA,0,0.1267918348312378
ID_2CEFB6BE5B,1,0.7206145524978638
ID_2CF6A7D63A,0,0.012627621181309223
ID_2CF6FFB291,0,0.013905562460422516
ID_2CFF4E8B5C,0,0.07728759199380875
ID_2D07F72850,0,0.049595825374126434
ID_2D083AA583,0,0.0761745423078537
ID_2D12BFDCD9,1,0.36618977785110474
ID_2D13C3F96F,0,0.0165342278778553
ID_2D16B3580C,0,0.02261541597545147
ID_2D1A1AE473,0,0.05693447217345238
ID_2D218D5298,0,0.025467373430728912
ID_2D2658EF54,0,0.1328916698694229
ID_2D31260083,0,0.07281599193811417
ID_2D370159F2,0,0.03587016835808754
ID_2D416170B7,0,0.13870134949684143
ID_2D41A504A6,1,0.6086825728416443
ID_2D462AC116,0,0.01867872104048729
ID_2D4AF97FA6,0,0.006601111032068729
ID_2D4E7D3335,0,0.3726828396320343
ID_2D57214369,0,0.6267995834350586
ID_2D681A0A64,1,0.15871122479438782
ID_2D70DE6300,0,0.7231427431106567
ID_2D718D4CBE,1,0.5073862075805664
ID_2D90F8A2D2,0,0.017062176018953323
ID_2D97CE9A95,0,0.007162712048739195
ID_2DA67A1243,0,0.5182304382324219
ID_2DAA337733,0,0.05794969201087952
ID_2DB059DDED,0,0.05159248784184456
ID_2DB69D07C7,1,0.08883744478225708
ID_2DB97ABF90,0,0.15524247288703918
ID_2DBE9C9ABB,0,0.20619183778762817
ID_2DCEF3ACD9,1,0.15882326662540436
ID_2DDEC09492,0,0.04589277505874634
ID_2DE3DEAED2,0,0.06609603017568588
ID_2DF0F31CDD,0,0.011267194524407387
ID_2DF46AB26C,1,0.4598798155784607
ID_2DFE63BF74,0,0.006008117459714413
ID_2E06D3A417,0,0.023761365562677383
ID_2E09ACA986,0,0.06581808626651764
ID_2E106C5219,0,0.03841646760702133
ID_2E136C9324,0,0.006855620536953211
ID_2E254C5807,0,0.07799604535102844
ID_2E275ED6AF,1,0.4088115692138672
ID_2E39EEA423,1,0.08680330216884613
ID_2E4328D368,0,0.00643617007881403
ID_2E4CCC0ED2,0,0.5036790370941162
ID_2E5F79E223,0,0.004528227262198925
ID_2E7A20CDC8,0,0.07137950509786606
ID_2E84236973,0,0.11863310635089874
ID_2E87CBE313,0,0.006852454971522093
ID_2E9646439F,0,0.04024730622768402
ID_2EA1079948,0,0.010559070855379105
ID_2EA72C9AF9,0,0.0675520971417427
ID_2EA9F80CF5,1,0.8139241933822632
ID_2EAA00F087,1,0.7147828340530396
ID_2EB6E5C711,0,0.06442748755216599
ID_2EBF4B42F6,0,0.006870192475616932
ID_2EC18CE837,0,0.0854397714138031
ID_2EE0389772,0,0.01959468424320221
ID_2EE899C546,0,0.03786659240722656
ID_2EED0DAF3E,0,0.1825864315032959
ID_2EEE98DB24,0,0.013840105384588242
ID_2EF3D72175,0,0.3171105980873108
ID_2EF80A566A,0,0.017450960353016853
ID_2EF8C20EE5,0,0.006784338969737291
ID_2F034BE270,0,0.10996709764003754
ID_2F09D01D16,0,0.10237931460142136
ID_2F1037CC86,1,0.4944276511669159
ID_2F21B68955,0,0.01348169893026352
ID_2F2B61F11C,0,0.01595279760658741
ID_2F3A622B9B,0,0.2525259554386139
ID_2F482BE4E9,0,0.1047346368432045
ID_2F529ABC6B,0,0.10654561221599579
ID_2F5838076F,0,0.2706108093261719
ID_2F5B48B737,0,0.09163521230220795
ID_2F5B9A0DA6,0,0.0069331820122897625
ID_2F6B6B7D45,0,0.02349616400897503
ID_2F736E9F20,0,0.028105339035391808
ID_2F770F2201,1,0.5780346393585205
ID_2F8682895D,0,0.02704288624227047
ID_2F8F6E9D16,0,0.2256326824426651
ID_2F95829C0D,0,0.13396649062633514
ID_2FAF7D035D,1,0.1293002814054489
ID_2FB8DCF949,0,0.005557860713452101
ID_2FD4985922,0,0.0015171412378549576
ID_2FF278E082,0,0.1302560269832611
ID_2FFCEE5E55,0,0.24013176560401917
ID_2FFDE53148,0,0.09096139669418335
ID_3002B8CA89,0,0.004041177220642567
ID_30081A6C57,0,0.13520948588848114
ID_300F44E5FF,0,0.6408743858337402
ID_303488746B,0,0.04248562827706337
ID_3037068BB2,0,0.15316399931907654
ID_303E1CA283,0,0.07898542284965515
ID_3042029130,0,0.0930476114153862
ID_30460AAF51,0,0.6549953818321228
ID_304623EA17,0,0.12972500920295715
ID_30505742EA,0,0.014190229587256908
ID_3052C678C0,0,0.031978853046894073
ID_30563AC5FB,1,0.28071093559265137
ID_30656ACD39,0,0.002220818307250738
ID_3066B391C7,0,0.49080950021743774
ID_306E585B6E,0,0.0421675480902195
ID_306EDEF0E0,1,0.9252476692199707
ID_3078AAFD4C,0,0.01230362243950367
ID_308B93B519,0,0.09258129447698593
ID_3093335E12,0,0.14255912601947784
ID_309C2763A8,0,0.024423418566584587
ID_30A2B1D264,0,0.038872867822647095
ID_30B31877AD,0,0.05647522956132889
ID_30B4EABE7E,0,0.08684752881526947
ID_30CE17617B,0,0.035293154418468475
ID_30CF972727,0,0.04560774192214012
ID_30D43DE2C2,0,0.1949063539505005
ID_30D883401F,0,0.02824924886226654
ID_30DA5F752F,0,0.03711437061429024
ID_30F2C88C75,0,0.18057404458522797
ID_30F6A9604F,0,0.05952370539307594
ID_310BB382AD,1,0.9610522389411926
ID_311B9066FE,0,0.053664952516555786
ID_31214E51E7,0,0.014503246173262596
ID_3127886BD9,0,0.27202776074409485
ID_312B1564D9,0,0.0027684348169714212
ID_312E5D35B0,1,0.8445996046066284
ID_31313F5E88,0,0.048492759466171265
ID_31378F3C2D,1,0.02620295062661171
ID_3141F5969D,0,0.028040532022714615
ID_3143C5CD31,0,0.1482856720685959
ID_3148B1EB86,0,0.10621742904186249
ID_315179DE3E,0,0.011215219274163246
ID_3153371A63,0,0.05253656581044197
ID_3156AB2C32,0,0.02729066275060177
ID_315B8C3323,0,0.33650311827659607
ID_315C6E5E0D,0,0.024776136502623558
ID_315E3AA90A,0,0.08619961142539978
ID_31629432E5,0,0.04148237407207489
ID_3166EAA4AA,0,0.13039520382881165
ID_3170A353C0,0,0.07851041853427887
ID_31715D56D2,0,0.5521588325500488
ID_31788A65FF,0,0.09359201788902283
ID_318D038E55,0,0.14059147238731384
ID_3191EE8CF8,0,0.019216163083910942
ID_3199D65139,0,0.009171875193715096
ID_319B002F74,0,0.0498955100774765
ID_319CDE5AD9,0,0.19220593571662903
ID_31A38717A3,0,0.11426487565040588
ID_31AFE4175A,0,0.01589253544807434
ID_31B8015097,0,0.0025455227587372065
ID_31BC1F73F6,0,0.3396354615688324
ID_31C4CC673B,1,0.506408154964447
ID_31C8167001,0,0.02772117592394352
ID_31C8832440,0,0.011377327144145966
ID_31CDFFDFAC,0,0.015441433526575565
ID_31CE49D9C2,0,0.016828345134854317
ID_31CEFFF70B,0,0.03233962506055832
ID_31D4EAF550,0,0.14365649223327637
ID_31F76E40A2,0,0.04139185696840286
ID_31FF0E909B,1,0.14705276489257812
ID_321FEBE363,0,0.03327697142958641
ID_32334D45D6,1,0.6455010175704956
ID_323C568403,1,0.4526975750923157
ID_324493E8DB,0,0.00695290882140398
ID_325CE6E1A4,1,0.06742320954799652
ID_3267896410,0,0.03761136531829834
ID_3268BC32C5,0,0.1680990755558014
ID_3271D3F775,0,0.00849238783121109
ID_327F18725C,0,0.02672768384218216
ID_328987EC20,0,0.0028837400022894144
ID_32A4B070A8,1,0.3161327540874481
ID_32B630AF7E,0,0.17279601097106934
ID_32C15F205D,1,0.8097594380378723
ID_32DC4FB6C9,0,0.11439387500286102
ID_32DE374442,1,0.11838717758655548
ID_32DF9D62A2,0,0.008277698419988155
ID_3303D0238F,0,0.10977452248334885
ID_330C6830F4,0,0.035762593150138855
ID_3311DA0C81,0,0.02218277007341385
ID_3338C969F2,0,0.006963207386434078
ID_333F1A252A,0,0.00543107558041811
ID_334146259F,0,0.1319989562034607
ID_334A28379A,1,0.5195800065994263
ID_334CB62928,0,0.018417857587337494
ID_335CA10FBD,0,0.02706984244287014
ID_335F06D9DC,0,0.0791126936674118
ID_3360FEB88E,0,0.11774381995201111
ID_337381FA59,0,0.06340788304805756
ID_3377384D10,1,0.27988356351852417
ID_338D6D4A26,0,0.00991271622478962
ID_338E7BDE9A,1,0.04783862456679344
ID_339687FF1B,1,0.5813418626785278
ID_339ABB0E38,1,0.8522878885269165
ID_33A0388E79,1,0.15330290794372559
ID_33A40460F4,0,0.4868605136871338
ID_33B32177A0,0,0.10542444884777069
ID_33B4FDACD9,0,0.06845869868993759
ID_33B9B2DD58,0,0.06919354200363159
ID_33C0C2FCDB,0,0.1180444061756134
ID_33C3825561,0,0.0372190922498703
ID_33C6A63324,0,0.26957544684410095
ID_33CA025F72,0,0.006101875100284815
ID_33CC5D28F4,0,0.10527773946523666
ID_33CE19B244,0,0.02239791676402092
ID_33DBA73A37,0,0.015254379250109196
ID_33EA4BFA29,1,0.8704177737236023
ID_33EF8EE9E2,0,0.08013808727264404
ID_33F10B2E8C,1,0.29800087213516235
ID_3411CDEBCB,0,0.062248487025499344
ID_3413F60089,1,0.06690829992294312
ID_34149C72BB,0,0.06771136820316315
ID_3417C72424,0,0.26199743151664734
ID_341F2D2590,0,0.0606255829334259
ID_3432DD74D8,1,0.7475553750991821
ID_34336E1DA1,0,0.041226599365472794
ID_3451E8C50E,0,0.0551682785153389
ID_34624CA493,0,0.11982785910367966
ID_3465AA8A64,1,0.6301140189170837
ID_347D59AC9A,1,0.9923577308654785
ID_3496FF97BD,0,0.521247148513794
ID_34978DDC32,0,0.011374011635780334
ID_349C5C0450,0,0.17306740581989288
ID_349CC81A76,0,0.0236717090010643
ID_349D99EED3,0,0.004851742647588253
ID_34A04EB0D8,0,0.06480170786380768
ID_34A4072A21,0,0.010869634337723255
ID_34A684DE08,0,0.011711064726114273
ID_34ABD4DA36,1,0.33991360664367676
ID_34ADBB5557,1,0.6143193244934082
ID_34B0DABAFE,0,0.008018724620342255
ID_34B217C4F0,0,0.011228721588850021
ID_34BADD6EC6,1,0.017459522932767868
ID_34BBB12F9F,0,0.162326380610466
ID_34C22C754B,0,0.0016793624963611364
ID_34CD54EA66,1,0.17307232320308685
ID_34D3102553,0,0.11364392936229706
ID_34DBA8C1A6,0,0.012726236134767532
ID_34EC4854FE,0,0.0025772920344024897
ID_34F202DD1F,0,0.030158303678035736
ID_34FCADCDEC,0,0.2232426106929779
ID_34FD868516,1,0.5638447403907776
ID_34FE807BA6,0,0.005142418202012777
ID_3503D54EF6,0,0.023360198363661766
ID_3504B42942,0,0.03174731135368347
ID_3510208233,0,0.005364199634641409
ID_3520E8E64F,0,0.005187888629734516
ID_353DC7E882,0,0.009399902075529099
ID_3546947C66,0,0.01640639267861843
ID_354C39F062,0,0.07676443457603455
ID_3557189F9F,0,0.008779716677963734
ID_356919BF35,1,0.17757919430732727
ID_3572590C3B,0,0.08139833062887192
ID_3575DE0DE4,1,0.35905277729034424
ID_357AAA5360,0,0.006747167091816664
ID_357E4A5683,0,0.07449234277009964
ID_3582F407A0,0,0.11248412728309631
ID_35895A332F,0,0.0430070161819458
ID_35A24D4700,1,0.9472341537475586
ID_35ACB6A442,1,0.10826271772384644
ID_35B5ED3098,0,0.004261039197444916
ID_35BC7A248D,0,0.02545960433781147
ID_35BED6441B,0,0.0022095052991062403
ID_35C3F56D87,0,0.0038858107291162014
ID_35C6DC2395,0,0.020672746002674103
ID_35CB15A8ED,0,0.3551449775695801
ID_35CC6B02F6,0,0.012980902567505836
ID_35D14A4E81,0,0.057412225753068924
ID_35DE2A33A8,0,0.02139444462954998
ID_35E352A95B,0,0.015849433839321136
ID_35E7642CF6,0,0.2978401184082031
ID_35EDE4D5AB,0,0.5877484083175659
ID_35EF832963,1,0.29391348361968994
ID_35F41E367F,0,0.07020451873540878
ID_3603B36F91,0,0.0113605298101902
ID_3606CABE3C,0,0.06967592239379883
ID_360F88F043,0,0.027110829949378967
ID_361377E6E4,1,0.2633111774921417
ID_3626F436EA,0,0.013985006138682365
ID_363A21C76B,0,0.04556875303387642
ID_3641CEEE32,0,0.008244345895946026
ID_36445AA264,1,0.5861007571220398
ID_36445EE227,0,0.014755545184016228
ID_364A8E29D0,0,0.004163920413702726
ID_364DD33481,0,0.019809965044260025
ID_366AC25701,0,0.32707932591438293
ID_367CD674F9,0,0.11171965301036835
ID_36A219A335,0,0.02772451937198639
ID_36A9AA0EB0,1,0.31544825434684753
ID_36AA82EA95,0,0.05614720657467842
ID_36B551B0A2,0,0.5962879657745361
ID_36B78B6724,0,0.014032628387212753
ID_36BC3438C4,0,0.0278452280908823
ID_36BFBE394A,0,0.039663009345531464
ID_36C5DB7BD5,0,0.04737631231546402
ID_36D35E99E9,0,0.09547428786754608
ID_36D9FE27D0,1,0.6785041093826294
ID_36E24E2220,0,0.10010086745023727
ID_36F5621754,0,0.21773213148117065
ID_3702B7FAB4,0,0.07470931857824326
ID_3706B7C0A4,1,0.6206912398338318
ID_370B172762,0,0.00657182652503252
ID_370F65F90F,0,0.07386606186628342
ID_371016C83C,0,0.45066195726394653
ID_3717A83FBE,1,0.669903039932251
ID_371F7D3C6C,0,0.011296002194285393
ID_372BEA99CB,0,0.42352455854415894
ID_373BEEE9E3,1,0.6840693354606628
ID_3741DF9ADE,0,0.003714753082022071
ID_376028E192,0,0.017621619626879692
ID_377B04CB3D,0,0.010296206921339035
ID_377D506E1F,0,0.007306735496968031
ID_3782728259,0,0.026142675429582596
ID_3795F25391,0,0.1839611977338791
ID_37A86EE24F,0,0.01013521384447813
ID_37AF5C9DD6,0,0.008510023355484009
ID_37BA46906B,0,0.034540556371212006
ID_37BF0CEF85,0,0.04286126419901848
ID_37C8148BB9,1,0.5092953443527222
ID_37D2104485,0,0.031154191121459007
ID_37D833154F,0,0.03302411735057831
ID_37E0239214,1,0.3026474714279175
ID_37E541F8E4,1,0.2762989103794098
ID_37EB92AA3E,0,0.02312557026743889
ID_37FC2288B1,0,0.019515659660100937
ID_3809168610,0,0.08094357699155807
ID_3809950BE3,1,0.14926978945732117
ID_381405C7B4,0,0.6912645101547241
ID_3819B62AD6,0,0.01973431371152401
ID_3823698DC4,1,0.8422664403915405
ID_38367B71DA,0,0.003930944018065929
ID_3837171084,0,0.012708652764558792
ID_383E5502CD,0,0.015953024849295616
ID_3848714EC0,0,0.06259430944919586
ID_385B74A68E,0,0.01638474129140377
ID_3863DCDF99,0,0.0417742021381855
ID_3864EE5C4F,1,0.37016791105270386
ID_38683CC4FA,0,0.012857605703175068
ID_3881046DFC,0,0.2870361804962158
ID_388483A3ED,0,0.08513472229242325
ID_38AE1B8B45,0,0.19331324100494385
ID_38B38DAF68,0,0.01677483320236206
ID_38B3B716F7,0,0.09394191205501556
ID_38D24C4A0D,0,0.021195653825998306
ID_38E126362D,0,0.0887562483549118
ID_38E46CF3B9,0,0.0378667414188385
ID_38EED6A4B1,0,0.7022917866706848
ID_38EFCD8ECF,1,0.6288453936576843
ID_38FEBB12E7,0,0.005692895036190748
ID_3907F567E6,0,0.030989734455943108
ID_392E1BC498,0,0.07673530280590057
ID_394082BE06,0,0.0544113926589489
ID_39421E1A15,1,0.23832657933235168
ID_39470D5AEA,0,0.02512250281870365
ID_394D328781,0,0.4911848306655884
ID_39632DB28F,0,0.14795227348804474
ID_3966B02021,0,0.01291348785161972
ID_3970B75FF5,0,0.051192767918109894
ID_39748DB6FB,0,0.24759727716445923
ID_3977761744,1,0.3780452013015747
ID_398F70310E,0,0.049016691744327545
ID_3998D960A9,0,0.1836894452571869
ID_39A6B281DF,1,0.288449227809906
ID_39A799DC81,0,0.04313063994050026
ID_39B50A709E,0,0.07439080625772476
ID_39C26332C6,0,0.22749990224838257
ID_39CBE47FE3,0,0.09224705398082733
ID_39CDA7793C,0,0.03728688135743141
ID_39D320F705,0,0.0039969380013644695
ID_39D6461B58,0,0.014584150165319443
ID_39E616E3AA,0,0.056397538632154465
ID_39F3E0E323,0,0.028120599687099457
ID_39F55C3AB7,0,0.060806769877672195
ID_39FE91C5BB,0,0.1217409297823906
ID_3A086940FC,0,0.0976794883608818
ID_3A0D115567,0,0.04608806595206261
ID_3A13D705F3,0,0.02039576880633831
ID_3A296E87BD,0,0.019276171922683716
ID_3A32F67B1F,0,0.26598069071769714
ID_3A3BAF025D,0,0.012172503396868706
ID_3A3D08FEAA,1,0.516585111618042
ID_3A433394EC,0,0.2691228985786438
ID_3A59A7C123,0,0.1828264594078064
ID_3A6D04CC0D,1,0.13573981821537018
ID_3A73354B36,0,0.001480183331295848
ID_3A755D1C99,0,0.16403678059577942
ID_3A7576E1E6,0,0.43546876311302185
ID_3A7BB5ED3B,0,0.051688916981220245
ID_3A7EF1A085,0,0.11724159866571426
ID_3A817ACB08,0,0.07362030446529388
ID_3A8F862E76,1,0.5338452458381653
ID_3A94B947BF,1,0.4063619375228882
ID_3A98E6BCED,0,0.13290834426879883
ID_3AA179A32C,0,0.3044944405555725
ID_3AA7250323,0,0.004372761119157076
ID_3AA72A35F9,0,0.4490661919116974
ID_3AD37B79B9,0,0.0070607042871415615
ID_3AE27BAA02,0,0.011511608958244324
ID_3AE5FF47FF,0,0.0059175207279622555
ID_3AE7ED1EAD,0,0.14761051535606384
ID_3B018AA13F,1,0.8227286338806152
ID_3B177CC7AA,0,0.01822390966117382
ID_3B2D4D8D2D,0,0.05201038345694542
ID_3B2F4B95F6,0,0.2538352608680725
ID_3B2F9CC05C,0,0.0014197621494531631
ID_3B36947C12,0,0.095690056681633
ID_3B38696181,0,0.24793042242527008
ID_3B4C977B61,0,0.11643607169389725
ID_3B4EA6527E,0,0.07568599283695221
ID_3B58B82AA5,1,0.2152375429868698
ID_3B5F12BD1E,0,0.005681561306118965
ID_3B5F3F025B,0,0.04254389554262161
ID_3B61E0EBE1,0,0.07330146431922913
ID_3B67A15B58,0,0.09757973253726959
ID_3B696022CC,0,0.39223513007164
ID_3B6A16553E,0,0.03171433508396149
ID_3B6A547351,0,0.06377759575843811
ID_3B6ED0648C,0,0.35818085074424744
ID_3B736B4807,0,0.14384254813194275
ID_3B74A49545,0,0.02861819975078106
ID_3B8AD98841,0,0.04099176079034805
ID_3B93B84DF6,0,0.7030124068260193
ID_3B94DB7703,0,0.01238057017326355
ID_3B94E5601E,0,0.46749934554100037
ID_3BA4780540,0,0.12198279052972794
ID_3BA6DFC834,1,0.196475088596344
ID_3BAC384162,0,0.03917558863759041
ID_3BACEA61C6,0,0.018759191036224365
ID_3BB5D07FEF,0,0.19025033712387085
ID_3BB68768D9,0,0.03588702157139778
ID_3BC11ED5E3,0,0.007917763665318489
ID_3BC2F798DA,0,0.003340889001265168
ID_3BC82A1EBA,1,0.2687692642211914
ID_3BD29A5AA6,0,0.11860528588294983
ID_3BD8EF022E,0,0.32635194063186646
ID_3BDE29F6CF,0,0.026347564533352852
ID_3BE642A513,1,0.20882895588874817
ID_3BE8A8C3BF,0,0.0070978435687720776
ID_3BEA6DEE7B,0,0.09561991691589355
ID_3BF8235DF5,0,0.18810899555683136
ID_3BF898BD57,1,0.7283609509468079
ID_3BFB097F7F,0,0.004490963649004698
ID_3C08983F6F,0,0.2576691508293152
ID_3C2036400C,0,0.021704507991671562
ID_3C2444F656,0,0.04725383222103119
ID_3C2B0E643C,0,0.09045225381851196
ID_3C35DA9E46,0,0.0034718087408691645
ID_3C5199BE43,0,0.10992583632469177
ID_3C5C3BA7AF,0,0.017029009759426117
ID_3C5FBE67DC,0,0.07553194463253021
ID_3C792D8174,0,0.02246316708624363
ID_3C7A8800FB,1,0.09347666800022125
ID_3C7D5B5E54,0,0.050053685903549194
ID_3C87AA22E0,1,0.06384687125682831
ID_3C8D8F9E2A,0,0.5029916167259216
ID_3C8E11D43C,0,0.14255693554878235
ID_3C91024497,0,0.0016058635665103793
ID_3CA020BED9,0,0.05244220793247223
ID_3CA54EBCE0,0,0.0070268260315060616
ID_3CAD80122E,0,0.045830924063920975
ID_3CBAE134F8,0,0.15874165296554565
ID_3CBBA15565,0,0.12910456955432892
ID_3CC08F7786,0,0.0029471644666045904
ID_3CD8A8CB7F,0,0.07217936217784882
ID_3CDB8098A8,0,0.03486964851617813
ID_3CE4154E59,0,0.07674215734004974
ID_3CE55920DE,0,0.023942353203892708
ID_3CE8E598A0,0,0.1249755397439003
ID_3CF2A94F75,1,0.14904209971427917
ID_3CF7E66D2F,0,0.003913802560418844
ID_3D0FBCD0B7,0,0.46242761611938477
ID_3D30CB238D,1,0.9022772312164307
ID_3D4E7D7003,0,0.1937582641839981
ID_3D583A0CEE,0,0.11185578256845474
ID_3D605C8F6C,1,0.1880362331867218
ID_3D6DC65260,1,0.6592971086502075
ID_3D71CB4185,0,0.009941445663571358
ID_3D74D6291B,1,0.1917380392551422
ID_3D75CE88C9,0,0.003926678095012903
ID_3D7B778C3B,1,0.7851187586784363
ID_3D83A15182,0,0.031444001942873
ID_3D96A8B278,0,0.07490453869104385
ID_3DA8FF1F9A,0,0.018988817930221558
ID_3DAA92DA6F,0,0.015776250511407852
ID_3DAC468620,0,0.00984787568449974
ID_3DBBA0852B,0,0.39305761456489563
ID_3DD02FA5A4,0,0.009097181260585785
ID_3DE30FEE0B,0,0.04068407416343689
ID_3DE41749FC,0,0.02117365598678589
ID_3DEF0F88E2,0,0.37864238023757935
ID_3DEF48D30C,0,0.05802662670612335
ID_3E03AA5B9D,0,0.17536082863807678
ID_3E0A1A90A3,0,0.22166994214057922
ID_3E0CE7C09F,0,0.001858120202086866
ID_3E11A7076A,0,0.015984084457159042
ID_3E12E0D84E,0,0.5149974822998047
ID_3E159B89BB,0,0.15718430280685425
ID_3E197561A2,0,0.013280989602208138
ID_3E24A8041F,0,0.058637239038944244
ID_3E35319EA6,0,0.0039457096718251705
ID_3E36AC15F0,1,0.5488762259483337
ID_3E51361470,0,0.04298720136284828
ID_3E58D80245,0,0.06320454925298691
ID_3E65D87FF7,1,0.8695585131645203
ID_3E667E00C3,1,0.7138376235961914
ID_3E66C40A25,0,0.08434732258319855
ID_3E66F1F461,1,0.5677013397216797
ID_3E6F9373DB,0,0.036582209169864655
ID_3E8072C0FC,1,0.771728515625
ID_3E8467946C,0,0.1069011315703392
ID_3E87708C43,0,0.07481388747692108
ID_3EA00C5BFB,0,0.03568265587091446
ID_3EA34FD576,0,0.045228272676467896
ID_3EB7A5205C,0,0.4941348731517792
ID_3EC869D6E4,0,0.5470737218856812
ID_3EDDA06352,0,0.016370456665754318
ID_3EE09CA990,0,0.0960724800825119
ID_3EE694DDF9,0,0.009230072610080242
ID_3EF179412A,0,0.03899115324020386
ID_3EFE4A7384,0,0.08230790495872498
ID_3F053E8679,0,0.10827769339084625
ID_3F06F45899,0,0.2694263160228729
ID_3F0813281B,1,0.023359108716249466
ID_3F08B3E02D,1,0.8421720862388611
ID_3F0A74AE86,0,0.08159570395946503
ID_3F0BCFB29F,0,0.20804327726364136
ID_3F122ECF3B,0,0.307538241147995
ID_3F25FD938A,1,0.5469827055931091
ID_3F2DF7E0D0,0,0.054601095616817474
ID_3F32780D7D,0,0.05364434793591499
ID_3F33BF1FB7,0,0.018616773188114166
ID_3F36F32E9C,0,0.0735536515712738
ID_3F36FFA6C0,0,0.34956982731819153
ID_3F5614FD82,0,0.006904653273522854
ID_3F57408278,1,0.38412007689476013
ID_3F6105A186,0,0.06000219285488129
ID_3F63CF6E6E,0,0.09280820935964584
ID_3F6DD9E1C4,0,0.01981753297150135
ID_3F6F462D1E,0,0.0035934539046138525
ID_3F75D3A671,0,0.09772367775440216
ID_3F762142E8,0,0.11283673346042633
ID_3F769A2286,0,0.024506134912371635
ID_3F7C31BCC1,0,0.007641603238880634
ID_3F95E6ED83,1,0.3636420667171478
ID_3F99F03B13,1,0.13253404200077057
ID_3FA3EA32E9,0,0.007291883230209351
ID_3FB76A8D04,0,0.02219379134476185
ID_3FC3489C54,1,0.07808379083871841
ID_3FC92B1385,0,0.03263690695166588
ID_3FD4C112BD,1,0.27597492933273315
ID_3FDAD52680,1,0.4209442734718323
ID_3FDE7AC617,1,0.9215143918991089
ID_3FE3A6B1CF,1,0.03295675665140152
ID_3FE7FDB92D,0,0.007553639356046915
ID_3FE8F49140,0,0.004498003516346216
ID_3FF987BD03,0,0.007817124016582966
ID_3FF9FB2DB7,0,0.007099855691194534
ID_40051ADF1C,0,0.008992600254714489
ID_40165CACE4,1,0.011094283312559128
ID_401D261E43,1,0.6192966103553772
ID_40204298AB,0,0.053226619958877563
ID_402BB2BA5A,1,0.44987043738365173
ID_402ED3452C,0,0.12400949001312256
ID_403071425E,0,0.4436213970184326
ID_40320C965B,0,0.007344713434576988
ID_4034436CDD,0,0.15839575231075287
ID_4036812F7D,0,0.19452400505542755
ID_40372ED76A,0,0.031131526455283165
ID_4040FDCC2C,0,0.2535754442214966
ID_4048BB139E,0,0.03455356881022453
ID_404A7513A2,0,0.013410737738013268
ID_4051C4280E,0,0.030376432463526726
ID_405B450AFA,1,0.7049252986907959
ID_4063DA7A47,1,0.03729848936200142
ID_406570110E,0,0.021101053804159164
ID_4065C2EF38,0,0.008577185682952404
ID_4067608F60,1,0.6424936652183533
ID_407AC9D694,0,0.09949935227632523
ID_40833A43AB,0,0.07720964401960373
ID_408BE71A2F,0,0.07203696668148041
ID_409EDDCC51,0,0.05540835112333298
ID_40AB12DE9E,0,0.19877827167510986
ID_40BCD5860A,0,0.006335135083645582
ID_40C033DE72,0,0.016398079693317413
ID_40C7B108D3,0,0.22336681187152863
ID_40D4E300C1,0,0.14485575258731842
ID_40D98E81A9,0,0.3810259699821472
ID_40EA759C74,0,0.010874215513467789
ID_40F9DB3C2D,0,0.040903184562921524
ID_41142FDAA5,1,0.5127750039100647
ID_411F35B4EC,0,0.0029580630362033844
ID_4128DF8357,1,0.5223972797393799
ID_413D7B606F,1,0.43422049283981323
ID_4144F19B73,0,0.12203052639961243
ID_414CC7EFEF,1,0.8058549165725708
ID_416B1F7E07,0,0.01060494128614664
ID_416F9F3654,0,0.004242508206516504
ID_41762412EE,0,0.03646654635667801
ID_418206BDBE,0,0.0018207078101113439
ID_418D15219A,0,0.06440509110689163
ID_418FA116D5,0,0.008508714847266674
ID_4197607B1F,0,0.00722629064694047
ID_41A2312DD7,0,0.08457742631435394
ID_41C011FB93,0,0.013121108524501324
ID_41CB932B35,0,0.009001709520816803
ID_41DF8B3EA7,0,0.007592338602989912
ID_41FB1F9F71,0,0.039363592863082886
ID_41FDB86549,0,0.057062260806560516
ID_42023E3F86,1,0.0442492850124836
ID_420826DF09,0,0.011584213003516197
ID_4209E26CB7,0,0.06628597527742386
ID_421B166820,0,0.006919176317751408
ID_423448F523,1,0.8046000599861145
ID_423C85FC2A,0,0.003729179035872221
ID_424466C0FA,1,0.4674607217311859
ID_42524B026E,0,0.008652906864881516
ID_42568D87AA,0,0.01854623481631279
ID_425861F13F,0,0.005427698604762554
ID_425AA8B0AA,0,0.03496421128511429
ID_425BDC1E5D,0,0.4609528183937073
ID_4260C01120,0,0.1133919209241867
ID_42628FAFFA,0,0.39941859245300293
ID_426AF3AAA9,0,0.004967911634594202
ID_426E91656A,0,0.03970855101943016
ID_42768707B1,0,0.013945862650871277
ID_4288E53F0A,0,0.012500572949647903
ID_42B0202CBE,0,0.04270641505718231
ID_42B15308E9,0,0.2692555785179138
ID_42BAC6A0D8,0,0.6467481851577759
ID_42BB2DAF57,0,0.1108056977391243
ID_42C75EB920,0,0.0661010816693306
ID_42C9A6D3BD,0,0.003024915000423789
ID_42DB8FC057,0,0.03692115843296051
ID_42E5162B71,0,0.24394622445106506
ID_42EBFC929F,0,0.025700643658638
ID_42F0538D7E,1,0.4323744773864746
ID_4300696345,0,0.019573349505662918
ID_4301305D70,0,0.005350904073566198
ID_4305E79106,0,0.02581724151968956
ID_430F5AA23A,0,0.08330108970403671
ID_431D3605D9,0,0.03552597761154175
ID_43289E66BF,0,0.06090697646141052
ID_433343FC62,0,0.016765747219324112
ID_433907EEE2,1,0.48066747188568115
ID_433BE1A1D1,0,0.0016798169817775488
ID_433C065D42,0,0.18767371773719788
ID_43434A9C42,0,0.01324446126818657
ID_4343D88AD8,0,0.06440705806016922
ID_435D7CF70B,0,0.03900696709752083
ID_436298FA63,0,0.40080684423446655
ID_43642228BE,0,0.039509523659944534
ID_4366E0EF74,0,0.003650867147371173
ID_436B506ECE,0,0.10284952819347382
ID_436E07DBEA,0,0.021703651174902916
ID_4378C4284F,0,0.07425154000520706
ID_4379A00FC6,0,0.05834536254405975
ID_437A89C0E7,0,0.034168120473623276
ID_4383FC54CF,0,0.07040361315011978
ID_43B2691799,1,0.4225517511367798
ID_43B6FB185A,0,0.7796497344970703
ID_43B80DC7ED,0,0.15293435752391815
ID_43B8C6E348,0,0.00969885103404522
ID_43B951D1E6,1,0.60186767578125
ID_43C1D5C215,0,0.06801082193851471
ID_43DE149A16,0,0.008504538796842098
ID_43DE42EFC1,0,0.1426258385181427
ID_43E1113FF2,0,0.16598081588745117
ID_43F28833F0,0,0.12274327129125595
ID_43F8FF7AF1,0,0.4204959273338318
ID_43FBF955D0,1,0.5183731317520142
ID_4412FA83A6,1,0.055848971009254456
ID_441BA5C30D,0,0.03346020355820656
ID_441F247CAC,1,0.16723515093326569
ID_4428B1FEF3,0,0.1260073184967041
ID_4438DF204C,0,0.22298794984817505
ID_444A48DE72,0,0.1731194257736206
ID_44621943C8,0,0.16647373139858246
ID_44636D9AC2,0,0.03420471027493477
ID_44682838CC,0,0.40584897994995117
ID_44760B2EC1,0,0.40435051918029785
ID_4477552AC3,0,0.04749199375510216
ID_4480EC2B5E,0,0.03413975611329079
ID_44835F895B,0,0.06033758446574211
ID_4484B1AAA4,0,0.1613149493932724
ID_4484E20B23,0,0.06838802993297577
ID_448FD6C0E9,0,0.2636788785457611
ID_449F04C88C,0,0.01283943373709917
ID_449F688A81,0,0.37990689277648926
ID_44A534C103,0,0.41902023553848267
ID_44AA2A3A20,0,0.1593080461025238
ID_44BB3D9F53,0,0.023435186594724655
ID_44C6A078CC,1,0.05647581070661545
ID_44C79B0859,1,0.34700366854667664
ID_44C7A00B5F,0,0.03131677210330963
ID_44C8363C8B,0,0.03704649582505226
ID_44CCBE3E70,0,0.05824863538146019
ID_44D809B528,0,0.029303519055247307
ID_44DF7DFA5B,0,0.11333086341619492
ID_44E8986F9C,0,0.029829727485775948
ID_44F2D00239,0,0.06405527889728546
ID_44F64BF370,0,0.25592151284217834
ID_44F7B4B657,0,0.043357718735933304
ID_44F864B60E,1,0.3874751627445221
ID_450B3118C4,0,0.24113735556602478
ID_450C5357BF,0,0.049630459398031235
ID_450EAF3BF0,0,0.4772949814796448
ID_45141622D2,0,0.0253605879843235
ID_4527873C2A,0,0.04210224747657776
ID_452B00C33A,0,0.17653903365135193
ID_4530206D41,0,0.0033993609249591827
ID_4537B4184E,0,0.2436433881521225
ID_453B4167A5,0,0.0685410350561142
ID_453C836810,0,0.02928919903934002
ID_453E67C743,0,0.06661036610603333
ID_4550F854F9,0,0.23780173063278198
ID_4561C9A6E5,0,0.02673526480793953
ID_4562A9300F,0,0.16802462935447693
ID_456A5D680A,0,0.4072635769844055
ID_456AB04C6B,0,0.1281915009021759
ID_4574718EB1,0,0.006416631862521172
ID_457BCB2632,0,0.09945866465568542
ID_4585C4C8A3,0,0.07165469229221344
ID_45873DC781,0,0.006823164410889149
ID_4594F014F0,0,0.03366309404373169
ID_459DA58EA9,0,0.15142285823822021
ID_459F7BEBF9,0,0.044967133551836014
ID_45AD3DE72A,0,0.07925117015838623
ID_45AD699929,0,0.09160099923610687
ID_45BDB2DA66,0,0.08528125286102295
ID_45C113176A,0,0.0616292804479599
ID_45C3C140A6,0,0.04990150034427643
ID_45C983EB37,0,0.07949128746986389
ID_45CF2F9FC9,0,0.07035530358552933
ID_45D613B6B7,0,0.006416573654860258
ID_45D6226DB2,0,0.5810514688491821
ID_45E9D9DDF2,0,0.01027112640440464
ID_45F8FF5752,0,0.014300007373094559
ID_45F9393B08,1,0.701956033706665
ID_460603CEEB,0,0.04253583773970604
ID_4606127112,0,0.008703570812940598
ID_460D206B30,1,0.8162720799446106
ID_46124880DD,0,0.7192571759223938
ID_46236824FC,1,0.16626349091529846
ID_4624FD9DA1,0,0.06716018170118332
ID_46255C50DA,0,0.049448974430561066
ID_4632F89EA9,1,0.2669540345668793
ID_463D4EF099,0,0.01306143682450056
ID_464F1F83CC,0,0.0030246165115386248
ID_465C4CE277,0,0.5052042603492737
ID_465FF96FDC,0,0.056491490453481674
ID_4676ABA73D,0,0.6818069815635681
ID_4676EC775C,0,0.03393092751502991
ID_46848D100E,0,0.01925564557313919
ID_468BB67A71,0,0.006158755626529455
ID_469354200F,1,0.20831835269927979
ID_4698D14C80,0,0.018650921061635017
ID_46A6C99B9F,0,0.5470395684242249
ID_46A9DFBE14,0,0.004651779308915138
ID_46BE162869,0,0.013327529653906822
ID_46CA675F5B,0,0.04944353178143501
ID_46CF4D0931,0,0.027150958776474
ID_46D2FB7CC6,0,0.11157914251089096
ID_46DF73A567,0,0.02463512122631073
ID_46E1398B21,0,0.16389232873916626
ID_46F4FD43B6,0,0.04345887526869774
ID_47065CF95A,0,0.026324400678277016
ID_470CBE4BFB,1,0.7150131464004517
ID_471AFFD555,1,0.26667213439941406
ID_472254CCDA,1,0.5997262597084045
ID_4725D5A262,1,0.19374972581863403
ID_473219F230,0,0.12438476085662842
ID_4732ADA54F,1,0.2951014041900635
ID_473682C3EE,0,0.015122385695576668
ID_474B3C8F80,0,0.052217695862054825
ID_475082BCB5,0,0.04649374634027481
ID_475A9C2149,0,0.06474104523658752
ID_475B3F7C7C,0,0.049599211663007736
ID_475B635E00,0,0.03442239761352539
ID_475F70264F,0,0.16381290555000305
ID_4761FA47E3,0,0.09374010562896729
ID_4762B673DD,0,0.187063068151474
ID_4766D1F7F2,0,0.015079847536981106
ID_4769B190AC,0,0.17091384530067444
ID_47730DBB4B,0,0.0741565078496933
ID_4775947FF4,0,0.3459676504135132
ID_4777430BE9,0,0.08413277566432953
ID_477805D92C,0,0.3376070559024811
ID_477ABE648D,0,0.08160063624382019
ID_4789D56ECB,0,0.0027868642937391996
ID_479819BF17,0,0.009489784948527813
ID_47997A0590,0,0.15385660529136658
ID_47AD2D15F0,0,0.023805098608136177
ID_47AEDEAB07,0,0.3016866147518158
ID_47B6B6A765,0,0.315945565700531
ID_47BBAF6345,0,0.13152748346328735
ID_47BBB90186,1,0.1148267313838005
ID_47C243BEA9,0,0.04839802160859108
ID_47C3743866,0,0.3441154658794403
ID_47CCEE8F69,0,0.0031949386466294527
ID_47D3790448,0,0.005835144314914942
ID_47D6B3F777,0,0.07671116292476654
ID_47D6FC8E2C,0,0.20356254279613495
ID_47DA7A8AC4,1,0.016116706654429436
ID_47E522D23E,0,0.0017534694634377956
ID_47EAE77B74,0,0.47008660435676575
ID_47F0861C63,0,0.045530498027801514
ID_47FFB28BC0,0,0.07697860151529312
ID_4807DA5C2C,0,0.159402996301651
ID_481248D7A6,1,0.9254177808761597
ID_482F6D5576,0,0.06045385077595711
ID_48338A6F17,0,0.015149438753724098
ID_4844B6B1B7,0,0.00384060968644917
ID_4849300D94,0,0.35225170850753784
ID_484E778389,0,0.06199285015463829
ID_485C23EE69,0,0.08375310897827148
ID_485D4FE131,0,0.006447314750403166
ID_485E559E41,0,0.7202287316322327
ID_4864155D56,0,0.24281826615333557
ID_487E39DAA8,0,0.00679011968895793
ID_488BFED0F1,1,0.745531439781189
ID_48918A362A,0,0.061466433107852936
ID_48923F4C4D,0,0.01726885698735714
ID_489EFE295D,0,0.024818947538733482
ID_48A8ED1DAF,1,0.5684646964073181
ID_48B921132F,0,0.025600316002964973
ID_48CAEFC278,0,0.035412874072790146
ID_48D7579EF5,1,0.4927564263343811
ID_48D8564134,0,0.010824568569660187
ID_48E401E1F3,0,0.05083995684981346
ID_48E8B4FCA0,0,0.3770473599433899
ID_48F7C6D378,0,0.0038353162817656994
ID_4900784053,0,0.053174324333667755
ID_490A7A90A3,0,0.09422443807125092
ID_49189B4ACF,0,0.3559100031852722
ID_49203B5EA6,1,0.8528289794921875
ID_492D8B7F0C,0,0.021236421540379524
ID_4941C3AA6C,0,0.03073207288980484
ID_494F53A9AA,0,0.005977547727525234
ID_495CB31E9B,1,0.07610535621643066
ID_495CCD893D,0,0.08172398805618286
ID_4960F55B77,0,0.2518140971660614
ID_496528AC1E,0,0.08529074490070343
ID_4975D3B280,0,0.03468944504857063
ID_497DD42C5F,0,0.0147361159324646
ID_497FD3D592,0,0.04701485484838486
ID_4980C2F06C,0,0.018930675461888313
ID_4985821CF6,0,0.004974438343197107
ID_4989D86FE6,0,0.06377896666526794
ID_4994DC9014,1,0.11085733771324158
ID_49AA7A65EB,1,0.3386950194835663
ID_49AC2F8295,0,0.38156455755233765
ID_49AD4C30FF,0,0.6784723997116089
ID_49B618C171,0,0.007895496673882008
ID_49C7A0D9EE,1,0.0762820914387703
ID_49D6262AAA,0,0.016194043681025505
ID_49E12DAE5C,1,0.0686810314655304
ID_49E80A2F8A,0,0.07750066369771957
ID_49EC5FE5EB,0,0.16198387742042542
ID_49F5BB58D5,1,0.40476545691490173
ID_49F6D7B4BF,0,0.3114353120326996
ID_4A01A307B0,0,0.18633893132209778
ID_4A0981FCC0,0,0.0867328941822052
ID_4A0D9E7375,0,0.007666346151381731
ID_4A196D0463,1,0.23712249100208282
ID_4A1D68563F,0,0.0018147557275369763
ID_4A28187431,0,0.0038211732171475887
ID_4A2E576C16,1,0.2933371067047119
ID_4A3743791C,0,0.00892004556953907
ID_4A3B5E7CF9,0,0.10567440092563629
ID_4A457E5B97,0,0.07324299961328506
ID_4A49098798,0,0.12111876159906387
ID_4A4BF72CF8,0,0.05166264623403549
ID_4A4EC5488F,0,0.05862439423799515
ID_4A535502E6,0,0.027054425328969955
ID_4A570870F3,0,0.004050115123391151
ID_4A5A30286E,0,0.1219574585556984
ID_4A68444AF6,0,0.03383294492959976
ID_4A6B70467D,0,0.03262453153729439
ID_4A6D30B4A6,0,0.07185697555541992
ID_4A6E6C0C8A,0,0.008492984808981419
ID_4A6F7630F6,0,0.1283458173274994
ID_4A904D7A74,0,0.030706461519002914
ID_4AA1A93874,0,0.06525829434394836
ID_4AC5EA0A50,0,0.01602165214717388
ID_4ACD0C7C1C,0,0.009378766641020775
ID_4AD97417EF,0,0.06602126359939575
ID_4ADA6A5637,0,0.26324382424354553
ID_4AED023E7E,0,0.04230709373950958
ID_4AF3217FCD,0,0.008651113137602806
ID_4B067F239B,0,0.022387921810150146
ID_4B0A0F7BF8,0,0.19772616028785706
ID_4B0F445530,0,0.04428311809897423
ID_4B139CD215,0,0.13190975785255432
ID_4B2269492E,1,0.4634072780609131
ID_4B22D8A0C1,0,0.3691892623901367
ID_4B2607D096,0,0.03258935362100601
ID_4B31471669,0,0.31526613235473633
ID_4B3180FC6B,0,0.0702170878648758
ID_4B41903A5F,0,0.005078899208456278
ID_4B446A32FC,0,0.23785442113876343
ID_4B477C60C4,0,0.012187080457806587
ID_4B49BEC9CC,1,0.4937469959259033
ID_4B4A328A70,1,0.5962848663330078
ID_4B63D5D33A,0,0.18988582491874695
ID_4B6E94C2E2,0,0.5325050950050354
ID_4B71AD6A39,0,0.05816425383090973
ID_4B82E50125,0,0.12433473765850067
ID_4B83E5104E,0,0.07411103695631027
ID_4B8C356128,0,0.24506041407585144
ID_4B8EE8CAE0,0,0.00909476075321436
ID_4B91F2DE2A,0,0.030001692473888397
ID_4BAAB4BFF3,0,0.02166369929909706
ID_4BB5B3C606,1,0.020626164972782135
ID_4BB5E120B3,0,0.02563406527042389
ID_4BC11ABAE3,0,0.04592811316251755
ID_4BE50FB6F9,0,0.006374909542500973
ID_4BE9913D9A,1,0.18727058172225952
ID_4BE9B44232,0,0.08066964149475098
ID_4BF778C55C,0,0.03998815268278122
ID_4BF7BFFDDB,0,0.16879026591777802
ID_4C0A613C81,0,0.002052011201158166
ID_4C21A6CFE3,1,0.30966243147850037
ID_4C34A15021,0,0.3596528470516205
ID_4C3A92E5CB,0,0.05767570808529854
ID_4C3B3346D8,0,0.015943530946969986
ID_4C3DEC930F,0,0.039452049881219864
ID_4C3F014743,0,0.0054224273189902306
ID_4C43D90FCC,1,0.8981054425239563
ID_4C46659472,0,0.09970963001251221
ID_4C474DF123,0,0.56927490234375
ID_4C5424EC45,1,0.5162177681922913
ID_4C68950C7C,0,0.22290270030498505
ID_4C69A79EAA,0,0.0032612462528049946
ID_4C6BC52AD6,0,0.10698392987251282
ID_4C6FDD72C1,0,0.1186424046754837
ID_4C778688E7,0,0.008458418771624565
ID_4C80E86C5D,0,0.055187154561281204
ID_4C8A1D8DF9,0,0.011332632973790169
ID_4C8DAF5241,0,0.0052976892329752445
ID_4C9124F655,0,0.002939932281151414
ID_4C93865DCA,0,0.052619848400354385
ID_4CA1E81A99,0,0.06898293644189835
ID_4CB37682AF,1,0.4776681065559387
ID_4CB5D4EC93,0,0.06493844836950302
ID_4CBF25B5A8,0,0.020248914137482643
ID_4CCC8E23E0,0,0.12069083750247955
ID_4CD0E9E524,0,0.24646559357643127
ID_4CD5444114,0,0.002995893359184265
ID_4CD5BAAFCF,0,0.01342690922319889
ID_4CD79B93FF,0,0.03970010578632355
ID_4CE74D42C3,0,0.04915134608745575
ID_4CEE89320C,0,0.27310019731521606
ID_4D0D990FFD,0,0.029018022119998932
ID_4D243EC762,0,0.014607297256588936
ID_4D28CDF683,0,0.05274999886751175
ID_4D296AC0A8,0,0.11258299648761749
ID_4D2AAAF37E,0,0.004963364917784929
ID_4D2E2C0B3D,0,0.10182865709066391
ID_4D33D6E4E9,0,0.09789936244487762
ID_4D37BFF0E0,1,0.5450746417045593
ID_4D3A5BA6F0,0,0.14794066548347473
ID_4D3BFADD21,0,0.30815279483795166
ID_4D41AE7635,0,0.16427898406982422
ID_4D41F54250,0,0.008329023607075214
ID_4D4B52222C,1,0.08837143331766129
ID_4D5720E3E4,0,0.08059420436620712
ID_4D6CD0DA66,0,0.003851977875456214
ID_4D6EEFD00E,0,0.26534634828567505
ID_4D732BA4ED,1,0.31032416224479675
ID_4D83E237C7,0,0.010594082996249199
ID_4D85F9D416,0,0.0773986279964447
ID_4D86DAE5FD,0,0.165914848446846
ID_4D8A30F9A6,0,0.00784182921051979
ID_4D8A8B1100,0,0.025305448099970818
ID_4D8AF77404,1,0.7185311317443848
ID_4D922B238D,0,0.1012338176369667
ID_4D92F504AD,0,0.057369764894247055
ID_4D98BE7BEE,0,0.10410496592521667
ID_4DA0BB488A,0,0.034091394394636154
ID_4DA56843CF,0,0.8650354146957397
ID_4DAB9E7860,0,0.045339565724134445
ID_4DD002F4FD,0,0.0029908516444265842
ID_4DD8652969,0,0.019814446568489075
ID_4DE9914204,0,0.03386872261762619
ID_4DE9B6B477,0,0.03555452823638916
ID_4DEAADACC9,0,0.19818565249443054
ID_4DECDA9155,0,0.019787423312664032
ID_4DF1A6376E,1,0.6217623949050903
ID_4DF757AB71,0,0.028459228575229645
ID_4E03F5CE64,0,0.15310007333755493
ID_4E0EB28FD9,0,0.13224652409553528
ID_4E1A175118,0,0.020447496324777603
ID_4E2939F65C,0,0.0029433369636535645
ID_4E42B66887,1,0.6647244691848755
ID_4E46B1C9D3,0,0.0219411700963974
ID_4E57D7C479,0,0.011736737564206123
ID_4E5D3B48B2,0,0.06246868520975113
ID_4E64419B32,0,0.034619543701410294
ID_4E662F5326,0,0.10901020467281342
ID_4E6AA08E06,0,0.12225136160850525
ID_4E6E8C091D,0,0.10120251774787903
ID_4E7557FB19,1,0.5692298412322998
ID_4E75CB699F,1,0.5892287492752075
ID_4E8BD59D86,0,0.08073854446411133
ID_4E9E6F2BA9,0,0.02952703833580017
ID_4EB0CE0B25,0,0.22696225345134735
ID_4EB125615E,0,0.04287860915064812
ID_4EBBC17675,1,0.8064639568328857
ID_4EBCA7B2F8,0,0.033424023538827896
ID_4EBFE32E74,0,0.1182059645652771
ID_4EC338829F,0,0.10640595853328705
ID_4ECBD74EF8,0,0.1349080502986908
ID_4ED12ADF9C,0,0.1558833122253418
ID_4EE80018B0,0,0.002057117410004139
ID_4EEA2411AD,0,0.051481615751981735
ID_4EEDE6C38A,0,0.0052377465181052685
ID_4EF637A213,0,0.45765531063079834
ID_4EF726E9CB,0,0.034180499613285065
ID_4EFFA9AB70,0,0.24906647205352783
ID_4F000E5B57,0,0.06129588931798935
ID_4F09D1FBA8,0,0.005514595657587051
ID_4F0CC0E6E8,0,0.10895313322544098
ID_4F0D75E6A6,0,0.2015264630317688
ID_4F1086B899,0,0.04004843905568123
ID_4F208C2172,0,0.0038523406255990267
ID_4F259AC975,1,0.7416191101074219
ID_4F27E46132,0,0.01861276477575302
ID_4F3C69D00B,0,0.4015399217605591
ID_4F59783893,1,0.015170721337199211
ID_4F59E3B2B1,0,0.21749058365821838
ID_4F5AD46148,0,0.06303705275058746
ID_4F60A50BB3,0,0.03482714295387268
ID_4F6AD49B1B,0,0.057760175317525864
ID_4F77ADDEC4,0,0.05048336461186409
ID_4F7A87CCDB,0,0.045078080147504807
ID_4F7E815355,0,0.054123178124427795
ID_4F82975326,0,0.008463609032332897
ID_4F87FE163B,0,0.03288945555686951
ID_4F8AA2DB64,0,0.006117694079875946
ID_4F8F171E95,0,0.09545756131410599
ID_4F932C4732,0,0.35838162899017334
ID_4F94AD2CD1,0,0.013372433371841908
ID_4F98CFB5E1,0,0.06809166073799133
ID_4FAA741731,0,0.038264837116003036
ID_4FAAFC6CF7,0,0.0035639829002320766
ID_4FCCF5F408,0,0.06720437854528427
ID_4FD9B1D063,0,0.003486362751573324
ID_4FDB9AD4BE,1,0.9128566980361938
ID_4FE1C79679,0,0.055697426199913025
ID_4FF065DB86,0,0.07932628691196442
ID_4FF4243F11,0,0.17628292739391327
ID_4FF6CE63AB,0,0.11398257315158844
ID_4FFB7DE7F7,0,0.0176511500030756
ID_501C2CF5C1,0,0.014847705140709877
ID_502B6348A4,0,0.03413334861397743
ID_503100A746,0,0.059814199805259705
ID_50322A272C,0,0.05942785367369652
ID_50346167CB,0,0.0878128856420517
ID_503F649F0F,0,0.006529804319143295
ID_5042C3C997,0,0.050841689109802246
ID_504D871FD2,0,0.005037021357566118
ID_505A2F4FFB,1,0.4715115427970886
ID_5063BC6740,0,0.03871222212910652
ID_5073F4F535,0,0.05546841025352478
ID_507A2051E6,1,0.4054967761039734
ID_50856F2C74,0,0.1967754364013672
ID_5086C201A8,0,0.057572510093450546
ID_5086F5766B,0,0.3091408312320709
ID_5087666BA7,0,0.03299737721681595
ID_50979DBF2B,0,0.4351363480091095
ID_509971AEBA,0,0.0076620620675385
ID_509DE18DD8,0,0.053093768656253815
ID_50A2431A2B,0,0.1314869523048401
ID_50AF29D1AA,0,0.034055355936288834
ID_50C740F623,0,0.1876453310251236
ID_50CF7D0C7A,0,0.01306513324379921
ID_50D632CD17,0,0.31689608097076416
ID_50DF155ACD,0,0.003339917166158557
ID_50E5FD7CFB,0,0.4123722016811371
ID_50E78F150B,0,0.04980054125189781
ID_50F3FC7BB8,0,0.017058320343494415
ID_50F8FAEC6F,1,0.2957964837551117
ID_50FB3F3081,0,0.6969201564788818
ID_51056F7618,0,0.20938655734062195
ID_5110BC2DDC,0,0.00899141002446413
ID_512545CC9A,0,0.015765847638249397
ID_513083B537,0,0.006823492702096701
ID_513490182C,1,0.11063490062952042
ID_513CBCFBEC,0,0.033845990896224976
ID_514110EB3A,0,0.0036862867418676615
ID_515B912A43,0,0.14204852283000946
ID_515D5B2E11,0,0.03507264703512192
ID_515F124A46,0,0.21845774352550507
ID_516103FAEC,0,0.2571626603603363
ID_517292F7D9,0,0.031244460493326187
ID_517593E616,0,0.05110261216759682
ID_5199C76450,0,0.1143423393368721
ID_51A15E974F,1,0.8001155257225037
ID_51B0370E75,0,0.4801372289657593
ID_51BA341BDD,0,0.015043869614601135
ID_51C182CA23,0,0.08060036599636078
ID_51D72D6549,0,0.11576361954212189
ID_51EAB0B450,0,0.01045290194451809
ID_51EB7633E4,0,0.031136251986026764
ID_51FE362000,0,0.1213543713092804
ID_520780CB1C,0,0.3663448393344879
ID_520E47745E,1,0.17180269956588745
ID_5221202ECE,0,0.006358160637319088
ID_52332D7A79,0,0.01766788586974144
ID_5234A20B40,0,0.011404824443161488
ID_523BB2FE70,0,0.01585511863231659
ID_523C072860,0,0.05594005063176155
ID_523E0F1FA8,0,0.2205238938331604
ID_524F1FC34B,0,0.03960876911878586
ID_52657383AD,0,0.029905956238508224
ID_5267276F6A,0,0.2663438618183136
ID_526898CC28,1,0.8619094491004944
ID_5278F5B5CC,1,0.9660496711730957
ID_527C885180,0,0.03298790007829666
ID_527CD995C3,0,0.5743567943572998
ID_52856F7C7C,0,0.07916530966758728
ID_528C8C282C,1,0.7018293738365173
ID_52A2A2FB52,0,0.01755034178495407
ID_52A44E2113,0,0.007066302467137575
ID_52B2807755,0,0.018150383606553078
ID_52C1D2A178,0,0.0872371643781662
ID_52C4B76357,0,0.16429564356803894
ID_52C5D5F220,0,0.09046067297458649
ID_52D61C20DA,0,0.21768908202648163
ID_52D67D5674,0,0.202052503824234
ID_52D92B727C,0,0.007326740771532059
ID_52E0FBDB64,1,0.30023637413978577
ID_52F24D0F7C,0,0.16035568714141846
ID_530EFACD6D,0,0.02994067221879959
ID_5312C41840,0,0.0024201946798712015
ID_531804B51D,0,0.0239678006619215
ID_531B1A2147,0,0.1827731430530548
ID_532075E6F8,0,0.28363656997680664
ID_5321564F55,0,0.049942053854465485
ID_532F52FE72,1,0.7554348707199097
ID_53384AF51E,0,0.44883647561073303
ID_53432AAD30,0,0.012798088602721691
ID_534518FC1B,0,0.18526147305965424
ID_535B4FC038,1,0.6667451858520508
ID_536AE1F424,0,0.0573449581861496
ID_536B40D796,1,0.2577206790447235
ID_536F5F2951,0,0.07339493185281754
ID_5370DF102A,0,0.00989700760692358
ID_53770E88E1,0,0.15729063749313354
ID_537A0050B6,0,0.008182210847735405
ID_537BE962BB,1,0.8562600612640381
ID_5386DDE485,0,0.018540233373641968
ID_53ABE664FF,0,0.9189892411231995
ID_53B270331B,0,0.2876679599285126
ID_53D4C2AEA1,0,0.0085457069799304
ID_53E3B4B632,0,0.0034791354555636644
ID_53E5612463,0,0.07022614032030106
ID_53EDDEDE43,0,0.3272411525249481
ID_53F2DE440E,0,0.04117860645055771
ID_53F98700CB,0,0.22181203961372375
ID_53F9B75F81,0,0.0574343241751194
ID_54079F7D39,1,0.38896849751472473
ID_540D070462,0,0.043811455368995667
ID_542398A27A,0,0.07801172137260437
ID_5424476451,1,0.26090940833091736
ID_5424E70CEB,0,0.3487902879714966
ID_54418DC02B,0,0.02870160900056362
ID_5442E619AC,0,0.08236545324325562
ID_5447321C5D,0,0.07336727529764175
ID_54537EB550,0,0.07617092877626419
ID_54590982C5,0,0.23935775458812714
ID_545DD822A7,0,0.26199984550476074
ID_5479978EE1,1,0.5469380021095276
ID_547E72843A,1,0.7242143154144287
ID_54892E2A51,0,0.027198180556297302
ID_549F3922B9,0,0.11039991676807404
ID_54A1BCF5E8,0,0.0036456312518566847
ID_54AFD313D2,0,0.05974717438220978
ID_54B2340888,0,0.01261979341506958
ID_54B2C218FC,0,0.009323973208665848
ID_54B595E958,0,0.03780606389045715
ID_54B59E1B8F,0,0.1082373633980751
ID_54CE2317F8,0,0.08986243605613708
ID_54D2DB3DB4,1,0.10988006740808487
ID_54DFF71E76,0,0.036092400550842285
ID_54F9E41C1E,0,0.008456244133412838
ID_54FE776A22,0,0.030228037387132645
ID_5507C2388B,0,0.035545773804187775
ID_5516DD945B,0,0.3308080732822418
ID_551D6DCE7C,1,0.47102028131484985
ID_551E2DB616,0,0.03866900876164436
ID_55274013B7,0,0.029962535947561264
ID_5531720B15,0,0.006283172406256199
ID_554432B5CA,0,0.14319975674152374
ID_5547C90376,0,0.039378345012664795
ID_554CA4743F,0,0.2645847499370575
ID_555759F480,0,0.044045206159353256
ID_555F2213AB,0,0.01329442672431469
ID_5560AEC770,1,0.33860117197036743
ID_5572386CD5,1,0.11801494657993317
ID_557352964F,1,0.7853260040283203
ID_5574976D08,0,0.03844147175550461
ID_558B23BA9B,0,0.0341869480907917
ID_559F538680,0,0.038675446063280106
ID_55A0A261B2,0,0.4249499440193176
ID_55AFD0B27B,0,0.1967620849609375
ID_55B09F2E71,0,0.021056775003671646
ID_55B4E2B058,0,0.009289711713790894
ID_55BF640E25,0,0.01580123044550419
ID_55C127913C,0,0.14436021447181702
ID_55C19F19B8,1,0.673627495765686
ID_55C33D9967,0,0.01786956563591957
ID_55C7485474,1,0.8258410692214966
ID_55CC00040A,0,0.13797523081302643
ID_55CF73971E,1,0.05472106486558914
ID_55E2FD942E,0,0.10531207919120789
ID_55E5F14EA8,0,0.019787389785051346
ID_55E65E39A2,0,0.008146528154611588
ID_55E6838072,0,0.27700453996658325
ID_55E8F05CBE,0,0.006783606484532356
ID_55F298776D,0,0.08626846969127655
ID_55F485A172,0,0.571465015411377
ID_5601E410B1,1,0.796436071395874
ID_5604BC53C4,0,0.7256841659545898
ID_560FF14B44,1,0.952262818813324
ID_561BE17537,0,0.038695499300956726
ID_56255AA16D,0,0.01877273991703987
ID_5625EF39C6,1,0.6363347172737122
ID_5626D6C38F,0,0.3553282916545868
ID_562B185B8D,1,0.6232934594154358
ID_563710024A,0,0.14483679831027985
ID_5637944676,0,0.0015532313846051693
ID_564268786D,0,0.1277731955051422
ID_5659F182F9,0,0.04661962389945984
ID_565B81E722,0,0.011308133602142334
ID_5671505597,0,0.022266048938035965
ID_567BD56CF5,0,0.007064444944262505
ID_567BE2207D,0,0.11864681541919708
ID_567E4667F2,0,0.08119341731071472
ID_5680991F7A,0,0.009838251397013664
ID_5680EDEF66,1,0.5662099123001099
ID_5689373BCC,0,0.32195624709129333
ID_568F48B06A,1,0.2653239667415619
ID_56AC3FE12A,0,0.00225837342441082
ID_56ADDF593F,0,0.6060758829116821
ID_56B1400181,0,0.011396041139960289
ID_56B18B4297,0,0.0273447185754776
ID_56B3509829,0,0.14609025418758392
ID_56CDE5403A,0,0.017399592325091362
ID_56D3658A53,1,0.03515157103538513
ID_56DB08EB28,0,0.12749184668064117
ID_56E48243C2,0,0.6375510692596436
ID_56F71F912C,0,0.0808815211057663
ID_56F921468D,0,0.0089259697124362
ID_5703806630,0,0.007495329715311527
ID_5708D41D7C,0,0.014442694373428822
ID_570D232EA3,0,0.018916884437203407
ID_570D43CDC1,0,0.09785456210374832
ID_570E9BD716,0,0.2699403762817383
ID_571041081A,1,0.3066520690917969
ID_5710555503,0,0.012244096957147121
ID_57286B45C6,0,0.13605797290802002
ID_5736468E6F,0,0.14414682984352112
ID_575428F3DC,1,0.15575620532035828
ID_575A028EB7,0,0.008839812129735947
ID_575F7ABA4C,0,0.004508969374001026
ID_5761CE1F5B,0,0.03611613065004349
ID_5762A4B611,1,0.20726925134658813
ID_5765B3081B,0,0.020045645534992218
ID_578CE98D6F,0,0.008786777034401894
ID_57941D04BF,0,0.045100659132003784
ID_57A7E9C2E2,1,0.34521448612213135
ID_57AE3955C3,0,0.008700815960764885
ID_57B469A387,0,0.14823251962661743
ID_57BAD60489,0,0.005248015746474266
ID_57D77E4851,0,0.0699663907289505
ID_57E1B9A755,1,0.06752126663923264
ID_57E7F8CFED,0,0.03313348814845085
ID_57E8E0494B,0,0.22204673290252686
ID_57F03AA253,0,0.023648422211408615
ID_57FE426A7A,0,0.04608471319079399
ID_580C82F6ED,0,0.09783986955881119
ID_58128F5923,0,0.04971270263195038
ID_5819191DCB,0,0.018815163522958755
ID_5825404CC3,0,0.12359017878770828
ID_5828422628,1,0.20250050723552704
ID_58291C430C,0,0.4515562653541565
ID_5835E270FB,0,0.08881775289773941
ID_5837305710,1,0.78459233045578
ID_5855310567,1,0.4870157241821289
ID_585802A796,0,0.10264585167169571
ID_5861E63EF8,0,0.05648890137672424
ID_58672E2FEA,0,0.03133491426706314
ID_587ABF6C6F,0,0.013530910015106201
ID_587EE27F45,1,0.09859207272529602
ID_5880F83033,0,0.0013264005538076162
ID_588AD0854B,1,0.3350447416305542
ID_589652B782,1,0.3626834452152252
ID_58A400AA4C,0,0.10988310724496841
ID_58B1138808,0,0.15031203627586365
ID_58B278D545,0,0.004913206212222576
ID_58B3A64DBC,1,0.14577767252922058
ID_58BDD95B45,0,0.012644337490200996
ID_58C1D75C15,0,0.09393236041069031
ID_58C9E9A634,0,0.023909488692879677
ID_58CF70CA6C,0,0.4835968613624573
ID_58D62411CF,0,0.013943719677627087
ID_58E548A897,0,0.05259088799357414
ID_58EF2A3EF5,0,0.002444884506985545
ID_5907535307,0,0.028730614110827446
ID_5911520901,1,0.16147160530090332
ID_591B0951FA,0,0.13065887987613678
ID_592348F03E,1,0.3873176574707031
ID_5925121407,0,0.21737414598464966
ID_5926765F9D,0,0.39442721009254456
ID_59341FB1B8,0,0.1400740146636963
ID_593441B5AF,0,0.24731111526489258
ID_5942820510,0,0.031647756695747375
ID_59464CC352,0,0.010475647635757923
ID_595BF47FD5,0,0.1457272469997406
ID_595C6EF2AC,0,0.030804218724370003
ID_59727F4AB6,0,0.009576013311743736
ID_597F2A9A8D,0,0.048076048493385315
ID_597FBC596F,0,0.01242565456777811
ID_597FCFB83A,0,0.007413648534566164
ID_5981188A1C,0,0.17802326381206512
ID_59959A1777,1,0.9549540281295776
ID_599B96EEBA,0,0.010220807045698166
ID_59A62F0411,0,0.0022810478694736958
ID_59AA5685E5,0,0.05464807525277138
ID_59AE00AA97,0,0.052140578627586365
ID_59B64AEB67,0,0.2022707462310791
ID_59C48B5C21,0,0.34660181403160095
ID_59C5050852,0,0.04481031745672226
ID_59C8BD4EBB,0,0.025505606085062027
ID_59D60CAB10,1,0.0817553699016571
ID_59DE65697B,0,0.011911353096365929
ID_59E14AACCD,0,0.007181699853390455
ID_59E2403638,0,0.020657144486904144
ID_59F47BAAD1,0,0.04562296345829964
ID_59FFAE7EF3,1,0.7450353503227234
ID_5A01F3704F,0,0.00869686622172594
ID_5A096529E3,0,0.18497133255004883
ID_5A0C5FF8FC,1,0.4253525137901306
ID_5A12E0ADC5,0,0.2360261082649231
ID_5A201CF1DD,0,0.007278972305357456
ID_5A34135752,0,0.013643217273056507
ID_5A34512E71,0,0.018723264336586
ID_5A460EE793,0,0.006407216191291809
ID_5A4C9DAB84,1,0.03498484939336777
ID_5A6263BE15,0,0.06336069107055664
ID_5A64DC206D,0,0.045949775725603104
ID_5A6ABBE74C,0,0.5897582173347473
ID_5A76EE8750,0,0.35892897844314575
ID_5A7A026F37,0,0.02630450576543808
ID_5A80DE5815,0,0.004773755557835102
ID_5A982C2D82,0,0.03779136762022972
ID_5A9D4972DD,0,0.06706798076629639
ID_5AA86A5B97,0,0.014283743686974049
ID_5AB4E72316,0,0.00397840142250061
ID_5ACFD9066B,1,0.5192256569862366
ID_5ADE3F2C7A,0,0.07096860557794571
ID_5ADF727956,0,0.155819371342659
ID_5AE1ABEF5E,0,0.05892844870686531
ID_5AE3B19B64,0,0.028851235285401344
ID_5AE90F7A7A,0,0.039834387600421906
ID_5AEB670DA5,0,0.016553843393921852
ID_5B018C0EDC,0,0.00430236104875803
ID_5B01A78C6E,0,0.007536457851529121
ID_5B095375D8,1,0.02698623575270176
ID_5B1CB081FD,0,0.029198680073022842
ID_5B2D61EEE6,0,0.09707236289978027
ID_5B3CBC1831,0,0.13580189645290375
ID_5B4903D6E3,0,0.07239329814910889
ID_5B517241B1,0,0.04972036927938461
ID_5B6DC62858,1,0.10322687029838562
ID_5B6FF4D25E,0,0.10185612738132477
ID_5B8E448E92,0,0.010076203383505344
ID_5B9A93B94E,0,0.09145547449588776
ID_5B9D592FF4,1,0.8108131885528564
ID_5B9D6CC948,0,0.020986517891287804
ID_5BA27FA85E,0,0.23238585889339447
ID_5BB172A2FE,1,0.6946300864219666
ID_5BBC5B72D9,0,0.09646780788898468
ID_5BC0F88692,0,0.031042173504829407
ID_5BCBCFB58F,0,0.14025478065013885
ID_5BCFA09334,0,0.030540645122528076
ID_5BD0B958CE,0,0.4051326811313629
ID_5BD7C63B0F,0,0.005526737775653601
ID_5BD9F9BA12,0,0.008064658381044865
ID_5BDE7E580D,1,0.5342468619346619
ID_5BE0A84705,0,0.30726030468940735
ID_5BE528A700,0,0.014561837539076805
ID_5BEFBC2467,0,0.051701001822948456
ID_5BF2FF39D7,0,0.2674216330051422
ID_5C0E170845,0,0.05089159682393074
ID_5C1ADC8270,0,0.03699696436524391
ID_5C224EFF7E,0,0.0019099203636869788
ID_5C3EA0AA45,0,0.5558218955993652
ID_5C4A644B15,0,0.03985339775681496
ID_5C4F77F152,0,0.09899072349071503
ID_5C530E645B,0,0.0027560971211642027
ID_5C53DE36C1,0,0.017977755516767502
ID_5C61F8DAB8,0,0.02355252020061016
ID_5C6A4506C3,0,0.013765877112746239
ID_5C77A1CD30,0,0.019844453781843185
ID_5C782CED6D,1,0.4047498106956482
ID_5C8D2CA76D,0,0.3534124195575714
ID_5C9715C3CE,0,0.33420348167419434
ID_5C9B8718E6,0,0.5239166021347046
ID_5C9F386394,1,0.13203507661819458
ID_5CA281C2FC,0,0.08288085460662842
ID_5CAF8ABA0C,0,0.20894120633602142
ID_5CB60AD8E8,0,0.19291628897190094
ID_5CBDE25A4C,0,0.0075920745730400085
ID_5CBF3D6126,0,0.8424278497695923
ID_5CC233448E,0,0.049079060554504395
ID_5CD0E5953F,0,0.04071379452943802
ID_5CD686E31D,0,0.07472402602434158
ID_5CD7D1DB1B,1,0.37691792845726013
ID_5CD8B6DC43,0,0.13221225142478943
ID_5CDFF0B242,0,0.07711968570947647
ID_5CE55FB5F7,0,0.0025632523465901613
ID_5CE8A140E9,0,0.0038968538865447044
ID_5CEF54E86C,1,0.47426170110702515
ID_5CF220333D,0,0.0304324422031641
ID_5CF3BCA1D5,0,0.003533707931637764
ID_5CF5FFC428,1,0.518310546875
ID_5CFD70146B,0,0.004504588898271322
ID_5CFFAE657A,0,0.05838557705283165
ID_5D0C1A7CB2,0,0.08076786994934082
ID_5D15DDF354,0,0.05004310607910156
ID_5D1EFB57FD,0,0.09500149637460709
ID_5D34DB09D8,0,0.07986654341220856
ID_5D443BA5A0,0,0.00558286439627409
ID_5D457BF821,0,0.0349062941968441
ID_5D50463CDF,0,0.13769280910491943
ID_5D594AFD73,0,0.2582052946090698
ID_5D6237885F,0,0.05720829963684082
ID_5D794ADF6C,0,0.04407459869980812
ID_5D7996967F,1,0.408347487449646
ID_5D7F3BE6B1,1,0.70656418800354
ID_5D96038140,0,0.1307263821363449
ID_5D97387B23,0,0.0024063631426542997
ID_5D98B6ADE7,0,0.17580345273017883
ID_5DA15A7B59,1,0.25567498803138733
ID_5DA68B8E71,0,0.01262904703617096
ID_5DAFF46EB7,0,0.04470469057559967
ID_5DB1710CE5,0,0.021841663867235184
ID_5DB7EB81EB,1,0.016148000955581665
ID_5DC91F4EEF,0,0.006641970947384834
ID_5DD9596B9D,0,0.02992020547389984
ID_5DEC72349C,0,0.42408427596092224
ID_5DF01DDBCB,0,0.011177632957696915
ID_5DF50916E7,0,0.09576479345560074
ID_5DFE00BABC,0,0.00356826139613986
ID_5E02271B42,0,0.2918879985809326
ID_5E0C8D3851,0,0.010407565161585808
ID_5E0F2AD375,0,0.11181964725255966
ID_5E2654C425,0,0.0035980106331408024
ID_5E29097E4C,1,0.3648650348186493
ID_5E31F81A4B,1,0.7074153423309326
ID_5E32325E3B,0,0.04916786402463913
ID_5E61519438,0,0.04909432679414749
ID_5E6C9010C9,0,0.037760160863399506
ID_5E6FCA4763,0,0.00850994884967804
ID_5E72F8BFD5,0,0.04389927536249161
ID_5E73AE7E57,0,0.051804497838020325
ID_5E7E9A9B91,0,0.027465321123600006
ID_5E9750B1E3,0,0.007052113302052021
ID_5EA023DB50,1,0.001730938907712698
ID_5EA7F702AF,0,0.02021610736846924
ID_5EABE20E76,0,0.09342136979103088
ID_5EB633545B,0,0.08234162628650665
ID_5EC0908528,0,0.01904638484120369
ID_5EC41E8BC8,0,0.018930958583950996
ID_5EC9BE2151,0,0.14724048972129822
ID_5ECF79749A,0,0.008199422620236874
ID_5ED023E968,1,0.3808175027370453
ID_5ED65410AD,0,0.6343561410903931
ID_5EDDCF317D,0,0.04775674641132355
ID_5EE86B098C,0,0.21515187621116638
ID_5EF578D194,0,0.38066551089286804
ID_5EF8519914,0,0.12053932994604111
ID_5EFA149963,0,0.032487835735082626
ID_5EFE56F68E,0,0.19763252139091492
ID_5F008144A9,0,0.0013811970129609108
ID_5F040CACDF,1,0.07477138936519623
ID_5F0AA43161,0,0.014443117193877697
ID_5F1ECE7D12,0,0.10921496152877808
ID_5F265AC3DF,0,0.020674828439950943
ID_5F328B67B9,1,0.635596752166748
ID_5F40FF1DB1,0,0.06483795493841171
ID_5F47892AA9,0,0.053669463843107224
ID_5F50FFF535,0,0.20284254848957062
ID_5F5B7E2C80,0,0.144194096326828
ID_5F5C49853B,1,0.6021295785903931
ID_5F60C5C260,0,0.07042345404624939
ID_5F87E3D852,0,0.6179846525192261
ID_5FAAEBEE33,0,0.07861202210187912
ID_5FC2F3DAA8,0,0.10921024531126022
ID_5FCBE568B9,0,0.016563190147280693
ID_5FDDBC3786,0,0.0032382162753492594
ID_5FF123DE0C,0,0.1029968410730362
ID_5FF2958D07,0,0.038498636335134506
ID_5FFCE2B7C9,0,0.005709903780370951
ID_600103AD58,0,0.051596611738204956
ID_60172DDCE9,1,0.5052560567855835
ID_601975A5C3,0,0.18411698937416077
ID_601BF25B89,1,0.3674274682998657
ID_6025257E3E,0,0.013579750433564186
ID_6025977137,0,0.054427050054073334
ID_60307003EA,0,0.009064119309186935
ID_6037E7076E,0,0.0031528102699667215
ID_603F49F37D,0,0.061458565294742584
ID_60413BC9DD,0,0.04828507825732231
ID_604720F9B8,0,0.11850325763225555
ID_6047F1C434,0,0.02165033668279648
ID_604800F214,0,0.04972391948103905
ID_604ED51D9D,0,0.15087933838367462
ID_605A9A2A3C,0,0.34409552812576294
ID_605EF83D0D,0,0.0387294664978981
ID_6063A3B4DC,0,0.004221058916300535
ID_60717E8AC1,0,0.0259246826171875
ID_6072F09E23,0,0.004509421996772289
ID_6080E0E9E1,0,0.10998614877462387
ID_608274759C,0,0.3173200488090515
ID_608421C7BA,0,0.2344702184200287
ID_60857420A1,0,0.5936679840087891
ID_60A5AE0529,0,0.005725831724703312
ID_60A901E74D,0,0.0304492749273777
ID_60AB24D7B8,1,0.7036720514297485
ID_60D85CA2B8,1,0.2363377809524536
ID_60E0CBBF6F,0,0.06317559629678726
ID_60E39E4856,0,0.09297582507133484
ID_60EA9BFC50,0,0.02454867772758007
ID_60F259BE20,0,0.02825132943689823
ID_61075B33F5,1,0.046134501695632935
ID_61227A1D01,0,0.027095630764961243
ID_6138A9F448,0,0.24661237001419067
ID_613E0D597B,0,0.0405656099319458
ID_614AE86ECC,0,0.034833572804927826
ID_614B8D1C31,0,0.006926647387444973
ID_61654D394E,0,0.14603161811828613
ID_6165E5407C,0,0.02130095474421978
ID_616963FDF8,0,0.022671779617667198
ID_616B84B4CE,0,0.29984715580940247
ID_617F4977C1,1,0.5423694849014282
ID_6192603908,0,0.09983276575803757
ID_61A2A921D5,0,0.11247913539409637
ID_61B17C4754,0,0.18773940205574036
ID_61CA8F3A9A,0,0.36006733775138855
ID_61D2DF5027,0,0.1513974666595459
ID_61E1A699D2,0,0.01190770324319601
ID_61F771B69B,0,0.05819057673215866
ID_61F91F1368,0,0.005361832678318024
ID_61FC03E94A,0,0.06373168528079987
ID_620527CB2D,0,0.054142922163009644
ID_6205FBC009,0,0.01980866678059101
ID_620AC7975F,0,0.16071219742298126
ID_620E35757F,0,0.07130158692598343
ID_620F9F42D3,0,0.194725900888443
ID_62153A962F,0,0.19772031903266907
ID_6216197571,0,0.004003062844276428
ID_622101A24F,0,0.10961443185806274
ID_622824A814,0,0.019221249967813492
ID_6234843AA1,1,0.055274881422519684
ID_623597BFC4,0,0.001905261306092143
ID_623C16F92F,0,0.780799150466919
ID_624075F306,0,0.0436306893825531
ID_6253E16653,0,0.013847791589796543
ID_62644DC8A6,0,0.010840502567589283
ID_626F198112,0,0.02632468193769455
ID_62706CC719,0,0.004210999235510826
ID_6279157C79,0,0.0026358712930232286
ID_62831A287F,0,0.09578841179609299
ID_629242B1F7,0,0.05233971029520035
ID_629BDC8770,0,0.005859152413904667
ID_629F4C76B8,0,0.11550351977348328
ID_62AB93BEDF,0,0.12685289978981018
ID_62AD5C87B0,0,0.0033251300919800997
ID_62C1098047,0,0.13248929381370544
ID_62C1C77520,0,0.005664847791194916
ID_62C8D2A1DF,0,0.008626406081020832
ID_62D790F239,0,0.01747877709567547
ID_62DE1CE965,0,0.012293250299990177
ID_62DE88BE71,0,0.008046425879001617
ID_62DF17D769,0,0.017006924375891685
ID_62E07BD2DA,0,0.008726494386792183
ID_62E1566DE9,1,0.51593017578125
ID_62E5FA6D1A,0,0.006709196139127016
ID_62E8F615AD,0,0.18501436710357666
ID_62EFF4B6DB,1,0.2980479896068573
ID_62F96191EC,0,0.007389044389128685
ID_62FAEACDB2,0,0.04264160990715027
ID_63068B9D76,0,0.03040577843785286
ID_630B79AE83,0,0.005818040110170841
ID_631034D34A,0,0.6209903955459595
ID_6315295131,0,0.03277759999036789
ID_6317CC729A,0,0.014485466293990612
ID_631D30EE15,0,0.04399299994111061
ID_6328DA44F0,0,0.05448697507381439
ID_632D141761,0,0.02250124141573906
ID_6334E6C743,0,0.011378123424947262
ID_633881F232,0,0.062076471745967865
ID_634B2B0B62,0,0.004502241499722004
ID_635C3EB7A2,0,0.004896647296845913
ID_6363F81FCC,0,0.06727135926485062
ID_63751F023D,0,0.04860649257898331
ID_637AB592A5,1,0.546384334564209
ID_63801D40CF,0,0.06069447100162506
ID_63829E5980,0,0.1300475150346756
ID_63845572B6,0,0.012134538032114506
ID_63949BAC08,0,0.09527485817670822
ID_639F143A5A,0,0.2423604130744934
ID_63A1748BFE,0,0.10270211100578308
ID_63B6D31E96,0,0.003346918383613229
ID_63B7181C1C,0,0.05769804120063782
ID_63BB79AF88,0,0.5618836879730225
ID_63BE27345C,0,0.014609076082706451
ID_63CE451EF9,0,0.06102859973907471
ID_63D03F4892,1,0.5720999240875244
ID_63D16A9968,1,0.6188153028488159
ID_63D3BC5071,0,0.03933093696832657
ID_63D61EDA98,0,0.4416048228740692
ID_63EDD87633,0,0.01907084509730339
ID_63F189B47B,1,0.5632303953170776
ID_63F2F0740C,0,0.04072042927145958
ID_63F9B11919,0,0.017134428024291992
ID_640D7CB9C4,1,0.13790148496627808
ID_6411D242F3,0,0.025136444717645645
ID_641FA097FA,0,0.1178201287984848
ID_6426170731,0,0.009388107806444168
ID_64275A676B,1,0.3600459694862366
ID_64316EC9C5,1,0.7806522846221924
ID_644039B9E2,0,0.09790690243244171
ID_6441C1820F,1,0.22793079912662506
ID_645BECF8A8,0,0.005986206233501434
ID_64757702A0,0,0.13873273134231567
ID_647E7605A4,1,0.08726537227630615
ID_64817724DC,0,0.08314557373523712
ID_649B20A4A2,1,0.3594614863395691
ID_64B406953A,0,0.04187709838151932
ID_64BB0C832B,0,0.0018773027695715427
ID_64BE45FCB4,0,0.029084477573633194
ID_64C4B43672,0,0.016323458403348923
ID_64C8A3C624,0,0.15786698460578918
ID_64D8088386,1,0.360807865858078
ID_64DD09C584,0,0.1672457754611969
ID_64E1B8B132,0,0.012014800682663918
ID_64ECD91E1E,0,0.024474328383803368
ID_64F554A8B9,0,0.015162516385316849
ID_64F8E7D668,0,0.24924591183662415
ID_64FD1C5D47,0,0.08343972265720367
ID_6518DDFA2E,0,0.04023393988609314
ID_651AAAEF3E,0,0.019354581832885742
ID_651C6DCCA2,1,0.44949764013290405
ID_652A611E24,0,0.14115796983242035
ID_6538BBB904,0,0.10135895758867264
ID_653B03C501,0,0.5231684446334839
ID_653F994F9F,0,0.03735905513167381
ID_654431B22A,1,0.3563757836818695
ID_6545D1390A,0,0.01629088632762432
ID_6546B0052C,0,0.12097294628620148
ID_655E9A069D,0,0.14839696884155273
ID_6562C1283A,0,0.08926013857126236
ID_65774D97C4,0,0.24319122731685638
ID_657E2D264B,0,0.04993964731693268
ID_658BA3EDB2,0,0.03784232959151268
ID_658C981677,1,0.259991854429245
ID_65924D6015,1,0.7398217916488647
ID_65979B8156,0,0.005376847460865974
ID_659AE53E4A,0,0.04963986948132515
ID_65AFD34E38,1,0.4880797564983368
ID_65C0D42E35,0,0.027633393183350563
ID_65C4C50E9A,0,0.025050105527043343
ID_65C7F6AC4F,1,0.20580275356769562
ID_65C80D2135,0,0.024337340146303177
ID_65CE2AC7C9,0,0.024815168231725693
ID_65D7436E8F,0,0.007130147889256477
ID_65DB526384,1,0.8147081136703491
ID_65DC69C8E0,0,0.05098676681518555
ID_65E1C9216B,0,0.043351415544748306
ID_65F1433CD8,0,0.2562142610549927
ID_65F144EC1C,0,0.03716883435845375
ID_65F67DD4B9,0,0.022591955959796906
ID_65F8DA179C,0,0.004775044973939657
ID_660155D8A8,0,0.011676067486405373
ID_66106859B0,0,0.0313008651137352
ID_66207A3BD7,0,0.010757184587419033
ID_662A577F0B,0,0.00706288730725646
ID_662FCADB34,0,0.05843493714928627
ID_6633964A0D,0,0.025357885286211967
ID_663F250D3A,1,0.8067015409469604
ID_6643997D6E,0,0.004181995987892151
ID_664678B348,0,0.019470158964395523
ID_6647682997,0,0.02637861855328083
ID_66494B882D,0,0.29404217004776
ID_664CF25B0F,0,0.1213245540857315
ID_6656F5E6EE,0,0.08486825972795486
ID_6666DF804C,0,0.022275615483522415
ID_666988EE1B,0,0.02834458276629448
ID_666F70C261,0,0.017543643712997437
ID_6671868E3C,0,0.0570136196911335
ID_66765EE073,0,0.04230836406350136
ID_66834642CA,0,0.01669798418879509
ID_668772EDEF,1,0.6767390370368958
ID_6688DD4E86,0,0.00959116779267788
ID_668BA0E010,1,0.24142126739025116
ID_668C8B7C07,0,0.19110004603862762
ID_66923B5B42,0,0.1953238546848297
ID_6698A294CA,0,0.014284670352935791
ID_669BF6A14D,0,0.0068685561418533325
ID_66ADE6271E,0,0.1991737186908722
ID_66AF1B850E,0,0.07479982823133469
ID_66B22BDC19,0,0.04000091552734375
ID_66BCAC62C5,0,0.02605324424803257
ID_66C8746BA2,1,0.7671434879302979
ID_66D1E5A7D4,0,0.08800134062767029
ID_66D29B2F4E,0,0.1133563220500946
ID_66DAA8DEEB,0,0.010259604081511497
ID_66DE879121,0,0.05297152325510979
ID_66E5D89FC8,0,0.09337173402309418
ID_66EB6E44DB,1,0.47008296847343445
ID_66EB755D18,0,0.08408915996551514
ID_66F12EAF4A,1,0.49391674995422363
ID_66F4B08544,0,0.044783927500247955
ID_66FBD4EE65,0,0.025628339499235153
ID_66FD1C0D66,1,0.030961021780967712
ID_670246D1DC,1,0.644392192363739
ID_67051A9265,0,0.16999441385269165
ID_6711819DAC,0,0.3388693630695343
ID_672910D417,0,0.005744722206145525
ID_672E52B9F9,0,0.0606006495654583
ID_6741595D10,1,0.3325905203819275
ID_67435075D2,0,0.04410189762711525
ID_6744F870BB,0,0.007577496115118265
ID_67460877C0,0,0.09260116517543793
ID_674A8A0309,0,0.02070271596312523
ID_6762C24020,0,0.037673622369766235
ID_677291954F,0,0.04602921009063721
ID_67A6C4F059,0,0.10792151093482971
ID_67AD88ECC0,1,0.591753363609314
ID_67B2B5C48A,0,0.026942500844597816
ID_67B37276E9,0,0.20876237750053406
ID_67BCD2964F,0,0.14559006690979004
ID_67BDF9BFA5,0,0.05782521516084671
ID_67CD3DF76F,1,0.5719761848449707
ID_67D8DFFB0D,1,0.2141750156879425
ID_680070F844,0,0.04852021485567093
ID_68037B26AE,1,0.6528091430664062
ID_68052018DC,1,0.13984562456607819
ID_6809D64486,0,0.5586769580841064
ID_680E424AE8,0,0.31508326530456543
ID_68130FB620,0,0.035176727920770645
ID_6823617782,0,0.2671841084957123
ID_6844F1910F,0,0.33176693320274353
ID_68478F955E,0,0.2848265767097473
ID_6847D738C0,0,0.08005431294441223
ID_684B540792,0,0.07084260880947113
ID_6855422F6C,0,0.07812614738941193
ID_6857560C4F,0,0.16750574111938477
ID_6858FDE206,0,0.004182249307632446
ID_685CEE7095,0,0.027666335925459862
ID_68676C9714,0,0.5367759466171265
ID_686BC3A2F9,0,0.06096404418349266
ID_68738BF717,0,0.39025774598121643
ID_6878009C2B,0,0.03138541430234909
ID_687CB52B8D,0,0.0631999522447586
ID_688E87AC9A,0,0.021808620542287827
ID_689AAA1FE4,0,0.02612299658358097
ID_68A2F381D9,0,0.007578757591545582
ID_68A485388E,0,0.02725948393344879
ID_68A54B0835,0,0.017779521644115448
ID_68A68979FF,0,0.025572093203663826
ID_68AB49BAF8,0,0.03997471556067467
ID_68B091343A,0,0.017361002042889595
ID_68C78BB3F4,0,0.009664881974458694
ID_68CC524805,0,0.001944105257280171
ID_68CF698D8F,0,0.04354706034064293
ID_68DFCC30B5,0,0.051542967557907104
ID_68E1525393,0,0.23841795325279236
ID_68F4311EBB,0,0.2968154549598694
ID_68F4788985,0,0.003107670694589615
ID_6902AC598D,0,0.011455677449703217
ID_6904B5D501,0,0.001521572470664978
ID_690628E142,0,0.0056053102016448975
ID_69197E2468,0,0.10241883248090744
ID_69209C3F1C,0,0.031227611005306244
ID_69379D999C,1,0.8552714586257935
ID_693B58081D,0,0.04018308222293854
ID_69479FA9BF,0,0.005087087396532297
ID_694E0494C6,0,0.028357235714793205
ID_695214DDC4,0,0.1960568130016327
ID_6952F7C8A7,0,0.41271623969078064
ID_6959E9DAF5,1,0.745506763458252
ID_695EDE42EF,0,0.3074929118156433
ID_696317D4FC,0,0.025296006351709366
ID_696525B407,0,0.012157045304775238
ID_696A69158B,1,0.38462063670158386
ID_696AE23B88,0,0.012236854992806911
ID_696BE36A78,0,0.2832469046115875
ID_6971DE0D36,0,0.24327179789543152
ID_6973F865DA,0,0.004930634051561356
ID_6974F041B7,0,0.005520540755242109
ID_698061B4E9,1,0.4726874530315399
ID_698EA04335,0,0.013873804360628128
ID_699D5395B6,0,0.10126720368862152
ID_699D85EE02,0,0.016572676599025726
ID_699F661E49,0,0.25127488374710083
ID_69A2387815,0,0.009307170286774635
ID_69B49CFE9F,0,0.049821946769952774
ID_69BA3F691D,1,0.15313544869422913
ID_69BEC24350,0,0.04424835368990898
ID_69C612424B,0,0.03109561651945114
ID_69CBF55C7F,0,0.05748818814754486
ID_69DF1CD7B1,0,0.045702189207077026
ID_69E1D7984B,0,0.013233148492872715
ID_69E3640DED,1,0.2885596752166748
ID_69F2BFE924,0,0.36887654662132263
ID_69FA2A3FDA,0,0.005300935823470354
ID_6A083B23A0,0,0.01612255722284317
ID_6A13724DC5,0,0.1584148108959198
ID_6A18687E6D,0,0.08149956166744232
ID_6A1B5A8C50,0,0.02980339154601097
ID_6A2C5E7982,0,0.01719573326408863
ID_6A3473F92A,0,0.00856455136090517
ID_6A3A38C606,0,0.021052412688732147
ID_6A3F0A2EDA,1,0.4892226457595825
ID_6A4C9E4357,0,0.07084798812866211
ID_6A4CBF4B20,0,0.0672215074300766
ID_6A577A3A5C,0,0.028255891054868698
ID_6A6224DD84,0,0.011280883103609085
ID_6A7286340E,0,0.025363747030496597
ID_6A72C90CD6,0,0.03177975118160248
ID_6A811BFBDF,1,0.37738165259361267
ID_6A81610E94,0,0.34922221302986145
ID_6A881A330A,1,0.015054948627948761
ID_6AAFC7DA63,0,0.10164521634578705
ID_6AAFF0A9A5,0,0.06511756777763367
ID_6ABDE5A650,0,0.019125886261463165
ID_6AC4D3B9EA,0,0.33482420444488525
ID_6ACCD8066F,1,0.21601739525794983
ID_6AD4FAE3FE,0,0.08483567088842392
ID_6ADDC6D0D9,0,0.17861101031303406
ID_6AE2D304FD,0,0.21352677047252655
ID_6AE93BC5E6,0,0.14053890109062195
ID_6AEA0B8613,0,0.0013449025573208928
ID_6AF0FD60D1,0,0.7037362456321716
ID_6AF865A347,0,0.01781410723924637
ID_6AF935EF33,0,0.22488881647586823
ID_6AFC272655,0,0.09750227630138397
ID_6AFF27EF7C,0,0.14027395844459534
ID_6B07923745,0,0.3235584497451782
ID_6B114CEF41,0,0.22826217114925385
ID_6B20ACF95B,0,0.03329112008213997
ID_6B279EFB52,0,0.22115442156791687
ID_6B38D78505,0,0.03526275232434273
ID_6B3C2CF70E,0,0.019027799367904663
ID_6B3F26FE50,0,0.138705313205719
ID_6B41D42514,0,0.08599868416786194
ID_6B45834D57,0,0.5791998505592346
ID_6B47D458E6,0,0.002907861489802599
ID_6B4D293FDB,0,0.004770389758050442
ID_6B5020B25E,0,0.26099154353141785
ID_6B523A3816,0,0.05552075058221817
ID_6B59F2FE3A,0,0.07150936126708984
ID_6B71CAE25B,0,0.010412761010229588
ID_6B80D611FD,0,0.07118096947669983
ID_6B85F3E11A,1,0.10269296169281006
ID_6B8807E82D,0,0.053737614303827286
ID_6B8F9AD6E9,1,0.14914089441299438
ID_6B90421316,0,0.17769171297550201
ID_6B94CD342E,0,0.012154250405728817
ID_6B95293D6F,0,0.06253678351640701
ID_6B9836615A,0,0.037075623869895935
ID_6B9863D466,0,0.04920266941189766
ID_6B98B05DC4,0,0.00243200222030282
ID_6B9A9959D7,0,0.04847478121519089
ID_6B9E0F9F3A,0,0.003565512364730239
ID_6BA3E652FB,0,0.060753583908081055
ID_6BA77409EC,0,0.1903328001499176
ID_6BAFFE0BB2,0,0.011952979490160942
ID_6BB5B45207,0,0.04937329515814781
ID_6BB63C9BF4,0,0.029935181140899658
ID_6BBC1DA3B9,0,0.014814058318734169
ID_6BBDC00E48,1,0.16159048676490784
ID_6BD4174B68,0,0.017631789669394493
ID_6BE2339A24,0,0.025464482605457306
ID_6BE4067467,1,0.049087636172771454
ID_6BE910B7C3,0,0.054058972746133804
ID_6C06316ABB,0,0.11620722711086273
ID_6C08827B3A,0,0.03137523680925369
ID_6C1898ED5F,0,0.019237102940678596
ID_6C26B35C73,0,0.0268515907227993
ID_6C28E7CF36,0,0.4497631788253784
ID_6C29486D74,0,0.017129141837358475
ID_6C31480C70,0,0.28070273995399475
ID_6C4741D061,0,0.17391760647296906
ID_6C586F92B1,0,0.044485658407211304
ID_6C5DB602EE,0,0.02767280861735344
ID_6C5F3F67F2,0,0.3244611322879791
ID_6C621AB5BF,0,0.06316591799259186
ID_6C7C23E647,0,0.057148903608322144
ID_6C7DC8F555,0,0.00973080936819315
ID_6C7FD68D54,1,0.4303830862045288
ID_6C811D221F,0,0.055163852870464325
ID_6C81F151AC,1,0.11440906673669815
ID_6C84139532,0,0.3298746347427368
ID_6C8D162353,0,0.019509438425302505
ID_6C90B94CC3,0,0.003343191696330905
ID_6C9288E32A,0,0.3940669298171997
ID_6C9480EF0A,1,0.5625123381614685
ID_6C9B44B025,0,0.13671860098838806
ID_6C9F01521D,0,0.27252906560897827
ID_6CA07997EC,0,0.04210866987705231
ID_6CB114CB01,0,0.012637509033083916
ID_6CB439C13A,1,0.06740589439868927
ID_6CB5FC5EE3,0,0.004666308872401714
ID_6CC266065A,0,0.003425789764150977
ID_6CC4893C01,0,0.04371766746044159
ID_6CCF2DD477,0,0.16486161947250366
ID_6CE8E7F92B,0,0.3184836208820343
ID_6CEAE2235D,0,0.03702615201473236
ID_6CF801EC13,0,0.0915171205997467
ID_6CFAED7B3E,0,0.026791103184223175
ID_6CFD065662,0,0.04563654214143753
ID_6CFEA4BA59,0,0.003744322108104825
ID_6D0719B4C5,1,0.16580137610435486
ID_6D1A39CAB1,0,0.11288131028413773
ID_6D215FADCC,0,0.0034511040430516005
ID_6D24C57128,0,0.10489364713430405
ID_6D2F915633,0,0.45801684260368347
ID_6D4E03E0B8,0,0.04548230394721031
ID_6D51185B7E,1,0.1277330219745636
ID_6D51B08096,1,0.556774914264679
ID_6D5B6AE38C,1,0.739399254322052
ID_6D5FDF4B69,0,0.10875021666288376
ID_6D67CA3F7C,0,0.2183755785226822
ID_6D7449B4CA,0,0.27213189005851746
ID_6D77CCD837,0,0.2202923744916916
ID_6D7C96DD37,1,0.7640092372894287
ID_6D935CA1D1,0,0.010804161429405212
ID_6D94F4A1B9,0,0.03635220602154732
ID_6DA20AC484,0,0.061890941113233566
ID_6DA9BD9B3B,0,0.025676662102341652
ID_6DB22AE90A,1,0.6466092467308044
ID_6DB8BE2D19,0,0.1264137476682663
ID_6DBB7677FE,0,0.41303181648254395
ID_6DC4459AC5,0,0.02797812968492508
ID_6DDBB29E32,0,0.01173444278538227
ID_6DDBF57D7C,0,0.12975314259529114
ID_6DDF9E02C6,1,0.35298535227775574
ID_6DEB11DF78,0,0.15218326449394226
ID_6DF426CB2F,0,0.03144161403179169
ID_6DF83E27FC,1,0.15296384692192078
ID_6DFEC38CD3,0,0.03515701740980148
ID_6E0010F0B4,1,0.471346378326416
ID_6E0140E97A,0,0.032941970974206924
ID_6E063FF687,0,0.14280618727207184
ID_6E10017FEE,0,0.01781005598604679
ID_6E1456653F,1,0.4791259765625
ID_6E1E4C0378,0,0.3335176706314087
ID_6E1E9646A8,0,0.2924823462963104
ID_6E2412D402,0,0.007667833007872105
ID_6E27AD2B37,1,0.49399712681770325
ID_6E3322FAA4,0,0.34648093581199646
ID_6E3717B508,1,0.9721847176551819
ID_6E37EF956E,0,0.025969095528125763
ID_6E57A7B67C,0,0.02579844929277897
ID_6E5854FB78,0,0.08703714609146118
ID_6E5A4D5746,0,0.0017011357704177499
ID_6E60A6D674,0,0.2852834463119507
ID_6E71B66014,0,0.03969741612672806
ID_6E73E7BBB5,0,0.21426132321357727
ID_6E78536CDC,1,0.617828369140625
ID_6E79B60CD7,0,0.0666714757680893
ID_6E7D9136AF,0,0.23563674092292786
ID_6E8AC2BC69,0,0.006449761334806681
ID_6E8D358EE2,0,0.027640916407108307
ID_6E90781600,0,0.008248403668403625
ID_6E942B97E9,1,0.42797768115997314
ID_6E9DB2289B,0,0.01092055905610323
ID_6EA74E3EBD,0,0.06378505378961563
ID_6EAD860C61,1,0.8110978007316589
ID_6EAE301022,1,0.6593607664108276
ID_6ECBBDD9BF,0,0.06621573120355606
ID_6ED9256C6D,0,0.20301960408687592
ID_6EDA6751C8,0,0.002299440326169133
ID_6EDEA8D76B,0,0.24288207292556763
ID_6EE37974A0,0,0.05152721330523491
ID_6EE7E56E0C,0,0.13912469148635864
ID_6EE92B5644,0,0.2766324281692505
ID_6EED65D609,1,0.22919189929962158
ID_6EF401616E,0,0.005435962229967117
ID_6EF65E4831,0,0.049566689878702164
ID_6F02C3BC5A,1,0.4077952206134796
ID_6F1462AF1F,0,0.009134139865636826
ID_6F2392A9DC,0,0.14459757506847382
ID_6F274BB03D,0,0.20202401280403137
ID_6F27AF5F65,1,0.27611613273620605
ID_6F2C303980,0,0.06900244206190109
ID_6F2D13B19D,0,0.030415335670113564
ID_6F2F6E4A94,0,0.3786250352859497
ID_6F35A760FF,1,0.37826573848724365
ID_6F4476A77E,0,0.047530390322208405
ID_6F4748EEA4,0,0.017665185034275055
ID_6F5A8C6C27,0,0.00944357831031084
ID_6F61772098,0,0.014629155397415161
ID_6F6286CF83,0,0.00121024448890239
ID_6F637ED337,0,0.01232822798192501
ID_6F67239F88,0,0.4009445309638977
ID_6F6787CC80,0,0.12564760446548462
ID_6F6DC8679C,0,0.08456617593765259
ID_6F9AA9B5FB,0,0.2611732482910156
ID_6FA095CAEA,1,0.2731722593307495
ID_6FA1BD0CB5,0,0.1364820897579193
ID_6FB109A3DC,0,0.03159940987825394
ID_6FBD1F8F57,0,0.0019179289229214191
ID_6FCEBEFA56,0,0.007574166636914015
ID_6FD454B69B,0,0.14840544760227203
ID_6FE2154622,0,0.06123741343617439
ID_6FEEBC2D67,0,0.04858359321951866
ID_6FF146F4DC,0,0.44013991951942444
ID_6FFB37EF43,0,0.17598119378089905
ID_70118C6484,0,0.006192899774760008
ID_7012D98778,0,0.006616715341806412
ID_70137066C4,0,0.035090863704681396
ID_70189B8F41,0,0.1423846185207367
ID_7019521482,0,0.033295996487140656
ID_701C01E9F2,0,0.047377340495586395
ID_701E184FA9,0,0.01664067432284355
ID_7025B0659C,0,0.09555289149284363
ID_702D31CE1E,0,0.007825961336493492
ID_7036E878B4,0,0.11606006324291229
ID_704402AF0C,0,0.007891942746937275
ID_70475EA1C4,0,0.030778568238019943
ID_704A9272A9,0,0.15412035584449768
ID_704AE32257,0,0.2103412002325058
ID_704C028732,0,0.11011562496423721
ID_70548C97E4,0,0.10874558240175247
ID_70665E3262,0,0.010316302068531513
ID_7066A61296,0,0.01462665293365717
ID_7067CC98E0,1,0.34514838457107544
ID_7068CBE8C6,0,0.04991967976093292
ID_707DF3723B,0,0.0219353549182415
ID_7086067660,0,0.2974961996078491
ID_708F0427B5,0,0.03403526172041893
ID_709C9A154D,0,0.03153228014707565
ID_70A0227EB4,0,0.06454136222600937
ID_70A37BDA3A,1,0.7641687393188477
ID_70AAFD3763,0,0.10256221145391464
ID_70AFB9B66C,0,0.004169168882071972
ID_70B6DFE6C8,0,0.06523994356393814
ID_70C8F2A41D,0,0.026789790019392967
ID_70C94E069E,0,0.004379973281174898
ID_70C98F8C70,0,0.3773643374443054
ID_70D12FE0FF,0,0.07281381636857986
ID_70E17EA345,0,0.4025881886482239
ID_70EB34EB39,1,0.6842424869537354
ID_70F61AE2D7,0,0.0993242859840393
ID_70F6DF4E91,0,0.046510178595781326
ID_70FF784A12,0,0.03655104339122772
ID_71123587B5,0,0.010145805776119232
ID_71193CF0A3,0,0.004432028159499168
ID_711947EA8F,0,0.016783658415079117
ID_7123EDBE19,0,0.04074416682124138
ID_7129F690B0,0,0.053982775658369064
ID_71302E8C7A,0,0.0713057816028595
ID_713393A0EA,0,0.041279152035713196
ID_7137308ABF,1,0.11751285940408707
ID_713BBCEF69,0,0.009111358784139156
ID_7149A4572E,0,0.19983869791030884
ID_714B3C972D,0,0.2106771171092987
ID_714B505352,0,0.010364933870732784
ID_7154325A49,0,0.057160522788763046
ID_7154358968,0,0.01764705404639244
ID_7156208700,0,0.008380452170968056
ID_715DE25CE2,0,0.012190443463623524
ID_715DE66DA4,0,0.07403287291526794
ID_71650CB86B,0,0.08089615404605865
ID_71709F5813,0,0.023797791451215744
ID_717266FF56,0,0.11666038632392883
ID_717BA6775B,0,0.26837408542633057
ID_7187A9C820,1,0.6269490718841553
ID_719EC082AA,0,0.015502065420150757
ID_719F7011F2,0,0.020607169717550278
ID_71A3A9BA57,0,0.108803391456604
ID_71B5B8FA01,0,0.06961894035339355
ID_71C170D4FA,0,0.003713261568918824
ID_71CEA9FCCC,0,0.09646674990653992
ID_71EA7A7CEB,0,0.005129003897309303
ID_721049C44F,0,0.0045273941941559315
ID_722044E2FB,0,0.066212959587574
ID_722EC10078,0,0.11565402150154114
ID_72351208EE,0,0.022700056433677673
ID_7235AD08EB,0,0.09171612560749054
ID_7236AC3FA6,0,0.030060026794672012
ID_723985E4E2,0,0.007766375318169594
ID_723A7ECA81,0,0.025441419333219528
ID_723FC788D5,0,0.005638883449137211
ID_7261E024DF,0,0.01351106632500887
ID_726C04DAA9,0,0.14850199222564697
ID_7275F6EEF7,1,0.8733463287353516
ID_727F5C7214,1,0.8964496850967407
ID_727F9FE469,0,0.10653466731309891
ID_72999F1E8E,0,0.04035591706633568
ID_7299EBE57F,0,0.32467880845069885
ID_729B131635,0,0.005383535288274288
ID_729B814167,0,0.01579059287905693
ID_72A33DA8ED,0,0.02494172379374504
ID_72B2B9935C,1,0.10957863926887512
ID_72B97A8E0E,0,0.044556841254234314
ID_72BD0C5B41,0,0.0031064683571457863
ID_72BDBBF8A5,0,0.01187404990196228
ID_72C5325466,1,0.5302822589874268
ID_72CEECE289,0,0.07427971810102463
ID_72D887B446,0,0.1738770604133606
ID_72E5F03B97,0,0.009693687781691551
ID_72E6537D14,0,0.028174519538879395
ID_72EE530EFE,0,0.06780081242322922
ID_72EFDCFBA9,0,0.11487787216901779
ID_73016E791D,0,0.009548482485115528
ID_730191451F,0,0.0030830944888293743
ID_730E829F3E,0,0.6418169140815735
ID_7318C716B8,0,0.1948646903038025
ID_731F6F78A7,0,0.020063919946551323
ID_7324A68198,0,0.0482604093849659
ID_732A0F3FE4,0,0.014313839375972748
ID_732ADA6043,0,0.17462140321731567
ID_732BEEE3D4,0,0.09245087206363678
ID_733F2D7002,1,0.14233455061912537
ID_7346C23F75,0,0.06505177170038223
ID_7347058294,0,0.030983267351984978
ID_73512E53C1,0,0.04499785974621773
ID_7351DA62B3,0,0.09612012654542923
ID_735CBDBDED,0,0.012266874313354492
ID_735F62AA44,0,0.002267636591568589
ID_73753E94C7,0,0.03377287834882736
ID_738032854B,0,0.56561279296875
ID_738B1A0460,0,0.051649294793605804
ID_738BB8A8BB,0,0.02489819936454296
ID_7397ED4C0A,0,0.018427802249789238
ID_739943D92B,0,0.08593644946813583
ID_73A6E9B8CD,0,0.05692806839942932
ID_73AED6A1F4,1,0.1314118206501007
ID_73CACA86DD,0,0.08803822100162506
ID_73CC6F6600,0,0.008180075325071812
ID_73DAABA9EF,0,0.20878462493419647
ID_73DB1F58B3,0,0.027560800313949585
ID_73DF93E084,0,0.2553388178348541
ID_73E0605F55,0,0.12187958508729935
ID_73EDD27FD2,0,0.10978066921234131
ID_73F6EB4380,0,0.011649872176349163
ID_73FB25196A,0,0.011239402927458286
ID_73FD512F5B,0,0.03379567712545395
ID_7404E4F033,0,0.004458494950085878
ID_740841CF74,0,0.08608996868133545
ID_740963795E,0,0.02516656368970871
ID_742374AEAD,0,0.036699604243040085
ID_7426ED1AEF,1,0.2336638867855072
ID_743208EECA,0,0.41166841983795166
ID_743250A664,1,0.713102400302887
ID_744AA45433,0,0.051339518278837204
ID_7456C1F1FA,0,0.2778480052947998
ID_746EF96A4C,0,0.040758341550827026
ID_747473B268,0,0.0049400655552744865
ID_74793B53D9,0,0.019721142947673798
ID_747AF9D73C,0,0.30239060521125793
ID_747BC96242,0,0.04382183775305748
ID_748072F37F,0,0.03381526470184326
ID_7490D6B127,1,0.2393808364868164
ID_7493D9BAEB,0,0.08227445930242538
ID_7496257994,0,0.3581344187259674
ID_7498D7C946,0,0.04233396053314209
ID_749E5C3F50,1,0.09500347077846527
ID_749FA61EFF,0,0.003872479312121868
ID_74A3BDB22E,0,0.01175547856837511
ID_74AAD24B65,1,0.16596980392932892
ID_74AD695964,0,0.055617667734622955
ID_74B87FF4ED,0,0.10420742630958557
ID_74C948C0F6,0,0.19030965864658356
ID_74CA29831D,0,0.10873755812644958
ID_74CB749CC0,0,0.10760652273893356
ID_74E1DF9699,0,0.0027911292854696512
ID_74EE893DF5,0,0.015888316556811333
ID_7504D1460E,0,0.6733534932136536
ID_750F219A80,0,0.024794887751340866
ID_7517FC5CBB,0,0.0015245998511090875
ID_7520E9C03C,0,0.015084201470017433
ID_752B7378B6,0,0.027458995580673218
ID_75302B2B82,0,0.08687575161457062
ID_7546DED653,0,0.0011090751504525542
ID_7548129B2F,0,0.014521620236337185
ID_754C7E703B,0,0.16251860558986664
ID_755025B6FC,0,0.09019181877374649
ID_75575AE340,0,0.06547670066356659
ID_755E209F7D,0,0.03174574300646782
ID_75785AC97E,0,0.03256038576364517
ID_7579289458,0,0.28446322679519653
ID_757F45FB3E,0,0.19405147433280945
ID_75906AF493,0,0.012203894555568695
ID_759249FA9E,0,0.005123695358633995
ID_7599ACFFAE,0,0.011514191515743732
ID_7599DAF7ED,0,0.08638259023427963
ID_759BD7386E,0,0.05099734291434288
ID_759C8D0331,0,0.5223813652992249
ID_75A60F8CD8,1,0.1249469444155693
ID_75AC6CA8F3,0,0.23329347372055054
ID_75C097277B,0,0.002747604623436928
ID_75C6BF978B,0,0.034361131489276886
ID_75C726D505,0,0.14056368172168732
ID_75CA51C112,0,0.04409542679786682
ID_75D8EE6088,0,0.006336035206913948
ID_75E075F073,0,0.40797725319862366
ID_75ED247245,0,0.027116239070892334
ID_75EDA66599,0,0.10842376947402954
ID_75F48565F6,0,0.016812726855278015
ID_75FE4E7AA5,1,0.662075400352478
ID_760284074B,1,0.9524513483047485
ID_7605469432,0,0.023705095052719116
ID_760902D6F2,0,0.04057137295603752
ID_7609CEAA90,0,0.040223270654678345
ID_7615045AA1,0,0.0020458230283111334
ID_761A9532EE,0,0.37724044919013977
ID_76336BED8D,0,0.21112096309661865
ID_76393EE80D,0,0.02443227916955948
ID_763AF61D1F,0,0.3609427809715271
ID_763F540491,1,0.5177258253097534
ID_764717892B,0,0.03238233923912048
ID_7659066E8D,0,0.3201562166213989
ID_7667C427BB,0,0.05993219092488289
ID_766A78F531,0,0.10651052743196487
ID_766E61C199,0,0.1439904123544693
ID_7672763AD1,0,0.06298080831766129
ID_7678209A60,0,0.035089075565338135
ID_767B4166D9,1,0.10660810023546219
ID_769305AD46,0,0.008454747498035431
ID_76A282FD7D,1,0.4990839660167694
ID_76A35F196C,0,0.10671645402908325
ID_76A8E72BC5,0,0.31040138006210327
ID_76B604259D,0,0.41221556067466736
ID_76BC3F7F95,0,0.020319053903222084
ID_76C388CFC5,0,0.013569725677371025
ID_76DEE65A65,1,0.3061872124671936
ID_76E62CC823,0,0.0017347420798614621
ID_76E7A448C8,0,0.19130544364452362
ID_76EA400852,0,0.009791204705834389
ID_76EE6118EA,0,0.0399036705493927
ID_76F1DA492E,0,0.04697045311331749
ID_7705F16C8C,0,0.006142972968518734
ID_770A34FE5F,0,0.00326240761205554
ID_771EFD6F65,0,0.12708212435245514
ID_7721235AD6,0,0.022724078968167305
ID_772659949D,1,0.2545231580734253
ID_7728CCC6A9,0,0.13407805562019348
ID_772D2EADEE,1,0.4408072829246521
ID_77426A25A1,0,0.0026285757776349783
ID_7761E86F00,0,0.023332707583904266
ID_776469569F,0,0.053851764649152756
ID_77711C4580,0,0.14169076085090637
ID_777B5CAA3B,1,0.2382708191871643
ID_777ECFFC14,0,0.06616879999637604
ID_7789E7AE77,0,0.05619751662015915
ID_778FCA2246,0,0.012488438747823238
ID_7793289D4B,0,0.019178180024027824
ID_779F31EEEC,0,0.10894747823476791
ID_77A0B43F14,0,0.044973623007535934
ID_77B10D7F46,0,0.1302129328250885
ID_77BCC773A3,0,0.26465320587158203
ID_77C3B3DDB2,1,0.4460563361644745
ID_77C46FDCA9,1,0.33213940262794495
ID_77C5141F8D,0,0.059197068214416504
ID_77C520C06D,1,0.31322452425956726
ID_77C574022D,0,0.04785388708114624
ID_77DAF5EA7A,0,0.0018034661188721657
ID_77E0364A61,0,0.06030282750725746
ID_77E465B50F,0,0.05989770591259003
ID_77EE473C0A,0,0.23142927885055542
ID_77F9052CC0,0,0.18332085013389587
ID_78043F8383,0,0.012099151499569416
ID_7805E56225,0,0.019121244549751282
ID_7812DA3411,0,0.08184392750263214
ID_781554BCC7,0,0.029554283246397972
ID_781A87B122,0,0.015256593003869057
ID_781F937A55,0,0.030704617500305176
ID_782A403863,0,0.6018102765083313
ID_783754AF54,0,0.021422212943434715
ID_783BA83F38,0,0.024065589532256126
ID_78453EADE5,0,0.001504204818047583
ID_784778285F,0,0.03173675388097763
ID_7847B5145C,0,0.009967250749468803
ID_784A303AE4,0,0.009616355411708355
ID_784A395893,0,0.05096609145402908
ID_786427F2F4,0,0.018010413274168968
ID_7869BCFD17,0,0.005736093968153
ID_7869CA01C8,0,0.021711308509111404
ID_7875C31E51,1,0.05399975925683975
ID_787EB1EE5B,0,0.11924946308135986
ID_787EC2C6C4,0,0.002908770926296711
ID_7880BFEDFA,1,0.5115692019462585
ID_78822ADC31,0,0.014155620709061623
ID_7886019CCC,0,0.009722189046442509
ID_78A29C570B,0,0.10923223942518234
ID_78A4952663,0,0.010128965601325035
ID_78A5A7E27C,0,0.1561303287744522
ID_78C5AD75C1,0,0.5736791491508484
ID_78C83AD1C2,0,0.016307523474097252
ID_78D6E09FCE,1,0.5890887975692749
ID_78DC6796B0,0,0.04348047450184822
ID_78DDEB0DB0,0,0.039265431463718414
ID_78E05E9EB5,0,0.23376508057117462
ID_78E0648BA5,0,0.004663052968680859
ID_78E9063F44,1,0.3889879584312439
ID_78EBF61BCF,0,0.024891650304198265
ID_7908205C61,1,0.32192865014076233
ID_790B665615,0,0.04441922903060913
ID_79303DF836,0,0.03409724310040474
ID_79372D54E4,0,0.011546327732503414
ID_79394EAF75,0,0.020749708637595177
ID_793BE463DC,0,0.13565723598003387
ID_793EF38463,0,0.0072232759557664394
ID_79411A70B9,1,0.4450836777687073
ID_794255F263,0,0.20736880600452423
ID_794623FB95,0,0.04284675791859627
ID_795440E06E,1,0.6989820599555969
ID_795BB516D1,0,0.043182119727134705
ID_795E2FAAF4,0,0.009797022677958012
ID_7968E7DC16,0,0.060894858092069626
ID_797AC9B691,1,0.30216312408447266
ID_797DF4592A,1,0.36040377616882324
ID_798F845B6B,0,0.12874466180801392
ID_799026924E,0,0.05805790424346924
ID_799957BBB0,0,0.33136051893234253
ID_799D6936CE,1,0.9171083569526672
ID_79A91F6E98,0,0.025232616811990738
ID_79AF77DB1C,0,0.2932184040546417
ID_79C0ED2924,0,0.10025357455015182
ID_79C7D9AA70,0,0.04725206270813942
ID_79ED7CBAE8,0,0.08931411802768707
ID_79F7AC63DC,1,0.1887328177690506
ID_7A0BE9AC76,0,0.006030184216797352
ID_7A216375D7,0,0.05481623485684395
ID_7A29C26182,0,0.0026112189516425133
ID_7A38D1864C,0,0.03539134934544563
ID_7A3F899400,0,0.3148391544818878
ID_7A453B2AF3,0,0.008464537560939789
ID_7A598F0E2C,1,0.24616819620132446
ID_7A59CC19E1,1,0.1796852946281433
ID_7A5F442358,0,0.06938738375902176
ID_7A643E47C5,0,0.19134631752967834
ID_7A6623AADD,0,0.15570780634880066
ID_7A66D24835,0,0.0076488046906888485
ID_7A69D6A226,0,0.009828179143369198
ID_7A6A49B137,0,0.00826297327876091
ID_7A6B1326B1,0,0.10727283358573914
ID_7A7954C44C,0,0.005818855483084917
ID_7A7AA46645,0,0.013512842357158661
ID_7A7C4BD5C0,0,0.016989896073937416
ID_7A7FF7CAF8,0,0.23898012936115265
ID_7A89908A9D,1,0.3308021128177643
ID_7A98CFE946,1,0.3227384090423584
ID_7AA1592843,0,0.05929826945066452
ID_7AA20A115A,0,0.11566638201475143
ID_7AA227DBBF,0,0.012601942755281925
ID_7AAFF388B4,1,0.8612381815910339
ID_7AB111111D,0,0.011434148997068405
ID_7AC327E93C,0,0.04429367557168007
ID_7AC5317470,0,0.08361798524856567
ID_7AD135427A,0,0.11854500323534012
ID_7AE5736D4A,0,0.018385840579867363
ID_7AED47EC07,0,0.036825161427259445
ID_7AFFCB3411,0,0.06544096022844315
ID_7B02F11056,0,0.024411339312791824
ID_7B147E3C08,0,0.006918322294950485
ID_7B1BE24253,0,0.11965975165367126
ID_7B20B16F8A,0,0.1471278965473175
ID_7B267F8CF5,0,0.06974881887435913
ID_7B268BF87A,1,0.21950474381446838
ID_7B310D4F4A,0,0.053297825157642365
ID_7B3A4D460D,1,0.6212607622146606
ID_7B4A71C975,0,0.016383832320570946
ID_7B6275F74C,1,0.34153151512145996
ID_7B62F99E7C,0,0.3028497099876404
ID_7B63E52C49,1,0.2391280084848404
ID_7B6F344F8C,0,0.0040029725059866905
ID_7B7198F923,0,0.09931150078773499
ID_7B757CC21A,0,0.015147007070481777
ID_7B7C89FA34,0,0.13682931661605835
ID_7B7D00214B,0,0.27010107040405273
ID_7B84C6444D,0,0.012419971637427807
ID_7B9C821272,0,0.04260827973484993
ID_7B9E886E34,0,0.16780605912208557
ID_7B9E8C7812,0,0.03349335491657257
ID_7BA888FDD3,1,0.5861823558807373
ID_7BB5D8EC2A,0,0.002118979813531041
ID_7BCCE7A192,0,0.009375241585075855
ID_7BD26A9FD2,0,0.019040603190660477
ID_7BD8601DD1,1,0.5009048581123352
ID_7BD8E3DB08,0,0.015470126643776894
ID_7BE705503E,0,0.018593281507492065
ID_7BECFB219B,1,0.44474470615386963
ID_7C00AD611E,0,0.14699526131153107
ID_7C0DF46062,0,0.018967118114233017
ID_7C1396589C,0,0.24826942384243011
ID_7C1434B882,0,0.15176156163215637
ID_7C1BC046B9,0,0.047627538442611694
ID_7C1C979DD0,0,0.009744109585881233
ID_7C29B6CCCB,0,0.0182656180113554
ID_7C4843C966,1,0.4224662184715271
ID_7C48735BC3,0,0.01027317438274622
ID_7C4899F6BC,1,0.3645991384983063
ID_7C4A5BD467,0,0.02373364381492138
ID_7C4B5EBD84,1,0.8110283017158508
ID_7C5147D22C,0,0.2835512161254883
ID_7C51DEACBC,0,0.05549999698996544
ID_7C5672635B,0,0.007385670207440853
ID_7C5D3C8294,0,0.006160436198115349
ID_7C62DA17C4,0,0.05069538950920105
ID_7C6E63BAA0,0,0.007666517049074173
ID_7C82D6B2F1,0,0.08459089696407318
ID_7C8F0598D7,0,0.10051890462636948
ID_7C96D3F14F,0,0.08213812857866287
ID_7C9A539F68,0,0.011797964572906494
ID_7CA601B08B,0,0.2296675145626068
ID_7CB0227944,0,0.04180613532662392
ID_7CB0AD9FC9,0,0.06738334149122238
ID_7CC0DDB0E2,0,0.02439779043197632
ID_7CCD5336B8,0,0.03666083514690399
ID_7CD935BBB2,0,0.05944006145000458
ID_7CDE931DDB,0,0.004173166584223509
ID_7CE64C0807,0,0.008476955816149712
ID_7CEA989876,0,0.02021961845457554
ID_7CED69E0C7,0,0.06018427759408951
ID_7CF9FB937B,0,0.521181583404541
ID_7D0524DF43,0,0.016907429322600365
ID_7D132FD35C,1,0.1150977835059166
ID_7D146639CA,0,0.09507220983505249
ID_7D184DE616,0,0.8806753158569336
ID_7D248F15E9,1,0.8072994947433472
ID_7D4343453A,0,0.004843907430768013
ID_7D53B9DCF2,0,0.020862475037574768
ID_7D5AAC7A4D,0,0.005035818088799715
ID_7D7BA0BA7E,0,0.002577930223196745
ID_7D82A37E6C,0,0.07350187748670578
ID_7D89821977,1,0.01525043323636055
ID_7D8CFDE59A,0,0.04372088238596916
ID_7D8FF0F305,0,0.03244875371456146
ID_7D955589DB,1,0.2449941486120224
ID_7D9743D4B0,0,0.02763235755264759
ID_7D99A07008,0,0.003634172258898616
ID_7D9BC57E03,0,0.1442992091178894
ID_7D9C961E5F,0,0.037063758820295334
ID_7DA8518173,0,0.13207551836967468
ID_7DAB120C3B,1,0.04816817492246628
ID_7DAC2A0F0A,0,0.02703467197716236
ID_7DBB50C435,1,0.2645098567008972
ID_7DBDC77F66,0,0.17508161067962646
ID_7DC017067C,0,0.05242837592959404
ID_7DC6B08E83,0,0.003226599656045437
ID_7DE52CF239,0,0.06641797721385956
ID_7DE67B5D2F,0,0.059275057166814804
ID_7DE712B94C,0,0.018268508836627007
ID_7DF4CE0771,0,0.6399105191230774
ID_7DF6FAD9ED,0,0.19765551388263702
ID_7DFFED1788,0,0.2132045328617096
ID_7E0419C4FF,1,0.7746134996414185
ID_7E05F7966B,0,0.4564759433269501
ID_7E124EE51F,1,0.049237027764320374
ID_7E1ABCD323,1,0.12532025575637817
ID_7E2135D23A,0,0.005811379291117191
ID_7E303BE8F7,0,0.033035099506378174
ID_7E35FC508B,0,0.07436845451593399
ID_7E3BBAD2DD,0,0.2804138660430908
ID_7E3CFC7C3B,0,0.021965792402625084
ID_7E493CCCCD,0,0.1853789985179901
ID_7E4A8DEB92,1,0.3121206760406494
ID_7E52C517E7,0,0.016485590487718582
ID_7E643AB306,0,0.0033119898289442062
ID_7E8698C28E,0,0.093986377120018
ID_7E8C3C7177,0,0.003456351812928915
ID_7E9D7B9C01,0,0.34844785928726196
ID_7EBE2A20B2,1,0.283644437789917
ID_7ECA6A53CF,0,0.0023020177613943815
ID_7ED196A823,0,0.004442837554961443
ID_7ED21C0300,0,0.03982728719711304
ID_7EEA4D98D7,0,0.005572602152824402
ID_7EEEF67874,0,0.012704385444521904
ID_7EF177EC68,0,0.18796055018901825
ID_7EF3283DCB,0,0.004660433158278465
ID_7F0BB3249A,0,0.04713275283575058
ID_7F15552CA9,0,0.37823155522346497
ID_7F16D8B7F0,0,0.025564130395650864
ID_7F1C56026C,0,0.07649225741624832
ID_7F1E48712D,0,0.01729871705174446
ID_7F260E9B78,0,0.025262899696826935
ID_7F287EE6D9,0,0.03630346059799194
ID_7F340FDCBE,0,0.02315419167280197
ID_7F3AAEE632,0,0.004238283261656761
ID_7F461D982C,0,0.07309500873088837
ID_7F4F534815,0,0.02727416902780533
ID_7F52A08F6F,1,0.49649345874786377
ID_7F6968F8B2,1,0.07840999960899353
ID_7F6C03031F,0,0.10100211203098297
ID_7F724B6C71,0,0.02851792611181736
ID_7F79147C96,0,0.14128810167312622
ID_7F8D0633D1,0,0.13525298237800598
ID_7F8DF42FD2,0,0.04148265719413757
ID_7F9BFBE6C5,0,0.1886480301618576
ID_7FA760E2AD,0,0.0032540608663111925
ID_7FA7ECB743,0,0.07670808583498001
ID_7FAC5C791B,0,0.024458231404423714
ID_7FBB198786,0,0.012497336603701115
ID_7FC429415C,0,0.0034437139984220266
ID_7FC638AF74,0,0.26098698377609253
ID_7FC88795AF,0,0.006388427224010229
ID_7FD053F6CC,1,0.23085272312164307
ID_7FD5448513,0,0.1444566547870636
ID_7FEA716732,0,0.05589138716459274
ID_7FF28792E6,0,0.027354341000318527
ID_80014B37A1,0,0.014515841379761696
ID_8001F8626D,0,0.050388116389513016
ID_800343EC4A,0,0.057543739676475525
ID_800EDEDF4E,0,0.013745099306106567
ID_801983787C,0,0.006884091999381781
ID_801ACC504C,1,0.33836138248443604
ID_801E803923,0,0.329527348279953
ID_802610C2C4,0,0.007220814470201731
ID_803C8EF631,0,0.03449929133057594
ID_803F25E075,0,0.0056893001310527325
ID_8040A2CFC2,0,0.06812317669391632
ID_80449B9F6F,0,0.04256443679332733
ID_8065AB2BA5,0,0.03591223061084747
ID_8065D06973,0,0.15160325169563293
ID_8071EEFCED,0,0.11161329597234726
ID_8077A84EB5,0,0.006337900646030903
ID_807CD8E485,0,0.026949258521199226
ID_80864A79A1,1,0.045880891382694244
ID_808902948F,0,0.0039299847558140755
ID_808D125054,0,0.01547988411039114
ID_809A18E916,1,0.019907139241695404
ID_809AF6F947,0,0.11928729712963104
ID_80B0BF6B95,1,0.4956866204738617
ID_80C232D8C6,0,0.19194065034389496
ID_80C2BC603F,0,0.028434017673134804
ID_80C4E4C0AF,0,0.01998058147728443
ID_80C880B248,0,0.009804568253457546
ID_80D18E121B,0,0.049358636140823364
ID_80D7BCBC2D,1,0.1871853619813919
ID_80E0C3FD2E,0,0.004620837513357401
ID_80E4AF3F42,0,0.7992788553237915
ID_80EB2255D3,1,0.3596455156803131
ID_80ED5431BA,0,0.08656655251979828
ID_80F586C05F,0,0.020444266498088837
ID_81019B61C4,0,0.0710126981139183
ID_81019FA1D6,0,0.022354906424880028
ID_8101A8DD1A,0,0.15475445985794067
ID_8102E1FD57,0,0.1412845253944397
ID_81066DFB4A,1,0.01871182955801487
ID_8107B5D520,1,0.01856694556772709
ID_8118FC7177,0,0.031165555119514465
ID_811D0A3557,0,0.16783468425273895
ID_812931CCBF,1,0.25427818298339844
ID_8129AE52D4,0,0.5723901987075806
ID_8133CEDEA3,0,0.00852702185511589
ID_813E0318AB,0,0.1211770623922348
ID_814A71D96C,0,0.00786943081766367
ID_815C7F4BF7,0,0.413298636674881
ID_815D50A6C5,0,0.028203796595335007
ID_815F0B8166,0,0.002576178638264537
ID_8173A05033,0,0.18972426652908325
ID_81938121E6,1,0.7986994981765747
ID_81A9120C67,0,0.007774043828248978
ID_81AB019EF3,0,0.2166290432214737
ID_81B8A79184,1,0.11762115359306335
ID_81BD5A6F9B,0,0.19582876563072205
ID_81CA11FE32,0,0.6632177829742432
ID_81CAA62F2F,1,0.46625739336013794
ID_81D91980DC,0,0.02158387564122677
ID_81DBBA9FB7,0,0.08897260576486588
ID_81DFC22B4B,0,0.0070799835957586765
ID_81E36D5A42,0,0.02983712963759899
ID_82034D6E66,1,0.07421141117811203
ID_820462666F,0,0.32572436332702637
ID_82093D1C3A,1,0.631794273853302
ID_820F4BBCC8,0,0.04152707755565643
ID_82179D0A93,0,0.0780397355556488
ID_821EF1E016,0,0.10426700860261917
ID_822C1A1ABB,0,0.007816089317202568
ID_822E7F140C,0,0.08798494935035706
ID_822EFE34AA,0,0.008819750510156155
ID_82457FA709,0,0.0766192376613617
ID_8252FCD07B,0,0.033585019409656525
ID_825A062D88,0,0.08792361617088318
ID_825A6B1963,0,0.07747408747673035
ID_825D6E2553,0,0.38528871536254883
ID_826205EE3A,0,0.2205563485622406
ID_82684793D8,0,0.34669971466064453
ID_826E4B4787,1,0.5204921364784241
ID_8270E2C942,1,0.13128289580345154
ID_8278529FD5,0,0.007500236853957176
ID_828041CF7F,0,0.07004136592149734
ID_8286DE09B4,0,0.13447631895542145
ID_8287A7F4B4,0,0.03749939799308777
ID_82885FD50F,0,0.464136004447937
ID_829BD02A2B,0,0.04046044126152992
ID_829DFFCC10,0,0.3251756727695465
ID_82A226C5F0,0,0.05871279165148735
ID_82A64564D5,0,0.05738084018230438
ID_82AEF03BF0,1,0.62798672914505
ID_82BA6BEF9B,0,0.22476248443126678
ID_82BDFD8356,1,0.532261848449707
ID_82C71D46E9,0,0.008847726508975029
ID_82CCA1FF0F,1,0.08797315508127213
ID_82D3689A68,0,0.2626185417175293
ID_82EF2358E8,0,0.0161266028881073
ID_82F4F11014,0,0.003521357662975788
ID_82F8D37EAC,0,0.02451738901436329
ID_83084D4AB8,0,0.020113468170166016
ID_830F937522,1,0.7717603445053101
ID_831D2E9FB4,0,0.04278978705406189
ID_831FD9C8F4,1,0.9096376299858093
ID_8329309EC1,1,0.5052471160888672
ID_832DCAF887,0,0.14476293325424194
ID_833AC1A2E2,0,0.18545810878276825
ID_83479E5FBC,0,0.011408941820263863
ID_834EBF5267,0,0.0019005357753485441
ID_835C24F265,0,0.0165693461894989
ID_836175D268,0,0.03893820196390152
ID_836B7650D5,0,0.07162931561470032
ID_83799FD748,0,0.2266806662082672
ID_837ED53529,0,0.05851449817419052
ID_8397941200,0,0.001545935170724988
ID_839CD847F8,0,0.03850653022527695
ID_839DC9EBB7,0,0.04230891168117523
ID_83A2F7F32D,0,0.28838658332824707
ID_83A558E076,0,0.05233526974916458
ID_83AC222792,0,0.04530474543571472
ID_83AD17E250,0,0.13799908757209778
ID_83BAE644B6,0,0.03698047623038292
ID_83BD63EDE3,0,0.00956309400498867
ID_83E23F2449,1,0.18764790892601013
ID_83EB184039,0,0.18889114260673523
ID_83F470A604,0,0.3642120957374573
ID_83F7774182,0,0.05028794705867767
ID_8408FEB98D,0,0.42356541752815247
ID_840B7F526B,0,0.09279186278581619
ID_842985B7B4,0,0.01169222965836525
ID_842BFFB88B,0,0.16730570793151855
ID_842C9AB4B2,0,0.03585121035575867
ID_8439E7564B,1,0.1647433191537857
ID_843A33DF7D,0,0.07103738188743591
ID_843AFBFED7,0,0.012692355550825596
ID_843DB6F131,0,0.42400217056274414
ID_844B8B766C,0,0.036197107285261154
ID_844D78A646,0,0.06991186738014221
ID_84550CF0C7,0,0.0013807723298668861
ID_8456E68987,0,0.45556679368019104
ID_8456E73B07,0,0.006280743516981602
ID_84597487E5,0,0.050513073801994324
ID_84650C128B,0,0.07473184913396835
ID_8465455C77,0,0.4162786602973938
ID_8467AD4BFF,0,0.032256510108709335
ID_846973662F,1,0.32792890071868896
ID_8476E55928,0,0.0016425841022282839
ID_847E415213,0,0.005315715447068214
ID_8485C13BB3,0,0.017812034115195274
ID_8488E9DB0B,0,0.021767832338809967
ID_848C036344,0,0.05702526494860649
ID_84A6B953EB,0,0.016979042440652847
ID_84B199CD4A,1,0.7740851640701294
ID_84C55AF827,0,0.029065847396850586
ID_84C5AFD911,0,0.0026126170996576548
ID_84C6F59DF2,1,0.5181868672370911
ID_84CF91F083,0,0.0012493047397583723
ID_84D05318FA,0,0.04528968036174774
ID_84D07DFB73,0,0.05433076620101929
ID_84D26069B2,0,0.36438247561454773
ID_84D9A41E7E,0,0.29464149475097656
ID_84F129725C,0,0.0030064182355999947
ID_84F6AF5145,0,0.1064106822013855
ID_84F918D074,0,0.035849157720804214
ID_850158B753,0,0.023118212819099426
ID_85039EE649,0,0.009431039914488792
ID_85048EABEC,0,0.09577260911464691
ID_8509222570,0,0.04407115280628204
ID_85097FAC18,0,0.21735915541648865
ID_850F9E4A84,0,0.02448345348238945
ID_8514E546E5,0,0.006201962940394878
ID_85152C25BD,0,0.0034529250115156174
ID_851D70C25D,0,0.3991347849369049
ID_851E52B964,1,0.38090068101882935
ID_8524D73DE1,1,0.829367995262146
ID_853D9E65FA,0,0.06952033191919327
ID_8545F312A1,1,0.19850943982601166
ID_854D50A2A7,1,0.29176729917526245
ID_855222AC08,0,0.47291502356529236
ID_856BCC438F,0,0.13382723927497864
ID_85720C23A7,0,0.06471366435289383
ID_857C2F41B5,0,0.06816821545362473
ID_857F59E922,0,0.09933507442474365
ID_85813A3B71,0,0.005995194893330336
ID_858C4215B0,0,0.05804436281323433
ID_858E1FC58D,1,0.059747058898210526
ID_858E7B9FD9,1,0.3359214961528778
ID_85A9AD576E,0,0.009121609851717949
ID_85ACB0C9DA,0,0.07223308831453323
ID_85B04C86CD,0,0.06373152136802673
ID_85B3F488F6,0,0.009132442995905876
ID_85B6BDAE81,0,0.06838177889585495
ID_85B836FCE6,0,0.004661608953028917
ID_85C5E4CE50,0,0.08992062509059906
ID_85C6279572,0,0.17503324151039124
ID_85E126A58E,0,0.30419638752937317
ID_85E59B75AD,0,0.014185454696416855
ID_861754F9E5,0,0.23458924889564514
ID_861884A474,0,0.041323624551296234
ID_8618E6D711,0,0.5001615881919861
ID_861C33920A,0,0.025540580973029137
ID_86215C897C,0,0.044370751827955246
ID_862A71277E,0,0.019801080226898193
ID_8642A6016F,0,0.328809916973114
ID_86565B127D,1,0.8900625109672546
ID_86599FC70E,0,0.45874902606010437
ID_865B84C790,0,0.041354961693286896
ID_866A55B15A,0,0.0022243286948651075
ID_866B6FFC00,0,0.017340464517474174
ID_86712BB350,0,0.035693809390068054
ID_867CAA8530,0,0.004792352207005024
ID_86888A9977,0,0.019157886505126953
ID_868C6795E4,0,0.07862681895494461
ID_868E7EA887,0,0.1417258083820343
ID_868E8552E9,1,0.007926038466393948
ID_86958EC176,0,0.0651622787117958
ID_86997267B0,1,0.6186468601226807
ID_869D168A28,0,0.02614433318376541
ID_869D60D6F5,0,0.034485816955566406
ID_86A77A3628,0,0.029244661331176758
ID_86A960169C,0,0.011274129152297974
ID_86B38F4934,0,0.0821647122502327
ID_86B8332684,0,0.09331405162811279
ID_86BB434247,0,0.04987172782421112
ID_86C0CD8F2A,0,0.04491673409938812
ID_86CC2BA628,0,0.011001319624483585
ID_86CCA9A25F,0,0.11229125410318375
ID_86D044C019,0,0.003446045098826289
ID_86D634E7C5,1,0.32183289527893066
ID_86E2D63958,1,0.3409024775028229
ID_86F7B7999B,0,0.03845662996172905
ID_86FC249A81,1,0.3763657212257385
ID_8703376774,0,0.04012257978320122
ID_870940EAAC,0,0.05319109186530113
ID_8714650085,0,0.013514011166989803
ID_8723F88A5A,0,0.008707751519978046
ID_872A09C3B8,0,0.008574722334742546
ID_872A5EAA72,1,0.3561190366744995
ID_872E018EF1,1,0.4386712908744812
ID_87370D9756,1,0.12172093987464905
ID_873BB1C29C,1,0.39309102296829224
ID_874CFAD5C8,0,0.03648240119218826
ID_8755914A21,1,0.4556446671485901
ID_875DCD452A,0,0.014758877456188202
ID_877287FD4A,1,0.32301032543182373
ID_878CC485D7,1,0.26428651809692383
ID_879472D63B,0,0.0037044326309114695
ID_87987AB7F6,0,0.0717872902750969
ID_87AC1C852B,0,0.008766264654695988
ID_87B4B2A1E2,0,0.012076097540557384
ID_87B790EC44,0,0.018290184438228607
ID_87C3BA1840,0,0.04394202306866646
ID_87CBAD3648,0,0.013162851333618164
ID_87D0E60CFE,0,0.0027311602607369423
ID_87DECD1EF1,0,0.1535034328699112
ID_87E0F34816,0,0.05276376008987427
ID_87F2DA9B98,0,0.0088935736566782
ID_87F3E7B454,0,0.040124110877513885
ID_87F6FB800B,1,0.7761588096618652
ID_880644607A,0,0.03509169816970825
ID_8829ADEF1A,0,0.04840932786464691
ID_8830D35345,0,0.071867436170578
ID_8831684519,0,0.1253531277179718
ID_8834033B1A,0,0.005996548105031252
ID_8837512C77,1,0.7232109308242798
ID_883FBAE96B,0,0.23932036757469177
ID_8844523445,0,0.13919052481651306
ID_884A742BA4,0,0.08303724229335785
ID_8856F6DA16,1,0.3797239661216736
ID_8866BB44E5,0,0.002942809136584401
ID_886A4CAFFE,0,0.05931226909160614
ID_886C0046DF,0,0.028919342905282974
ID_8873DBCF0A,0,0.07702095806598663
ID_888AFFA7F8,0,0.025355728343129158
ID_8893C68D49,0,0.01995261386036873
ID_889A24E882,0,0.004926884546875954
ID_88A349A3B6,1,0.5950646996498108
ID_88B56CA318,0,0.2994798421859741
ID_88C88D6B14,0,0.018051471561193466
ID_88CC63BE6A,0,0.11609280109405518
ID_88D0FEB140,1,0.7710679769515991
ID_88D39AAE78,0,0.46305227279663086
ID_88E61DC125,0,0.044219233095645905
ID_8902662A83,0,0.15025225281715393
ID_8902963022,0,0.014080876484513283
ID_8905190491,0,0.029838604852557182
ID_89085D9CF4,0,0.24770288169384003
ID_8909927443,0,0.006321670487523079
ID_8916A2E7B9,0,0.008795347064733505
ID_89185C6B04,0,0.04164212942123413
ID_891B8FBA05,0,0.002822327660396695
ID_891C34F3AC,0,0.008531322702765465
ID_8929C0CA2B,0,0.003462537657469511
ID_892A63855D,0,0.009483033791184425
ID_8933EC06C1,0,0.012956921942532063
ID_894E559C12,0,0.01544653158634901
ID_89502087C0,0,0.007299100048840046
ID_8961A1F9F1,0,0.0029976062942296267
ID_8964E1C28C,1,0.3018973767757416
ID_8969EDC090,0,0.08539877086877823
ID_8970212C01,0,0.10379688441753387
ID_8970515CEA,0,0.017131691798567772
ID_898029D264,0,0.0017072794726118445
ID_898087C371,1,0.5757202506065369
ID_8984C0AFE9,0,0.0019823091570287943
ID_8998F32B3F,0,0.014298373833298683
ID_89A551483C,0,0.07396659255027771
ID_89AF94FAC9,0,0.05338015779852867
ID_89B36D7675,0,0.0050957403145730495
ID_89B721EEF8,0,0.054923322051763535
ID_89CD7FAF8E,0,0.012259640730917454
ID_89D5AB3AC9,1,0.7867929935455322
ID_89D8D827D7,0,0.00515134958550334
ID_89E22BE507,0,0.016686471179127693
ID_89EAAD64B3,0,0.002070191316306591
ID_89ED2F2760,0,0.009037679992616177
ID_89F600EE58,0,0.09997562319040298
ID_89F6E620DE,0,0.30417773127555847
ID_8A1ACB3101,0,0.004200205206871033
ID_8A22CB7A35,0,0.1110968291759491
ID_8A33350996,1,0.37225401401519775
ID_8A36D8F0C5,0,0.08096874505281448
ID_8A43598663,0,0.03337611258029938
ID_8A45183A25,0,0.162398099899292
ID_8A4F7F1B08,0,0.010290607810020447
ID_8A573B55DF,0,0.029751617461442947
ID_8A5AF8A105,1,0.8452373743057251
ID_8A5D7D41B3,0,0.1803751289844513
ID_8A603733EF,0,0.02047058381140232
ID_8A6D12D02D,0,0.10180715471506119
ID_8A83A13A58,0,0.6479912996292114
ID_8A8FA198DA,0,0.2157917022705078
ID_8A9F83864C,1,0.4451753795146942
ID_8AB3F824EC,0,0.011408903636038303
ID_8AC09DD605,0,0.06275559216737747
ID_8AC6C63B80,0,0.09906649589538574
ID_8AD0FEEAAA,0,0.027839384973049164
ID_8AD8519E67,0,0.011399518698453903
ID_8AE57AD112,0,0.06108463928103447
ID_8AEA25F1F1,0,0.07296235114336014
ID_8AEA3D39FA,0,0.05271812900900841
ID_8AEE5D9B0A,1,0.5481119155883789
ID_8B0ADC7730,0,0.01452274713665247
ID_8B0D4810CA,0,0.06632845848798752
ID_8B147402AF,0,0.014232326298952103
ID_8B2160EFE4,0,0.21753837168216705
ID_8B22041A0C,0,0.0674363374710083
ID_8B24EB2CF7,0,0.12158693373203278
ID_8B25855EEF,0,0.05271799489855766
ID_8B2719F32C,0,0.004029447678476572
ID_8B3C7FBC8E,0,0.1964152753353119
ID_8B465FD8F2,0,0.03745456784963608
ID_8B5AD3EF4C,0,0.03909902274608612
ID_8B6B9FAD67,0,0.14065630733966827
ID_8B73D717BE,0,0.02554193139076233
ID_8B76C99326,0,0.036982111632823944
ID_8B784E67EC,0,0.058715078979730606
ID_8B793D8762,0,0.13849417865276337
ID_8B7FF88BE1,0,0.2330373376607895
ID_8B84C3C024,0,0.09963804483413696
ID_8B8544BB80,0,0.46536970138549805
ID_8B8AC4A82F,0,0.064060740172863
ID_8B9DFA03A6,0,0.04869451746344566
ID_8B9EC9B701,0,0.028383055701851845
ID_8BA07E8719,0,0.10408074408769608
ID_8BA2FD9636,0,0.43926945328712463
ID_8BA6B237D0,0,0.0692448765039444
ID_8BAF04ACCA,0,0.02972908318042755
ID_8BB2CFC1FB,0,0.06220591068267822
ID_8BB6C4F4D7,0,0.030368169769644737
ID_8BBDF8114F,1,0.501937210559845
ID_8BBE82B449,1,0.5104520320892334
ID_8BDFEC03C0,1,0.3964557647705078
ID_8BE4697407,0,0.013874965719878674
ID_8BFDB69DFA,1,0.01456117071211338
ID_8C01F44DD3,0,0.023467646911740303
ID_8C124F4DB2,0,0.05744073539972305
ID_8C12DB0A51,0,0.03975050151348114
ID_8C2251D1F9,0,0.5155328512191772
ID_8C23483DB7,0,0.2182079553604126
ID_8C28BE0CAD,0,0.2687150537967682
ID_8C2F6ED8C0,0,0.09638253599405289
ID_8C2FE605A1,0,0.023582180961966515
ID_8C38993D06,0,0.4408204257488251
ID_8C3B29CFC2,0,0.04689367488026619
ID_8C439F2D83,0,0.018095549196004868
ID_8C46FC5E72,0,0.01326246652752161
ID_8C5012CCA1,0,0.010282914154231548
ID_8C68D50C3D,0,0.16587194800376892
ID_8C69631AF4,0,0.030896736308932304
ID_8C6E654AE5,0,0.05957062169909477
ID_8C74EE70C9,0,0.19571678340435028
ID_8C77913FF8,0,0.01633053831756115
ID_8C77920873,0,0.062131620943546295
ID_8C7A061B07,0,0.035090092569589615
ID_8C7DC50BAD,0,0.11893052607774734
ID_8C844F8DE3,0,0.017389781773090363
ID_8C873275F3,0,0.1279439479112625
ID_8C8DE6F875,0,0.05694130063056946
ID_8C8F193F90,1,0.4728086590766907
ID_8C9650CCEA,0,0.2207590639591217
ID_8C98A128AF,0,0.02452467381954193
ID_8CB7913A7F,1,0.1298854649066925
ID_8CB8A81DCD,0,0.05713147670030594
ID_8CBD444CAF,0,0.012504209764301777
ID_8CC2C027EE,0,0.005423169583082199
ID_8CE90956D9,0,0.06678180396556854
ID_8CFDC9C56B,0,0.00672210194170475
ID_8D04683E82,0,0.28230348229408264
ID_8D078289A8,0,0.007037112955003977
ID_8D0D91F0BE,0,0.023232674226164818
ID_8D15ECF228,0,0.03413821756839752
ID_8D2664524B,0,0.19441698491573334
ID_8D3087B6F6,0,0.33060553669929504
ID_8D354B60CF,0,0.1196606308221817
ID_8D3785BC49,0,0.13463370501995087
ID_8D3A95E915,0,0.08641987293958664
ID_8D4FB18601,0,0.0019712357316166162
ID_8D55C718E9,0,0.025881657376885414
ID_8D648C3D4B,0,0.16759979724884033
ID_8D6B7DF5F7,0,0.3051713705062866
ID_8D6FD1EBE1,0,0.016203567385673523
ID_8D91567FEB,0,0.022349534556269646
ID_8D9CB62BF1,0,0.017034852877259254
ID_8DA34F347D,0,0.014948902651667595
ID_8DAB401955,0,0.2279541790485382
ID_8DAB61E070,0,0.4538014829158783
ID_8DAC31E047,0,0.03242982178926468
ID_8DB3987262,0,0.012893824838101864
ID_8DB416CFC9,0,0.037393536418676376
ID_8DCDCB57A0,0,0.06100386381149292
ID_8DE79E7EFA,0,0.050894759595394135
ID_8DEF921ACA,1,0.24776801466941833
ID_8DF5EE56B2,0,0.029285458847880363
ID_8DFBC90556,0,0.2044524848461151
ID_8E01208901,0,0.08739959448575974
ID_8E027A277E,0,0.012171443551778793
ID_8E14B5AD22,0,0.08112233877182007
ID_8E167AA85A,0,0.04648813605308533
ID_8E1955B47A,0,0.014054099097847939
ID_8E23795B45,0,0.05745521932840347
ID_8E24240834,0,0.019121859222650528
ID_8E24B41357,0,0.01635570079088211
ID_8E29BD325D,0,0.508165180683136
ID_8E349AC22E,0,0.01483185589313507
ID_8E35462585,0,0.11279311776161194
ID_8E3D74CAD5,0,0.2549767792224884
ID_8E3DFC1D7A,0,0.03819746524095535
ID_8E4275AA0A,0,0.009330429136753082
ID_8E4952D5E2,1,0.00723246019333601
ID_8E561F3592,0,0.006016596220433712
ID_8E56B61F4F,0,0.027354266494512558
ID_8E5C4B5040,0,0.18997196853160858
ID_8E5D80585C,0,0.07849918305873871
ID_8E77F4874A,1,0.3271484375
ID_8E9A7A826E,1,0.0791071429848671
ID_8EAA22CC13,1,0.9482346773147583
ID_8EAA3F8358,0,0.009744258597493172
ID_8EB8203A97,0,0.015420072712004185
ID_8EBAF8BBD3,0,0.0027569313533604145
ID_8EBC7E5729,0,0.024857068434357643
ID_8EBF1CA5E3,0,0.1006418839097023
ID_8EC9C4C8C2,1,0.9123014807701111
ID_8ECAF96857,0,0.10598070919513702
ID_8ECF44C028,0,0.6803997755050659
ID_8EF607F90C,0,0.004301134031265974
ID_8EF97FFC4C,0,0.06964953988790512
ID_8EF9A63FF5,1,0.6388372182846069
ID_8EFA80466D,0,0.017333021387457848
ID_8F1023E180,0,0.04979158565402031
ID_8F10880D41,1,0.3448212146759033
ID_8F23B2BCC6,0,0.07459543645381927
ID_8F28F54CD1,0,0.05381852388381958
ID_8F351BB271,0,0.01617727242410183
ID_8F42D12354,0,0.05103444680571556
ID_8F4D33F8E1,0,0.025792371481657028
ID_8F5380C564,0,0.033046476542949677
ID_8F5416DDE1,0,0.003254607319831848
ID_8F55C3C297,0,0.0032094125635921955
ID_8F55CA2C1C,0,0.05942085385322571
ID_8F56A51DD8,0,0.01718052290380001
ID_8F5813FF99,0,0.23707787692546844
ID_8F5F116DBE,0,0.2767946124076843
ID_8F61A9BF2C,1,0.39450669288635254
ID_8F6DB2BE51,0,0.1445419043302536
ID_8F6F6D21BE,0,0.021979663521051407
ID_8F7355A79C,0,0.0034292389173060656
ID_8F74A28B8F,0,0.41576647758483887
ID_8F7B08C710,0,0.013122739270329475
ID_8F7EBD78F5,0,0.5746150016784668
ID_8F8671947C,0,0.12504790723323822
ID_8F93700A14,0,0.024879688397049904
ID_8F99CB3341,0,0.05097918584942818
ID_8FA94A4D76,0,0.10905498266220093
ID_8FAA96CE5B,0,0.14272113144397736
ID_8FAFCBDEA4,0,0.5837041139602661
ID_8FB983C0C3,0,0.1091948002576828
ID_8FBA1A929A,0,0.016381001099944115
ID_8FC3B85863,0,0.05407918989658356
ID_8FD2DBD5DE,1,0.3356929123401642
ID_8FDEFDB4DF,1,0.09569764137268066
ID_8FEAF4EE45,0,0.21711713075637817
ID_8FF5F8933D,0,0.02219334989786148
ID_8FFA0782D1,0,0.3902435302734375
ID_900AB1DBB9,1,0.5246376395225525
ID_900D1D4F24,0,0.049609772861003876
ID_900DDE3544,0,0.010946638882160187
ID_9028BFFF99,0,0.02601228654384613
ID_902E0AC97B,0,0.17016878724098206
ID_90382EDB79,0,0.025939226150512695
ID_9049B6BF6A,0,0.05123044550418854
ID_904E2B30C3,0,0.055789291858673096
ID_904FF1DEDA,0,0.002794744912534952
ID_905143B04E,0,0.6544090509414673
ID_90540687A0,0,0.002665436128154397
ID_905D7CCEA7,1,0.09682843089103699
ID_90609241BE,0,0.04105103388428688
ID_906633B94B,0,0.0077667576260864735
ID_9082077432,0,0.006536327302455902
ID_9084127E18,1,0.019933339208364487
ID_908FB1D50C,0,0.05475541949272156
ID_9091057048,0,0.09773892164230347
ID_9095BA1298,1,0.6931795477867126
ID_90AD9C7B93,0,0.015919426456093788
ID_90AF2CCB73,0,0.008812744170427322
ID_90AF4B12A1,0,0.04195655137300491
ID_90AFCC1517,0,0.002645652275532484
ID_90C353DE55,0,0.015367562882602215
ID_90CA9D6305,0,0.01322067342698574
ID_90E12E93DA,0,0.04127967730164528
ID_90E58414C4,0,0.004412551876157522
ID_90E8ADC02E,0,0.2521529197692871
ID_91085E43CE,1,0.49678298830986023
ID_910C6A58E6,1,0.9125825762748718
ID_91100B533B,0,0.010184559039771557
ID_91159F2EE4,1,0.3344113230705261
ID_91177EF8EB,0,0.006279957480728626
ID_911998BF49,0,0.27949225902557373
ID_911C74D462,0,0.04372970759868622
ID_912433D739,0,0.030509525910019875
ID_914A034A23,0,0.12479163706302643
ID_914EADC530,0,0.3251945674419403
ID_915212B0A6,0,0.006367790978401899
ID_9161708C53,0,0.11606204509735107
ID_916194A714,0,0.01046385895460844
ID_9180292831,0,0.02013188973069191
ID_918E24B5A9,0,0.019814716652035713
ID_9199D465C3,0,0.0663401186466217
ID_91A7807BCB,0,0.006662079133093357
ID_91AD50685B,0,0.024202516302466393
ID_91BFEC867C,0,0.6978988647460938
ID_91C0FBD122,0,0.1376720815896988
ID_91C334B098,0,0.05630023404955864
ID_91C83136F0,1,0.14550040662288666
ID_91C980EE55,0,0.03690154477953911
ID_91CAD6E5F0,0,0.8466534614562988
ID_91CD283808,0,0.030280526727437973
ID_91D02E4078,0,0.005010584369301796
ID_91D84F3643,1,0.04788520559668541
ID_91E2FE0018,0,0.05173527076840401
ID_91EBE6414D,0,0.02497677318751812
ID_91EE41F63E,0,0.07588481903076172
ID_91F5EC3128,0,0.04729074984788895
ID_91F6A4BC13,1,0.4355672597885132
ID_920CF69F2D,0,0.12179063260555267
ID_920D307114,1,0.2773416340351105
ID_92152AA9FA,0,0.2832920253276825
ID_9223320D24,0,0.13331261277198792
ID_922A597ECA,0,0.1135774701833725
ID_922DD0DEBA,0,0.08112925291061401
ID_9244DC8CE4,0,0.14156244695186615
ID_924AD7FD45,0,0.01961139403283596
ID_925424CAA0,0,0.005422519985586405
ID_925EF6D2B0,0,0.0017085636500269175
ID_926C2A43E7,0,0.020220840349793434
ID_926DB97E9A,0,0.26806876063346863
ID_92767729A8,1,0.04571405053138733
ID_927E7BEB35,0,0.031720589846372604
ID_927FEC0D2F,0,0.05508216843008995
ID_9281720FF8,1,0.7316335439682007
ID_9294416513,0,0.040341801941394806
ID_9297C28677,0,0.04334934428334236
ID_929BA72D88,0,0.25553199648857117
ID_92A7113509,0,0.001704840688034892
ID_92B14D9011,0,0.2912188768386841
ID_92C0B7CB05,0,0.020200194790959358
ID_92CC5C8ECD,0,0.045812904834747314
ID_92D21936CB,0,0.006848945748060942
ID_92D9333445,0,0.4903560280799866
ID_92DC7BA648,0,0.37780705094337463
ID_92DF851939,0,0.10001721978187561
ID_92E1162DB8,0,0.07761222124099731
ID_92EA2477B9,0,0.08533981442451477
ID_92EC6397B6,0,0.009576484560966492
ID_92F58DE0C0,0,0.2511146068572998
ID_92FF204086,0,0.0038840780034661293
ID_930B34EDE3,0,0.01121271401643753
ID_9310ED37F2,0,0.003454827703535557
ID_93166AB8B3,0,0.07355524599552155
ID_9328E335B6,0,0.3503188192844391
ID_932B7D5E8E,0,0.02098827064037323
ID_9338905C06,0,0.0034182334784418344
ID_9342B287EE,1,0.21826207637786865
ID_934A5BB6FC,0,0.3332309126853943
ID_9358271F6B,0,0.022926101461052895
ID_935C64563F,0,0.009317897260189056
ID_93663B958B,0,0.3823881447315216
ID_936BA3F972,0,0.01057081762701273
ID_93744D11E1,0,0.04229217767715454
ID_937A0702A7,0,0.026433691382408142
ID_937C2B2EB9,0,0.008651903830468655
ID_9380D1D838,1,0.9705051779747009
ID_938121686E,0,0.009813882410526276
ID_93819B4A52,0,0.03794403746724129
ID_938911AAAE,0,0.030567115172743797
ID_938CC697B2,0,0.027389859780669212
ID_938FEB98A7,0,0.019028468057513237
ID_938FF9DD82,0,0.007971401326358318
ID_9392EFE28E,0,0.14795100688934326
ID_9394010CCA,0,0.025016728788614273
ID_93953091F3,1,0.35007575154304504
ID_939557BA34,0,0.04428741708397865
ID_9399960C03,0,0.15083184838294983
ID_939ED519BB,0,0.04233565926551819
ID_93A3CF6911,0,0.022260364145040512
ID_93ADB5535F,0,0.007481260225176811
ID_93C88A8CA8,0,0.02306346595287323
ID_93D27A7F67,0,0.09165143966674805
ID_93DB9DE67C,1,0.855948805809021
ID_93DD235B4E,0,0.026515085250139236
ID_93DDEA47CE,0,0.1077188178896904
ID_93F2B81AD8,0,0.008534510619938374
ID_940A55ED31,0,0.08280525356531143
ID_9426173FE5,0,0.027950704097747803
ID_94274556CB,0,0.1067735031247139
ID_94281F8B38,0,0.018838489428162575
ID_942FC0308A,0,0.004412059672176838
ID_9446BDFDC4,0,0.014935126528143883
ID_944D1D8BA2,1,0.030741510912775993
ID_945686B9FA,0,0.09704062342643738
ID_947214F9EF,0,0.01669149100780487
ID_9487306F45,0,0.009511107578873634
ID_948EE9639C,0,0.030118316411972046
ID_9491364E5C,0,0.6670924425125122
ID_949BCAE073,0,0.015520165674388409
ID_949EA93962,0,0.032058071345090866
ID_94A9FD124A,0,0.02259247936308384
ID_94AC0569E4,0,0.039046015590429306
ID_94B447E8EF,0,0.12231533229351044
ID_94B5584674,0,0.024549024179577827
ID_94B95FA6E3,0,0.051304277032613754
ID_94C48789A4,0,0.012165370397269726
ID_94D415BB9D,0,0.06162995100021362
ID_94D960204C,0,0.07369107753038406
ID_94E31ADDE0,0,0.03369981050491333
ID_94E749B898,0,0.21717821061611176
ID_94ECC3A571,0,0.004602472297847271
ID_94F09D2346,0,0.019916625693440437
ID_94F3DF0F31,0,0.026919333264231682
ID_94F9DDD083,0,0.12466446310281754
ID_94FAA1B731,1,0.1368843913078308
ID_950B999D66,0,0.00932229869067669
ID_951E69B6B0,0,0.09642647206783295
ID_95254F6817,0,0.02196292206645012
ID_9528683B13,0,0.2338428497314453
ID_952D6ADE1C,0,0.00786588340997696
ID_952EE63F45,0,0.04938950017094612
ID_952FC29332,0,0.040475327521562576
ID_9544249218,0,0.050680749118328094
ID_955D076E5D,0,0.016499165445566177
ID_956DE82000,0,0.04007987305521965
ID_9571A2BE57,0,0.03563477471470833
ID_95831811DE,0,0.2350715547800064
ID_95869090EC,0,0.005142229609191418
ID_95881BC753,0,0.030004603788256645
ID_9599D15B5E,1,0.25653985142707825
ID_959B005380,0,0.04066895321011543
ID_95A1B6EB0F,0,0.37708449363708496
ID_95A211E381,0,0.07863304018974304
ID_95A740D27F,0,0.07715779542922974
ID_95B28168D1,1,0.7605426907539368
ID_95B9AC8C47,0,0.04656980186700821
ID_95B9FEAB2C,0,0.1017468199133873
ID_95BC8D4AAF,0,0.20069396495819092
ID_95BFA4CBB3,0,0.0040571363642811775
ID_95C2295D23,0,0.11357197165489197
ID_95C3FB6239,0,0.1572202742099762
ID_95C776372C,1,0.3030812442302704
ID_95C8BC61EC,0,0.04280375689268112
ID_95CBE78DE2,0,0.33232617378234863
ID_95CE18BAF0,0,0.03477777540683746
ID_95D3027EF0,0,0.164754256606102
ID_95D68EB912,0,0.146000936627388
ID_95E671E9EB,0,0.156206414103508
ID_95F6F4AAC1,0,0.04503709450364113
ID_960FB404F2,0,0.16875380277633667
ID_960FE9B469,1,0.11423119902610779
ID_9613508BE8,0,0.041275378316640854
ID_961ABB7877,0,0.02967793494462967
ID_961B1ECA9D,0,0.27470478415489197
ID_963A3061AC,0,0.15213041007518768
ID_963B2226A1,0,0.1108260452747345
ID_963B913428,0,0.01373603567481041
ID_963DBE24E0,0,0.05517636984586716
ID_963E5A2455,0,0.09309574961662292
ID_964CF5253A,0,0.06399181485176086
ID_965024EEDB,0,0.12727798521518707
ID_9654FAB6AD,0,0.2971974313259125
ID_965B5C09CE,0,0.012087558396160603
ID_96862B7AFA,0,0.020860446617007256
ID_968B584DBD,1,0.06418360024690628
ID_96978488BB,0,0.006490408908575773
ID_969C08F368,0,0.019757267087697983
ID_96A77E09D8,0,0.13948595523834229
ID_96A9460488,0,0.050236526876688004
ID_96B150ADE8,0,0.14111877977848053
ID_96B1CE7F88,0,0.1625128984451294
ID_96B59F9FAA,0,0.05663742870092392
ID_96BB71DB15,0,0.16941162943840027
ID_96BC22FE37,0,0.0014955325750634074
ID_96BF841CAC,1,0.5537145137786865
ID_96D177B769,0,0.0061590359546244144
ID_96D1EAE37E,0,0.337564080953598
ID_96D680D2A2,0,0.8505991697311401
ID_96DBF6E4B2,1,0.9151450991630554
ID_96E91AA593,1,0.44416648149490356
ID_96EE5DE98C,1,0.2496606856584549
ID_96F642DD31,0,0.052356820553541183
ID_96FEDCC1EC,0,0.008448767475783825
ID_970044BC68,0,0.02644960582256317
ID_97068C1CF5,0,0.04142710939049721
ID_9707112F9C,0,0.020558489486575127
ID_97100A9DA0,0,0.16021010279655457
ID_97179087B6,0,0.0895354300737381
ID_971DBF22FC,0,0.09116099774837494
ID_97403B18C5,0,0.12477817386388779
ID_974116C238,0,0.009878204204142094
ID_974E2713AC,0,0.04684947431087494
ID_974E8A08F1,0,0.020970450714230537
ID_97559A90F0,0,0.030286569148302078
ID_975B061321,0,0.08019180595874786
ID_9763FA7047,0,0.012222710065543652
ID_9780AF31B0,0,0.1586543619632721
ID_978BC64D6B,0,0.23236945271492004
ID_978C4DC918,0,0.06190935894846916
ID_97990EA78A,0,0.038353756070137024
ID_9799DBB2C0,0,0.017965130507946014
ID_97AC01BBBC,0,0.23908957839012146
ID_97AEE26F60,0,0.04189976677298546
ID_97CBCD8729,1,0.3666172921657562
ID_97D23C6402,0,0.003149752039462328
ID_97D3495314,0,0.011385195888578892
ID_97D38BF71F,0,0.017084376886487007
ID_97D3E9BAEE,1,0.27656683325767517
ID_97DF53AC0E,0,0.051757123321294785
ID_97E0074C77,0,0.08378762006759644
ID_97E67592F2,0,0.0017079912358894944
ID_97EE71840B,0,0.14386068284511566
ID_98013ABA8D,0,0.34187912940979004
ID_980DC7DCBF,1,0.7145322561264038
ID_98251F929E,0,0.1915692687034607
ID_98327A8B81,0,0.18229109048843384
ID_984C1DEC5E,0,0.030096907168626785
ID_984E41145C,1,0.14470617473125458
ID_9853982F67,0,0.1634366512298584
ID_9853EAB5A1,0,0.09676773846149445
ID_9856226329,0,0.019895071163773537
ID_9868FC0B9E,0,0.33470627665519714
ID_9875CEB2B4,0,0.0026943376287817955
ID_9878A57CF7,0,0.3143683969974518
ID_987D52C1AD,0,0.03191719576716423
ID_987E03F681,0,0.1511823832988739
ID_987E3D39E9,1,0.29255467653274536
ID_9884B4897C,0,0.064546138048172
ID_9885721D3E,0,0.012562509626150131
ID_9894F4A82A,0,0.0195844154804945
ID_9895D83DC7,0,0.14077845215797424
ID_989B89876C,0,0.03902651369571686
ID_98AFCD97DF,1,0.3661542534828186
ID_98B8E0F9EC,0,0.03159969672560692
ID_98BCEC6A9B,0,0.013983284123241901
ID_98BFE64E98,0,0.004120292142033577
ID_98C4EAA78E,0,0.07037817686796188
ID_98C6A3A48E,1,0.6527824401855469
ID_98D00768DA,0,0.09294378757476807
ID_98D0F595D6,0,0.005006905645132065
ID_98D24CE15D,1,0.9019181728363037
ID_98D66F4D11,0,0.2434861660003662
ID_98DA3B5AC9,0,0.012261051684617996
ID_98DC9F7D1B,0,0.05326739698648453
ID_98E5BAC8ED,0,0.030317269265651703
ID_98F0E8C4EF,0,0.020826265215873718
ID_98F467B4F4,0,0.012829473242163658
ID_98FAD6E596,0,0.012549294158816338
ID_9901A59792,0,0.01497686468064785
ID_9909DEFFF0,0,0.03179781138896942
ID_990D291A41,0,0.003608379513025284
ID_990DE0D7F2,0,0.018049944192171097
ID_9911F13DD4,0,0.007791722193360329
ID_9929695002,0,0.08156013488769531
ID_992AEAA76A,0,0.04179472476243973
ID_9932478765,0,0.32123011350631714
ID_993E12A0EA,0,0.04955524206161499
ID_993E2961A7,0,0.004786716308444738
ID_9941DD92A0,1,0.6316215395927429
ID_9942C52884,0,0.019651342183351517
ID_9946CD9AD5,0,0.0020481268875300884
ID_9948634235,0,0.05932008847594261
ID_99516CEC63,1,0.279568612575531
ID_9952DF8714,0,0.0075508467853069305
ID_9955CA66F7,0,0.4157763123512268
ID_9958B94D2C,0,0.21940532326698303
ID_9958DDE302,1,0.5983275771141052
ID_996855009E,0,0.09214042127132416
ID_996D300D15,0,0.1647593379020691
ID_996E1254D5,0,0.1855279505252838
ID_9972D20693,0,0.027064885944128036
ID_9973B9956D,0,0.0018479288555681705
ID_998E2216A4,0,0.0032648909837007523
ID_9990897C08,0,0.018496014177799225
ID_999F3FE76D,0,0.00844411551952362
ID_99A49738F3,0,0.019707906991243362
ID_99B2699484,0,0.4650719165802002
ID_99D33B3777,0,0.022387465462088585
ID_99DD75CF07,0,0.03600448742508888
ID_99DF53275D,0,0.5000439286231995
ID_99DF9FEC2C,0,0.13719691336154938
ID_99E853C9A5,0,0.029318589717149734
ID_99E858BB19,0,0.007881104946136475
ID_99FA5FA425,0,0.021035941317677498
ID_99FC94021B,1,0.8093994855880737
ID_9A07BB93BE,1,0.10082440078258514
ID_9A145D2A34,0,0.848905622959137
ID_9A199481A4,0,0.01830889843404293
ID_9A1DC1765E,1,0.32742998003959656
ID_9A2D83A7D2,0,0.041067544370889664
ID_9A2D84B7F3,1,0.31984326243400574
ID_9A3399CCBC,0,0.013001112267374992
ID_9A4DF8651D,1,0.3155863285064697
ID_9A53CF120B,0,0.10227864980697632
ID_9A5807C1B4,0,0.20289167761802673
ID_9A5F1E938E,0,0.3911225497722626
ID_9A5F8C4B22,1,0.24303372204303741
ID_9A7338149D,0,0.06622330844402313
ID_9A81E7D5CD,0,0.3285711705684662
ID_9A825A3B0F,0,0.03882323205471039
ID_9A8B9999B7,0,0.26368528604507446
ID_9A8F7970D0,0,0.007989540696144104
ID_9A930296BE,1,0.44756704568862915
ID_9A94216476,0,0.02631598338484764
ID_9AB964C0BB,0,0.03137040138244629
ID_9ABF20F0DF,0,0.016825726255774498
ID_9AE8607761,0,0.1066582202911377
ID_9AE965705D,0,0.1360205113887787
ID_9AFBA29093,0,0.06823483854532242
ID_9AFE2F518D,0,0.23987209796905518
ID_9AFEC2205A,0,0.15932771563529968
ID_9B102B9E14,0,0.01091352105140686
ID_9B1ACA2917,0,0.010252227075397968
ID_9B1E5FB178,0,0.09460005909204483
ID_9B32CB0110,0,0.05193471908569336
ID_9B3FFC2097,0,0.002468304941430688
ID_9B4C87F451,0,0.00844020675867796
ID_9B5A54D200,0,0.5973540544509888
ID_9B60B4758B,0,0.11933192610740662
ID_9B6EC92B1D,0,0.07104535400867462
ID_9B834141D0,0,0.41799211502075195
ID_9B8B047010,0,0.24058271944522858
ID_9B8BC86EBC,0,0.04484156146645546
ID_9B8FF45DE5,0,0.003375870641320944
ID_9B9043D2E2,0,0.01390791591256857
ID_9B956253D1,0,0.14736437797546387
ID_9BA981788C,0,0.020442141219973564
ID_9BAB0D6255,0,0.0070847137831151485
ID_9BAE3CC7A4,0,0.0350227877497673
ID_9BBB2ECD63,0,0.0833282396197319
ID_9BC9EFBFEE,0,0.33821338415145874
ID_9BD2230E4A,0,0.05298943445086479
ID_9BD2CC49C4,1,0.4867708086967468
ID_9BE1077149,0,0.41846516728401184
ID_9BE115B34B,1,0.48246264457702637
ID_9BE4830DD4,0,0.027164770290255547
ID_9BE70AAA72,0,0.08425750583410263
ID_9BE8705899,0,0.2625373899936676
ID_9BEC9FEB22,0,0.016381721943616867
ID_9BEF5AB5D5,0,0.01893707551062107
ID_9BF5C488BD,0,0.16127879917621613
ID_9BF7753405,0,0.06024448201060295
ID_9BF7D6489F,0,0.003412870457395911
ID_9C026B8141,1,0.36704787611961365
ID_9C1AF0798B,0,0.05930742621421814
ID_9C1FF272F4,0,0.610321044921875
ID_9C2230A9A2,0,0.09400925785303116
ID_9C23E5CE4C,0,0.003969365730881691
ID_9C267BCA50,0,0.3162201941013336
ID_9C26BF28FF,0,0.06600479781627655
ID_9C2AC23A1D,0,0.015908850356936455
ID_9C2AE4DD3E,0,0.04767494648694992
ID_9C37EC87E4,0,0.0028176004998385906
ID_9C3A3972FE,0,0.06432916224002838
ID_9C446C7D82,0,0.0477767288684845
ID_9C464844B4,0,0.20089198648929596
ID_9C480CF016,0,0.017091054469347
ID_9C49A31DA9,0,0.06714335083961487
ID_9C4D26FCF4,0,0.11048678308725357
ID_9C5359AE46,0,0.240487739443779
ID_9C56F8961E,0,0.0053780218586325645
ID_9C5D17CF48,1,0.5216172933578491
ID_9C5D5607DD,0,0.2378576099872589
ID_9C71B5D911,0,0.026349972933530807
ID_9C781822C4,0,0.03997062146663666
ID_9C78D868EE,0,0.035662949085235596
ID_9C7C19AFD4,0,0.13117246329784393
ID_9CA915067E,0,0.46529579162597656
ID_9CAAA05715,0,0.0320066437125206
ID_9CC0D8B565,0,0.054396726191043854
ID_9CC9681383,0,0.07669195532798767
ID_9CE596457F,1,0.19891631603240967
ID_9CFFAF2673,0,0.011480600573122501
ID_9D0DA1674A,0,0.04976985976099968
ID_9D1139B5D2,0,0.029359688982367516
ID_9D12A60ADE,0,0.07618394494056702
ID_9D15D4B9B1,0,0.19783684611320496
ID_9D1DB7AA24,0,0.026638388633728027
ID_9D1F9EC0D6,0,0.007403618656098843
ID_9D220ED61D,0,0.05183355510234833
ID_9D24C2D431,0,0.1536179482936859
ID_9D2600A879,0,0.21720562875270844
ID_9D281BCDB3,0,0.005387024022638798
ID_9D2CD6F81C,0,0.09935396909713745
ID_9D3003A78D,0,0.14164337515830994
ID_9D3359BECB,0,0.007529048714786768
ID_9D362BA2FD,0,0.032896507531404495
ID_9D3BAAA4ED,1,0.7996931076049805
ID_9D483C00B3,0,0.7432805895805359
ID_9D4C7171ED,0,0.10888621211051941
ID_9D4F4B38D3,0,0.04061797261238098
ID_9D50176BD1,0,0.01730179786682129
ID_9D538F1D83,0,0.007833296433091164
ID_9D5EB75D8A,0,0.021045489236712456
ID_9D5FB0D326,0,0.8108433485031128
ID_9D6BA451FB,0,0.009804757311940193
ID_9D77EE5B96,0,0.00367755931802094
ID_9D8277C32D,1,0.2577671706676483
ID_9D88205B4C,0,0.019259070977568626
ID_9D91D356B4,0,0.16966518759727478
ID_9D94151867,0,0.02787451259791851
ID_9D9838D1AC,1,0.42651569843292236
ID_9D9E661650,0,0.01387663185596466
ID_9DA35E3A8F,1,0.15753433108329773
ID_9DAEBDC3AC,1,0.551410436630249
ID_9DB520DD7A,0,0.4389955699443817
ID_9DB56047F3,0,0.08953838795423508
ID_9DBA17C1EC,0,0.03043919801712036
ID_9DD203A038,0,0.15910449624061584
ID_9DD32092FE,0,0.2293616533279419
ID_9DDA77FE61,0,0.013704909011721611
ID_9DE3128DD7,1,0.0017815523315221071
ID_9DE40826C3,0,0.03416851907968521
ID_9DFDB2FEEA,0,0.017178228124976158
ID_9E00054513,0,0.08738081902265549
ID_9E003E3562,0,0.0030781072564423084
ID_9E075A026E,0,0.01961258426308632
ID_9E077F2095,0,0.10989286005496979
ID_9E13CA0AC4,0,0.3957936763763428
ID_9E19283FB1,0,0.34192225337028503
ID_9E1B8BE16B,0,0.12693873047828674
ID_9E1BC582FA,0,0.3380396366119385
ID_9E1E5D577B,0,0.029825959354639053
ID_9E2313BA67,1,0.49163535237312317
ID_9E26362393,0,0.05814779922366142
ID_9E2AA83224,0,0.19548504054546356
ID_9E35F55F92,0,0.015384096652269363
ID_9E3B81C06F,0,0.29583778977394104
ID_9E3EC07B45,0,0.12100500613451004
ID_9E4C6006ED,1,0.8691550493240356
ID_9E51514EDE,0,0.05243927612900734
ID_9E5AD29290,0,0.06405165791511536
ID_9E5EE3823A,0,0.019291093572974205
ID_9E6867883E,0,0.117680124938488
ID_9E68CA7478,0,0.026851914823055267
ID_9E858CA848,0,0.017173780128359795
ID_9EB6747FC0,0,0.18377891182899475
ID_9EBC224C7A,1,0.7707337141036987
ID_9EBE6F62E4,0,0.0013119475916028023
ID_9EC447CE46,0,0.027278821915388107
ID_9ED320D036,0,0.010017208755016327
ID_9ED93C3761,0,0.035452961921691895
ID_9EDB784419,0,0.007717127911746502
ID_9EDE44BD11,0,0.005510869901627302
ID_9EE1C35C96,0,0.1529720276594162
ID_9EE62D397F,0,0.05686533823609352
ID_9EED5C1BCE,1,0.5276787281036377
ID_9EFCE21602,0,0.03468656539916992
ID_9EFE3E3361,0,0.02449474297463894
ID_9EFF307917,0,0.24323731660842896
ID_9F01AC69B5,0,0.1605248898267746
ID_9F12EDCA04,0,0.08082948625087738
ID_9F32D5341C,0,0.017124533653259277
ID_9F3803B19C,1,0.11605130136013031
ID_9F399768B7,0,0.010422127321362495
ID_9F42F19D53,0,0.03309010714292526
ID_9F47EAC52A,0,0.050920501351356506
ID_9F5DC4E318,1,0.7406836748123169
ID_9F5E2E5DD7,1,0.9376764297485352
ID_9F6B1124A1,0,0.07313680648803711
ID_9F75567066,0,0.005472967401146889
ID_9F781A5A6D,0,0.3072585165500641
ID_9F7B0E4DCF,0,0.012827109545469284
ID_9F7E9A84A0,0,0.2583058178424835
ID_9F86EDADDD,1,0.3801204562187195
ID_9F889A2A84,0,0.09226012974977493
ID_9F8AC1277C,0,0.0095206368714571
ID_9F8F9AF8E5,0,0.06387575715780258
ID_9F92BE10B6,0,0.1653168946504593
ID_9FA1E11176,0,0.026709774509072304
ID_9FA7A59855,0,0.33955609798431396
ID_9FAEF98B14,0,0.00757019966840744
ID_9FB36E26A0,0,0.04261814057826996
ID_9FC17DC363,0,0.08133654296398163
ID_9FD2026FC2,0,0.033422794193029404
ID_9FD28076C4,0,0.2505786716938019
ID_9FDA154835,0,0.015724800527095795
ID_9FDEE9FA78,1,0.3983752131462097
ID_9FF0AAA64F,1,0.6386123895645142
ID_9FFA490FEE,0,0.101490318775177
ID_A0013AD0B0,0,0.01412704773247242
ID_A00A8CE511,1,0.3676655888557434
ID_A013BCC394,0,0.03126062825322151
ID_A025D73D36,0,0.006740497890859842
ID_A0325DEB51,0,0.11634159088134766
ID_A04484C05F,1,0.49987319111824036
ID_A044ACBFC5,0,0.029337087646126747
ID_A047EECFE1,0,0.06759534776210785
ID_A048BE15CA,0,0.1533461958169937
ID_A04EEA6799,0,0.24446290731430054
ID_A054C41FEF,1,0.6851609349250793
ID_A06D08E368,0,0.3413962423801422
ID_A0814AF8C4,1,0.7492254972457886
ID_A09BA57064,0,0.09451809525489807
ID_A0ABCD13A2,0,0.05873513221740723
ID_A0AF6BE8B3,1,0.4623323082923889
ID_A0B77F3330,0,0.33599063754081726
ID_A0BB621DDC,1,0.46836456656455994
ID_A0CA3E2E62,0,0.028253886848688126
ID_A0CD849ECE,0,0.004861993715167046
ID_A0D1ABE1BD,0,0.030621536076068878
ID_A0E1226F54,1,0.5744994282722473
ID_A0E6ADAA08,0,0.058114759624004364
ID_A0E756B165,1,0.8463981747627258
ID_A0F4E12A9A,0,0.5432419776916504
ID_A0F8B773EB,0,0.058848004788160324
ID_A101BF38A0,0,0.09200692176818848
ID_A10CB400E5,0,0.2082260400056839
ID_A11452CCFB,1,0.6713693141937256
ID_A116897AC2,0,0.1291162073612213
ID_A1172FF220,1,0.8538005948066711
ID_A12082795B,0,0.20350602269172668
ID_A125CC39E7,0,0.1538572758436203
ID_A128625FA2,0,0.03211751952767372
ID_A1331F9188,1,0.17130416631698608
ID_A13DE190C9,0,0.05150066316127777
ID_A1450D348C,0,0.12028029561042786
ID_A14AA6F81A,1,0.5980638265609741
ID_A14E2D17CC,0,0.05038420483469963
ID_A150B93E95,0,0.09315195679664612
ID_A1510070AC,0,0.020256442949175835
ID_A15212B5C6,0,0.27972614765167236
ID_A15611D44F,0,0.005489758215844631
ID_A156A5E1BC,0,0.19667387008666992
ID_A157F1E173,0,0.1462700366973877
ID_A15ADFF4F4,0,0.13729751110076904
ID_A1603C7783,0,0.1578044891357422
ID_A16DD405AD,0,0.4625416696071625
ID_A178D71FCF,0,0.05365828424692154
ID_A1888D95E4,1,0.10842591524124146
ID_A19725B81C,1,0.5185239315032959
ID_A1A30638AA,0,0.028683308511972427
ID_A1A48ECAB3,0,0.48626479506492615
ID_A1B7CF2AFF,0,0.007517765276134014
ID_A1BCAF9198,0,0.012914985418319702
ID_A1C5990710,0,0.026402460411190987
ID_A1D9782B41,0,0.0334801971912384
ID_A1E64E0BD6,0,0.08462473005056381
ID_A1EAE5F6AA,0,0.03717160224914551
ID_A21C6642D5,0,0.010923497378826141
ID_A21F43ACB0,0,0.12466276437044144
ID_A21F46F15E,0,0.10526582598686218
ID_A222B04535,0,0.16336914896965027
ID_A22453C490,1,0.7529895901679993
ID_A225E2C323,0,0.011619937606155872
ID_A22659BEE4,0,0.051160722970962524
ID_A233C1ED36,0,0.06128384545445442
ID_A2359C7229,1,0.5550088882446289
ID_A250E044A7,1,0.5803430676460266
ID_A258C9D801,0,0.1380251795053482
ID_A27028C643,0,0.04569904878735542
ID_A270E9E561,0,0.042732615023851395
ID_A276F084F8,0,0.5856899619102478
ID_A280E5B62F,0,0.0045773666352033615
ID_A28BF346ED,0,0.054686859250068665
ID_A299FA2F66,0,0.00543557945638895
ID_A2A7EB2273,0,0.013785773888230324
ID_A2B9D5CA37,0,0.11265739053487778
ID_A2BF699092,0,0.03170277923345566
ID_A2DB727B59,0,0.8328092694282532
ID_A2E05A16AE,0,0.003225848078727722
ID_A2E9A2D563,0,0.010949173010885715
ID_A2EB319D1C,0,0.003934273961931467
ID_A2F1D774DA,0,0.002751151565462351
ID_A2F3839C4D,0,0.11104880273342133
ID_A2FA003796,0,0.01442779041826725
ID_A3019CBFC6,0,0.10605680197477341
ID_A307D58ABA,0,0.35611557960510254
ID_A30F13EB39,0,0.24027778208255768
ID_A3157A7B1F,0,0.5139504075050354
ID_A3293594B0,0,0.011817055754363537
ID_A33D736EF4,0,0.035847339779138565
ID_A33F5D48EA,0,0.007178368978202343
ID_A340335947,1,0.14777864515781403
ID_A3416FC641,0,0.2946935296058655
ID_A346296DF6,0,0.03384330868721008
ID_A349864F40,0,0.006966139189898968
ID_A3503A9714,0,0.028984444215893745
ID_A350C2C568,0,0.071916863322258
ID_A35F12F971,0,0.08703354746103287
ID_A36A76A69D,0,0.013258659280836582
ID_A36CD09E94,0,0.0029634912498295307
ID_A36D324701,0,0.08773074299097061
ID_A36E6C9A35,1,0.8256230354309082
ID_A36F22EDBF,0,0.016544876620173454
ID_A3766104B9,0,0.004614831879734993
ID_A379360211,1,0.34401583671569824
ID_A37B935B49,0,0.026089323684573174
ID_A39C4CF188,0,0.041990555822849274
ID_A3A3E00721,0,0.0216656606644392
ID_A3C4B5C831,0,0.03048625960946083
ID_A3EE01D9D5,0,0.40512409806251526
ID_A405BC65AB,0,0.00625161686912179
ID_A407BCC081,0,0.13917239010334015
ID_A40F625CF1,0,0.005131592974066734
ID_A414B60DFC,0,0.009272272698581219
ID_A41FB64A93,0,0.04468856751918793
ID_A4329C148B,0,0.018689796328544617
ID_A43A41596B,0,0.047688405960798264
ID_A43F7A8A9E,0,0.0074728112667799
ID_A450E5D19A,0,0.05718906968832016
ID_A4566D460B,0,0.027656594291329384
ID_A4625DEDDD,0,0.13790272176265717
ID_A465C63339,0,0.36153364181518555
ID_A466BC2439,0,0.6767787933349609
ID_A4724BE084,0,0.20146451890468597
ID_A48BA17372,0,0.046921320259571075
ID_A48E4A2A73,0,0.0837467834353447
ID_A499FEB287,0,0.03234211355447769
ID_A49FE07685,0,0.23867589235305786
ID_A4AA76DFCB,0,0.07754366099834442
ID_A4ACE6B1D4,0,0.34857282042503357
ID_A4B1AAAF33,0,0.008144224062561989
ID_A4B4358144,0,0.012462899088859558
ID_A4B88F04CD,0,0.03491677716374397
ID_A4BBCE5BBD,0,0.008579976856708527
ID_A4C16876A7,0,0.03643662855029106
ID_A4C56E2C97,0,0.17531508207321167
ID_A4C6170A6F,0,0.030628692358732224
ID_A4C912EFB5,0,0.17724479734897614
ID_A4ED886D82,0,0.03132050856947899
ID_A4F85B6979,0,0.007716326974332333
ID_A4FA63D60D,0,0.1553451120853424
ID_A4FD0FABB5,1,0.21307939291000366
ID_A502B1DFBE,0,0.028446469455957413
ID_A506F835AE,0,0.026502050459384918
ID_A509FE317F,0,0.008218979462981224
ID_A50F629126,1,0.214950293302536
ID_A51FFF30A7,0,0.39424166083335876
ID_A52422EA3C,0,0.05141519755125046
ID_A529ACDCA1,0,0.01800314150750637
ID_A5450BD00A,0,0.04911178722977638
ID_A54A172A48,0,0.00362905184738338
ID_A556E5C50E,0,0.10091143101453781
ID_A55F044ED8,1,0.16616249084472656
ID_A56E73C64D,0,0.018672196194529533
ID_A56EB4416B,0,0.018476398661732674
ID_A57181DE42,0,0.07854436337947845
ID_A57A93007B,0,0.005785738117992878
ID_A57B724AB6,0,0.0564979650080204
ID_A57EC85ADE,0,0.08989731967449188
ID_A5870FAF9A,0,0.020633617416024208
ID_A58AF2878E,0,0.13298313319683075
ID_A58C1DE6FC,0,0.2615166902542114
ID_A58E49D354,0,0.01854420080780983
ID_A590FE4CBA,0,0.11736245453357697
ID_A5932F00F1,0,0.006921431049704552
ID_A594083ED2,0,0.06092756986618042
ID_A59C24DD69,1,0.10283584892749786
ID_A5A41BBD63,0,0.015250511467456818
ID_A5B8988D87,0,0.08007082343101501
ID_A5C13FB771,0,0.0973595604300499
ID_A5C2B1FF4F,0,0.031209386885166168
ID_A5C813897E,1,0.022434886544942856
ID_A5D148CE23,0,0.06915893405675888
ID_A5DEB0E3FB,1,0.9234407544136047
ID_A5DFF5E71C,0,0.014256337657570839
ID_A5E611DC1A,1,0.4079321324825287
ID_A5F5EFBBF9,0,0.09469261765480042
ID_A5FE1E10D9,0,0.06219881772994995
ID_A60259CA1B,0,0.2316325604915619
ID_A60350A688,0,0.22822405397891998
ID_A604AF7A9C,0,0.05970766395330429
ID_A60B0AB216,0,0.15586993098258972
ID_A611A0907F,0,0.008396906778216362
ID_A61FD07551,0,0.004828637465834618
ID_A62C040798,0,0.07257723808288574
ID_A638DAC32E,0,0.0391402393579483
ID_A643DC05E1,1,0.31448203325271606
ID_A643E14FE7,0,0.0873972624540329
ID_A669391C6F,0,0.004568286705762148
ID_A678B84949,0,0.14868812263011932
ID_A67E5E5751,0,0.025887319818139076
ID_A6901A4B0E,1,0.20748329162597656
ID_A692963941,0,0.0732586458325386
ID_A6AB2735A1,0,0.01563733071088791
ID_A6ABF54024,0,0.055593788623809814
ID_A6AC5E1B3D,1,0.008474594913423061
ID_A6BB71E25F,0,0.07211901247501373
ID_A6BFBC8B82,0,0.024005740880966187
ID_A6CAA79106,0,0.054152172058820724
ID_A6CBB33078,0,0.04274767264723778
ID_A6CC599B20,0,0.01836138777434826
ID_A6CDD65348,0,0.04668816924095154
ID_A6D3D72672,0,0.07898715883493423
ID_A6D87332AF,0,0.049946129322052
ID_A6E4CC824F,1,0.6238034963607788
ID_A6F2FDCD0B,0,0.09234917163848877
ID_A6F9091199,0,0.03765961155295372
ID_A71BF88246,0,0.03460239991545677
ID_A7247CA7D6,0,0.27284079790115356
ID_A72527D5CB,0,0.23992228507995605
ID_A7275C7629,0,0.006141716614365578
ID_A72D9AFB91,0,0.24554279446601868
ID_A7340EB7BB,0,0.0054725101217627525
ID_A736084923,0,0.011147672310471535
ID_A737C8B84A,0,0.01593969762325287
ID_A73B5F4CB7,0,0.009247686713933945
ID_A73E51AD26,0,0.02479562908411026
ID_A73F38477B,0,0.020457517355680466
ID_A73F76D20B,0,0.018760621547698975
ID_A74D5A629D,0,0.02150706946849823
ID_A75481F3F3,0,0.04849492758512497
ID_A75B640178,0,0.06718004494905472
ID_A7602A4D2F,1,0.1554219126701355
ID_A762C1285F,0,0.03344424441456795
ID_A764B34688,1,0.3459714949131012
ID_A76A8AEE94,1,0.32862624526023865
ID_A76F135E43,1,0.11683514714241028
ID_A76F5980B7,0,0.014072461985051632
ID_A7718EDB3F,0,0.024412229657173157
ID_A773ED7396,0,0.03867374360561371
ID_A7755DA3BD,0,0.03695784881711006
ID_A775E9EAC3,1,0.5524035096168518
ID_A777EDFDCA,0,0.05031578615307808
ID_A781391D6F,0,0.07078053057193756
ID_A786B0ED7E,0,0.03626042976975441
ID_A78FAEE141,0,0.0023739777971059084
ID_A792D92030,0,0.06345086544752121
ID_A79414844C,0,0.19407019019126892
ID_A795172B98,0,0.01306457445025444
ID_A7956EC50C,0,0.019336838275194168
ID_A7A84C5E40,0,0.015182942152023315
ID_A7ACD87CEF,0,0.005159888416528702
ID_A7B10005DB,0,0.07333360612392426
ID_A7B40466E0,1,0.4646885097026825
ID_A7B5A93D3E,0,0.07528021931648254
ID_A7BA40A771,0,0.36558735370635986
ID_A7C3A94FE2,0,0.32240480184555054
ID_A7CF6E55F0,0,0.006503572687506676
ID_A7E5E0FBF1,0,0.21978020668029785
ID_A7E76EE537,0,0.1384355127811432
ID_A7F8369E5A,0,0.12942861020565033
ID_A7FB3298AB,0,0.13680031895637512
ID_A7FDBBD685,0,0.022819101810455322
ID_A803C86F0E,0,0.010336385108530521
ID_A8135FEA8E,0,0.04293731600046158
ID_A8187362C5,0,0.011398938484489918
ID_A81E74B292,0,0.0060194991528987885
ID_A845055108,0,0.002144767437130213
ID_A8503E4043,0,0.00528507586568594
ID_A864AD7B76,1,0.9679965376853943
ID_A865581FF9,0,0.07009449601173401
ID_A86F88F73C,1,0.6256068348884583
ID_A87126D7F0,0,0.059780534356832504
ID_A871DE1F93,0,0.004639142192900181
ID_A87FAE0979,0,0.12421033531427383
ID_A886A2E5A5,0,0.24946558475494385
ID_A8915AB8F4,1,0.3354436159133911
ID_A894B75F51,0,0.03477252274751663
ID_A89ACE455C,0,0.06469132751226425
ID_A89D6D461E,0,0.29126182198524475
ID_A89E69F1F4,0,0.041236914694309235
ID_A8A6B9FFB6,0,0.040925510227680206
ID_A8A6C63A4F,0,0.025726519525051117
ID_A8AB0660E2,0,0.010822117328643799
ID_A8B17F1B09,1,0.8537068367004395
ID_A8B466F597,0,0.06404738873243332
ID_A8C0765F35,0,0.4317886531352997
ID_A8C1A41DBD,0,0.20682081580162048
ID_A8D5A7342F,0,0.12581419944763184
ID_A8D81D42CF,0,0.07524314522743225
ID_A8DA3D94F9,0,0.1167033389210701
ID_A8EF05DF61,0,0.02905149757862091
ID_A8FEC25B68,0,0.03953960910439491
ID_A900DCB797,1,0.3641592562198639
ID_A907443A9D,0,0.24509593844413757
ID_A90E91C88F,0,0.03487590700387955
ID_A918AFA39D,1,0.7787492871284485
ID_A9328D92F2,1,0.31914156675338745
ID_A933853F6E,0,0.004436415154486895
ID_A934AA89AA,1,0.014191150665283203
ID_A934B34AB1,1,0.5592250823974609
ID_A9375A83B5,1,0.916012167930603
ID_A937F8A959,0,0.010785436257719994
ID_A939FBAA98,0,0.17579865455627441
ID_A93BBE5CB1,0,0.2557234466075897
ID_A94743245E,0,0.27317431569099426
ID_A94C36EBA3,0,0.12063011527061462
ID_A94F0E5FB5,0,0.32180774211883545
ID_A956C19248,1,0.21592137217521667
ID_A957504D45,0,0.003916551358997822
ID_A96AEBB932,0,0.02056443691253662
ID_A9706A8118,0,0.05665897950530052
ID_A97236D143,0,0.003887319006025791
ID_A979BC13A3,0,0.0641409158706665
ID_A97DD3105A,0,0.07467032968997955
ID_A98771910A,1,0.40830326080322266
ID_A9896461B9,0,0.004682578146457672
ID_A98CDB1FF8,0,0.012239893898367882
ID_A994E04982,1,0.5845727920532227
ID_A9B1E4EB1F,0,0.006982307881116867
ID_A9BAE024A5,0,0.05418635159730911
ID_A9C51D1894,0,0.02652660198509693
ID_A9CC829DD2,0,0.31014955043792725
ID_A9D4408F17,0,0.21031507849693298
ID_A9D9ED5947,1,0.39787599444389343
ID_A9DB711F13,0,0.009552503935992718
ID_A9E16C5F20,0,0.08442561328411102
ID_A9EFFD61B2,1,0.8019139170646667
ID_A9F472EC17,0,0.027667008340358734
ID_A9F6B0E66C,0,0.02888832427561283
ID_A9F98D9CE6,0,0.014570741914212704
ID_AA02C8EE5B,0,0.005585790146142244
ID_AA0625606B,0,0.0026952833868563175
ID_AA08B7A0F4,0,0.10299934446811676
ID_AA08CF5935,0,0.05077524110674858
ID_AA111F567D,1,0.47021484375
ID_AA1F45AFEB,0,0.006044504698365927
ID_AA329BDF98,0,0.45567330718040466
ID_AA3C4506F2,1,0.8525898456573486
ID_AA3D23F8F6,0,0.03377086669206619
ID_AA42CCBDE6,0,0.034475941210985184
ID_AA48BBFAB8,0,0.13373778760433197
ID_AA49FF5FC0,0,0.0034889504313468933
ID_AA557D7C41,0,0.012327296659350395
ID_AA5F051AB6,1,0.08843472599983215
ID_AA70C2B067,0,0.155519500374794
ID_AA7611846B,0,0.1170259416103363
ID_AA809F4E4F,0,0.13147695362567902
ID_AA820C9798,1,0.49999141693115234
ID_AA85B7C10E,0,0.21008339524269104
ID_AA891E0154,0,0.03695392608642578
ID_AA8FB3999B,0,0.028567973524332047
ID_AA903D03CA,0,0.1402026116847992
ID_AA944A88D7,1,0.2638353407382965
ID_AA97F6C49A,0,0.029150772839784622
ID_AA99565B78,0,0.192567378282547
ID_AAA0113D48,0,0.0682930201292038
ID_AAA54BE61D,0,0.13001278042793274
ID_AAAE35B790,0,0.021031977608799934
ID_AACA27A979,0,0.501295268535614
ID_AAD42736B3,0,0.012593477964401245
ID_AAD759BCA4,0,0.00856570340692997
ID_AAD82B819B,1,0.1701623946428299
ID_AAD9338EC7,0,0.1470334827899933
ID_AADC15FEB4,0,0.02743397280573845
ID_AADC6D6FB0,0,0.04744572564959526
ID_AADD49F672,1,0.38474518060684204
ID_AAE8325578,0,0.04733134061098099
ID_AAEAAF390E,0,0.19499795138835907
ID_AAF00F3CFE,0,0.028645845130085945
ID_AAF18C7B6D,0,0.4306517243385315
ID_AAF2409504,0,0.06552775204181671
ID_AB0C271DDC,0,0.4087285101413727
ID_AB18FAB0E8,0,0.01837092824280262
ID_AB193BE19C,0,0.07205745577812195
ID_AB1A340610,0,0.010678183287382126
ID_AB2864AE4C,0,0.18162070214748383
ID_AB336FEF84,1,0.35878732800483704
ID_AB39365919,0,0.4018028974533081
ID_AB43C06E3D,1,0.9335070252418518
ID_AB4C2F4C9C,0,0.027425387874245644
ID_AB67E6A055,0,0.007851216942071915
ID_AB6A6F2C8B,0,0.17180293798446655
ID_AB6D80660E,0,0.08590707182884216
ID_AB72EFF2EF,0,0.09836781024932861
ID_AB81B0CFAD,1,0.7176190614700317
ID_AB88ED3FB5,0,0.0652751475572586
ID_ABBAAD2098,0,0.1308143138885498
ID_ABCD05094E,0,0.2122475802898407
ID_ABDCD9BC8C,1,0.4475564658641815
ID_ABDE3B6B1F,0,0.009118504822254181
ID_ABE0BC48A4,0,0.013706739991903305
ID_ABFF030BEF,1,0.32595333456993103
ID_AC0092C59D,0,0.11663664877414703
ID_AC0D093F53,0,0.028961867094039917
ID_AC1FDE90CD,0,0.04515686631202698
ID_AC32296F90,1,0.5235118269920349
ID_AC333135B1,0,0.05365375429391861
ID_AC43C3FAF6,0,0.010509487241506577
ID_AC495690FC,0,0.4957880973815918
ID_AC4F1EEA0A,1,0.6099077463150024
ID_AC50EF8745,0,0.010296324267983437
ID_AC5C6A2A9F,0,0.1075468361377716
ID_AC6319D0E5,0,0.21724790334701538
ID_AC757A5C37,0,0.08517448604106903
ID_AC7D7CD697,0,0.12979325652122498
ID_AC8115AB15,1,0.3518243134021759
ID_AC84100F6E,0,0.010617189109325409
ID_AC884159E8,0,0.02158151939511299
ID_AC999DD79F,0,0.09158851206302643
ID_ACA8115537,0,0.10956552624702454
ID_ACBB31082A,0,0.3161622881889343
ID_ACBD4D8E1E,1,0.09713997691869736
ID_ACCB7A7AFB,0,0.411862313747406
ID_ACDBDE9406,0,0.003020083997398615
ID_ACF5AAD94A,0,0.004172966815531254
ID_ACFDEA1338,0,0.030390001833438873
ID_ACFE2C3E17,0,0.007721205707639456
ID_AD033E22C6,1,0.14420932531356812
ID_AD107F126D,0,0.006737439427524805
ID_AD1704F833,0,0.08504461497068405
ID_AD1B2A584E,1,0.11461194604635239
ID_AD1B3B11A6,0,0.050294190645217896
ID_AD1E3706D8,0,0.02025204338133335
ID_AD20B47817,0,0.006602389272302389
ID_AD263AACC2,0,0.005429787561297417
ID_AD2F7EB5BD,0,0.2866591811180115
ID_AD380D261D,0,0.012522234581410885
ID_AD493FF6F5,0,0.05265793204307556
ID_AD4FDD5C3B,0,0.019966959953308105
ID_AD5F3B316B,0,0.4346718192100525
ID_AD677592A4,0,0.0825527012348175
ID_AD69986B06,0,0.10693515837192535
ID_AD6E73C6D4,0,0.03698015213012695
ID_AD795F17D7,0,0.006484337151050568
ID_AD80887258,1,0.2437872588634491
ID_AD828B3779,0,0.043385401368141174
ID_AD86559997,0,0.012340765446424484
ID_AD86B6A0A4,0,0.3154120147228241
ID_AD91B90897,0,0.141214519739151
ID_ADA4E10566,0,0.0833568200469017
ID_ADA5B99518,0,0.18189379572868347
ID_ADB02C0460,1,0.18676504492759705
ID_ADC77BC148,0,0.025529172271490097
ID_ADCB5A16A3,0,0.03665493428707123
ID_ADE82AF8FD,0,0.029331861063838005
ID_ADF04919CD,1,0.6829255819320679
ID_ADFBE5540C,0,0.3327942490577698
ID_AE018ADFE6,0,0.10723535716533661
ID_AE0355D3FF,0,0.1376592069864273
ID_AE05F76FE1,1,0.03559030592441559
ID_AE183A1A88,0,0.003751643467694521
ID_AE221F7CA1,1,0.5385855436325073
ID_AE570ED74A,1,0.48687487840652466
ID_AE58292F7A,0,0.2701176702976227
ID_AE5AC5533F,0,0.01078113168478012
ID_AE631B9474,1,0.09906037896871567
ID_AE63422F4A,1,0.841693639755249
ID_AE6D7024B5,0,0.004265123978257179
ID_AE7F7D28F6,0,0.010569377802312374
ID_AE87D54B9D,0,0.026576202362775803
ID_AE881601D5,0,0.054723042994737625
ID_AE89B32C5E,0,0.03596187382936478
ID_AE8ACDC320,1,0.7333433628082275
ID_AE959C456F,0,0.04522664099931717
ID_AE97BFA4AE,0,0.21765318512916565
ID_AE9A1B5B9B,0,0.09386370331048965
ID_AEAAD886AA,1,0.07655665278434753
ID_AEAB6F35FA,0,0.14465613663196564
ID_AEABD72A21,0,0.23570093512535095
ID_AEB1618A56,0,0.027096044272184372
ID_AEB7801107,0,0.3604971468448639
ID_AEB7B3CDC2,0,0.04164647310972214
ID_AEB8A14F6A,0,0.0854748785495758
ID_AEB9769D95,0,0.11510410904884338
ID_AEBDA3C12B,0,0.005961072165518999
ID_AEC97752A7,0,0.0652732402086258
ID_AECFD8E5A3,0,0.030046172440052032
ID_AED040C0E7,0,0.010050558485090733
ID_AEDC303435,0,0.006125310435891151
ID_AEE1827BE2,0,0.06277491897344589
ID_AEE57298E4,0,0.02042342908680439
ID_AEE81A1B1C,0,0.011286373250186443
ID_AEE873734E,0,0.06856126338243484
ID_AF03DDAD70,0,0.013331219553947449
ID_AF05DC386A,0,0.006931091193109751
ID_AF1EC0D388,0,0.27738386392593384
ID_AF1FDA7CAF,0,0.07548025250434875
ID_AF2D20D20D,1,0.17552779614925385
ID_AF31639A91,1,0.040439583361148834
ID_AF40DF8757,0,0.034477077424526215
ID_AF4209F2D5,0,0.09484462440013885
ID_AF50BE5C0B,0,0.3403133749961853
ID_AF55DC7C7E,0,0.013237643986940384
ID_AF68DB84FB,0,0.019867761060595512
ID_AF6BAC8753,0,0.06010948866605759
ID_AF7E91CD55,0,0.012096326798200607
ID_AF908CA527,0,0.07183775305747986
ID_AF98F53161,1,0.48899221420288086
ID_AF9D23D356,0,0.009194268845021725
ID_AFACFF0B44,0,0.16942201554775238
ID_AFBA6664C8,0,0.08517800271511078
ID_AFBB8FCC4E,0,0.008472440764307976
ID_AFBECF1B1E,1,0.07425558567047119
ID_AFC44B20DE,0,0.04846203327178955
ID_AFE9E80068,0,0.05619264394044876
ID_AFF7578E92,0,0.09425089508295059
ID_AFFCB4A9F1,0,0.05823882296681404
ID_AFFE20674B,0,0.022616278380155563
ID_B00371AA32,1,0.19035157561302185
ID_B004557CCE,0,0.014041857793927193
ID_B00EAF8476,0,0.11960642039775848
ID_B00FD3D48B,0,0.07404061406850815
ID_B01780EF56,0,0.024968374520540237
ID_B017B84635,0,0.011862555518746376
ID_B0183616A0,0,0.03966856747865677
ID_B022A05499,0,0.005280430428683758
ID_B02584BDA2,0,0.02591165527701378
ID_B025A043D5,0,0.04962918162345886
ID_B0269ABB2A,0,0.019989993423223495
ID_B03F782ED7,0,0.02705436199903488
ID_B04AF72881,0,0.019364766776561737
ID_B056694898,0,0.37594491243362427
ID_B05BE35B76,0,0.009573654271662235
ID_B060CCED6A,0,0.010506652295589447
ID_B06C63F12E,0,0.16021238267421722
ID_B073A19089,0,0.005049808416515589
ID_B07636BFAA,0,0.059045255184173584
ID_B07795DACB,0,0.17917253077030182
ID_B080A9CB2A,0,0.013006506487727165
ID_B08363470A,1,0.1506122648715973
ID_B08AEBA570,0,0.0977630615234375
ID_B093DF0869,0,0.028855375945568085
ID_B09EC760A9,0,0.3374705910682678
ID_B09F4705C9,0,0.005661861505359411
ID_B0A3715FAE,0,0.06642839312553406
ID_B0A6D59034,1,0.3466182351112366
ID_B0A958F417,0,0.05604052543640137
ID_B0AB0673BC,0,0.03511945158243179
ID_B0B1FFAC7A,0,0.2652990221977234
ID_B0B283842C,1,0.7017239332199097
ID_B0B598EC0D,0,0.026942932978272438
ID_B0B6CCAE87,0,0.20026074349880219
ID_B0BE0A60C9,1,0.09894320368766785
ID_B0C1C9327C,0,0.32017698884010315
ID_B0C8244C42,0,0.04961108788847923
ID_B0CD23A7BA,0,0.05014445260167122
ID_B0E1307372,0,0.41081035137176514
ID_B0E3A16CDF,0,0.047168463468551636
ID_B0E6F23B5F,0,0.24201637506484985
ID_B0E97CD142,0,0.002207128331065178
ID_B0EE002581,1,0.3917767405509949
ID_B0F923A040,0,0.0014577072579413652
ID_B0FA2DA0ED,0,0.09095726907253265
ID_B102267A51,0,0.04136308282613754
ID_B10C4DF370,0,0.00815649889409542
ID_B10CA84318,0,0.03394501656293869
ID_B11506B920,0,0.028675509616732597
ID_B115CF7BA4,0,0.08790577203035355
ID_B13DC9F178,0,0.008278998546302319
ID_B1434AB6C2,0,0.002554097445681691
ID_B14D1C9A15,0,0.01241757720708847
ID_B156BEEA58,0,0.21009641885757446
ID_B17A5A006A,0,0.05345723032951355
ID_B17F83ACEE,0,0.02839246392250061
ID_B1888A43BB,0,0.06306463479995728
ID_B18A6B1425,1,0.8702969551086426
ID_B18ED2739D,0,0.01844634674489498
ID_B190EFE8E5,0,0.6072101593017578
ID_B192C5AEA7,0,0.00927896797657013
ID_B1935B0DE4,0,0.015256724320352077
ID_B19ABAE10A,0,0.19168716669082642
ID_B19C26AA8E,1,0.4567447304725647
ID_B19C6EE2E7,0,0.013114620931446552
ID_B1A3C1D181,0,0.0642358809709549
ID_B1A6345451,0,0.01354395691305399
ID_B1A7422D7E,1,0.24158614873886108
ID_B1AF83FF1A,0,0.029646309092640877
ID_B1C02A3AAA,0,0.02029525488615036
ID_B1CDFCE30E,0,0.006038386840373278
ID_B1D3A49318,0,0.13491924107074738
ID_B1DA95CF9F,0,0.01763586886227131
ID_B1DB17E749,0,0.3910348415374756
ID_B1FC7D1EC9,1,0.09461146593093872
ID_B1FE3D9479,0,0.056407198309898376
ID_B20213A5F6,0,0.0010947681730613112
ID_B2051C1753,1,0.5387721061706543
ID_B20C9C3F23,0,0.1611647754907608
ID_B2104EAF2B,0,0.35459303855895996
ID_B213F9EEBD,0,0.0256345234811306
ID_B2178A1050,1,0.4358863830566406
ID_B21BC232A4,0,0.02919159084558487
ID_B21EC25088,0,0.22158724069595337
ID_B229CC1040,0,0.10625223815441132
ID_B22ED6D8EB,0,0.00325713399797678
ID_B239CA3349,1,0.02576407417654991
ID_B24DAD282C,0,0.027814773842692375
ID_B250E9EA1C,0,0.013111747801303864
ID_B2544CA99B,0,0.0035586226731538773
ID_B25A4CE0D3,0,0.2574833929538727
ID_B261A2C2A6,0,0.11368071287870407
ID_B26878DB30,0,0.08848711848258972
ID_B276394D13,0,0.009132450446486473
ID_B2784255EF,1,0.08217082917690277
ID_B27891AEB8,0,0.021094800904393196
ID_B27C902258,0,0.025702275335788727
ID_B28046DEC3,0,0.32273828983306885
ID_B28278803C,0,0.26706165075302124
ID_B289CF4E61,0,0.02966316044330597
ID_B292AC0120,0,0.011865532025694847
ID_B299C6AE79,0,0.07826142013072968
ID_B2B9F0DF20,0,0.01677544414997101
ID_B2C658E593,0,0.00972585566341877
ID_B2CD39BFCC,0,0.00795360840857029
ID_B2CE933F73,0,0.03360190615057945
ID_B2D28F4FB5,0,0.12382248044013977
ID_B2E52B30E4,0,0.014345461502671242
ID_B2F193117A,0,0.10182815045118332
ID_B2F5CB5118,0,0.04798373579978943
ID_B2FA22EA35,0,0.10776969790458679
ID_B2FDD5A8B4,0,0.002222290262579918
ID_B305DC97F7,0,0.010028611868619919
ID_B30684F444,1,0.29133012890815735
ID_B30847CF40,0,0.033865928649902344
ID_B30D16585D,0,0.01736176759004593
ID_B31F0529D4,0,0.02355455607175827
ID_B3387675C1,0,0.024269625544548035
ID_B33C6BCDAB,0,0.02471805363893509
ID_B33FC95DBB,0,0.010256623849272728
ID_B34A70C0DA,0,0.01669015735387802
ID_B34C30DC53,0,0.13333705067634583
ID_B34CC010F4,0,0.12749841809272766
ID_B3530F4886,0,0.013661641627550125
ID_B357CFE024,0,0.023597244173288345
ID_B35A9E6018,0,0.004804229363799095
ID_B35BC409A8,0,0.034926820546388626
ID_B35D0FB1C1,0,0.049282342195510864
ID_B361142CB1,0,0.09973335266113281
ID_B365E8A05F,0,0.052606482058763504
ID_B37A0F00C4,0,0.23458006978034973
ID_B37E9CC2E2,0,0.0014912944752722979
ID_B386F3EA3D,0,0.19627055525779724
ID_B38B2EE906,0,0.006698549259454012
ID_B3A00A4794,0,0.006598477251827717
ID_B3A65521C4,0,0.1633392572402954
ID_B3A8D44D5B,0,0.13311666250228882
ID_B3B0289969,0,0.0029884923715144396
ID_B3BED74AD2,0,0.06067495048046112
ID_B3C5FCAF85,0,0.008387897163629532
ID_B3CD3F3A65,0,0.09105610102415085
ID_B3CD7EDE94,0,0.14406169950962067
ID_B3D0B34548,0,0.18900048732757568
ID_B3D630FC59,0,0.033166754990816116
ID_B404826AC8,0,0.01185393426567316
ID_B4090F69CE,0,0.02161998860538006
ID_B40A873BBB,0,0.012785373255610466
ID_B40AFFD205,0,0.00202152319252491
ID_B4102C0FC9,0,0.06065572053194046
ID_B4118A04DD,0,0.1335182934999466
ID_B413B8EC50,0,0.42421337962150574
ID_B41B915999,0,0.0447627529501915
ID_B4223355E1,0,0.13180318474769592
ID_B423FA2596,0,0.05090460181236267
ID_B42FE76168,0,0.20081764459609985
ID_B443D8A955,0,0.008014743216335773
ID_B44CC95546,0,0.008137306198477745
ID_B454C16565,0,0.00543375825509429
ID_B455DACAF0,0,0.06687811017036438
ID_B464528192,0,0.007422524970024824
ID_B46D676DF8,0,0.0020450660958886147
ID_B471675A9C,1,0.12589599192142487
ID_B471F20F5B,0,0.13249927759170532
ID_B478163D20,0,0.08065000176429749
ID_B478FA471A,0,0.04109739139676094
ID_B479672ABF,0,0.05189776420593262
ID_B4897E6FD1,0,0.08105621486902237
ID_B49F379495,0,0.019069144502282143
ID_B49F7F3B5D,0,0.011925064027309418
ID_B4AFDBE366,0,0.01000550389289856
ID_B4B07DA8BC,1,0.7157132625579834
ID_B4B8747519,0,0.12245584279298782
ID_B4BDB78123,0,0.07575636357069016
ID_B4C9E4590F,0,0.010807523503899574
ID_B4CA7DF17C,1,0.5226544141769409
ID_B4CB810564,0,0.041402265429496765
ID_B4D0178716,0,0.006880238186568022
ID_B4D9597CD5,0,0.009382788091897964
ID_B4DC5A0F5F,0,0.1564086228609085
ID_B4DE98BE49,1,0.7455762624740601
ID_B4E03C9BE5,0,0.0063449000008404255
ID_B4F13B254F,0,0.04191373661160469
ID_B4F2E6381E,0,0.001330451457761228
ID_B4F4246B7C,1,0.38815492391586304
ID_B4FEA879E6,0,0.015833163633942604
ID_B5005A82AC,0,0.616406261920929
ID_B501C7E6E7,0,0.013695796951651573
ID_B502E88107,0,0.15025216341018677
ID_B505896255,0,0.3743448853492737
ID_B5084CF25B,0,0.2204393893480301
ID_B5154D9DF6,0,0.014910507947206497
ID_B521347ABC,0,0.015867307782173157
ID_B522DB3941,0,0.0817110687494278
ID_B5310FD7E1,0,0.012752028182148933
ID_B5312F7A2C,0,0.16545650362968445
ID_B53B2F3A0C,0,0.034460052847862244
ID_B541227EF8,0,0.019521793350577354
ID_B54D3A2A75,0,0.032813187688589096
ID_B54F732BA7,0,0.01593870297074318
ID_B555E29BED,0,0.026349838823080063
ID_B555F1426B,0,0.337283730506897
ID_B55AB04BC0,0,0.041975900530815125
ID_B55AFA77D5,0,0.036908842623233795
ID_B56016F958,0,0.36692607402801514
ID_B5673AF6F1,0,0.006718399468809366
ID_B56B15984B,0,0.0021174848079681396
ID_B5745F026B,0,0.055053651332855225
ID_B57C6B55F8,0,0.3580006957054138
ID_B586BD3ABC,0,0.03146740421652794
ID_B58ACA7CE0,0,0.15845829248428345
ID_B591380B3E,1,0.24560865759849548
ID_B59BF21E85,1,0.4380761682987213
ID_B5A6A0229D,0,0.2280561476945877
ID_B5B535DD85,0,0.18778568506240845
ID_B5C5ED37FC,0,0.027347268536686897
ID_B5CA12B292,0,0.1329890787601471
ID_B5CC13F065,0,0.1816411316394806
ID_B5D0D4A02B,0,0.09751002490520477
ID_B5D74733A9,1,0.4120924174785614
ID_B5D86FC80C,0,0.2160053551197052
ID_B5DE3FE4D3,0,0.06020188331604004
ID_B5E0283A7E,0,0.007475603371858597
ID_B5E05DD68B,0,0.004775255918502808
ID_B5EE81AC11,0,0.11941374838352203
ID_B5F87A8711,0,0.09608859568834305
ID_B600AA572E,0,0.009314856491982937
ID_B60318BFF4,0,0.13015791773796082
ID_B603B27280,1,0.1287831813097
ID_B610AFD7D3,0,0.013517810963094234
ID_B615061D84,0,0.5476994514465332
ID_B628A8D4EE,1,0.042935051023960114
ID_B62B3A5834,0,0.010460926219820976
ID_B63A12BF4D,0,0.12487268447875977
ID_B6544EEA56,0,0.031397268176078796
ID_B65B0220F4,0,0.010172810405492783
ID_B6689F1B59,0,0.009509756229817867
ID_B67175F6D4,0,0.004459306597709656
ID_B674C8077C,0,0.037525326013565063
ID_B67FACDB67,0,0.06640349328517914
ID_B6868D4267,0,0.4719567894935608
ID_B6A30CA399,0,0.03536994755268097
ID_B6A62449F0,0,0.04179362580180168
ID_B6AA972689,0,0.004864977672696114
ID_B6AC9B0D0C,1,0.566247284412384
ID_B6AED4AA43,0,0.11174314469099045
ID_B6B592CD80,0,0.030381646007299423
ID_B6B5DFCB3F,0,0.026278896257281303
ID_B6B6EEC3B7,0,0.07248270511627197
ID_B6C4D5D987,0,0.33582139015197754
ID_B6CD292758,0,0.026892630383372307
ID_B6D4B95762,0,0.06495090574026108
ID_B6DC829617,0,0.0129177775233984
ID_B6E4C2F41D,0,0.0018506587948650122
ID_B6E8421AB7,0,0.027645336464047432
ID_B6EE896718,0,0.04831845313310623
ID_B6F6D0CC3A,0,0.17025122046470642
ID_B709830D75,0,0.011288626119494438
ID_B70C5294EB,0,0.037956103682518005
ID_B70F6CF4E7,0,0.1572277694940567
ID_B711345173,0,0.030424106866121292
ID_B714EBA4A2,0,0.02995637059211731
ID_B715E5B1F8,0,0.02942556142807007
ID_B71EBD18ED,0,0.010209539905190468
ID_B71EC635CB,1,0.9405942559242249
ID_B72537732F,0,0.023210890591144562
ID_B727B4968A,0,0.07121513038873672
ID_B72CB27FB7,0,0.021100761368870735
ID_B735986460,0,0.0069022756069898605
ID_B73DA176E9,0,0.010210963897407055
ID_B73DF41BE4,0,0.05802134796977043
ID_B73F3D9B3D,0,0.04568943381309509
ID_B7442044B0,0,0.008494015783071518
ID_B7456003CD,0,0.05872533097863197
ID_B751AD153C,1,0.27511435747146606
ID_B7542FA982,0,0.028283435851335526
ID_B7561147DE,0,0.05064809322357178
ID_B75791C994,0,0.17097336053848267
ID_B76DC6F0B0,0,0.01809244230389595
ID_B77E8B169E,0,0.00352619681507349
ID_B7883766D9,0,0.1638670712709427
ID_B78903B1C5,0,0.6150367856025696
ID_B78AD8D3EA,0,0.016544977203011513
ID_B7962771A1,1,0.1261960119009018
ID_B79C435309,0,0.18574801087379456
ID_B79C937C9C,0,0.4590910077095032
ID_B7AE1BE283,0,0.0402192547917366
ID_B7AEBF2DD1,1,0.8863161206245422
ID_B7BA1115B7,0,0.1641419529914856
ID_B7BEDDE724,0,0.015276746824383736
ID_B7C8EFE2B4,0,0.2579542100429535
ID_B7C9E268A4,0,0.018163813278079033
ID_B7D23CEFD5,0,0.0082100760191679
ID_B7E8BBE170,0,0.12904246151447296
ID_B7ECAEE198,0,0.052605316042900085
ID_B7ED4BBB90,0,0.142966628074646
ID_B800231FE5,0,0.021219363436102867
ID_B8089B55C6,0,0.01901559717953205
ID_B80CFC935D,0,0.01827125996351242
ID_B80D54631A,0,0.2839910387992859
ID_B816CCDA11,0,0.009346450679004192
ID_B81F125853,0,0.1710161566734314
ID_B8309D4BFA,0,0.04648991674184799
ID_B843DAF80D,0,0.0024307104758918285
ID_B843DC0281,0,0.06339720636606216
ID_B84D5A3245,0,0.017581487074494362
ID_B8566E6AE4,0,0.01745704747736454
ID_B862C2C158,0,0.009878096170723438
ID_B86465A5A6,1,0.061294492334127426
ID_B86D6049FE,0,0.007386236917227507
ID_B86E30CE60,0,0.036647144705057144
ID_B883BBFA30,0,0.013109740801155567
ID_B884BBC06A,0,0.0222585741430521
ID_B8867E62E7,0,0.03277667984366417
ID_B891CEBAFC,0,0.11305789649486542
ID_B89281B599,0,0.41149431467056274
ID_B89396FE7F,1,0.755882203578949
ID_B8A0F2D4A5,1,0.13855403661727905
ID_B8B58E249E,0,0.4074017405509949
ID_B8CAFA6142,0,0.3032754063606262
ID_B8D7672923,0,0.39115071296691895
ID_B8EAB5D717,0,0.00832335278391838
ID_B8F74372D5,1,0.5849025845527649
ID_B902D1732D,1,0.22637826204299927
ID_B9104E72D0,1,0.4063451290130615
ID_B920BDE462,0,0.30462512373924255
ID_B927E50117,0,0.10230841487646103
ID_B938D80AAE,0,0.07667171210050583
ID_B93ACFA087,1,0.49818503856658936
ID_B93FC6AA95,0,0.004997964948415756
ID_B94F86A446,0,0.022215930745005608
ID_B951F01ADE,0,0.04940323531627655
ID_B967747D33,0,0.08649495244026184
ID_B96AA0A51C,0,0.038296911865472794
ID_B96AB0C2A0,0,0.12892590463161469
ID_B9A019AA49,0,0.02812061831355095
ID_B9A9EA9521,1,0.4125922918319702
ID_B9B56F5E35,0,0.004285717383027077
ID_B9BF8A0A48,0,0.06670498102903366
ID_B9C6B1F319,0,0.36281466484069824
ID_B9C8262018,0,0.015153929591178894
ID_B9C85A283C,0,0.12299548089504242
ID_B9D3EDE2E5,0,0.308746874332428
ID_B9D9799FE6,0,0.11638754606246948
ID_B9E136EB24,0,0.004170441068708897
ID_B9E8E46471,0,0.03358648717403412
ID_B9F87BF6A8,0,0.06863874942064285
ID_B9FABA5392,0,0.10111311078071594
ID_BA026181C8,1,0.0689024031162262
ID_BA0C69E8B1,0,0.5287462472915649
ID_BA0EC45607,0,0.06369862705469131
ID_BA0FD270A0,0,0.03843657672405243
ID_BA162EB2AB,0,0.006113875657320023
ID_BA18C0ECBB,0,0.0722079649567604
ID_BA41BD70E7,0,0.07414936274290085
ID_BA46A90038,0,0.04864874109625816
ID_BA4C2C79FC,1,0.19029676914215088
ID_BA5558CBBF,0,0.0317203626036644
ID_BA5C2B8783,0,0.15902066230773926
ID_BA5D883A80,0,0.007297847419977188
ID_BA65586169,1,0.1278942972421646
ID_BA65FC2141,0,0.027209727093577385
ID_BA6AD72D9B,0,0.05160918086767197
ID_BA6E7A83A9,0,0.020131535828113556
ID_BA76392AE5,0,0.0030078233685344458
ID_BA7AC55987,0,0.05791899561882019
ID_BA7BEBC67B,0,0.03285784274339676
ID_BA7CCF5C62,0,0.0042906152084469795
ID_BA7CD64667,0,0.2835114896297455
ID_BA80B7B605,0,0.006730295717716217
ID_BA8D96E517,0,0.015148929320275784
ID_BA959D1726,0,0.1833014190196991
ID_BA9CB55FEF,0,0.030061887577176094
ID_BAAC1FD9DC,0,0.04087381064891815
ID_BAAEB5F88A,0,0.2756475806236267
ID_BAB25634C4,1,0.6486661434173584
ID_BABB0BBC84,0,0.12894390523433685
ID_BAD46CFA7A,0,0.3398903012275696
ID_BADC1966C5,1,0.12671053409576416
ID_BAE15C8A68,0,0.007160234730690718
ID_BAE62D60C5,0,0.05486399307847023
ID_BAF7C1BC90,1,0.2993023097515106
ID_BB067BCEB6,0,0.12881827354431152
ID_BB1B60196B,0,0.01541629247367382
ID_BB1CEF93E8,0,0.045384492725133896
ID_BB2115F721,0,0.014912649057805538
ID_BB476EB889,0,0.005482171196490526
ID_BB4ECF49A3,0,0.07764553278684616
ID_BB56B0FFBE,0,0.23310306668281555
ID_BB56CA1F53,0,0.020045414566993713
ID_BB572D908D,0,0.08997732400894165
ID_BB58A07988,0,0.10755383968353271
ID_BB60A00502,0,0.015282873064279556
ID_BB70A26B69,0,0.09279925376176834
ID_BB82871B52,0,0.022344565019011497
ID_BB8BD37FF3,0,0.012642301619052887
ID_BB911695D0,0,0.7002239227294922
ID_BB94A98E68,0,0.003487116191536188
ID_BB97F0C5C2,0,0.013018489815294743
ID_BBB13182B5,1,0.834505021572113
ID_BBB31A4B8A,0,0.1325911283493042
ID_BBB9BC0C7C,1,0.24215641617774963
ID_BBBE9C024A,0,0.04449028521776199
ID_BBC6A8C53F,0,0.3740667998790741
ID_BBC957C0B6,1,0.8435035943984985
ID_BBCB3FBE7C,0,0.3406982421875
ID_BBCC4235E2,0,0.03152838349342346
ID_BBCDE80DE6,0,0.008136377669870853
ID_BBD835F078,0,0.14302729070186615
ID_BBDD1C1FA6,0,0.011150553822517395
ID_BBE057572B,0,0.08526184409856796
ID_BBE71292FA,0,0.005100967828184366
ID_BBF16F3899,0,0.08442145586013794
ID_BBFA6CA186,1,0.4521993398666382
ID_BC02F39822,0,0.1897927224636078
ID_BC07BCFD00,0,0.01602199301123619
ID_BC165A7047,0,0.29115867614746094
ID_BC1F4126A3,0,0.006856862921267748
ID_BC23BD1FAA,0,0.004310413263738155
ID_BC2B01D2C0,0,0.008575809188187122
ID_BC2CEEF741,0,0.44635075330734253
ID_BC390DC1D5,0,0.008028548210859299
ID_BC3C9DE0BA,0,0.07554429024457932
ID_BC4CC40D38,1,0.4769289493560791
ID_BC4E35A998,0,0.00543367862701416
ID_BC50081762,0,0.07547232508659363
ID_BC617F9DEA,0,0.1330564022064209
ID_BC69AFC19C,0,0.04658586531877518
ID_BC77782CDD,0,0.059751398861408234
ID_BC7B0CCA79,0,0.03768596798181534
ID_BC809A149F,0,0.05056490749120712
ID_BC912D0EAE,1,0.06459452956914902
ID_BC95484EE5,0,0.08916681259870529
ID_BCA0281188,0,0.03226535767316818
ID_BCA0A48668,0,0.024034129455685616
ID_BCA56426D9,0,0.13305328786373138
ID_BCB7AF21EC,0,0.018690388649702072
ID_BCBD0DEB15,0,0.2690192461013794
ID_BCDC648374,0,0.06542313098907471
ID_BCDF6E6D0A,0,0.004073502030223608
ID_BCE1BFD7D3,1,0.19652333855628967
ID_BCE286D054,1,0.08906150609254837
ID_BCEBF534CA,0,0.1436818540096283
ID_BCEFED361B,0,0.49972715973854065
ID_BCFA6D1DE6,0,0.5782036185264587
ID_BD052E802B,0,0.0065017021261155605
ID_BD20999540,0,0.040599603205919266
ID_BD3308A867,0,0.20526446402072906
ID_BD3C6A8FC0,1,0.3522997796535492
ID_BD4CE783DB,0,0.029711931943893433
ID_BD5735DD3A,0,0.12847599387168884
ID_BD67FF2FD4,0,0.01709742471575737
ID_BD6D480995,0,0.05713217705488205
ID_BD7BFB3A26,1,0.1270843893289566
ID_BD814EA242,0,0.5237103700637817
ID_BD82DAFB28,0,0.01834709383547306
ID_BD8579D129,0,0.048420250415802
ID_BD8642079D,0,0.04991127923130989
ID_BD86FA872C,0,0.04697880521416664
ID_BD8A039E09,0,0.046946439892053604
ID_BD98DB432C,1,0.6962671875953674
ID_BD992B8F55,0,0.04454363137483597
ID_BD9E25BBA5,0,0.01294007059186697
ID_BDA15B116E,0,0.003251134417951107
ID_BDA9AE0C4B,0,0.08545637130737305
ID_BDC05CA58C,0,0.009755331091582775
ID_BDC77E0724,0,0.39457783102989197
ID_BDC7CFCFDC,0,0.053495388478040695
ID_BDCA2F6F55,0,0.09456291794776917
ID_BDCCC26885,0,0.005424391478300095
ID_BDD23A231B,1,0.4294604957103729
ID_BDD7F22BB9,0,0.4508343040943146
ID_BDDB13AA07,0,0.012356648221611977
ID_BDE5F6F87D,0,0.0025435728020966053
ID_BE028769DF,0,0.06319224834442139
ID_BE1DC24F66,0,0.0047881207428872585
ID_BE203A815D,0,0.042312514036893845
ID_BE2780DBF9,0,0.1652413308620453
ID_BE2EF89579,0,0.016746943816542625
ID_BE4FF82341,0,0.010475993156433105
ID_BE5430DADC,1,0.8636890649795532
ID_BE88591656,0,0.10467919707298279
ID_BE9050BD36,0,0.009187515825033188
ID_BE92EA7ED5,0,0.013248980045318604
ID_BEA46E378F,0,0.06023433431982994
ID_BEABAC0136,0,0.012870856560766697
ID_BEC2783837,0,0.0039083450101315975
ID_BEC6E6BAB3,0,0.006423178128898144
ID_BEC85C6A05,1,0.32971227169036865
ID_BEC92BE937,0,0.21821162104606628
ID_BECD7F5801,0,0.0625491812825203
ID_BEDCD2D9D4,0,0.00948446337133646
ID_BEDCFA4E4C,0,0.02325405925512314
ID_BEE9D89E39,0,0.06417647004127502
ID_BEF20883A2,0,0.03322882950305939
ID_BF00100E8C,1,0.6446598172187805
ID_BF051547EF,1,0.12333858013153076
ID_BF0E3935F3,0,0.10888610035181046
ID_BF0EDBCED2,0,0.021967826411128044
ID_BF0EE2ABC0,1,0.09914378821849823
ID_BF0F971560,0,0.4423595070838928
ID_BF112B7318,0,0.16025349497795105
ID_BF26CDA865,0,0.022751830518245697
ID_BF317218F5,0,0.014636375941336155
ID_BF32437E46,0,0.027012236416339874
ID_BF37E6CC09,0,0.02770191617310047
ID_BF402745DE,0,0.03168579563498497
ID_BF436A4EA5,0,0.07346449047327042
ID_BF4D01A607,0,0.009108265861868858
ID_BF5EB72425,0,0.07210235297679901
ID_BF61CC19F5,1,0.8152884840965271
ID_BF68FCB896,0,0.07064463198184967
ID_BF6D9CBFC5,0,0.001677252585068345
ID_BF6F36E50F,0,0.004634670913219452
ID_BF6FEBE7C8,0,0.0020585947204381227
ID_BF7F5A9C06,0,0.02573397010564804
ID_BF7F71641E,0,0.16571158170700073
ID_BF830D1D97,0,0.1081819161772728
ID_BF8F521B89,0,0.14387309551239014
ID_BF99704994,0,0.0292672049254179
ID_BFA5727D73,0,0.005303706042468548
ID_BFA9A6771C,0,0.006475696340203285
ID_BFABFB527E,0,0.20029018819332123
ID_BFBD7BA569,0,0.05305976793169975
ID_BFBEFB340C,0,0.24470776319503784
ID_BFCB502891,1,0.148128479719162
ID_BFD2DA96EB,0,0.09057459235191345
ID_BFD80A8D6F,0,0.07290352880954742
ID_BFDB485C1F,0,0.406061053276062
ID_BFDB8A413B,0,0.06758235394954681
ID_BFE58FA417,0,0.01381815504282713
ID_BFF93BE111,0,0.07278197258710861
ID_BFF971E0A0,0,0.009221022948622704
ID_BFFAF95E68,0,0.039613887667655945
ID_C01654D8F3,0,0.1931036412715912
ID_C01CF5263E,0,0.14667943120002747
ID_C030638743,0,0.017485033720731735
ID_C03A4EC4D9,0,0.01938890479505062
ID_C0472145C0,0,0.15260902047157288
ID_C04D680E14,0,0.0062259892001748085
ID_C04F711C55,0,0.08481632173061371
ID_C0537C33CB,0,0.01800384186208248
ID_C05A6CC14C,1,0.5775929689407349
ID_C074A150AB,0,0.017768284305930138
ID_C08D757B2A,0,0.26073282957077026
ID_C08F16FFBD,0,0.0902499184012413
ID_C0A104F202,0,0.01684858836233616
ID_C0A30EAA5B,0,0.020267082378268242
ID_C0A9838575,0,0.14413949847221375
ID_C0B08D3C4E,0,0.01339401863515377
ID_C0B158C8EC,1,0.21694624423980713
ID_C0B61B7EA2,0,0.0034325977321714163
ID_C0B727925F,0,0.21110497415065765
ID_C0B7B51442,0,0.08262710273265839
ID_C0BD71C8D4,0,0.004134769551455975
ID_C0D13C3659,0,0.2708085775375366
ID_C0D6C40EEE,0,0.007303854916244745
ID_C0D717371A,0,0.08898138254880905
ID_C0D9AE7288,0,0.004576538689434528
ID_C0DC98C7F6,0,0.026677671819925308
ID_C0DCA685AD,0,0.014406328089535236
ID_C0DEAA89A0,0,0.03329334408044815
ID_C0F7033AFE,0,0.20055541396141052
ID_C0FA3D0BE1,0,0.16648003458976746
ID_C0FED762E5,0,0.4315761923789978
ID_C109B34C64,1,0.13656611740589142
ID_C10A030BF6,0,0.47971266508102417
ID_C11F282678,0,0.1737493872642517
ID_C1214AC1F4,0,0.015018349513411522
ID_C122083EAD,1,0.3041384816169739
ID_C1266838E0,1,0.16119608283042908
ID_C12B55F7BC,1,0.03205506503582001
ID_C132C2D552,0,0.06560980528593063
ID_C138CCD0A8,0,0.20540666580200195
ID_C13B8E4B66,0,0.03727790713310242
ID_C13B92FE6B,1,0.31590956449508667
ID_C14786C9D2,0,0.4064590632915497
ID_C1516ADB7D,0,0.09813424944877625
ID_C156D054A4,0,0.10624274611473083
ID_C15A4A5715,0,0.023935824632644653
ID_C15C3078D3,1,0.386060893535614
ID_C15F37A0B0,1,0.737068235874176
ID_C15FAC3CA6,1,0.02769169583916664
ID_C165A603BB,0,0.01498838234692812
ID_C16975D95F,0,0.16435277462005615
ID_C172EC1986,0,0.015009048394858837
ID_C1738A8413,0,0.0758187472820282
ID_C180310139,0,0.0015443474985659122
ID_C18F0B69C4,0,0.7829054594039917
ID_C19478E627,0,0.11579533666372299
ID_C19A4B264D,0,0.2509041130542755
ID_C19A72EB63,0,0.12577280402183533
ID_C19C2EDEA6,0,0.0469246581196785
ID_C1A453702E,0,0.32047227025032043
ID_C1A884AE7D,0,0.0048774597235023975
ID_C1AB8F4D47,0,0.21391421556472778
ID_C1ADB58147,0,0.035056840628385544
ID_C1B3C94471,0,0.25417929887771606
ID_C1BAAFB452,0,0.12192070484161377
ID_C1C05E1AE8,0,0.16079793870449066
ID_C1D1F9A84F,1,0.1290053278207779
ID_C1D6B28288,0,0.10018455982208252
ID_C1D8015217,0,0.10802823305130005
ID_C1E443165E,1,0.41226890683174133
ID_C1E4E877B0,0,0.006691945716738701
ID_C1E9FFEEB8,0,0.02015753462910652
ID_C1EDC57BF9,0,0.05138976499438286
ID_C1F601D90C,0,0.003927183337509632
ID_C1F805FAA8,0,0.029881425201892853
ID_C1F9BA75C4,0,0.016494721174240112
ID_C20167793B,0,0.008770543150603771
ID_C20E973238,0,0.04151255637407303
ID_C210861951,0,0.018454646691679955
ID_C2182E915B,0,0.2584753632545471
ID_C2270DD043,0,0.08206113427877426
ID_C22933EC98,0,0.01827613264322281
ID_C23280614C,0,0.2073974609375
ID_C249B3DEDB,0,0.10260462015867233
ID_C2551E0983,0,0.023780029267072678
ID_C25E056AA1,0,0.08218871802091599
ID_C26EF7ECA3,0,0.02031068317592144
ID_C276192D5D,0,0.02796742506325245
ID_C27C9BB736,0,0.03780975937843323
ID_C27CC03F41,0,0.012993955984711647
ID_C27E3DC455,0,0.030890967696905136
ID_C2825172BA,0,0.10165125131607056
ID_C286C6419C,0,0.028505735099315643
ID_C286F8689F,1,0.6919987201690674
ID_C298FDD13C,0,0.2158365547657013
ID_C299D59C52,0,0.2628750801086426
ID_C2A52B3C61,0,0.006889886688441038
ID_C2AA83FC9E,0,0.11145775765180588
ID_C2AC18B9D1,0,0.012101015076041222
ID_C2AE844167,0,0.08333829790353775
ID_C2AF0BCE62,0,0.01772190071642399
ID_C2B8433A17,0,0.26307445764541626
ID_C2BBF3FC3F,1,0.709563672542572
ID_C2BF06043C,0,0.03454688563942909
ID_C2DEA71DD2,0,0.0332467183470726
ID_C2E53EB7AA,0,0.3005235493183136
ID_C2E8C1D4C0,1,0.392458438873291
ID_C2F3D03B6D,0,0.0036495556123554707
ID_C2F9B5D260,0,0.6037207841873169
ID_C2FD2E66FF,1,0.7600349187850952
ID_C309FCC66A,0,0.01843111403286457
ID_C30B43E75E,0,0.20149454474449158
ID_C30BFCA4F7,0,0.05262567475438118
ID_C3147C0392,0,0.04286806285381317
ID_C31506B3DD,1,0.3210223913192749
ID_C31961BC3B,0,0.020732751116156578
ID_C3369C3CB8,0,0.21304887533187866
ID_C343B9F8FF,0,0.018922725692391396
ID_C349CA60E0,0,0.09207114577293396
ID_C34D3916E5,0,0.009495509788393974
ID_C34DFE83FB,0,0.002459995448589325
ID_C355E6E304,1,0.021887853741645813
ID_C3572890B8,1,0.27527856826782227
ID_C357CE27FA,0,0.2494308054447174
ID_C35B214AAE,0,0.1446245163679123
ID_C36977BB7A,1,0.5217780470848083
ID_C36C8BA589,0,0.017032939940690994
ID_C371B70D4B,0,0.7893502712249756
ID_C37F86ADA9,0,0.005055793095380068
ID_C38863135C,0,0.006437656469643116
ID_C391DB46E4,0,0.010415392927825451
ID_C3996B1944,1,0.18546073138713837
ID_C3A431C44C,0,0.23141196370124817
ID_C3A685954E,0,0.016616076231002808
ID_C3AD2ECAAB,0,0.015640776604413986
ID_C3AEABFA4D,0,0.1270095407962799
ID_C3AFECE45B,0,0.07800036668777466
ID_C3D1C196EA,0,0.03228524699807167
ID_C3DFEF612F,0,0.061746224761009216
ID_C3F0C20514,0,0.07986198365688324
ID_C3F94AB737,0,0.012409139424562454
ID_C3FC38402E,0,0.04909924045205116
ID_C402DFE59B,0,0.018188603222370148
ID_C4052110C0,0,0.31286168098449707
ID_C40CFF7218,0,0.023537512868642807
ID_C40F56BC48,0,0.16826122999191284
ID_C411B50BFB,0,0.0057230498641729355
ID_C41580A54F,0,0.3126630187034607
ID_C41A2EFF00,0,0.022975854575634003
ID_C422098604,0,0.08577064424753189
ID_C446C0DFED,0,0.5097165107727051
ID_C44B4FD7FB,1,0.5743127465248108
ID_C44C0B5AB9,0,0.193364679813385
ID_C45286E080,0,0.16234621405601501
ID_C458D1136B,0,0.0791192501783371
ID_C45EFDC41C,1,0.6595546007156372
ID_C46F089912,1,0.35692429542541504
ID_C473C42684,1,0.1463538557291031
ID_C47A36D59C,0,0.03239457309246063
ID_C4811ED2A1,0,0.1464630365371704
ID_C4814C8495,0,0.0843229666352272
ID_C48AD5CC33,0,0.004448592197149992
ID_C48F0DD7F1,0,0.045513004064559937
ID_C4A12006C5,0,0.023696163669228554
ID_C4A1D9B4F7,1,0.45096319913864136
ID_C4A6354C4D,0,0.07890769094228745
ID_C4A6FF6011,1,0.30857667326927185
ID_C4B4D7FA91,0,0.1288606822490692
ID_C4B9E2F79D,0,0.056797970086336136
ID_C4BDD6270C,0,0.11115900427103043
ID_C4CC47D44A,0,0.024813037365674973
ID_C4D1763E1A,0,0.01306757889688015
ID_C4D5355773,0,0.17642277479171753
ID_C4D8392C5D,1,0.029300689697265625
ID_C4DDE0FAC1,0,0.010406361892819405
ID_C4E12888B3,0,0.12160267680883408
ID_C4E2797799,0,0.23746545612812042
ID_C4E67FCFBA,0,0.010561607778072357
ID_C4ED879FE2,0,0.015778616070747375
ID_C4EFE3611B,0,0.07459494471549988
ID_C5059325AB,0,0.2583926022052765
ID_C5083B07A3,0,0.004193222150206566
ID_C5095B069A,0,0.01734965480864048
ID_C50E75D09D,0,0.11666229367256165
ID_C5100CA599,0,0.09365382045507431
ID_C52759FEAC,0,0.5654472708702087
ID_C52A543CC4,1,0.3669241666793823
ID_C52EC6D73D,0,0.2796144187450409
ID_C53BDB7629,0,0.019624659791588783
ID_C53F0D0029,1,0.8855839371681213
ID_C5405329D0,1,0.7672450542449951
ID_C544AB81BA,0,0.0032895714975893497
ID_C544C0937C,0,0.0064472598023712635
ID_C546911C58,1,0.8215848207473755
ID_C54D38D643,0,0.027933446690440178
ID_C54E39E0EA,0,0.047931402921676636
ID_C5575FEFC7,0,0.02453259564936161
ID_C55967313B,0,0.3557720482349396
ID_C56D604FCF,0,0.023744354024529457
ID_C56E2A67A5,0,0.07015617936849594
ID_C571CCEF38,1,0.08437256515026093
ID_C57993E005,1,0.48898619413375854
ID_C57B4A8B8C,1,0.018008414655923843
ID_C583E7A0D8,0,0.02309674397110939
ID_C59827BD37,1,0.04760711267590523
ID_C5B3684C99,0,0.0015576303703710437
ID_C5B663DBBD,0,0.04787035286426544
ID_C5C442CC51,0,0.04804602265357971
ID_C5C986D28D,0,0.28609952330589294
ID_C5D4CDA97C,0,0.06011204048991203
ID_C5DB703627,0,0.17844685912132263
ID_C5EBEDD89B,1,0.04749637097120285
ID_C609F4C3F1,0,0.060622431337833405
ID_C60A4DEF4D,0,0.016235344111919403
ID_C62143020E,0,0.01534961722791195
ID_C64596F4B2,0,0.006647560279816389
ID_C646DDCC5F,0,0.13872842490673065
ID_C64E2D0873,0,0.149122416973114
ID_C65D1BD9C1,0,0.051819007843732834
ID_C661689131,1,0.9886394143104553
ID_C662F2D455,1,0.25871723890304565
ID_C66D2070E9,1,0.11896034330129623
ID_C672CCE927,1,0.37596043944358826
ID_C6821FF871,0,0.6170242428779602
ID_C69BB0F9B7,0,0.6535637974739075
ID_C6A8A07C15,0,0.04580376297235489
ID_C6AF1732FB,0,0.10697363317012787
ID_C6B432B73C,0,0.3133314549922943
ID_C6CCAFD33F,0,0.1250160187482834
ID_C6D75CB6D0,0,0.07809823751449585
ID_C6DD9CFF66,0,0.011684673838317394
ID_C6E7EABEFB,0,0.0239834263920784
ID_C6EDACFF11,0,0.13392019271850586
ID_C6F7F54DA6,0,0.0033373762853443623
ID_C6FA3D5D52,1,0.3069190979003906
ID_C6FC475E78,1,0.3739043176174164
ID_C6FD6706EB,1,0.06505396217107773
ID_C70D78D10E,0,0.06090882793068886
ID_C7119DA1F3,0,0.01786661148071289
ID_C718BA546E,1,0.7533809542655945
ID_C722998F05,0,0.00578315369784832
ID_C7231B06E5,0,0.42391738295555115
ID_C724E6A212,1,0.0321270190179348
ID_C745AF34E2,0,0.30091050267219543
ID_C7508A7D54,0,0.005547249224036932
ID_C7537BBC60,0,0.04212057590484619
ID_C75772EE6E,0,0.3765980005264282
ID_C75CBF0832,0,0.025619598105549812
ID_C7604CFD29,0,0.09354599565267563
ID_C768671C5B,0,0.010053759440779686
ID_C76B125CCF,0,0.006050390191376209
ID_C76C632222,0,0.36596205830574036
ID_C76C9AB18C,0,0.2245648205280304
ID_C7725CDE37,0,0.08663070201873779
ID_C77EB1FC77,0,0.7867302894592285
ID_C785214065,0,0.048108913004398346
ID_C7855A0358,0,0.02367609553039074
ID_C795991B48,1,0.2880922257900238
ID_C7A1CE537D,0,0.012822821736335754
ID_C7AC710577,0,0.17909519374370575
ID_C7C7F1A154,0,0.04528715834021568
ID_C7D8ECEBF3,1,0.09054622054100037
ID_C7E88BCE6D,0,0.06929890066385269
ID_C80AC51495,0,0.04755035787820816
ID_C813627AC2,0,0.05508195608854294
ID_C814CB6283,0,0.1624547392129898
ID_C81523B10A,0,0.02734295278787613
ID_C817224E91,0,0.09761504828929901
ID_C8269D33F7,0,0.7168880701065063
ID_C8327CE275,0,0.00809338130056858
ID_C83DDFBEA6,0,0.45840689539909363
ID_C841874205,0,0.06641864031553268
ID_C847A25BE7,0,0.019870620220899582
ID_C850BC6D91,0,0.02853279747068882
ID_C8555889ED,1,0.13185109198093414
ID_C85F152834,0,0.026483900845050812
ID_C86BA5662E,0,0.36377912759780884
ID_C876343B1A,1,0.43768471479415894
ID_C8844707AA,0,0.013103783130645752
ID_C890812A9D,0,0.08557811379432678
ID_C89EBE3F36,0,0.026871327310800552
ID_C8AC299692,0,0.017633803188800812
ID_C8BBFB0B3B,0,0.5802271962165833
ID_C8C056919A,0,0.3181303143501282
ID_C8C77FB0BB,0,0.6187993884086609
ID_C8C7DDA1B7,0,0.05071540176868439
ID_C8CF1CAE4A,0,0.19555456936359406
ID_C8D6DFE471,0,0.4725993275642395
ID_C8E706F837,0,0.040829628705978394
ID_C900A25CA4,0,0.024556856602430344
ID_C907DC32B5,0,0.29079920053482056
ID_C90B01C878,1,0.550099790096283
ID_C90E27D8A2,0,0.06400987505912781
ID_C91C5B864F,0,0.15622669458389282
ID_C92A4C7FCC,0,0.00440824031829834
ID_C930F8769F,0,0.001500281156040728
ID_C930FBD0AD,0,0.06828185170888901
ID_C933AC8367,0,0.2697324752807617
ID_C93B227A14,0,0.17825138568878174
ID_C93E4C6ADC,0,0.36532288789749146
ID_C93F5FBB3A,0,0.10612662881612778
ID_C94F540568,0,0.26429635286331177
ID_C952184402,0,0.05771423503756523
ID_C953C8D65E,1,0.556941032409668
ID_C95D5FF4D3,0,0.002021302003413439
ID_C9669C877A,0,0.08010894060134888
ID_C96ED55067,0,0.41065406799316406
ID_C971D419BD,0,0.0023262370377779007
ID_C97545581C,0,0.007999323308467865
ID_C97A2B7EF1,0,0.018500730395317078
ID_C98B6BCE92,1,0.5705971717834473
ID_C9929A6CC8,0,0.09785991162061691
ID_C998A480E0,1,0.11876038461923599
ID_C9A7AB1B71,0,0.02301529049873352
ID_C9AF5E5140,0,0.1538422852754593
ID_C9C4D70A1C,0,0.0039689508266747
ID_C9CC038722,1,0.9322531223297119
ID_C9D083D635,0,0.0200380627065897
ID_C9EDCE156C,1,0.23994356393814087
ID_CA02DF199B,1,0.3741315007209778
ID_CA0B80B3B4,0,0.01808807998895645
ID_CA0F7271B2,1,0.0758005678653717
ID_CA245B781D,1,0.7059769630432129
ID_CA2809E765,0,0.05624116584658623
ID_CA296EE2AD,0,0.014071900397539139
ID_CA2C09C676,0,0.11787278950214386
ID_CA2C2A199F,0,0.07146688550710678
ID_CA2CE772B0,0,0.019786592572927475
ID_CA34C77B49,0,0.019936388358473778
ID_CA38EFD576,0,0.05854497104883194
ID_CA3B21DD13,0,0.008298410102725029
ID_CA3BECB4F9,1,0.5620559453964233
ID_CA44264549,0,0.020204227417707443
ID_CA46CB4EE6,0,0.011341791599988937
ID_CA48C07815,0,0.003107952419668436
ID_CA56C6FFB7,0,0.10928463935852051
ID_CA5A83775D,0,0.04918596148490906
ID_CA5AEEA683,1,0.7337383031845093
ID_CA5C0B3F29,0,0.20161864161491394
ID_CA5E3D3A14,1,0.2510974705219269
ID_CA6ACF4FC0,0,0.026614787057042122
ID_CA6B912516,0,0.5774163007736206
ID_CA7486E7DF,0,0.18902789056301117
ID_CA804E94C4,0,0.02896909788250923
ID_CA80BDDF3A,0,0.10008107125759125
ID_CA92DE592B,0,0.06701108068227768
ID_CA976F6A61,0,0.04830003157258034
ID_CA98F9BC08,0,0.09060318022966385
ID_CAA49B1902,0,0.03954165801405907
ID_CAB0E0727B,1,0.4030919075012207
ID_CAB9F0E9CF,0,0.042352937161922455
ID_CAC6703107,0,0.04988494887948036
ID_CAD196F95A,0,0.110446035861969
ID_CAF22A882C,0,0.22257283329963684
ID_CAF4902D11,0,0.02944742888212204
ID_CAF618511E,0,0.049924518913030624
ID_CAF907B884,0,0.017215341329574585
ID_CB05077076,1,0.5039102435112
ID_CB06A84F29,0,0.10222631692886353
ID_CB10AD4044,0,0.05710660293698311
ID_CB175366E1,0,0.0232418030500412
ID_CB1826EBFB,0,0.5556157827377319
ID_CB23172DE0,0,0.004581738263368607
ID_CB27C724DE,0,0.01932578533887863
ID_CB341378D8,0,0.019634773954749107
ID_CB4403DBC9,0,0.022327572107315063
ID_CB4CCC61AD,0,0.023044299334287643
ID_CB55C9F84A,0,0.00836664903908968
ID_CB68591A00,1,0.310977041721344
ID_CB6A1491F7,0,0.022846518084406853
ID_CB709FDD98,1,0.19788320362567902
ID_CB774DFA15,0,0.08193832635879517
ID_CB86C59609,0,0.38314664363861084
ID_CBA1C1A72A,0,0.2643173038959503
ID_CBAD884282,0,0.005711684934794903
ID_CBBB2D1409,1,0.09568589180707932
ID_CBBCDB70F0,0,0.08635225147008896
ID_CBBCE6B838,0,0.006154975853860378
ID_CBCECFFFF2,1,0.2774696946144104
ID_CBCF2D1F14,0,0.567573070526123
ID_CBD2FC3BCA,0,0.017884355038404465
ID_CBD44F0062,0,0.004098022822290659
ID_CBF15072BE,0,0.3877217769622803
ID_CBF9FF78C6,0,0.030098766088485718
ID_CC05ECB254,0,0.20422524213790894
ID_CC06C4FC1A,1,0.009109027683734894
ID_CC0BB6D058,0,0.03588751703500748
ID_CC108313F8,0,0.03160173073410988
ID_CC146F33E5,0,0.07039910554885864
ID_CC19B833FA,0,0.12619373202323914
ID_CC1D706A26,0,0.5426641702651978
ID_CC20DF0097,0,0.0043074400164186954
ID_CC25827D62,0,0.2637235224246979
ID_CC3147BAB0,1,0.9860010147094727
ID_CC3D25D66C,1,0.4186095595359802
ID_CC43943580,1,0.16811302304267883
ID_CC47522D95,0,0.002534292871132493
ID_CC52551A3D,0,0.016064627096056938
ID_CC5362E9F1,0,0.07215800881385803
ID_CC6585AE7A,0,0.017716754227876663
ID_CC7D9DC081,1,0.16425620019435883
ID_CC7E486628,0,0.18366457521915436
ID_CC7FEC4598,0,0.035432156175374985
ID_CC80AF1F4E,0,0.05959881842136383
ID_CC82724B7F,0,0.07564083486795425
ID_CC84121946,0,0.025129133835434914
ID_CC87889B96,0,0.03729276359081268
ID_CC9578BC51,0,0.033353544771671295
ID_CC9BC75607,1,0.519619345664978
ID_CCB29E935D,0,0.028088051825761795
ID_CCDCB7AA0E,1,0.5811803936958313
ID_CCDD325E2C,0,0.014705445617437363
ID_CCE0A204EB,0,0.027220388874411583
ID_CCE0AC0154,0,0.4197148084640503
ID_CCEBE43EEF,0,0.036483220756053925
ID_CCEF28D144,0,0.08207148313522339
ID_CCF7DCFA3A,0,0.10525642335414886
ID_CCFA8422CC,1,0.11547654867172241
ID_CD0E540154,0,0.003118012100458145
ID_CD1264512C,0,0.01564876176416874
ID_CD264FEB86,0,0.006942014209926128
ID_CD2B843BE7,0,0.0021191774867475033
ID_CD2CF2378D,0,0.030734222382307053
ID_CD302ADB39,0,0.0998336598277092
ID_CD3F73D20E,0,0.06829202175140381
ID_CD45D334E3,0,0.009605362080037594
ID_CD56346996,0,0.07098238170146942
ID_CD57CEC484,0,0.6402841806411743
ID_CD5C53EEB3,0,0.013328205794095993
ID_CD6468F8CC,0,0.04356635361909866
ID_CD7072F120,0,0.004791353829205036
ID_CD74C1659E,0,0.16663584113121033
ID_CD751AFFDC,0,0.04872382804751396
ID_CD7A443982,0,0.13744443655014038
ID_CD7ED842D0,0,0.00932377204298973
ID_CD803DD62C,0,0.0036412766203284264
ID_CD8825FE88,0,0.009233900345861912
ID_CD893D67ED,0,0.025739945471286774
ID_CD8C0DA337,0,0.011898284777998924
ID_CD8FD30F00,0,0.21223686635494232
ID_CD97353252,0,0.04102478548884392
ID_CD9A817460,0,0.012675940990447998
ID_CDA2CFEBBD,0,0.21429777145385742
ID_CDA5C30140,0,0.6040414571762085
ID_CDB2D10C2B,0,0.16956140100955963
ID_CDB5FDD727,1,0.09297700226306915
ID_CDB950C32C,0,0.02149728313088417
ID_CDC12762B4,0,0.12693725526332855
ID_CDC37420BF,1,0.40491560101509094
ID_CDC4AED29D,0,0.030863452702760696
ID_CDC9729543,0,0.07016271352767944
ID_CDCDA1BD09,0,0.007295950315892696
ID_CDCEBDC05D,0,0.035853877663612366
ID_CDD5E346AA,0,0.022580239921808243
ID_CDD896A89B,0,0.005065737292170525
ID_CDDA5325C3,0,0.10700862109661102
ID_CDDE30E2B0,1,0.5980473756790161
ID_CDF4B53808,0,0.36975377798080444
ID_CDF958C6D0,0,0.05472612380981445
ID_CDFFB15E9A,0,0.23758547008037567
ID_CE023C41C4,0,0.003069956786930561
ID_CE04CA2690,0,0.0026591895148158073
ID_CE09B84656,0,0.011571328155696392
ID_CE0A38F90E,0,0.023746434599161148
ID_CE0BE8C4EE,0,0.0120172630995512
ID_CE1023C2A3,0,0.07498696446418762
ID_CE11F692F4,0,0.03351763263344765
ID_CE122BCBD5,0,0.005929014645516872
ID_CE18B48CA9,0,0.013249976560473442
ID_CE1E798C18,0,0.7461934685707092
ID_CE2500BDA7,0,0.13071602582931519
ID_CE2C9EA7B7,0,0.06922443956136703
ID_CE2EF3A0B8,0,0.06408828496932983
ID_CE32A7ADB9,0,0.0017032104078680277
ID_CE36E1C08C,1,0.8624948263168335
ID_CE3F7A61C1,0,0.04426564276218414
ID_CE408A92FD,0,0.002143222838640213
ID_CE56A43E18,0,0.04917735978960991
ID_CE57D04A79,1,0.20986178517341614
ID_CE6A2A492F,0,0.20831719040870667
ID_CE6B019A42,1,0.07873831689357758
ID_CE6F919B57,0,0.015107468701899052
ID_CE712FA00A,0,0.05784659832715988
ID_CE77E4ECB6,0,0.01903342455625534
ID_CE7B5E39BF,0,0.3491564393043518
ID_CE7BB81003,0,0.14752335846424103
ID_CE825F3FA9,0,0.2325315922498703
ID_CE8C61F216,1,0.2403838187456131
ID_CE9AB9C498,0,0.5609869956970215
ID_CEA801E04B,0,0.012756656855344772
ID_CEAD380E13,0,0.34248432517051697
ID_CEBFC23398,0,0.010135246440768242
ID_CEDE2BA7DA,0,0.020331917330622673
ID_CEDF7C7F5D,0,0.14516225457191467
ID_CEE51067D8,0,0.07980949431657791
ID_CF15B5ADDD,0,0.060060884803533554
ID_CF162082AA,0,0.0683310255408287
ID_CF1FFD3EF1,0,0.23193979263305664
ID_CF2C693A57,0,0.02326989732682705
ID_CF3411E7FF,0,0.0873127430677414
ID_CF37FBA866,0,0.7122369408607483
ID_CF39CA93CF,0,0.007597541436553001
ID_CF583B352B,0,0.12025347352027893
ID_CF6C77BA01,0,0.019361916929483414
ID_CF6D91DF11,0,0.015158385038375854
ID_CF7998F3E9,0,0.035645492374897
ID_CF805095AB,0,0.004852038808166981
ID_CFA7A55681,0,0.1913907676935196
ID_CFABFC57B9,0,0.07997988164424896
ID_CFACF6269D,0,0.037202101200819016
ID_CFAE24424D,0,0.03739994764328003
ID_CFAF88AB27,0,0.02871796488761902
ID_CFB5E1E16A,1,0.398562490940094
ID_CFB77C7548,0,0.0917411744594574
ID_CFBEC603D6,0,0.18820330500602722
ID_CFC43ADA8F,0,0.07323289662599564
ID_CFCC911387,0,0.05131229758262634
ID_CFCE154634,0,0.3601655960083008
ID_CFD0454B27,0,0.1163419634103775
ID_CFDDE3697A,0,0.1364099383354187
ID_CFE8C1B70F,0,0.055676672607660294
ID_CFF3B51899,0,0.3050506114959717
ID_CFFCC94B3D,0,0.03825679421424866
ID_CFFDED8800,0,0.004725777078419924
ID_D000B94FB2,0,0.0018036427209153771
ID_D00BEC9146,1,0.11538317799568176
ID_D00F7949EB,0,0.08296225965023041
ID_D013060E62,0,0.052233435213565826
ID_D01C154D36,0,0.013604197651147842
ID_D021542E45,0,0.06768257915973663
ID_D02245D10C,0,0.0049442024901509285
ID_D03A83309B,0,0.05561600998044014
ID_D03F0F8BB0,0,0.16703715920448303
ID_D0414BF350,0,0.0018122958717867732
ID_D04862E609,1,0.5090564489364624
ID_D04A8C634A,0,0.31304824352264404
ID_D053B6F3E6,0,0.03507275879383087
ID_D055B23300,0,0.03873385488986969
ID_D06647339D,0,0.05330190062522888
ID_D06EE5975F,0,0.13220778107643127
ID_D07C4CBCF2,0,0.009537284262478352
ID_D07D01CF94,0,0.31455811858177185
ID_D07DCCA5F5,1,0.18348218500614166
ID_D07F3B4630,0,0.0068414462730288506
ID_D084827A4B,1,0.6862747669219971
ID_D0916D02C7,0,0.01568695902824402
ID_D09523FFEB,0,0.008158630691468716
ID_D0BDF176F4,1,0.09519774466753006
ID_D0C9677EFB,0,0.16869941353797913
ID_D0D74C8B2B,0,0.3515390455722809
ID_D0D7EF8B75,0,0.032057542353868484
ID_D0D89B326A,0,0.005098569206893444
ID_D0E02E5D16,0,0.09319064766168594
ID_D0E24F8D0C,0,0.281372606754303
ID_D0E738BF07,0,0.016399182379245758
ID_D0F8E4B693,0,0.0763137936592102
ID_D103C08E2A,1,0.5827633142471313
ID_D104F7C27E,0,0.02566508762538433
ID_D10E650529,0,0.013096063397824764
ID_D12DDD58A2,1,0.30488577485084534
ID_D131CB3A4B,0,0.03855279088020325
ID_D1415CE417,0,0.0980905070900917
ID_D141DFA88F,0,0.13906729221343994
ID_D14AA441F1,0,0.18878406286239624
ID_D14E83AA7F,0,0.009783615358173847
ID_D14FDCD53B,0,0.2539382874965668
ID_D15C0CB9B4,0,0.16232478618621826
ID_D1642D19B0,0,0.05133713036775589
ID_D172163F4F,1,0.00939865130931139
ID_D1772BC389,0,0.058808669447898865
ID_D1773793AA,1,0.715731143951416
ID_D17A9040C6,0,0.007643185555934906
ID_D17D7607E3,1,0.2877550721168518
ID_D1921A1561,0,0.15034450590610504
ID_D193037089,0,0.15081539750099182
ID_D199C84E75,1,0.1725843846797943
ID_D19E3A2D60,0,0.020713329315185547
ID_D1A815A577,0,0.29685619473457336
ID_D1BA0468C4,0,0.026519224047660828
ID_D1BACE3F7E,0,0.46308037638664246
ID_D1C161695C,0,0.18693864345550537
ID_D1C388ABA5,0,0.007488606497645378
ID_D1C948BE3B,0,0.04699628800153732
ID_D1CA011CD5,1,0.8334962725639343
ID_D1E0A2F192,0,0.10507839918136597
ID_D1EE6D2686,0,0.04802555963397026
ID_D1F2AB55AF,0,0.12248735874891281
ID_D1FF1400D6,1,0.8672864437103271
ID_D1FFE329C9,0,0.01049001980572939
ID_D20763D6D2,0,0.03189947456121445
ID_D208BA2790,0,0.09371361136436462
ID_D212F789BE,0,0.007548940367996693
ID_D22900FFA0,0,0.15542982518672943
ID_D22CFDE5FA,0,0.42803969979286194
ID_D24A7D337B,0,0.1790115237236023
ID_D24AC46821,0,0.1141190454363823
ID_D265FE43FF,0,0.0045052506029605865
ID_D2709B6C69,0,0.250622034072876
ID_D274F8D85B,0,0.07468095421791077
ID_D27B7AE72D,0,0.006596454419195652
ID_D27C637DD1,0,0.24813005328178406
ID_D27FF45D35,0,0.025906601920723915
ID_D2842A49F3,0,0.02754371240735054
ID_D284B6F992,0,0.15228405594825745
ID_D285C746C6,0,0.00573002127930522
ID_D286BDE603,0,0.03449476510286331
ID_D28F2C5733,0,0.009131049737334251
ID_D293B8CA67,0,0.03007384203374386
ID_D2979BF5EB,0,0.09942984580993652
ID_D299A2B613,0,0.05115340277552605
ID_D29A019B83,0,0.023279618471860886
ID_D29CC4C868,0,0.01951495185494423
ID_D2A04DA84F,0,0.0023418418131768703
ID_D2AA82EA15,1,0.9317214488983154
ID_D2B1877BA5,0,0.029725247994065285
ID_D2B3C40AA1,0,0.078425332903862
ID_D2B4EC5420,0,0.01409447193145752
ID_D2B6D8E44F,0,0.014432472176849842
ID_D2B82720D2,0,0.06563141942024231
ID_D2BC0D4692,0,0.41881197690963745
ID_D2C1CEA6D8,0,0.0432933047413826
ID_D2D7430A8D,0,0.013089817948639393
ID_D2DEC907CF,1,0.9543598890304565
ID_D2E03F4D05,1,0.13034787774085999
ID_D2E4DE96D3,0,0.13680121302604675
ID_D2E9C07BA2,0,0.39437049627304077
ID_D2F86EBFF7,0,0.14883095026016235
ID_D30121098E,0,0.06257496029138565
ID_D303448550,0,0.03990867733955383
ID_D30EA3AAB9,0,0.022363988682627678
ID_D319FA7987,0,0.0074872286058962345
ID_D31A6C3D64,0,0.015923257917165756
ID_D31B81FA4C,1,0.5910026431083679
ID_D32F62367E,1,0.6528502702713013
ID_D32F64CE41,0,0.06268279254436493
ID_D33D87EE7D,0,0.03415088728070259
ID_D341E4222E,0,0.03766637295484543
ID_D3430D6842,0,0.20030713081359863
ID_D3435EC2A9,0,0.008957503363490105
ID_D34C25FCB2,0,0.024790046736598015
ID_D34EDDC7E7,0,0.029912862926721573
ID_D3547CEB85,0,0.09136418998241425
ID_D35A382C04,0,0.06523812562227249
ID_D36551AE43,0,0.29602906107902527
ID_D3788C31C2,0,0.016408536583185196
ID_D37FCD3F20,0,0.06200197711586952
ID_D396C864AF,0,0.06340055912733078
ID_D397D20CD3,0,0.3939867615699768
ID_D39CA57567,0,0.03893602639436722
ID_D3B60F43AB,0,0.00183856301009655
ID_D3D36BC433,0,0.007695341948419809
ID_D3D5358CAA,0,0.041255004703998566
ID_D3D5F5D3C9,0,0.013306690379977226
ID_D3EE145C4A,0,0.023465510457754135
ID_D3F24088E0,0,0.03452256694436073
ID_D3F8A5F1E8,1,0.8000137805938721
ID_D3F9B0D6A8,0,0.015302211977541447
ID_D405722192,0,0.26785969734191895
ID_D42031B7D1,0,0.2715528905391693
ID_D42504CC7F,0,0.006998918484896421
ID_D436C1D171,0,0.03299183025956154
ID_D43CEE241E,0,0.02161736600100994
ID_D447E88FAF,0,0.09690555185079575
ID_D44AED55B8,0,0.04252680391073227
ID_D44D93BF1D,0,0.057808347046375275
ID_D45770BC74,0,0.11027641594409943
ID_D4584500B7,1,0.3554738163948059
ID_D4588EEEF2,0,0.43023669719696045
ID_D47325F885,0,0.041627392172813416
ID_D4769B0D4B,0,0.04094698652625084
ID_D49218FA2B,0,0.2534139156341553
ID_D4AF1F3C2A,0,0.03744589164853096
ID_D4BBAF0CD1,0,0.06013847887516022
ID_D4BE5927FF,0,0.1476173996925354
ID_D4C395498A,0,0.0027996650896966457
ID_D4C858DCCC,0,0.21463386714458466
ID_D4D65BEF07,0,0.13004140555858612
ID_D4F61CB39D,1,0.05619587376713753
ID_D4F8267C94,0,0.001930713071487844
ID_D510633E58,1,0.19077110290527344
ID_D51D45A40E,0,0.1729801595211029
ID_D529853606,1,0.9374552965164185
ID_D53498EEC1,0,0.017835989594459534
ID_D53D13DCA2,0,0.11088000982999802
ID_D53DD7932D,0,0.028013378381729126
ID_D544EA0BC5,0,0.02837757021188736
ID_D54FC14EAF,0,0.006155368871986866
ID_D5592AFE70,0,0.062411386519670486
ID_D55AA34C1C,0,0.04189199209213257
ID_D5691AF791,0,0.37102532386779785
ID_D57162A44A,0,0.008040647953748703
ID_D57F0C4D57,0,0.26173919439315796
ID_D5807D5A69,0,0.010351059958338737
ID_D586B1E329,0,0.012713992968201637
ID_D58BFC2DB0,0,0.017195601016283035
ID_D59F8DCDB3,0,0.10822880268096924
ID_D5A4DCFFEF,0,0.0023653809912502766
ID_D5B2285DAD,0,0.13798381388187408
ID_D5B53DC994,0,0.3582943379878998
ID_D5B967C9BC,0,0.019842226058244705
ID_D5BE9A9CA5,0,0.013716932386159897
ID_D5BEDC0092,0,0.020027808845043182
ID_D5C46DCB66,0,0.22643069922924042
ID_D5CA8C2D19,0,0.023834744468331337
ID_D5E6C96AF3,1,0.4006376266479492
ID_D5E8E39FF9,0,0.00744619220495224
ID_D5E9A70EA1,0,0.07855943590402603
ID_D5F0BDED94,0,0.03213450312614441
ID_D5FED3D714,0,0.033076029270887375
ID_D5FF12837B,0,0.03285391256213188
ID_D6064C94C2,1,0.04462416097521782
ID_D614697241,0,0.03175891935825348
ID_D61AF4BA12,0,0.013520159758627415
ID_D6250B167F,0,0.014815655536949635
ID_D628308B42,0,0.06673744320869446
ID_D62AF985E2,0,0.032500140368938446
ID_D62C4B73A8,0,0.075476735830307
ID_D63DEC2C5A,1,0.3582821488380432
ID_D63E6F8B6D,0,0.687180757522583
ID_D641EB225F,1,0.04099150374531746
ID_D64DACC3BF,0,0.008174821734428406
ID_D64EEE806B,1,0.39845800399780273
ID_D653AF84D0,1,0.20164979994297028
ID_D65EE2B915,0,0.06601138412952423
ID_D65F62573C,0,0.05293760448694229
ID_D66915A0F5,0,0.05850794166326523
ID_D66A4825DF,1,0.2543658912181854
ID_D66FD5B8EB,0,0.0021177828311920166
ID_D6732A05E9,0,0.15415431559085846
ID_D682A23EEE,0,0.10158856958150864
ID_D6907DADC0,0,0.05485600233078003
ID_D6A0BC9220,0,0.005450527649372816
ID_D6A39C91B9,0,0.012714860029518604
ID_D6A6588F34,0,0.11838088929653168
ID_D6A8208F1A,0,0.06703445315361023
ID_D6B8AD194D,1,0.044174350798130035
ID_D6C1289C2E,0,0.019468989223241806
ID_D6C25D87E9,0,0.20211006700992584
ID_D6C71C0CA6,0,0.09833499789237976
ID_D6DD20D78B,0,0.04483751580119133
ID_D6DEAD3327,0,0.13102231919765472
ID_D6E620C023,0,0.012012560851871967
ID_D6F032ADF4,0,0.013050580397248268
ID_D6F09A2964,0,0.037457291036844254
ID_D6F26FB155,0,0.12906217575073242
ID_D6FCCA0A7D,0,0.31697341799736023
ID_D70177F673,0,0.02511715143918991
ID_D7096334FE,1,0.3627200126647949
ID_D70AD19D23,0,0.07439103722572327
ID_D70C1A0209,0,0.002554300706833601
ID_D70C961D69,0,0.12374918907880783
ID_D70DE30D9E,0,0.08675400167703629
ID_D7100C9CE9,0,0.01106229331344366
ID_D7214039E5,0,0.18667146563529968
ID_D72EA35CC7,0,0.07760819792747498
ID_D733068526,0,0.07324803620576859
ID_D73A04C158,0,0.03765017166733742
ID_D741027A3D,0,0.01032061967998743
ID_D7486254FD,0,0.008842870593070984
ID_D74EE0A561,1,0.5005272030830383
ID_D756FB7AFB,0,0.052772048860788345
ID_D75934E20E,0,0.12214234471321106
ID_D762688FD9,0,0.45290160179138184
ID_D7731C6566,0,0.01710672676563263
ID_D774D92BD8,0,0.30930885672569275
ID_D77D771B2C,0,0.2490505576133728
ID_D793381FC9,0,0.016432443633675575
ID_D797693B57,1,0.20007097721099854
ID_D797AEE9E6,1,0.3684459328651428
ID_D79F17B39A,0,0.08492725342512131
ID_D7A1FF43B3,0,0.004266548436135054
ID_D7AE9A06EA,0,0.11535616219043732
ID_D7C7625A59,0,0.05224998667836189
ID_D7CFC2A7DD,0,0.013761946931481361
ID_D7D6813863,0,0.03616512566804886
ID_D7DEDB918E,0,0.24305486679077148
ID_D7E130C361,0,0.0016076216707006097
ID_D7EC23B1D1,0,0.0049697645008563995
ID_D7F819F5B0,0,0.06362582743167877
ID_D7F9E3AB3A,1,0.34829840064048767
ID_D7FBDEAA45,0,0.07263945043087006
ID_D82338FD13,0,0.328898549079895
ID_D82346BF73,0,0.2596975862979889
ID_D827A29C17,1,0.045741111040115356
ID_D828E6C5C6,0,0.007434034254401922
ID_D838747B32,1,0.4440942704677582
ID_D83C61F0BF,0,0.047459788620471954
ID_D85626FA5C,1,0.6007082462310791
ID_D85BF29097,0,0.004190213978290558
ID_D8632811C7,1,0.5392312407493591
ID_D864DB266F,0,0.06316794455051422
ID_D865DB7865,0,0.062104739248752594
ID_D867376CBB,0,0.1626337468624115
ID_D868D83C7F,0,0.026412688195705414
ID_D87A88F4A4,0,0.0035260196309536695
ID_D87AABCD7C,0,0.01703277789056301
ID_D87D0F1156,0,0.5766798257827759
ID_D8897FB153,0,0.07621943205595016
ID_D891ECD4D1,0,0.12788063287734985
ID_D8A04656F5,1,0.8756827712059021
ID_D8ABC81CE2,0,0.02658797800540924
ID_D8B0C3E965,0,0.028572892770171165
ID_D8B270D6AF,0,0.010496868751943111
ID_D8BC1DAA68,0,0.038174331188201904
ID_D8D5FDE5DD,0,0.0447385236620903
ID_D8DDBE5002,0,0.02292635850608349
ID_D8E65B6E99,0,0.020864998921751976
ID_D8E6FF5578,0,0.01504530105739832
ID_D8E857E16E,0,0.06683754920959473
ID_D8F1B71B74,0,0.5338582992553711
ID_D8F551580A,0,0.003479925449937582
ID_D90AAB93AA,0,0.45367589592933655
ID_D90F906C6A,0,0.032961003482341766
ID_D9122DE72E,0,0.023860108107328415
ID_D926950061,0,0.23865437507629395
ID_D92C81D092,0,0.06406073272228241
ID_D92D120688,0,0.12886404991149902
ID_D9398B8E25,1,0.6492987275123596
ID_D943FD41FB,0,0.0206149909645319
ID_D9511C86C6,0,0.03610113263130188
ID_D952642F70,0,0.3859289884567261
ID_D972E3A667,0,0.03206934779882431
ID_D984D32FE7,0,0.09592145681381226
ID_D999BE8DA7,0,0.5280359387397766
ID_D99B430973,0,0.37843605875968933
ID_D99C4EA1F1,1,0.4961995482444763
ID_D99E03C3CB,0,0.039176829159259796
ID_D9A0DB5140,0,0.22240449488162994
ID_D9A64CE0DB,0,0.005133991129696369
ID_D9A6D67F2A,0,0.003189102280884981
ID_D9C1744493,0,0.021241379901766777
ID_D9C21AB097,0,0.008419309742748737
ID_D9C403DA1A,0,0.0015241018263623118
ID_D9CDDC0B13,0,0.005365331191569567
ID_D9D033D792,0,0.0032958625815808773
ID_D9D8E5F6BC,1,0.515798807144165
ID_D9DBD6294F,0,0.018668359145522118
ID_D9EB99A7D4,0,0.03563743829727173
ID_D9ECF1993C,0,0.0038984022103250027
ID_D9F043CFB1,1,0.9339135885238647
ID_D9F0D48DB7,0,0.004364791791886091
ID_D9FF956655,0,0.07278448343276978
ID_DA09F92EE8,0,0.008831518702208996
ID_DA13D69AC2,0,0.02052651345729828
ID_DA2C4B71A1,0,0.004525952506810427
ID_DA2D98FDF4,0,0.013288134709000587
ID_DA2E0938BC,0,0.12111188471317291
ID_DA33F7C742,0,0.04016797989606857
ID_DA37EC61F9,0,0.012293062172830105
ID_DA4450D6C0,0,0.010080448351800442
ID_DA476D0F67,0,0.0032139066606760025
ID_DA481E63ED,0,0.09670278429985046
ID_DA4B8164F4,0,0.14016953110694885
ID_DA4C3081FC,0,0.04874062165617943
ID_DA5A9648E9,0,0.0071312072686851025
ID_DA5C4BA35B,0,0.16736406087875366
ID_DA60ACE324,0,0.01575457490980625
ID_DA6F7B21AA,0,0.011641368269920349
ID_DA73C403BF,0,0.05759146437048912
ID_DA80FF38E4,0,0.048143669962882996
ID_DA8DC94E8C,0,0.08867537975311279
ID_DA912FA659,0,0.01468295231461525
ID_DA9437A02D,1,0.8819778561592102
ID_DA976198D6,0,0.021526042371988297
ID_DAB2CCA726,0,0.04143248498439789
ID_DAB507709A,0,0.008773271925747395
ID_DAB754789D,0,0.005451338365674019
ID_DAB7F9909F,1,0.7294332981109619
ID_DABEE12E78,1,0.4564487636089325
ID_DABF033C98,0,0.03670371696352959
ID_DACE3A1010,0,0.022627294063568115
ID_DAD287A577,0,0.2686000466346741
ID_DADB60D7FE,0,0.010618056170642376
ID_DAE9B076C2,0,0.3652554154396057
ID_DAEABFA06F,0,0.6911782026290894
ID_DAFCA064AF,0,0.0016140448860824108
ID_DB063A5580,0,0.012006983160972595
ID_DB1C7D7B1B,0,0.12410730123519897
ID_DB3A038F0D,0,0.0795356035232544
ID_DB4269D7CA,1,0.10093681514263153
ID_DB45565FB7,0,0.030658096075057983
ID_DB45F37271,0,0.0993691235780716
ID_DB47FD5668,0,0.2066238671541214
ID_DB4C49F7FE,0,0.022923607379198074
ID_DB5314DFF1,0,0.03449195995926857
ID_DB5DABF7B8,0,0.008956573903560638
ID_DB5DE82AB4,0,0.2306661605834961
ID_DB5E6C7C3E,0,0.006947992369532585
ID_DB600393F0,0,0.10134328156709671
ID_DB60D29541,0,0.04798547178506851
ID_DB64BDD270,0,0.017370719462633133
ID_DB65DD4D19,0,0.10812465846538544
ID_DB68AD3C1B,0,0.21140672266483307
ID_DB68DA5555,0,0.02171473577618599
ID_DB6B107167,0,0.14931881427764893
ID_DB79BEEA92,0,0.008281372487545013
ID_DB87CC75ED,0,0.015000722371041775
ID_DB88BC6F82,0,0.038954976946115494
ID_DB8FAB56A3,0,0.1803247332572937
ID_DB91EF09B9,0,0.013246276415884495
ID_DBBA0F71C9,0,0.0038711719680577517
ID_DBBCD999B3,0,0.01719680055975914
ID_DBBD27A72F,0,0.04656340181827545
ID_DBD2A4F575,0,0.006659059319645166
ID_DBD75FE20F,0,0.08591562509536743
ID_DBDCC496B9,1,0.39242446422576904
ID_DBE1E6C29F,0,0.00968018639832735
ID_DBE210A402,0,0.22039934992790222
ID_DBE883418E,0,0.0030118972063064575
ID_DBEAADB3EE,0,0.04126033931970596
ID_DBED8E563A,0,0.2796576917171478
ID_DBEE13A2F1,0,0.020879141986370087
ID_DBFC4839F4,0,0.25124213099479675
ID_DC05B08DCB,0,0.7870651483535767
ID_DC121D95CF,0,0.0024768351577222347
ID_DC1B83CFB2,0,0.038968123495578766
ID_DC22D7D73B,0,0.2659822702407837
ID_DC28180CE9,0,0.022629529237747192
ID_DC281A19FB,1,0.30274584889411926
ID_DC3D09BB3C,0,0.006390434689819813
ID_DC3FE431E1,0,0.029772929847240448
ID_DC49B4E0A4,0,0.25417229533195496
ID_DC50847496,0,0.07309757173061371
ID_DC50CCDD41,0,0.027068547904491425
ID_DC677B5412,0,0.020562730729579926
ID_DC6D8F6FEB,1,0.2038467675447464
ID_DC6E167486,0,0.012368321418762207
ID_DC72D03CCB,0,0.012290668673813343
ID_DC74589B83,0,0.20376098155975342
ID_DC7F07C880,0,0.057041607797145844
ID_DC8BCAAE01,0,0.05842743068933487
ID_DC8BFE7C48,0,0.032405462116003036
ID_DC8EEF343A,0,0.013979808427393436
ID_DC8F7DB5AF,0,0.017995139583945274
ID_DC9E880F4A,0,0.2326105833053589
ID_DCA0DBF619,0,0.022750942036509514
ID_DCA98FB62C,0,0.022613871842622757
ID_DCB0D70723,1,0.7948076725006104
ID_DCB4AE908A,0,0.2658754885196686
ID_DCB5E3B54F,0,0.036677394062280655
ID_DCC0C2DA27,0,0.006199168041348457
ID_DCC87150BA,0,0.1526288092136383
ID_DCCCD7DF6F,0,0.5803266763687134
ID_DCCD74879B,0,0.3676798343658447
ID_DCD34DA2C9,0,0.08750779926776886
ID_DCDB171223,1,0.19981324672698975
ID_DCF049C835,0,0.01863878034055233
ID_DCF3AB5767,0,0.006251494865864515
ID_DCFD21D4FE,0,0.1548246145248413
ID_DCFF2CA89E,0,0.0015872960211709142
ID_DD030AD06F,0,0.005973450839519501
ID_DD04E73C65,0,0.05112548545002937
ID_DD063B8EFB,0,0.06511618942022324
ID_DD0886E2D4,0,0.0209029708057642
ID_DD1251BA6A,0,0.08726562559604645
ID_DD15DF0F13,0,0.022381853312253952
ID_DD18344547,0,0.019060231745243073
ID_DD1C947A3F,1,0.8254178762435913
ID_DD2B7A2415,0,0.009887275286018848
ID_DD307C61B2,1,0.15984609723091125
ID_DD456774CD,0,0.014626732096076012
ID_DD4C8DC384,0,0.019936179742217064
ID_DD4D6E513D,0,0.23509640991687775
ID_DD4E6BD786,0,0.004153006244450808
ID_DD5B811CD5,0,0.10743973404169083
ID_DD6FDE577F,1,0.6980847716331482
ID_DD77C1BBA3,0,0.022401727735996246
ID_DD7FB02FA4,0,0.4794025421142578
ID_DD8100CE47,0,0.0374230220913887
ID_DDA033288D,0,0.008427984081208706
ID_DDC36AD131,0,0.08094542473554611
ID_DDD6A9D95C,0,0.006143419072031975
ID_DDE17C027B,1,0.4953283965587616
ID_DDF75F3B25,0,0.0038695926778018475
ID_DE03B37430,0,0.2060234397649765
ID_DE08DC01F8,0,0.16752058267593384
ID_DE11739F6C,0,0.019105851650238037
ID_DE1D2BAEC3,1,0.20840051770210266
ID_DE2498E113,0,0.5075557231903076
ID_DE24AAA284,1,0.12819337844848633
ID_DE24D0C7D1,0,0.007528030313551426
ID_DE286EEBCF,0,0.032281190156936646
ID_DE3044D886,0,0.11049281060695648
ID_DE3B45AFDF,1,0.5296467542648315
ID_DE40358910,0,0.09857542812824249
ID_DE40AE4CE5,0,0.05227488651871681
ID_DE418253E9,1,0.1845732033252716
ID_DE43BDFBB0,1,0.09383510053157806
ID_DE482E1A79,1,0.19100099802017212
ID_DE5272321C,0,0.026775021106004715
ID_DE529249C1,0,0.12891286611557007
ID_DE57AF6A67,0,0.23501425981521606
ID_DE5AD9C3DD,0,0.1213904321193695
ID_DE7B4B36FF,0,0.019300727173686028
ID_DE7BF64252,0,0.0714588612318039
ID_DE7FA1BB51,1,0.17975066602230072
ID_DEA9312639,0,0.021448010578751564
ID_DEAA0097C8,0,0.0028684826102107763
ID_DEAC8B96E0,1,0.5150845646858215
ID_DED77B627E,0,0.038470309227705
ID_DEFB11F017,0,0.01970193348824978
ID_DF08A31C6D,0,0.16568273305892944
ID_DF109EFFBA,0,0.032659657299518585
ID_DF29333B73,0,0.007044188212603331
ID_DF338A907C,1,0.2220977246761322
ID_DF3DDC7B7E,0,0.11463791131973267
ID_DF45CC33F4,0,0.1322854608297348
ID_DF6E390595,1,0.8562546372413635
ID_DF6E6A8276,1,0.6940754652023315
ID_DF775D055C,0,0.0421530157327652
ID_DF7B67D683,0,0.06781309098005295
ID_DF8CCAEC26,0,0.0015872458461672068
ID_DF8D67C59D,0,0.016776839271187782
ID_DF92AC1F3B,0,0.049125127494335175
ID_DF9CF23131,0,0.037791553884744644
ID_DF9D7860A2,0,0.002019663341343403
ID_DF9F152A1A,0,0.007870260626077652
ID_DF9F30D1D3,0,0.19646599888801575
ID_DFA166C67C,0,0.09540774673223495
ID_DFA1A0BC83,0,0.3733110725879669
ID_DFB11656A0,0,0.20348107814788818
ID_DFBFE91742,0,0.005376508459448814
ID_DFCC05CB52,0,0.016100864857435226
ID_DFD87E5316,0,0.0813538059592247
ID_DFDE08E601,0,0.251400887966156
ID_DFE7AEE897,0,0.3778479993343353
ID_DFEE3DA041,1,0.38093721866607666
ID_E007A9A951,0,0.02755758725106716
ID_E00AAF92A5,0,0.16679240763187408
ID_E00B080F68,0,0.13121575117111206
ID_E00B571DFE,1,0.48037034273147583
ID_E02075A96B,1,0.6330830454826355
ID_E024877564,0,0.15148596465587616
ID_E0418A5146,1,0.026723507791757584
ID_E047DA111C,0,0.14716234803199768
ID_E0494F1E53,0,0.017144201323390007
ID_E049A6AEF4,0,0.5168135166168213
ID_E05513E131,0,0.025374511256814003
ID_E063E17CDF,0,0.026221316307783127
ID_E066719670,0,0.03355174511671066
ID_E07B4BBC00,0,0.0163133405148983
ID_E094242D1F,0,0.03263641148805618
ID_E094BDC5DB,0,0.164352148771286
ID_E0A44A0ECA,0,0.09459515661001205
ID_E0A8D652D1,0,0.17351002991199493
ID_E0A9BB3891,0,0.026415031403303146
ID_E0B0C3D1E7,0,0.0035124721471220255
ID_E0B1228C4A,0,0.04095260798931122
ID_E0B149154F,0,0.028722157701849937
ID_E0C169CCAE,0,0.06651896983385086
ID_E0C8CACD0B,0,0.0037534646689891815
ID_E0CB878F03,0,0.07692572474479675
ID_E0CBD53E27,0,0.07200467586517334
ID_E0CE6A2B00,1,0.44214197993278503
ID_E0CEB8CF87,0,0.010343202389776707
ID_E0D037E568,0,0.013950543478131294
ID_E0D7B7311A,0,0.6580536365509033
ID_E0E140FD67,1,0.767484188079834
ID_E0E21B8315,0,0.016307467594742775
ID_E0E4F18D1D,0,0.30002474784851074
ID_E0EA49E7AA,0,0.02315840870141983
ID_E0EF01F283,0,0.21510940790176392
ID_E0FBEB072C,0,0.04032156616449356
ID_E101910265,0,0.017000552266836166
ID_E11D4197EB,0,0.0025932351127266884
ID_E132046032,1,0.8830845952033997
ID_E13CB89147,0,0.1547718495130539
ID_E1433A4C6F,0,0.03195631876587868
ID_E153553DF3,0,0.008087527938187122
ID_E160030752,0,0.03795852139592171
ID_E17DB41FFE,1,0.16828303039073944
ID_E186AE1A9D,0,0.2965543270111084
ID_E18F304AB5,0,0.0523836612701416
ID_E18F97A4DE,0,0.06423009186983109
ID_E193A02D8E,1,0.7517651319503784
ID_E19AF52E49,0,0.04071829095482826
ID_E19EEE34D8,0,0.3861646354198456
ID_E1A064FECB,0,0.7786787152290344
ID_E1A3B517DC,0,0.012875118292868137
ID_E1AA94E292,0,0.16049301624298096
ID_E1B041EEB6,0,0.13574722409248352
ID_E1BC9FCC8F,0,0.05633559823036194
ID_E1BCEC0DFB,0,0.18925994634628296
ID_E1C956FEA1,1,0.8938310742378235
ID_E1CC93B057,0,0.027074068784713745
ID_E1EDD93BC0,0,0.01655646786093712
ID_E1F87EA0E5,0,0.12613527476787567
ID_E1FC78FE4C,0,0.011697052046656609
ID_E2055889B3,0,0.39915740489959717
ID_E20AAD13FB,0,0.002215334679931402
ID_E210FB8612,1,0.9033495783805847
ID_E215F72186,0,0.057609718292951584
ID_E217074C8F,1,0.07251855731010437
ID_E21A41EA24,0,0.027395859360694885
ID_E21B2CE598,0,0.024730689823627472
ID_E2253B8B8D,0,0.026904912665486336
ID_E22F22267C,0,0.11906599998474121
ID_E23ED8CF43,0,0.21194130182266235
ID_E242ABDED2,1,0.48383763432502747
ID_E2454B8CBC,0,0.008773118257522583
ID_E2559070E1,0,0.0570509247481823
ID_E25A950CF3,0,0.015829849988222122
ID_E27280B34B,1,0.20632143318653107
ID_E284877089,0,0.03938360512256622
ID_E28E2E9E29,0,0.024256611242890358
ID_E2972385E3,0,0.009368443861603737
ID_E29C55F894,0,0.019317016005516052
ID_E2ACF7EF78,0,0.021746113896369934
ID_E2C085E32A,0,0.00466429628431797
ID_E2C23DA7F9,0,0.01930215209722519
ID_E2C7732CA1,0,0.02185508981347084
ID_E2C851000D,0,0.07292184978723526
ID_E2D1D758CA,0,0.4067222476005554
ID_E2D4725F3E,1,0.07102829962968826
ID_E2DD8E4321,0,0.019090937450528145
ID_E2E45D06CB,0,0.009470231831073761
ID_E2EE2222F7,0,0.31770551204681396
ID_E2EEA651F1,0,0.03442695736885071
ID_E2F78D1395,1,0.8473927974700928
ID_E301A3C2D9,0,0.16318364441394806
ID_E30FE7C428,0,0.3633951246738434
ID_E312E1DFF3,0,0.002328834030777216
ID_E31736743A,0,0.046373553574085236
ID_E31ADD9A48,0,0.02285725250840187
ID_E31D7A09D2,0,0.060824330896139145
ID_E31E5A7141,0,0.36074572801589966
ID_E3205CFD36,0,0.048527080565690994
ID_E3263B8B51,1,0.2784687578678131
ID_E326AA3E83,0,0.18857082724571228
ID_E339C6194B,0,0.13823583722114563
ID_E3466CC334,0,0.16405682265758514
ID_E349651AEE,1,0.4197675585746765
ID_E353BAF9D3,0,0.5981166362762451
ID_E35891F794,0,0.03125216066837311
ID_E364454B0C,0,0.22296342253684998
ID_E374BAA670,0,0.3105924129486084
ID_E37548EC24,0,0.0240651685744524
ID_E37ACA90D9,0,0.3712143003940582
ID_E381CCD7F7,0,0.046560946851968765
ID_E386C7305B,0,0.14958056807518005
ID_E39A794176,0,0.004504516255110502
ID_E39D362E0E,0,0.01046679262071848
ID_E39DED713E,1,0.44670215249061584
ID_E3B19B0537,1,0.34558025002479553
ID_E3C9622B36,0,0.010022105649113655
ID_E3CB0BD92C,0,0.023997629061341286
ID_E3DA64CA16,1,0.10023172199726105
ID_E3E6E6EF8F,0,0.016720442101359367
ID_E42D2E8C01,0,0.05070437490940094
ID_E43900199F,0,0.026064032688736916
ID_E43BE9CAB8,1,0.3981722891330719
ID_E449D65BAD,0,0.1524553745985031
ID_E45172B3CF,0,0.058701831847429276
ID_E455223402,0,0.08611396700143814
ID_E46B360339,1,0.29443085193634033
ID_E4731EF579,0,0.008115983568131924
ID_E4819FD0F0,1,0.9467211961746216
ID_E48BEB36D5,0,0.012018098495900631
ID_E491ED24BE,0,0.010665297508239746
ID_E496DD9E92,0,0.42814818024635315
ID_E49FDD4605,0,0.23632127046585083
ID_E4ACD7FF72,1,0.6216779947280884
ID_E4B2A5DC69,0,0.0507412888109684
ID_E4B96EA5F6,0,0.15064486861228943
ID_E4BC5F941B,0,0.06554257869720459
ID_E4C0E397FC,0,0.06570152193307877
ID_E4D0E8E0D7,0,0.18224391341209412
ID_E4D8D73D69,0,0.5089512467384338
ID_E4D9DF3682,0,0.2818395495414734
ID_E4DF3C020F,0,0.04573969542980194
ID_E4E264D1F4,0,0.09729626029729843
ID_E4E3BB5772,0,0.04263469949364662
ID_E4E60C3B21,0,0.020601758733391762
ID_E4ED287405,0,0.11405644565820694
ID_E4F62484F4,0,0.07281745225191116
ID_E4FBE8F80A,0,0.0056884330697357655
ID_E5024FF206,1,0.2793327569961548
ID_E50C0B2D89,0,0.0303657203912735
ID_E510BB93B2,0,0.01513162162154913
ID_E512ACC7C3,0,0.07883831113576889
ID_E512C0E6F2,0,0.024554355069994926
ID_E5195E58A2,0,0.12930583953857422
ID_E5285D5599,0,0.33011940121650696
ID_E529290B55,0,0.056587204337120056
ID_E52B422BDB,0,0.5336921215057373
ID_E52DEFAE60,0,0.03702276200056076
ID_E542366D84,1,0.9395145773887634
ID_E5551BCAAF,1,0.652553379535675
ID_E56B672483,0,0.16382330656051636
ID_E56C561905,0,0.0732678771018982
ID_E56D96539F,0,0.09908976405858994
ID_E577B20DFC,0,0.010803064331412315
ID_E57C0F6F54,1,0.3855220079421997
ID_E5800CF5B1,0,0.10768698155879974
ID_E580432462,0,0.004985386505723
ID_E58A97159C,0,0.15785689651966095
ID_E596F5F7F6,0,0.0074661048129200935
ID_E5A407656E,0,0.05769047141075134
ID_E5AC1FAAFA,0,0.01560931745916605
ID_E5AD0BED68,0,0.06377914547920227
ID_E5B1F1B97B,0,0.09955845773220062
ID_E5BA497944,0,0.00697691272944212
ID_E5C7040904,0,0.03599095344543457
ID_E5CA1204F7,0,0.13347777724266052
ID_E5CF64DCE6,0,0.012701052241027355
ID_E5D7FE1622,0,0.00304581131786108
ID_E5D89442BC,0,0.019177353009581566
ID_E5DE59DA70,0,0.24916589260101318
ID_E5E5F979ED,0,0.06661929935216904
ID_E5EC6DE012,0,0.006300176959484816
ID_E5FD56EE38,0,0.05229644477367401
ID_E5FF684C72,1,0.5332018136978149
ID_E60134D5F1,0,0.09886004775762558
ID_E608D282A8,0,0.005759694147855043
ID_E60DE5701A,1,0.10823741555213928
ID_E6114F3265,0,0.030399294570088387
ID_E61ADCA3E5,0,0.053308576345443726
ID_E620AE85B8,0,0.0026916004717350006
ID_E62353F2C2,0,0.0568232536315918
ID_E6427AEE5C,0,0.507708728313446
ID_E643F54DA0,0,0.4302384555339813
ID_E64B76D086,0,0.16823241114616394
ID_E64E01413F,1,0.6591626405715942
ID_E65F218FDF,0,0.08483721315860748
ID_E66381214C,0,0.7583121657371521
ID_E6650E5E65,0,0.38393378257751465
ID_E669E43E4B,0,0.004885043017566204
ID_E674B40418,1,0.6136458516120911
ID_E677B36352,0,0.028997652232646942
ID_E67BAA9A0A,0,0.04783549904823303
ID_E67D682898,0,0.21922951936721802
ID_E6801C0264,0,0.16464434564113617
ID_E682CEB203,0,0.10943771153688431
ID_E6849D2A30,0,0.034821029752492905
ID_E6933CC8CB,0,0.012465138919651508
ID_E69ACFFEFD,0,0.018954157829284668
ID_E6A263D0BA,0,0.09261935949325562
ID_E6AAF9FDE5,0,0.034115809947252274
ID_E6ACF59824,0,0.32851600646972656
ID_E6AEA52FB0,0,0.05090998113155365
ID_E6B3D0075D,0,0.021400801837444305
ID_E6B517B2FB,0,0.03780588135123253
ID_E6BB9F6570,0,0.07922717183828354
ID_E6CF2FCD9F,0,0.0035091054160147905
ID_E6DF1D9872,0,0.07047180831432343
ID_E6E4D4E6A7,0,0.09376325458288193
ID_E6E6D6120A,0,0.022487521171569824
ID_E6EAC3B5F4,1,0.4664733111858368
ID_E6F1E7B1C1,0,0.0025152559392154217
ID_E7001FAE51,0,0.11788392066955566
ID_E70A1B3683,0,0.0024151657707989216
ID_E70BAEA9EB,0,0.022226478904485703
ID_E70BD72F82,0,0.0075265816412866116
ID_E70BD9E7A0,1,0.23257669806480408
ID_E70CE573A4,0,0.36991530656814575
ID_E71D76C59C,1,0.040034692734479904
ID_E72FCBAF4F,0,0.005773460026830435
ID_E7335F2947,1,0.3488556742668152
ID_E735027623,0,0.09830647706985474
ID_E7433FB081,0,0.25442948937416077
ID_E7471F9764,1,0.046698831021785736
ID_E74A43C40A,0,0.07831940054893494
ID_E752961B96,0,0.04795101284980774
ID_E75658AD4A,0,0.02967214770615101
ID_E7676A861C,0,0.15457957983016968
ID_E7749762E6,0,0.004476230591535568
ID_E7764CCEEB,0,0.03410064056515694
ID_E78B054605,0,0.015002818778157234
ID_E78C1DE54A,0,0.07744914293289185
ID_E78CDEFD41,0,0.008497348055243492
ID_E78DE9D2BB,0,0.01092072669416666
ID_E78DEF6E82,0,0.007768573705106974
ID_E7AE3CA551,0,0.09567900002002716
ID_E7B0E21F48,0,0.23170603811740875
ID_E7D1ABB923,0,0.05724196508526802
ID_E7EA4207DA,0,0.03995373100042343
ID_E80243D45F,0,0.06738728284835815
ID_E8029E2150,0,0.00940511841326952
ID_E811A2499D,0,0.022477999329566956
ID_E81AEF5AD7,0,0.2544659376144409
ID_E81B26B6FC,0,0.05953770503401756
ID_E82261D0EE,0,0.0025190068408846855
ID_E82FC7C9CA,0,0.09648126363754272
ID_E8320A5810,0,0.09224094450473785
ID_E84AE45284,0,0.11688308417797089
ID_E84EEE5D6C,0,0.004857515450567007
ID_E858FED719,0,0.045940592885017395
ID_E85E480158,0,0.03924914449453354
ID_E85E7C7766,0,0.010509185492992401
ID_E867B7E964,0,0.012554691173136234
ID_E87A67B177,0,0.006759042851626873
ID_E886C7CFBE,0,0.007510499097406864
ID_E8906EF474,0,0.22325833141803741
ID_E89294F6B8,0,0.023009756579995155
ID_E8970C483E,0,0.07017730176448822
ID_E897F77775,0,0.028500666841864586
ID_E89C17E3CB,0,0.03448258340358734
ID_E89DA0244E,0,0.021814899519085884
ID_E8A1EB265D,1,0.07187986373901367
ID_E8AE8819CB,0,0.07375982403755188
ID_E8B08DE985,0,0.03222564607858658
ID_E8D237CF45,0,0.022979825735092163
ID_E8DE8A0FC4,0,0.258215069770813
ID_E8EC4AF666,0,0.1518571972846985
ID_E8F8DB0E5B,0,0.007789046969264746
ID_E90191F51B,1,0.5596442818641663
ID_E9082F59FE,0,0.08710150420665741
ID_E918C9F071,0,0.014285920187830925
ID_E923958120,0,0.07984039187431335
ID_E935CA2AAF,0,0.02276017889380455
ID_E938F70D6A,0,0.023768432438373566
ID_E94377964B,0,0.033758196979761124
ID_E94E7F5146,0,0.026263941079378128
ID_E95BBFCF11,0,0.03390176221728325
ID_E960E8C275,0,0.7886269092559814
ID_E961A66E56,1,0.3269200325012207
ID_E9625A6DD3,0,0.10311538726091385
ID_E978DFCD0F,0,0.057961612939834595
ID_E97A89A1C3,0,0.00580624071881175
ID_E98D05DA09,1,0.47010213136672974
ID_E9905C1340,0,0.11987489461898804
ID_E997164CEB,0,0.2922185957431793
ID_E999EF4116,0,0.01629640720784664
ID_E9A0289983,0,0.031815990805625916
ID_E9ACBDDDFE,1,0.5937851667404175
ID_E9B0ADA90C,0,0.011068077757954597
ID_E9BF953082,0,0.07462974637746811
ID_E9C27562E1,1,0.8530850410461426
ID_E9C3D8CC1D,0,0.10859504342079163
ID_E9C617E544,0,0.4881393313407898
ID_E9CB41148F,0,0.3535778224468231
ID_E9D2D47685,0,0.08867189288139343
ID_E9D34C0402,0,0.01941334456205368
ID_E9D458DEC5,0,0.045170873403549194
ID_E9DDA5045B,0,0.14103230834007263
ID_E9EA6917C4,0,0.11874929815530777
ID_E9EF9250A9,1,0.3997008502483368
ID_E9F00400F6,0,0.02927638590335846
ID_E9F1F5862E,1,0.8168806433677673
ID_E9F5337D58,0,0.13468419015407562
ID_E9FE056D6A,0,0.022630766034126282
ID_E9FF9D866E,0,0.04449863359332085
ID_EA0485D898,0,0.03289320692420006
ID_EA2422696A,0,0.05687814950942993
ID_EA24B32952,0,0.017215212807059288
ID_EA2AE5856B,1,0.4415905773639679
ID_EA2E6F0D52,0,0.04393474757671356
ID_EA31377843,0,0.06543164700269699
ID_EA328D5EE2,0,0.13466545939445496
ID_EA37D3BF0D,0,0.04628679156303406
ID_EA3B918116,0,0.1514008492231369
ID_EA6915B10E,0,0.13965222239494324
ID_EA8426FB7E,0,0.019872944802045822
ID_EA845A4294,0,0.09710012376308441
ID_EA8AC3D796,0,0.03748483583331108
ID_EA91F2DEC9,0,0.008011512458324432
ID_EA9314C51D,0,0.07851330190896988
ID_EA94657642,1,0.8906729817390442
ID_EA99F182CF,0,0.5500837564468384
ID_EA9A158A2A,0,0.14606088399887085
ID_EAA4CFF6C0,0,0.08130322396755219
ID_EAAA6D6040,0,0.26452410221099854
ID_EAAE1B40DB,0,0.01726224273443222
ID_EAAEBAABBF,1,0.9163024425506592
ID_EAB0745249,0,0.07694175094366074
ID_EAB5262C39,0,0.10730785876512527
ID_EACB6788DA,0,0.01706256903707981
ID_EAD54AC972,0,0.008502505719661713
ID_EAD99F8648,0,0.011263647116720676
ID_EAE1630E40,1,0.7240176200866699
ID_EAE72E6B2E,1,0.6865975856781006
ID_EAEAFED17A,0,0.10680948942899704
ID_EAF0FE58BB,0,0.04722100496292114
ID_EB047FA174,0,0.10151144862174988
ID_EB0D6DE030,0,0.09998151659965515
ID_EB106D9A95,0,0.0922076478600502
ID_EB197853AA,0,0.042238786816596985
ID_EB2082A95B,0,0.03536636009812355
ID_EB2C8ABA6C,0,0.14508363604545593
ID_EB370BDAA7,0,0.03384887054562569
ID_EB471C928A,0,0.2759309709072113
ID_EB62B1E980,0,0.08968890458345413
ID_EB6335F1DE,0,0.06123584881424904
ID_EB71F76726,0,0.01058509573340416
ID_EB7BB34BC5,0,0.004177809227257967
ID_EB7F852C8E,0,0.03423579782247543
ID_EB8358BFD0,0,0.07798752933740616
ID_EB95CEE3AC,0,0.1956879198551178
ID_EBA0BB3343,0,0.1456681787967682
ID_EBA3067588,0,0.05353446677327156
ID_EBAF9E7219,0,0.47866588830947876
ID_EBB0D8F4EA,0,0.0034484753850847483
ID_EBB3D875FD,0,0.01780470833182335
ID_EBBEBFAC5A,1,0.8454746007919312
ID_EBC940B480,1,0.22857341170310974
ID_EBCD88E03E,0,0.07645981758832932
ID_EBD15B127F,0,0.036057766526937485
ID_EBD5EB7C91,0,0.26229724287986755
ID_EBDA480831,0,0.04721793159842491
ID_EBECBB7A3C,0,0.0019581487867981195
ID_EBED7C6556,0,0.190585196018219
ID_EBFE6A3CAC,0,0.050183869898319244
ID_EC08C5FEDD,0,0.016561871394515038
ID_EC0915B4B1,0,0.28244322538375854
ID_EC0CDF171B,0,0.06786329299211502
ID_EC0E38D0B0,1,0.8098653554916382
ID_EC2418EE37,0,0.0020753087010234594
ID_EC2CDE6D77,0,0.06349922716617584
ID_EC33B84087,0,0.12095410376787186
ID_EC387C73E8,0,0.02611279860138893
ID_EC3E4E2C13,0,0.016500191763043404
ID_EC436BB79A,0,0.006454003043472767
ID_EC4DA83D99,0,0.03044097311794758
ID_EC54C22CB3,0,0.05440196022391319
ID_EC591C0775,0,0.0514988973736763
ID_EC5ACD33D5,0,0.14976905286312103
ID_EC5B4721A1,0,0.10990887880325317
ID_EC61AE23D6,0,0.03836950659751892
ID_EC6C28290D,0,0.302800714969635
ID_EC72706D38,0,0.11720520257949829
ID_EC7E54EAD6,0,0.14958807826042175
ID_EC828D3750,0,0.05227167531847954
ID_EC8AF1457C,1,0.14892277121543884
ID_EC8D09A662,0,0.7886689901351929
ID_EC8F3D1D5C,0,0.08890518546104431
ID_EC9781ECF1,1,0.3669837713241577
ID_EC99A47F35,0,0.16320182383060455
ID_EC9BDD5FE4,0,0.11011573672294617
ID_ECA49AB14A,0,0.23958416283130646
ID_ECB66AA7C9,0,0.04637988656759262
ID_ECB6AF827F,0,0.06990249454975128
ID_ECBDB44F1F,0,0.013233115896582603
ID_ECC0EB365A,0,0.023537885397672653
ID_ECC2C4815D,0,0.1371399164199829
ID_ECDC18DDCF,1,0.32793474197387695
ID_ECE720D60E,0,0.008045689202845097
ID_ECECBDE9A2,0,0.019992027431726456
ID_ECF91F575F,0,0.5882982015609741
ID_ECFDAB8498,0,0.05380981042981148
ID_ED08C231FC,0,0.022728227078914642
ID_ED0E2099EA,0,0.21542122960090637
ID_ED12EF7B2D,0,0.013671685010194778
ID_ED27E6E8C4,0,0.03873078525066376
ID_ED34DB2745,0,0.05626361072063446
ID_ED371295DD,0,0.016860632225871086
ID_ED3DA0F116,0,0.0832216888666153
ID_ED42625657,0,0.09743136912584305
ID_ED49EDFB25,0,0.2485925853252411
ID_ED4ACC875A,0,0.01367427222430706
ID_ED4B2706BE,0,0.003992792684584856
ID_ED55C9FB57,0,0.029110562056303024
ID_ED96135A25,0,0.029346060007810593
ID_EDAEA0C612,0,0.3942217230796814
ID_EDB39D22CB,0,0.13052013516426086
ID_EDB5A1FC4D,0,0.02349209412932396
ID_EDCD46E9E8,0,0.007441298104822636
ID_EDCF00CE9A,0,0.008050027303397655
ID_EDD4768B40,0,0.0604894645512104
ID_EDE9D6A9DE,0,0.12865863740444183
ID_EDF5A86460,0,0.14608311653137207
ID_EDF817CA89,0,0.006945132277905941
ID_EDF94D0923,0,0.016612723469734192
ID_EE025BF2BA,0,0.05465096980333328
ID_EE06408987,0,0.09113947302103043
ID_EE0C333EA2,0,0.08221369981765747
ID_EE0C517CC8,0,0.03133156895637512
ID_EE0DD8D77C,0,0.1916130632162094
ID_EE1DAFA62D,0,0.0047789644449949265
ID_EE263EE341,0,0.04051515832543373
ID_EE3588EB7F,0,0.06807166337966919
ID_EE42543894,0,0.029538661241531372
ID_EE450D54A3,0,0.21468648314476013
ID_EE455517DE,0,0.03879211097955704
ID_EE642C95A2,0,0.4457087218761444
ID_EE6D3225FC,0,0.184481680393219
ID_EE70814943,0,0.12968751788139343
ID_EE763B86F9,0,0.10646843910217285
ID_EE821834FE,1,0.23942378163337708
ID_EE821DFDF0,1,0.26032716035842896
ID_EE845C5F21,0,0.041508812457323074
ID_EE8A16D74F,0,0.09549085050821304
ID_EE8F900661,0,0.03033629059791565
ID_EE9694ECA2,1,0.2093009203672409
ID_EE98EEF1B7,0,0.17325910925865173
ID_EEAB744F1D,0,0.06538605690002441
ID_EEBC3A8DAA,0,0.46152904629707336
ID_EEC758F308,0,0.0031162051018327475
ID_EED3CF80D8,0,0.0012036439729854465
ID_EED728E3BB,0,0.015843451023101807
ID_EEDBB97293,0,0.0493692010641098
ID_EEE3C4148C,0,0.02645123191177845
ID_EEE7DE3A07,1,0.557253897190094
ID_EEF2DD1FFA,0,0.42472755908966064
ID_EEFDC37AA0,0,0.013240598142147064
ID_EF0080343F,0,0.4707518517971039
ID_EF02C700C5,1,0.5310682058334351
ID_EF0415019C,0,0.030033031478524208
ID_EF12EFD850,0,0.011913399212062359
ID_EF149D6E74,0,0.006913299672305584
ID_EF2050C8C3,0,0.03881209343671799
ID_EF22CF0512,0,0.01712718792259693
ID_EF2DC4CB5C,0,0.005276166368275881
ID_EF3B371885,0,0.016471577808260918
ID_EF42432C5C,0,0.004026790615171194
ID_EF42CF9323,0,0.24898099899291992
ID_EF4A12C7B6,0,0.05988723039627075
ID_EF4A4B1094,0,0.03483041748404503
ID_EF4D84D264,0,0.2639791965484619
ID_EF5153BE0C,0,0.007038828916847706
ID_EF53C48A4D,0,0.0320453867316246
ID_EF5755037F,0,0.30499589443206787
ID_EF5B6D237D,0,0.04411853477358818
ID_EF600B5D28,0,0.08933894336223602
ID_EF6E5F025E,0,0.004433928988873959
ID_EF706E08AB,0,0.003149182302877307
ID_EF89B5E033,0,0.03021414391696453
ID_EF89DC409B,0,0.022426877170801163
ID_EF9A2EEF9E,1,0.590384840965271
ID_EFAA8468CB,0,0.11774206161499023
ID_EFADF68F0C,0,0.003900791285559535
ID_EFB509C848,0,0.006223143078386784
ID_EFE36266BD,0,0.07077454030513763
ID_EFFEDCA811,0,0.04202227666974068
ID_F006BCED6A,0,0.10522021353244781
ID_F01B282380,0,0.01642492227256298
ID_F01C35DD5D,0,0.2643284499645233
ID_F023137A0A,0,0.0474451407790184
ID_F02C047305,0,0.11079807579517365
ID_F0317A0D94,0,0.12558624148368835
ID_F044EA170F,1,0.6751305460929871
ID_F048BA26D3,0,0.04898930341005325
ID_F0498056D8,0,0.003646070370450616
ID_F051295921,0,0.19236977398395538
ID_F066507D62,0,0.06416773796081543
ID_F066D75EFF,0,0.033961229026317596
ID_F06965EEAD,0,0.039528775960206985
ID_F0738A2D3F,0,0.002349232789129019
ID_F0748CE062,0,0.023732898756861687
ID_F0761CCBA2,0,0.023653972893953323
ID_F07650A919,0,0.004295431077480316
ID_F07AA1F540,0,0.1381170153617859
ID_F082EA35EB,0,0.4073926508426666
ID_F0921054DF,1,0.11311200261116028
ID_F096299764,0,0.06579142063856125
ID_F097D25681,1,0.1669679582118988
ID_F09E71C06B,0,0.2540968060493469
ID_F0A20A8590,0,0.3555941581726074
ID_F0A9B4F7F2,0,0.08846565335988998
ID_F0AB5FD67B,0,0.24511855840682983
ID_F0B51A59F5,0,0.01473386213183403
ID_F0B7FBC39B,0,0.5650609731674194
ID_F0DB552B55,0,0.010907705873250961
ID_F0E443B886,0,0.030945006757974625
ID_F0E828E8FA,0,0.01724141836166382
ID_F0EC25FF46,0,0.19160372018814087
ID_F0ED65C992,0,0.0015183453215286136
ID_F0F0F6F0CC,0,0.2782491445541382
ID_F0FB3AA9BD,0,0.029587287455797195
ID_F1074BE618,0,0.07840707898139954
ID_F1148FBF7C,0,0.005066035781055689
ID_F11BB92DF1,0,0.07913538068532944
ID_F11BFA57CB,0,0.016071420162916183
ID_F11C0597D2,0,0.04041193425655365
ID_F1228DC6CB,0,0.1448581963777542
ID_F12601B522,0,0.07473258674144745
ID_F12E557900,0,0.031128954142332077
ID_F130AD3EC5,0,0.03383064270019531
ID_F13111E2A8,0,0.11487191915512085
ID_F13C380868,0,0.25932398438453674
ID_F1425C784A,0,0.06155145913362503
ID_F1562B6B3B,1,0.5515053272247314
ID_F1625E2AEC,0,0.01326767448335886
ID_F16444A531,0,0.05150382220745087
ID_F164F19B5E,0,0.04012720286846161
ID_F16A74422A,0,0.577383279800415
ID_F17108CACF,0,0.126745343208313
ID_F17162DA87,0,0.4553968608379364
ID_F17327C602,0,0.01664653792977333
ID_F175113223,0,0.14226242899894714
ID_F17CCB92F4,0,0.02057223580777645
ID_F17FED76F0,0,0.04802265018224716
ID_F18733645D,1,0.009641805663704872
ID_F1922D690E,0,0.033280402421951294
ID_F195E4634F,1,0.017698008567094803
ID_F1A144FA2C,0,0.006401990074664354
ID_F1A32CCA7C,0,0.027300307527184486
ID_F1A574A3BC,0,0.30203428864479065
ID_F1ADAE542F,1,0.31651797890663147
ID_F1BA939774,0,0.03348377346992493
ID_F1C5566F81,0,0.005448203068226576
ID_F1D1A03750,0,0.01052277721464634
ID_F1D2469B00,0,0.18843324482440948
ID_F1D3EDA8D4,0,0.01858549565076828
ID_F1DEA10E9B,0,0.006577024701982737
ID_F1E39D3613,0,0.00554702989757061
ID_F1EA583464,0,0.03378783166408539
ID_F1EBF90016,0,0.11776997894048691
ID_F1EF20CC02,0,0.03659459948539734
ID_F1F61277B3,0,0.027902137488126755
ID_F1F9BD1B26,0,0.029779542237520218
ID_F1F9F52FED,0,0.007207904011011124
ID_F20FA0F365,0,0.12695762515068054
ID_F21F02C26C,0,0.3048071563243866
ID_F2263850B1,0,0.025486301630735397
ID_F2299F9BD6,0,0.0982038825750351
ID_F22CCFAE9A,0,0.00547182047739625
ID_F23C66A892,0,0.007608531042933464
ID_F23D0FBD0E,0,0.08977077901363373
ID_F23F10FD3C,0,0.017068319022655487
ID_F24818AF6D,0,0.010004643350839615
ID_F25DFC416D,0,0.022466929629445076
ID_F2611FBB54,0,0.009834643453359604
ID_F267C404FB,0,0.41747644543647766
ID_F26FC5266E,0,0.01515987515449524
ID_F276A72BAA,0,0.007931476458907127
ID_F27DDAD343,0,0.02887422777712345
ID_F2800C4B08,1,0.2506546974182129
ID_F2846F1DE6,0,0.04107648879289627
ID_F2905794B7,0,0.0639820247888565
ID_F29A116A2D,0,0.5863043069839478
ID_F2A306D2E9,1,0.1321149319410324
ID_F2A67355E4,0,0.1955721378326416
ID_F2AF5DBADF,0,0.3323172330856323
ID_F2B0AB4DA2,0,0.01255862694233656
ID_F2C710E79F,0,0.010787218809127808
ID_F2CE58E8CB,0,0.006003458984196186
ID_F2CEEE8071,0,0.06328622251749039
ID_F2D099E6C1,0,0.011348247528076172
ID_F2D384CC22,0,0.08741490542888641
ID_F2E21DA564,1,0.020886272192001343
ID_F2E747357C,0,0.19642773270606995
ID_F2EEB7E80F,0,0.00575485872104764
ID_F2EF654BBC,0,0.5104390382766724
ID_F30A3DC98A,0,0.01644965633749962
ID_F31090457B,0,0.11519981175661087
ID_F310D41429,0,0.16424743831157684
ID_F318EC9CA0,0,0.03854117542505264
ID_F32294D453,0,0.011792447417974472
ID_F325280BF2,0,0.14874066412448883
ID_F32539FAE2,0,0.18665888905525208
ID_F326F0A2F7,0,0.03257526829838753
ID_F33E0A584F,0,0.1324639618396759
ID_F34386258B,0,0.02680540271103382
ID_F344B159F2,0,0.0352708175778389
ID_F344C96F5D,0,0.0017751618288457394
ID_F348F85408,0,0.014516274444758892
ID_F350F04222,0,0.4223381578922272
ID_F3518D54C4,0,0.0037197708152234554
ID_F3519CF29E,0,0.00998283177614212
ID_F351D4EAB8,0,0.007610711734741926
ID_F36A504C6C,1,0.6004530191421509
ID_F36C636CFE,0,0.0036929864436388016
ID_F36D83058E,0,0.018357837572693825
ID_F36F1452A5,0,0.013563442975282669
ID_F3708E1C96,0,0.08015600591897964
ID_F3713F7CCC,0,0.013534296303987503
ID_F3777A5762,0,0.028501681983470917
ID_F37845F788,0,0.8009151220321655
ID_F378B2E6C4,0,0.020096570253372192
ID_F378D4685D,0,0.05316641926765442
ID_F37C39FB27,0,0.05115261673927307
ID_F382392EBD,0,0.26736733317375183
ID_F3880DB95A,0,0.015529856085777283
ID_F39357944E,0,0.018349580466747284
ID_F3A99EB803,0,0.12865322828292847
ID_F3AB4522B4,0,0.04560384526848793
ID_F3B76B7E22,0,0.06065094843506813
ID_F3C2D13AF7,0,0.05338110029697418
ID_F3C4DF1E3A,0,0.0748094767332077
ID_F3C5DC76B2,0,0.22132107615470886
ID_F3CC524E7C,1,0.32963046431541443
ID_F3D2A80253,0,0.17835068702697754
ID_F3D82C5C44,0,0.15921171009540558
ID_F3DF76F22A,0,0.010575720109045506
ID_F3E54A8E59,0,0.06137087196111679
ID_F3EC26E4AD,0,0.06613089889287949
ID_F3F2F4611B,0,0.015709031373262405
ID_F3F555BE60,0,0.03373430296778679
ID_F4022F40EF,0,0.09187313914299011
ID_F404584D5D,1,0.46216994524002075
ID_F426C31A9F,0,0.1964615285396576
ID_F4297F9EB8,0,0.2771661877632141
ID_F4318DA641,0,0.03800341114401817
ID_F43C941FF2,0,0.15430386364459991
ID_F4491D5527,0,0.034408144652843475
ID_F44CBFC876,0,0.024084048345685005
ID_F44D78325E,0,0.00563414953649044
ID_F4668680A0,0,0.1109960526227951
ID_F466B9F97D,0,0.07284416258335114
ID_F46CDF4BF9,0,0.010975908488035202
ID_F4704A70D0,0,0.006972576957195997
ID_F477CAFABE,0,0.03534054756164551
ID_F4817B674D,0,0.006513780448585749
ID_F4846295BF,1,0.016145294532179832
ID_F492DF1B1A,0,0.028261220082640648
ID_F49A6A3A20,0,0.03153792396187782
ID_F4AC5BA0B0,0,0.010214737616479397
ID_F4ACD2BD2A,1,0.29783350229263306
ID_F4B398D528,1,0.21231907606124878
ID_F4D47E8066,0,0.16010257601737976
ID_F4DD6A46AE,0,0.0288443211466074
ID_F4E934B252,1,0.5318845510482788
ID_F4F9E7F704,1,0.6348022222518921
ID_F5035CB702,0,0.0028429483063519
ID_F50F17ACAE,0,0.0038415733724832535
ID_F51D68EFEF,1,0.5563755035400391
ID_F521D8B885,0,0.6799329519271851
ID_F5257CED3E,0,0.13872581720352173
ID_F526AB7567,0,0.0049618505872786045
ID_F52941CF38,1,0.7088905572891235
ID_F54BBB17F4,0,0.008684664033353329
ID_F54EBF2C90,0,0.02921215072274208
ID_F54EE89D98,0,0.029496997594833374
ID_F5509F0AE4,0,0.05391228199005127
ID_F55D927ACB,0,0.03199359402060509
ID_F560B50C96,0,0.013590994291007519
ID_F564B8F162,0,0.0611063688993454
ID_F564E42307,0,0.023495707660913467
ID_F56E90A5AA,0,0.058636974543333054
ID_F571F557DB,0,0.025454938411712646
ID_F5732F7957,0,0.11120979487895966
ID_F57416997E,0,0.2819770276546478
ID_F57BC614D6,0,0.2619325816631317
ID_F57DB18185,0,0.009717680513858795
ID_F57FC65070,0,0.012412617914378643
ID_F58603DB7A,0,0.1091107502579689
ID_F58C440966,0,0.0157912690192461
ID_F59B3C154A,0,0.03435830771923065
ID_F59D971263,0,0.22621452808380127
ID_F5A88F6A64,0,0.13522827625274658
ID_F5AE9B294A,0,0.013203325681388378
ID_F5B22CF573,0,0.0025493567809462547
ID_F5C0DF421E,0,0.044060155749320984
ID_F5D14A28EC,0,0.08849756419658661
ID_F5DC951554,0,0.005768976174294949
ID_F5DFB54B16,0,0.003738283645361662
ID_F5F4C86E6E,0,0.022279344499111176
ID_F5F98D310F,0,0.029604274779558182
ID_F5FB1B5382,0,0.017362339422106743
ID_F5FCD3B125,0,0.06452816724777222
ID_F6117A7B41,0,0.024862609803676605
ID_F61D48AFAD,0,0.08413061499595642
ID_F633158424,0,0.019403817132115364
ID_F6344D918A,0,0.02050059661269188
ID_F65B5A0C58,1,0.22087258100509644
ID_F6600B24AE,0,0.24284996092319489
ID_F67C1DE0AD,1,0.3267018496990204
ID_F67D5DAE01,0,0.03431696072220802
ID_F680667689,0,0.1426556259393692
ID_F69829083D,0,0.022401541471481323
ID_F69C5A0205,0,0.2848396897315979
ID_F6AB80CCE5,0,0.1682397872209549
ID_F6B10AE62E,1,0.07839583605527878
ID_F6B7CABAF6,0,0.00568770756945014
ID_F6C1466279,0,0.12946541607379913
ID_F6C7B4804F,0,0.07746175676584244
ID_F6CA404478,0,0.07987949252128601
ID_F6D037843C,0,0.04725467041134834
ID_F6D6F21666,0,0.11799278855323792
ID_F6F43DC0CC,0,0.027059119194746017
ID_F6FB976127,0,0.14018377661705017
ID_F7069C9BC3,0,0.11421084403991699
ID_F7098E245C,0,0.007217097096145153
ID_F7271DA3A1,0,0.0487874373793602
ID_F72D01361E,1,0.39392518997192383
ID_F73BE3234C,0,0.02562488615512848
ID_F7459770CC,0,0.07031359523534775
ID_F7494D2589,0,0.6395978331565857
ID_F74DEBC138,1,0.11191938817501068
ID_F758E5E7EC,1,0.3896528482437134
ID_F76D9063D9,0,0.06393099576234818
ID_F77680E61D,0,0.006725640501827002
ID_F7777A01E4,0,0.012708161026239395
ID_F785129B2F,0,0.004384568892419338
ID_F7870BE97A,0,0.1081533432006836
ID_F7935FD37D,1,0.8253706097602844
ID_F795F71809,0,0.03230121731758118
ID_F79847CA99,0,0.07197936624288559
ID_F79C7308EB,0,0.3008597195148468
ID_F79E41C2EF,0,0.007247536908835173
ID_F79EEC5680,0,0.008429615758359432
ID_F7AB2781C7,0,0.0052650198340415955
ID_F7B2D3C45A,0,0.15521001815795898
ID_F7B5FBCF9E,0,0.0029255428817123175
ID_F7B794A950,1,0.41050177812576294
ID_F7B8635817,0,0.019368521869182587
ID_F7B9CB22C6,1,0.05224994570016861
ID_F7C22FE174,1,0.8317133784294128
ID_F7C50B8606,0,0.00578318489715457
ID_F7C99C0B36,0,0.07391291856765747
ID_F7F4BD6111,0,0.08805224299430847
ID_F7F918A45E,0,0.036433473229408264
ID_F7FDFA1EE6,0,0.006856253370642662
ID_F8041316B9,0,0.1654660999774933
ID_F805E19538,0,0.24663588404655457
ID_F80D188259,0,0.14822736382484436
ID_F815BB2B2C,0,0.0111759714782238
ID_F822AE4727,0,0.04176279157400131
ID_F830464A4A,1,0.1649097353219986
ID_F845C23546,0,0.0027652259450405836
ID_F8484D4CCE,0,0.04441961646080017
ID_F8519EB211,0,0.037536706775426865
ID_F85D0D0E0F,1,0.3158900737762451
ID_F861446E58,0,0.01677546091377735
ID_F87A07AB19,1,0.2594924569129944
ID_F8860A547A,0,0.013539789244532585
ID_F889654EF7,0,0.021185938268899918
ID_F88E94EE53,1,0.12981541454792023
ID_F899EB831E,0,0.0060715521685779095
ID_F89B40129D,1,0.26081228256225586
ID_F8CA76BEDD,0,0.0010142689570784569
ID_F8CEEF9EE0,0,0.28211209177970886
ID_F8D356552A,0,0.04530123248696327
ID_F8DC10B68E,0,0.3175671100616455
ID_F8DD84B5AC,0,0.1495540887117386
ID_F8DE28332B,0,0.13672159612178802
ID_F8E33064A2,0,0.18469271063804626
ID_F8E41D9FD9,0,0.01067312154918909
ID_F8E8B98CAB,1,0.7407811284065247
ID_F8E9AD88ED,1,0.04861830174922943
ID_F8F1939E07,1,0.7483459115028381
ID_F8F1FBE056,0,0.4222528338432312
ID_F8F77FCF6D,0,0.019607968628406525
ID_F8F7DD29EF,0,0.08210879564285278
ID_F9006CB797,0,0.05219588801264763
ID_F9084F1E36,0,0.01388415228575468
ID_F90DCC23BC,0,0.18895022571086884
ID_F90F8A8370,0,0.013334646821022034
ID_F912B293AC,0,0.022961623966693878
ID_F914D9BA52,1,0.20974822342395782
ID_F91E5752FF,0,0.052054524421691895
ID_F92265FB2B,0,0.6164263486862183
ID_F926176D53,0,0.02922966703772545
ID_F92AD457FA,0,0.06907185912132263
ID_F93744DE52,0,0.0025813900865614414
ID_F93B30E838,0,0.06079337000846863
ID_F93FA604C5,0,0.018042810261249542
ID_F94D9183D5,0,0.22230172157287598
ID_F953BA87CF,0,0.017628099769353867
ID_F959BE27BD,0,0.18599018454551697
ID_F95A4E28FB,0,0.09915123134851456
ID_F95B06ABB6,1,0.20388798415660858
ID_F95C00D470,0,0.028460893779993057
ID_F9685BC69C,0,0.09584344178438187
ID_F9738229F2,0,0.0772782564163208
ID_F97CC5B630,1,0.25691863894462585
ID_F9831A9544,0,0.4401662349700928
ID_F988E3E28A,1,0.091168612241745
ID_F989DCEF89,0,0.4261140525341034
ID_F9A6FFE23A,0,0.002422960242256522
ID_F9A79A5EA4,0,0.4459274113178253
ID_F9AC150028,0,0.012140469625592232
ID_F9AE595D74,0,0.013633961789309978
ID_F9B3E43282,0,0.11221493780612946
ID_F9BA203BDC,0,0.001300677889958024
ID_F9BA2DB5A5,0,0.023293733596801758
ID_F9DB74C641,0,0.01478016097098589
ID_F9E1A6A75A,0,0.17179685831069946
ID_F9EED06FA8,0,0.013253644108772278
ID_F9EF4F6F2A,0,0.16771794855594635
ID_F9F07A328D,0,0.11340160667896271
ID_F9F45BDF2F,0,0.1688658893108368
ID_F9F51EE9D9,0,0.18719810247421265
ID_F9F6794CE9,1,0.453128844499588
ID_FA0527BDC1,0,0.014195590279996395
ID_FA0CD399A7,0,0.004567387048155069
ID_FA130B8042,1,0.21144282817840576
ID_FA16FD19AC,0,0.1972411870956421
ID_FA1BB97AC8,0,0.00861419178545475
ID_FA1D78827D,1,0.08056218177080154
ID_FA1F49F833,0,0.2677411735057831
ID_FA240EC279,0,0.007578052114695311
ID_FA2422D013,0,0.038763027638196945
ID_FA28D11301,0,0.19704820215702057
ID_FA2C38A6EC,0,0.15716072916984558
ID_FA326BCEC7,1,0.5565601587295532
ID_FA3B848A2F,1,0.5131009221076965
ID_FA40B531B8,0,0.025734761729836464
ID_FA42EC8DBF,0,0.006781495176255703
ID_FA4983DBFE,0,0.017879057675600052
ID_FA4A5AD15A,1,0.5032593607902527
ID_FA5BC15F4B,0,0.03773544728755951
ID_FA5F81DEA4,0,0.7858994007110596
ID_FA678E9CAF,0,0.025671126320958138
ID_FA6966071F,0,0.06701035052537918
ID_FA6D486177,0,0.27207744121551514
ID_FAA0C116BB,0,0.14484985172748566
ID_FAA515662D,1,0.7002284526824951
ID_FAA5435A96,0,0.14613139629364014
ID_FAB80A22F9,0,0.006901314482092857
ID_FAD268F88C,0,0.1156931146979332
ID_FADBA19304,1,0.8554205298423767
ID_FADD5115D1,0,0.14211148023605347
ID_FAEAB29287,0,0.13095387816429138
ID_FAF18A4A1C,0,0.025585509836673737
ID_FAF1EFD5E7,1,0.0851077288389206
ID_FAFACAE34C,0,0.05485527589917183
ID_FB02DF45C6,0,0.16769492626190186
ID_FB0409685D,0,0.008750217035412788
ID_FB06ECF2DC,0,0.05909137427806854
ID_FB126E87A9,1,0.1867838203907013
ID_FB21D1C59C,0,0.08054299652576447
ID_FB31A8F6E8,0,0.01784907653927803
ID_FB343D68F8,1,0.2052648961544037
ID_FB3709AB1E,0,0.030367212370038033
ID_FB3BBC7A6E,0,0.04572527855634689
ID_FB48D3BF75,0,0.3731672465801239
ID_FB49A0144B,0,0.0704955905675888
ID_FB5FFB3AC2,0,0.03224554657936096
ID_FB6030C84E,0,0.0913996696472168
ID_FB6A91DC9D,1,0.8168113231658936
ID_FB6B94995C,0,0.00501615134999156
ID_FB782CB4DD,0,0.03146739676594734
ID_FB884154E9,0,0.18978403508663177
ID_FB91D913F5,0,0.012685046531260014
ID_FB92C18BFD,0,0.17655707895755768
ID_FB9C7B7E3A,0,0.0018512823153287172
ID_FBA33CD900,0,0.0049101258628070354
ID_FBA39A6A21,0,0.022728724405169487
ID_FBA404B794,0,0.0036099206190556288
ID_FBA71E9D52,0,0.005643980577588081
ID_FBAE5C44A6,0,0.12588465213775635
ID_FBAFF66D66,0,0.03171670436859131
ID_FBB03EC42E,0,0.11632697284221649
ID_FBB8C2E330,1,0.4618103504180908
ID_FBBD8AF4CC,0,0.0229105893522501
ID_FBC1630324,0,0.029763557016849518
ID_FBC540D073,0,0.0437890961766243
ID_FBC78417C8,0,0.5901356935501099
ID_FBCEB93060,0,0.0327564999461174
ID_FBE4EF3EAC,0,0.034760840237140656
ID_FBE753A3DF,1,0.17785997688770294
ID_FBFD580406,0,0.006903158035129309
ID_FC02DB4939,1,0.365648090839386
ID_FC102BAA1A,0,0.029096728190779686
ID_FC124FC22B,0,0.20101505517959595
ID_FC28870E1B,0,0.002678385004401207
ID_FC288F469D,1,0.23269350826740265
ID_FC2C44864E,0,0.01671598106622696
ID_FC2D3ECFB3,0,0.01362965814769268
ID_FC2E6D20CA,0,0.006657919846475124
ID_FC381A0A18,1,0.6038383841514587
ID_FC4011076B,0,0.14180916547775269
ID_FC4DC5322C,0,0.5368691086769104
ID_FC5D7A1C94,0,0.022984111681580544
ID_FC62974DD8,0,0.06393268704414368
ID_FC6445B517,0,0.2008684128522873
ID_FC7DCA72F1,0,0.2028832584619522
ID_FC856C3D0A,0,0.037371259182691574
ID_FC889F73F7,0,0.0997515618801117
ID_FC8EAF82E0,0,0.004993091337382793
ID_FC96BDE172,0,0.006494083441793919
ID_FC9C048B05,0,0.028252920135855675
ID_FC9EAB9B9A,0,0.008124296553432941
ID_FCAC3D8EE3,0,0.4454859495162964
ID_FCAECB7EA2,0,0.11351063847541809
ID_FCAF958210,0,0.009594266302883625
ID_FCC1EAE13A,1,0.7551853656768799
ID_FCD0D86262,0,0.011376684531569481
ID_FCD248DE4C,0,0.05154333636164665
ID_FCD84C468C,0,0.027432171627879143
ID_FCDBF831BD,0,0.1811515986919403
ID_FCE189A58D,0,0.06579797714948654
ID_FD00B21910,0,0.029394686222076416
ID_FD02D661B9,0,0.053325213491916656
ID_FD0AB993FE,1,0.39535006880760193
ID_FD1CB45F97,1,0.6468314528465271
ID_FD1E0C7722,0,0.18113866448402405
ID_FD1EC2D916,0,0.1579250693321228
ID_FD31F26041,0,0.13964956998825073
ID_FD3646B3B6,0,0.03146487846970558
ID_FD43F871F7,0,0.025304974988102913
ID_FD4CEB2062,0,0.005915749352425337
ID_FD51AD049C,0,0.003939932677894831
ID_FD56E64E8C,0,0.27602678537368774
ID_FD5E1C9B7C,0,0.05084920674562454
ID_FD626A52A7,0,0.08065691590309143
ID_FD63029CC6,0,0.31739845871925354
ID_FD683107E9,0,0.19463464617729187
ID_FD6DC76F22,0,0.00687002670019865
ID_FD6F5A82D1,1,0.563431441783905
ID_FD8278820A,0,0.04029093310236931
ID_FDA164DD52,0,0.10816007852554321
ID_FDB4A47AF1,1,0.24240323901176453
ID_FDBA94ADA0,0,0.16007034480571747
ID_FDC810F107,1,0.6616544723510742
ID_FDCE20B0F6,0,0.025114256888628006
ID_FDEE494A02,0,0.01595330238342285
ID_FE03D9F82F,0,0.06355638056993484
ID_FE2D24CFA3,1,0.21507330238819122
ID_FE2D9FF540,0,0.0041328608058393
ID_FE2EFD1BD3,0,0.00971081294119358
ID_FE2F5522DB,1,0.21462120115756989
ID_FE36862409,0,0.009128651581704617
ID_FE3AF7C626,0,0.021625248715281487
ID_FE439A4266,1,0.41221410036087036
ID_FE54F8455D,0,0.008187853731215
ID_FE5B6B16F9,0,0.2636408507823944
ID_FE5D0692F5,0,0.19824598729610443
ID_FE5EB07C59,1,0.13331086933612823
ID_FE5FA6BD98,0,0.01914094388484955
ID_FE6D0AD467,0,0.07456071674823761
ID_FE862B7C24,0,0.09685703366994858
ID_FE87A8AD96,0,0.08792392909526825
ID_FE8B74B0CA,0,0.06590384989976883
ID_FE8E1C9769,0,0.010733349248766899
ID_FE8EF05461,1,0.09272073209285736
ID_FE99082E23,0,0.027372315526008606
ID_FE9A0C95B5,0,0.21754059195518494
ID_FEBED0AF6E,1,0.7604572772979736
ID_FECEFA637E,0,0.33479881286621094
ID_FEE02C4D74,1,0.5352526307106018
ID_FEE4E54E51,1,0.1592380851507187
ID_FEE6D61938,0,0.016618620604276657
ID_FEE6EE049E,1,0.4970153570175171
ID_FEE8ED5FBA,0,0.09420043230056763
ID_FEF985D27E,0,0.20182999968528748
ID_FEFC4867A6,0,0.0033106128685176373
ID_FF02556EB9,0,0.04720619320869446
ID_FF27798D0A,0,0.02505159191787243
ID_FF2825AECD,0,0.5639989376068115
ID_FF2DE2542C,0,0.30643731355667114
ID_FF35B17991,0,0.15712475776672363
ID_FF3918EBE8,0,0.025113604962825775
ID_FF405362D1,0,0.10692863166332245
ID_FF41FD5CB1,0,0.07418638467788696
ID_FF4448C399,0,0.0442066416144371
ID_FF721FCEDD,0,0.11756980419158936
ID_FF75B356E1,0,0.48533937335014343
ID_FF7726D0BF,0,0.04190746322274208
ID_FF79415ECF,0,0.02757069282233715
ID_FF7AC30C34,0,0.037970706820487976
ID_FF7E334BDE,0,0.10686266422271729
ID_FF7F230E2F,0,0.27749860286712646
ID_FF8666E1A5,1,0.3678642213344574
ID_FF9BC10EEE,0,0.018627390265464783
ID_FFA6503129,0,0.07067945599555969
ID_FFAAA33D2D,0,0.004399907775223255
ID_FFABF69097,0,0.5455206632614136
ID_FFB54F8FA5,0,0.007847895845770836
ID_FFBA16588C,1,0.28212201595306396
ID_FFDBCC4C17,0,0.008845026604831219
ID_FFE1A9E88D,0,0.007127741351723671
ID_FFF3213278,0,0.14067979156970978
ID_FFF36E8587,0,0.012603618204593658
ID_FFF7A3F9A7,0,0.1270984262228012
ID_FFF84D9F7E,0,0.1431761234998703
