ID,partition
ID_000051BFF0,train
ID_000143DC0F,train
ID_00055CEC03,train
ID_0005B22060,train
ID_0006E47606,final
ID_00094C4E3E,train
ID_00099C2E13,train
ID_0009D03C38,validation
ID_000C692A3C,train
ID_000D582132,train
ID_000F733ECB,train
ID_00148760E8,train
ID_00156714B3,validation
ID_0016CF543B,train
ID_00177B53DE,final
ID_00195F7F29,final
ID_001B722BCF,final
ID_001F4E27CC,train
ID_0020FFA6E0,train
ID_0022556462,train
ID_0025DF4F0B,train
ID_00273C9B84,final
ID_00279882E6,train
ID_0028970DF9,train
ID_0029F32A83,train
ID_002B69C256,train
ID_002C88BB06,final
ID_002D270151,train
ID_002EEDE7C7,train
ID_002F8958C6,train
ID_0030ECE3AB,train
ID_0033B62069,train
ID_00341A1C87,train
ID_003AF36826,train
ID_003D58B130,train
ID_003F7EA69F,validation
ID_0042E5269F,train
ID_0043A62ECB,train
ID_0044468C4A,final
ID_004516ECF0,train
ID_0046783532,train
ID_004716B845,final
ID_004957DEB5,validation
ID_004C49A3B2,final
ID_004CEE20AD,train
ID_004D10343F,validation
ID_0050A5EC03,train
ID_0051321CA5,train
ID_0051854D55,train
ID_005217250B,train
ID_0052A6C6E6,train
ID_005644F4C6,train
ID_0059BEBA2D,train
ID_005C55BA75,validation
ID_0060A25E6D,train
ID_0060D93CB6,train
ID_0065D96EFE,final
ID_0068F6999B,train
ID_006A148314,train
ID_006A90B788,train
ID_006B211A96,train
ID_006B353D3E,train
ID_006B6581B0,train
ID_006DA0AE1C,validation
ID_006DD062BF,validation
ID_00784BDF43,train
ID_0079A554A4,train
ID_007A617ED3,validation
ID_007ACCEEC5,train
ID_007D324A2F,train
ID_007E27D0C2,validation
ID_008034E939,train
ID_0081820B24,train
ID_00823D371B,train
ID_008576D456,train
ID_0086330852,validation
ID_0086E4F5C6,train
ID_008A682FEB,final
ID_008BCE3D9B,train
ID_008BDAE1F4,train
ID_008D662C77,validation
ID_008EA85F09,train
ID_009458A824,train
ID_00958BD5A2,validation
ID_0095B29325,final
ID_00963A45CD,train
ID_00968151DD,train
ID_009AAF136A,train
ID_009BD91C96,train
ID_009C740DF0,train
ID_009FB7F059,train
ID_00A3098EC6,train
ID_00A8FC6D80,final
ID_00A92AC63E,train
ID_00A9339EB1,train
ID_00AA565169,train
ID_00AAD7446E,train
ID_00AD21568D,validation
ID_00AEF5A829,train
ID_00B23CB9F4,train
ID_00B27F2EDE,validation
ID_00B64FCE51,train
ID_00B7502DC6,train
ID_00B7CE125E,validation
ID_00B84B114B,validation
ID_00B88DC922,train
ID_00B92E32DC,validation
ID_00BAAEFC5D,train
ID_00BBB006CE,train
ID_00BBE147E9,train
ID_00BCE6B973,validation
ID_00C061B1E4,final
ID_00C22EEBF4,train
ID_00C260347F,train
ID_00C34F4D8E,train
ID_00C476E4DC,final
ID_00C4F93B0D,final
ID_00C56B761C,train
ID_00C730F973,validation
ID_00C794EBCC,validation
ID_00C7A0FD9F,train
ID_00C88D257D,train
ID_00CAA18FA3,final
ID_00CDFF71A9,train
ID_00CF5F55DE,train
ID_00D34107FB,final
ID_00D3A3B407,final
ID_00D52A43E3,train
ID_00D5A18C2A,train
ID_00DC87AA90,train
ID_00DF992C38,train
ID_00E0160624,validation
ID_00EB5A4A0E,train
ID_00ED58EE57,final
ID_00EE7809E1,train
ID_00EF7D8210,validation
ID_00EFD2F97F,validation
ID_00F0E51B1C,train
ID_00F14B8E51,train
ID_00F1608D0B,train
ID_00F1A074AC,train
ID_00F23CE713,final
ID_00F3789E86,train
ID_00F3996352,train
ID_00F428F70B,train
ID_00F429779E,final
ID_00F43F414E,validation
ID_00F50444A6,final
ID_00F6F02BCD,train
ID_00F7B680CA,train
ID_00FAE874CA,validation
ID_00FAEC3385,final
ID_00FD101AE6,validation
ID_00FDC69DA7,final
ID_00FFE33CFF,train
ID_0100C9EB67,train
ID_0100DE1BDA,train
ID_010383F6AA,train
ID_0106DA60E5,train
ID_01078EE223,train
ID_01079FE1BE,train
ID_0108DC0AA5,train
ID_010F415E8D,train
ID_01102F3135,validation
ID_011278B3D3,validation
ID_0112DE79F8,train
ID_0114874DD5,train
ID_0114FBD71C,final
ID_01169A3735,train
ID_01186D2E57,train
ID_011A23F4C7,final
ID_011A739D63,train
ID_011B133DB1,final
ID_012241A938,validation
ID_01237701F6,train
ID_0123AC228D,train
ID_0123B3C32C,validation
ID_012613B5A0,train
ID_01272C656B,train
ID_012735CDC1,train
ID_0127D58013,validation
ID_012A78ECE9,validation
ID_012B9456CA,train
ID_012D29E1DC,train
ID_012DA54050,train
ID_01314C84AF,train
ID_01322C2873,validation
ID_0132A0DABB,validation
ID_013499AE93,train
ID_0134DB2D49,train
ID_01388AB53E,validation
ID_013BAE5EC3,train
ID_013CDB82AF,train
ID_013D5CEF32,train
ID_013F0E483B,final
ID_013F113591,train
ID_01435E1CEF,validation
ID_0146A11B42,final
ID_0148B05ADF,train
ID_0148C33797,train
ID_014BA6F5F8,train
ID_014F8E39B0,train
ID_014FC00467,train
ID_0152110694,train
ID_0159A2E5E5,train
ID_0159E0F1E8,train
ID_015B39ED46,validation
ID_015D8F3FF7,train
ID_015DEDB403,train
ID_015E25EAD7,train
ID_015EC694FB,train
ID_016127F20F,train
ID_01629CA685,train
ID_0162E914D9,final
ID_0162EFB952,final
ID_01644519AE,train
ID_016566A24D,train
ID_0165B74CFE,train
ID_016C03ABF9,train
ID_016EC5F8C5,final
ID_016F5151AC,train
ID_017006598F,train
ID_0170435CD4,final
ID_0171D1654C,final
ID_01745A3887,validation
ID_01796B64BF,train
ID_0179C99439,train
ID_017A44D47D,train
ID_017BF3B3D3,train
ID_017D71FD2E,final
ID_017DC34C70,train
ID_0181EF0B9E,train
ID_01823A872E,train
ID_0183B1153D,validation
ID_018401DB0E,train
ID_01854EFDD4,train
ID_0188E206C9,train
ID_018A0F021D,train
ID_018B68C94C,train
ID_018CC07218,train
ID_018CD6EC24,train
ID_018D79DB2A,train
ID_018DB8C478,validation
ID_018FC48EC3,train
ID_0190BE3B61,validation
ID_0190F4CA03,validation
ID_0192F5DF86,validation
ID_019AB70171,train
ID_019C4DF01F,train
ID_019F7B3348,train
ID_019F8D99F3,validation
ID_019FA8F511,train
ID_01A4FFF8AD,train
ID_01A5A775D8,train
ID_01A990AB60,validation
ID_01A9CADC6E,train
ID_01AA48D5A9,train
ID_01AAAF3017,validation
ID_01AB005947,validation
ID_01AB765BE7,train
ID_01AE0ED2E8,train
ID_01B1609220,train
ID_01B3AFC016,train
ID_01B3E6B660,validation
ID_01B4B29D0F,train
ID_01B5F527AC,validation
ID_01B854D504,validation
ID_01BA6825B4,final
ID_01BC6D8140,train
ID_01BE40C89A,final
ID_01C8E24512,train
ID_01C98A02A2,train
ID_01CBE266B3,train
ID_01CC33A0E4,validation
ID_01CC8A5C8F,train
ID_01CD015704,train
ID_01CE99EB51,validation
ID_01CF8CF30A,validation
ID_01CFE84ED2,validation
ID_01CFE991A7,train
ID_01D014E188,train
ID_01D1F149CE,final
ID_01D3010C0F,final
ID_01D434BFF1,train
ID_01D4391D13,train
ID_01D4C0B760,train
ID_01D590DC96,train
ID_01D644FFC6,train
ID_01DBD42BE9,train
ID_01DC9BEBA5,train
ID_01DF4E1950,final
ID_01E1FD022C,train
ID_01E31215EF,validation
ID_01E3C1C9B5,validation
ID_01E40A49B3,train
ID_01E7A17932,validation
ID_01EA2F8BF2,validation
ID_01EB0E640F,train
ID_01EBDBB22B,train
ID_01EF1A662E,train
ID_01F0D03F06,train
ID_01F15EF05B,train
ID_01F262A6E4,train
ID_01F2AAB224,train
ID_01F333A4EA,train
ID_01F350F316,final
ID_01F500509C,train
ID_01F566BAEE,train
ID_01F5C0D5B0,final
ID_01F975CED7,train
ID_01F9C422FB,train
ID_01FA39E6E5,train
ID_01FC401195,train
ID_01FFDDF2C3,train
ID_0200994321,train
ID_0200D7AE8A,validation
ID_02022EFF0B,train
ID_020273C080,final
ID_0202F72B2D,train
ID_02039EBE94,validation
ID_02058200D1,train
ID_0205921603,train
ID_0207E81BD7,train
ID_0208450C9E,final
ID_020A1E6B4B,train
ID_020A6783C8,train
ID_020AD7366E,train
ID_020D1417D4,validation
ID_020E120E74,validation
ID_020F5B3041,validation
ID_02119539A8,train
ID_021383E601,final
ID_021534DAAD,validation
ID_021A1BD87D,train
ID_021B10E64F,final
ID_021E7626BE,train
ID_022211B58B,validation
ID_0225000D3C,train
ID_0225B6CB79,validation
ID_022B15EC78,train
ID_022BEBD179,train
ID_022C604B12,final
ID_02314BC592,final
ID_02325C960C,train
ID_0236B7641D,final
ID_02393E5DE2,train
ID_02399C1D3D,train
ID_023B60EC29,train
ID_023DA449AA,validation
ID_023E805A9C,train
ID_023F0426CD,train
ID_023F52E944,validation
ID_024031FD56,train
ID_02403724F8,final
ID_0244000E53,train
ID_024521E4DB,validation
ID_0246149C2F,train
ID_0247A66F2C,final
ID_024B673BA4,train
ID_024CC21EA7,final
ID_024CF9DFFA,final
ID_024DE71DEB,final
ID_0252CF7B55,validation
ID_02537A94B4,final
ID_0254DC2F20,validation
ID_025504C56E,train
ID_02597DF0A2,train
ID_025E15AA03,train
ID_025E66F122,train
ID_0260620E11,train
ID_0262947134,train
ID_02649B300E,train
ID_026605CE5A,validation
ID_0266A32681,final
ID_026971FC9F,train
ID_026A09BD0D,train
ID_026B740626,train
ID_026D04006E,train
ID_026E099C49,train
ID_0271001A17,final
ID_02776B0493,train
ID_02778E9C95,train
ID_027908C1D4,train
ID_027D50887A,train
ID_027DD8D4A4,validation
ID_027F24A912,train
ID_02812F95F9,train
ID_0281AF8052,train
ID_028373B2E6,train
ID_0283F0615F,final
ID_028465FF6C,train
ID_0285D5F20D,validation
ID_028675345E,train
ID_028DECE613,train
ID_028E3A99E8,train
ID_028FC16889,train
ID_02903D0E3F,train
ID_029540269F,validation
ID_02964C1E0A,train
ID_0296F19999,train
ID_02981F33CB,train
ID_0298E2D005,validation
ID_029AE0F2C8,train
ID_029BB2F367,train
ID_02A02AEA55,validation
ID_02A0F1CF5E,train
ID_02A1B868B6,final
ID_02A1E3094E,train
ID_02A219734D,validation
ID_02A2918AB2,validation
ID_02A2DA1A9A,train
ID_02A33338DA,train
ID_02A4A79253,train
ID_02A501F34F,validation
ID_02A666F65D,train
ID_02A6FDE711,train
ID_02B007B9D6,train
ID_02B0C6691D,validation
ID_02B1F79709,train
ID_02B2C98077,train
ID_02B6B2E39E,train
ID_02B6D45FF3,validation
ID_02B7898958,train
ID_02B85309BB,validation
ID_02B96E08C4,final
ID_02BAD5E2C4,validation
ID_02BCC3929D,train
ID_02BFB0B63C,train
ID_02BFB1424E,final
ID_02C4BB292F,final
ID_02C88BF8B4,train
ID_02CAC63C89,validation
ID_02CE26156A,final
ID_02CE661982,final
ID_02CED0A1A5,validation
ID_02CF7379E9,final
ID_02D3BE6058,train
ID_02D4C727CB,validation
ID_02D5167D52,train
ID_02D66DD54F,train
ID_02D696C9CB,train
ID_02D71BF193,train
ID_02D8AB7128,train
ID_02D9B85F6A,train
ID_02DA5C6B05,train
ID_02DDEDED33,train
ID_02DF99BC9D,train
ID_02E3CD6B41,train
ID_02E7A2AA1D,final
ID_02E844A0D2,validation
ID_02EBD917EB,train
ID_02EE1C0DF5,final
ID_02F27F4A0F,train
ID_02F3A95B3A,validation
ID_02F665B019,validation
ID_02F875E42A,train
ID_02F989FC6F,train
ID_02F9DB8B7C,train
ID_02FD4FDCC4,train
ID_02FFA5542B,validation
ID_0301E86BCC,train
ID_030240F5B4,train
ID_03096D8D35,train
ID_0309FC1E5F,final
ID_030A90A4B0,final
ID_030AF9A4B4,final
ID_030B25BEBD,train
ID_030B869204,train
ID_030B89E73D,train
ID_030CB94C6B,train
ID_030DD4A817,train
ID_031198F563,train
ID_03126FF1C2,train
ID_03127D6A7A,final
ID_03136E53D0,final
ID_0313D7075F,train
ID_031439C796,final
ID_03144205EC,train
ID_03174E9EA9,train
ID_031917CFDC,train
ID_031AF9F07E,train
ID_031B359683,final
ID_031F4C4230,train
ID_0322D88FC4,final
ID_032493B00D,train
ID_0324A9AF79,validation
ID_0325B7191D,train
ID_032B06E6EF,final
ID_032B4C856D,validation
ID_032EB4F8F0,final
ID_032ED40D84,train
ID_0333ADE772,validation
ID_03372AC92B,train
ID_03375E4B74,validation
ID_0337BB0214,validation
ID_0339268C79,train
ID_033AA4BFF9,train
ID_033AD31B4D,train
ID_033B84366E,train
ID_033E159875,train
ID_033F014E0A,validation
ID_033F152B47,train
ID_033FA7C294,train
ID_034187044A,train
ID_034274309B,final
ID_034796E565,final
ID_0347CCDE5E,train
ID_03496709F6,final
ID_034ADB5E27,train
ID_034C7AB73C,train
ID_034D6CCF61,train
ID_034DAFC6A0,validation
ID_034DE49D35,final
ID_0351C42794,train
ID_03521B1ABD,validation
ID_0355CD9D0F,final
ID_0356816B03,train
ID_0356BB4CCB,final
ID_035A47345B,train
ID_035AB5E427,train
ID_035C8BB0C6,train
ID_035F8DFB7C,train
ID_03612EE152,train
ID_03617C9C84,final
ID_036244C640,final
ID_03624615CA,train
ID_036295A8C8,train
ID_03639F4C30,final
ID_0366C62DC7,train
ID_0367169B18,final
ID_03675B8587,validation
ID_0367D08A96,final
ID_0368059B95,train
ID_03694B135C,train
ID_036BAF09D8,train
ID_036E980750,train
ID_03708FD797,train
ID_03727F45D7,validation
ID_0372ACDA48,train
ID_03768FA277,validation
ID_0377270722,train
ID_0377E0983B,train
ID_037906DA9D,train
ID_0379820064,final
ID_037A717D40,validation
ID_037A82F63B,train
ID_037A956128,train
ID_0381291ABC,validation
ID_038276B4FD,train
ID_0384153121,train
ID_03851A9819,final
ID_0385531FD5,final
ID_0386A8E6CE,train
ID_0389231CD7,final
ID_038B40255B,train
ID_038C3CEDC0,train
ID_0394D690A5,train
ID_0394DF785A,validation
ID_0395C04F94,train
ID_03965A19A3,validation
ID_0397840BD5,train
ID_039911976B,final
ID_0399B36885,final
ID_039A75C702,train
ID_039A7A06F8,validation
ID_039BD0898F,final
ID_039D97296B,train
ID_03A1ECD81D,train
ID_03A298B1B2,validation
ID_03A30BD409,final
ID_03A32C4F70,validation
ID_03A59AA434,train
ID_03A6334A16,validation
ID_03A6855569,validation
ID_03A74DA7B2,train
ID_03A855E406,train
ID_03A9480D89,final
ID_03AA9E463D,train
ID_03B5B7793B,train
ID_03B603253C,validation
ID_03B709685A,train
ID_03B73B3079,train
ID_03B831D641,final
ID_03BB18804F,train
ID_03BC49E068,train
ID_03BF75FA16,validation
ID_03C1A3B3B2,train
ID_03C54EB79E,final
ID_03C89E6735,train
ID_03C98FE213,train
ID_03C9F43F5B,final
ID_03CB1C0E1E,train
ID_03CC900419,final
ID_03CFF2C116,final
ID_03D2104B8C,train
ID_03D5442F2E,train
ID_03D5EF03AF,train
ID_03D981F90B,train
ID_03DD2621D2,train
ID_03DE5DE8DD,validation
ID_03DE8ABD78,train
ID_03DF023F6C,validation
ID_03E0790C58,train
ID_03E0B6B24F,validation
ID_03E19D622B,final
ID_03E2166A46,train
ID_03E5A4B57A,train
ID_03E5EE489F,train
ID_03E8EC2D5F,final
ID_03EAF0B5B1,train
ID_03EC459833,train
ID_03ED49CE5F,train
ID_03EE715602,train
ID_03EEFAA038,validation
ID_03F28FE902,train
ID_03FA501957,train
ID_03FFCA470B,final
ID_040151DD57,train
ID_0401C2007B,train
ID_0401C492F2,final
ID_04048B5AE7,train
ID_0405119015,train
ID_0409E698C8,validation
ID_040D7E6416,validation
ID_040F7A6E10,train
ID_041213B7B2,train
ID_04131233DE,train
ID_0413F02612,final
ID_0418679CCB,final
ID_041905791A,train
ID_041F57C7D0,train
ID_0420BB59ED,final
ID_0420FDF24B,final
ID_042148C8A9,train
ID_0421EEC75D,train
ID_042258DD72,train
ID_0426DA7133,train
ID_0428267A41,final
ID_0428730084,validation
ID_0428A5D88C,train
ID_04295DF32E,train
ID_042B69D765,train
ID_043122FAC0,validation
ID_0433D49F51,final
ID_0434496971,train
ID_043B5AFEFB,final
ID_043C6DA786,final
ID_043EE65F3E,train
ID_044015B606,validation
ID_0441D5A4CA,train
ID_04482DF5FB,validation
ID_04491A1D54,final
ID_0449C40D7A,validation
ID_044B228B0C,train
ID_044C77AE0D,validation
ID_044FC843DD,train
ID_045007D61A,validation
ID_045207309D,final
ID_04522C4DD2,final
ID_0452808B9E,final
ID_0452CEC79B,train
ID_0455293E48,train
ID_04553AF450,train
ID_0459337918,validation
ID_045A0FDCC1,train
ID_045C30BD20,train
ID_045CC91904,train
ID_045E9DC72B,validation
ID_045EF15EBE,final
ID_046088D6C9,train
ID_04637223E5,train
ID_04648172E5,train
ID_0466F2805B,train
ID_046772BA4A,final
ID_0469153DB2,train
ID_046DB38AC6,train
ID_0471293F78,train
ID_0472297B56,train
ID_04737E38EF,validation
ID_04745D15B2,final
ID_0474ACC218,final
ID_04753F1B38,train
ID_047BF20AB0,train
ID_047C500CB3,train
ID_047CAFDDA8,validation
ID_048354A878,validation
ID_0484D980A2,train
ID_0485055FCE,train
ID_0488288DEF,train
ID_04884FD8AC,validation
ID_048DFBC027,final
ID_048F410D51,validation
ID_048FE84883,final
ID_049015ACB6,final
ID_0491627347,train
ID_0492014E5E,train
ID_04943FC811,final
ID_049634EF03,train
ID_04999C523E,validation
ID_049A35C60B,final
ID_049ACC91C4,final
ID_049D742D7E,train
ID_049E4D0DBC,train
ID_049F788377,train
ID_04A0C0F20F,train
ID_04A40C8922,train
ID_04A6C56EE9,train
ID_04A6E8C60F,train
ID_04A7AD1CD0,train
ID_04A82858B7,train
ID_04AA343476,validation
ID_04AAC39CF0,validation
ID_04AAFB6AEB,train
ID_04ACDD0105,final
ID_04AD7F29FE,train
ID_04AE0B8579,train
ID_04B437693A,train
ID_04B47787A8,validation
ID_04B907D3E5,train
ID_04BC0C635B,train
ID_04BEE8344B,train
ID_04C2287043,train
ID_04C3E5DC42,final
ID_04C3E74C4F,train
ID_04C5074B16,train
ID_04C6C8CBDF,final
ID_04C6E81878,validation
ID_04C7ABEC8D,train
ID_04C92DBC57,train
ID_04CC3C4DDD,train
ID_04CCD014A9,final
ID_04CD859459,validation
ID_04CF333CBB,final
ID_04D187C2A9,train
ID_04D267F1C6,train
ID_04D768ADB0,train
ID_04D95DC1E0,final
ID_04DC7B0AA2,train
ID_04DCF0D28A,train
ID_04DD7EC2AC,train
ID_04DF76CA2B,validation
ID_04DFBE6E41,train
ID_04E0797DE8,train
ID_04E136F78D,final
ID_04E19E5EA3,train
ID_04E837A388,train
ID_04E847A7B3,train
ID_04E9E12628,final
ID_04EA2E47C8,train
ID_04EA9A61BB,train
ID_04ED043AC3,train
ID_04EE338D3A,train
ID_04F06D9212,train
ID_04F0F922B9,train
ID_04F190B31A,train
ID_04F2BF5C4B,train
ID_04F5143306,final
ID_04F672EF7A,train
ID_04F98D807D,train
ID_04FA0000B4,validation
ID_04FA64C88C,train
ID_04FB4D8DEC,train
ID_04FC8D744C,final
ID_04FD74498D,train
ID_05017DF8CC,train
ID_0503B581EF,final
ID_0505AD596E,validation
ID_0509423EEE,train
ID_050A95A705,train
ID_050DEC2DAF,train
ID_050EC81991,final
ID_0510151502,final
ID_05107A0153,train
ID_0512B738D1,final
ID_0513F49E2B,train
ID_05156AC182,validation
ID_0515BCC795,train
ID_05166172B4,train
ID_0516A273FD,train
ID_05193C3003,final
ID_051A41589C,final
ID_051B09F1F1,train
ID_051B10DD73,train
ID_05222C94EC,train
ID_0523458A8D,train
ID_0524154D96,train
ID_0526F40159,train
ID_0527628D1B,validation
ID_0529F26644,train
ID_052A5B4E43,train
ID_052E2A2640,validation
ID_052F00D66D,validation
ID_052F46BE10,final
ID_052F682FD9,train
ID_052FEEB2BD,train
ID_0530FE6DB9,train
ID_05316439AB,train
ID_053534E033,train
ID_0536C0C869,train
ID_05377B993B,train
ID_0537A1099B,validation
ID_053A4C434A,train
ID_0541113644,train
ID_0541347B97,train
ID_0544ADF091,final
ID_0544D19FA5,train
ID_054658DB2B,train
ID_054A6C5B7D,train
ID_054EB69432,train
ID_0550507B8F,final
ID_0555E7CEF8,train
ID_05571F2CC1,final
ID_0557DF72E3,train
ID_05582BC443,train
ID_055D6A4F06,validation
ID_055EC3838C,train
ID_056124990A,train
ID_0561A46D1F,validation
ID_056201B66B,train
ID_0564878DC2,validation
ID_0564ECCD08,validation
ID_0565DB7EA7,train
ID_0568AB28D5,validation
ID_0568BE9A56,train
ID_0568DC52A8,train
ID_05695FBCDA,train
ID_0569CAC0AB,final
ID_056D7FEF13,train
ID_056D9CE6D1,train
ID_056EA5A03D,train
ID_0571EC1B6F,final
ID_057228FF9B,validation
ID_05727EA2DF,train
ID_0572D909A5,train
ID_05744D392F,validation
ID_057632E6B0,train
ID_0576D9DFFC,train
ID_057BB0E538,final
ID_057EEC611B,train
ID_057F8AFAD2,validation
ID_057FF0543C,final
ID_058135BC17,validation
ID_05833396A4,train
ID_0583A3B013,train
ID_058530CAFC,final
ID_058625A83D,final
ID_058B1D7F66,train
ID_058B7AD3DC,train
ID_058BF62E8C,train
ID_058EC906BF,validation
ID_058ED89F29,final
ID_05916C7C11,final
ID_0591A4B96D,train
ID_0591B576A3,train
ID_05920644B4,final
ID_059232A374,validation
ID_059392CEAB,train
ID_0594EE251F,train
ID_0595D8B0C0,train
ID_0597D9C744,train
ID_05997360DD,train
ID_059B29D295,validation
ID_059D12BC22,train
ID_05A28687F1,final
ID_05A2AE3A01,train
ID_05A333BE77,final
ID_05A552ABB8,train
ID_05A7D3EAA8,train
ID_05AA4E6EEC,train
ID_05AAC939E5,train
ID_05AB5F3EC0,validation
ID_05ABEEAAA7,train
ID_05AC0E1E29,final
ID_05ACCD4F35,train
ID_05AF84ADC9,train
ID_05AFF79F0B,train
ID_05B1189B31,train
ID_05B7338F7C,train
ID_05B760C1C7,validation
ID_05B864E89E,final
ID_05B889C912,train
ID_05B92BE30D,final
ID_05B949F2A4,validation
ID_05BA311B1C,train
ID_05BD601CE1,validation
ID_05BE7BA469,validation
ID_05C1A63C80,train
ID_05C201955D,train
ID_05C2916179,final
ID_05C5E6EDE2,train
ID_05C7251864,final
ID_05C7518047,train
ID_05CABC2019,train
ID_05CE4F9A74,train
ID_05CF270925,train
ID_05CFDC8ECB,train
ID_05D01CDF30,train
ID_05D0CD12E0,validation
ID_05D1F8592A,final
ID_05D45C77AB,train
ID_05D6D277F6,train
ID_05D8CCBA03,final
ID_05D9BE0E3D,final
ID_05D9C9ACAB,validation
ID_05DC7D6D61,final
ID_05DD6AA2D2,validation
ID_05DDC93189,train
ID_05DE124CA0,validation
ID_05DECA4A6B,train
ID_05DECC0D74,validation
ID_05E00CF1A2,train
ID_05E65BF004,train
ID_05E9869BEB,validation
ID_05EAB55B8E,train
ID_05EAB78F3C,validation
ID_05EAC42E2E,train
ID_05EB908B75,train
ID_05EB95DE5D,validation
ID_05EF417C71,train
ID_05F57DF5C5,final
ID_05F5DAE508,train
ID_05F6889F65,validation
ID_05F6FE3FF4,final
ID_05F831D16A,validation
ID_05FB1C377E,validation
ID_05FC6EAE85,train
ID_05FD68601A,validation
ID_0600E0AD26,final
ID_0601D1E303,train
ID_0602AFCBA4,train
ID_0603B49FB1,train
ID_0604B20620,validation
ID_0608A2DF7F,final
ID_060B141EFD,train
ID_060C444978,train
ID_060C92C869,train
ID_060D1DEE2D,train
ID_060D7698A6,train
ID_060E56BD9B,train
ID_060FA9B3D2,train
ID_0610A5594B,train
ID_0612199BFA,final
ID_0614155313,train
ID_06160FFF9C,train
ID_061683BFD4,train
ID_0618F44F15,train
ID_06191131F1,final
ID_06198E985B,validation
ID_061A4D69AB,train
ID_061BD50E71,train
ID_061DC36CC9,train
ID_061DE2A97A,train
ID_061EDAE415,train
ID_061F0F458A,validation
ID_061F999F8C,train
ID_062104CC7C,validation
ID_0621171D0F,train
ID_0623BEA67D,train
ID_06241442C0,final
ID_06241CA0BD,train
ID_0626B772E1,train
ID_0628F0A136,train
ID_062C6285BB,train
ID_062FB0C6EC,final
ID_0631099719,train
ID_06319E5BD1,train
ID_06345FD2E8,validation
ID_0634F37582,train
ID_0638734A68,train
ID_0639654BDC,train
ID_063CB84F6C,train
ID_063D7AD500,train
ID_063DDEB3DB,train
ID_063EF6F208,validation
ID_0640DF630E,validation
ID_064184D020,train
ID_0642EDFEB5,final
ID_0643862C8A,train
ID_064394F7A2,train
ID_0644B21844,train
ID_0644C98260,train
ID_06464BD5A9,final
ID_064764E765,train
ID_0647C80F94,train
ID_064C8F8D8F,train
ID_064CE543D6,final
ID_064D03440E,validation
ID_064E684A85,validation
ID_064ED291E4,validation
ID_064F30DF32,train
ID_064F808890,train
ID_0651299D6B,train
ID_065190DAF4,validation
ID_065426BC05,validation
ID_0656BE0082,train
ID_06585895BD,train
ID_06585C4EC6,validation
ID_065889A855,train
ID_06588A31B4,train
ID_065B7DA3BE,final
ID_065F6FABB4,train
ID_065FB2FDE2,train
ID_0661DA4B78,validation
ID_06621FC0D0,final
ID_06632FCA4B,validation
ID_0664B36D70,train
ID_0665C0C3FD,validation
ID_0668808FEF,train
ID_066AB28F00,validation
ID_066D16C4F6,final
ID_06718A530A,validation
ID_0671DD27E8,final
ID_06725067D3,train
ID_0673D5934E,validation
ID_06746B5E31,train
ID_0674B59F27,validation
ID_0674B92C95,train
ID_0678687871,train
ID_067DBECAF2,train
ID_0680729E7F,final
ID_06839EA82F,train
ID_068B51A27E,validation
ID_068D1DB258,validation
ID_068E261602,final
ID_068F952827,train
ID_06911C4EFB,train
ID_0691EA9E99,validation
ID_06948CFE37,validation
ID_069916D637,validation
ID_06A00CAB03,validation
ID_06A07812A6,final
ID_06A138007C,validation
ID_06A1DA1486,train
ID_06A3A381FE,train
ID_06A6D4CB22,train
ID_06A8EB0049,final
ID_06AACBA68E,final
ID_06AB0751B8,train
ID_06AB5D0A7E,train
ID_06AEBA9078,train
ID_06AF382705,train
ID_06B342B6FC,final
ID_06B47455C8,train
ID_06B5497447,train
ID_06B8607A26,train
ID_06BAF883FF,train
ID_06BCE603C2,validation
ID_06BE622ECA,validation
ID_06BEBAA22A,train
ID_06BF016D3F,final
ID_06C4D7CEB4,final
ID_06C78EA6D2,train
ID_06CA4F8B14,final
ID_06CB1668F8,train
ID_06CB5D91D9,final
ID_06CC6E7690,train
ID_06CCC27EE4,validation
ID_06CDA27532,train
ID_06CE5C59E0,train
ID_06CF7D05C5,train
ID_06D25A43ED,train
ID_06D27E1069,train
ID_06D3DB6516,train
ID_06D4E278CF,train
ID_06D50A9D48,train
ID_06D5579402,validation
ID_06D6F63C67,train
ID_06D7858D0C,validation
ID_06D984FAB4,train
ID_06DBBBF924,final
ID_06DCDEFD3E,validation
ID_06DF964589,validation
ID_06E2340958,train
ID_06E3643FF5,train
ID_06E3D7E6F1,validation
ID_06E5A8BDD1,train
ID_06E5D73E98,train
ID_06E5F8FF2E,train
ID_06EC650F93,final
ID_06EE417B04,validation
ID_06EEC9C0CC,validation
ID_06EEE24497,validation
ID_06EFF04CA3,final
ID_06F2E02DDC,train
ID_06F4DCFB10,train
ID_06F6281CC6,train
ID_06F80862C4,train
ID_06F8D45257,train
ID_06F9CDB3FE,train
ID_06FADD8854,validation
ID_06FDABF6F8,validation
ID_0701DB9BB1,train
ID_07047D3F43,train
ID_070885DD8B,train
ID_0709851709,train
ID_0709A5A1CB,final
ID_070CEC9D3B,validation
ID_0711E11238,validation
ID_0714C6E50D,train
ID_0714EBE7C3,validation
ID_07162BC2DE,train
ID_07198F1B4F,train
ID_071A3BADDF,train
ID_071B12CE2F,final
ID_071C995EBA,train
ID_071D6E7C9D,train
ID_071DD752BA,train
ID_0721E25154,train
ID_0723DE3FD0,final
ID_07271591E7,train
ID_072C326A60,train
ID_072C751754,train
ID_0730DF5849,train
ID_0731D6C194,train
ID_07332876CE,final
ID_0734F95ABB,final
ID_073613116A,validation
ID_0738678CEC,train
ID_07386D85FC,final
ID_073C11189B,train
ID_073C3FB004,validation
ID_073C889F90,train
ID_0740B76610,train
ID_0742238439,train
ID_07437E6C0B,train
ID_0744386007,train
ID_0745830B73,train
ID_074620585B,train
ID_07469D084D,train
ID_07493F9085,train
ID_074AD0DA43,final
ID_074C86E194,train
ID_074E603DC1,train
ID_074EE31188,final
ID_074FB29A48,train
ID_0750D495CD,train
ID_07512A88FC,final
ID_0753D17B14,validation
ID_0755950F53,train
ID_075825B259,train
ID_07589BC5DC,train
ID_0759B0D59E,validation
ID_075A790D6B,final
ID_075D9F0B15,final
ID_075E082F0A,final
ID_07612252AF,train
ID_07624044B6,train
ID_0762CA4559,final
ID_07634A8DF1,train
ID_07636DC5B4,final
ID_07666069F3,train
ID_0766870825,train
ID_07677FEFFD,train
ID_076787A674,train
ID_0767D767F9,train
ID_0768B2C143,train
ID_076F24E567,train
ID_076F9C5915,train
ID_07700D85C9,train
ID_07731B9548,train
ID_07740E8CDE,train
ID_0774B12D47,train
ID_0775189395,final
ID_0776888BC1,final
ID_0777367464,train
ID_077DCC2024,train
ID_077E15F5AF,train
ID_0780646A8C,train
ID_07827B792C,final
ID_078369C27D,final
ID_07836BA35F,validation
ID_078693623E,train
ID_0786FDE59C,validation
ID_0789710D78,train
ID_078AD478B4,train
ID_078BDB7ECC,final
ID_078CC2EDAD,train
ID_078E189A84,train
ID_0792C4FA5D,train
ID_0794F3DB1A,final
ID_07952DE5A4,final
ID_07961C8E5F,train
ID_0796383703,final
ID_079643B54C,train
ID_0796AB4057,final
ID_0796CFD9BF,final
ID_07998D7DE1,final
ID_079A582F43,validation
ID_079CD457AD,train
ID_079DA6E8AE,final
ID_079F297C08,validation
ID_079FDCFEAE,train
ID_07A6BD4699,train
ID_07A81A63E2,train
ID_07ACD4CE31,validation
ID_07AD70B7CF,train
ID_07AE00D494,validation
ID_07B2069BFB,train
ID_07B32EA6F4,train
ID_07B3FA1250,train
ID_07B74ABCBD,train
ID_07B7E4CCA0,final
ID_07BAF70BE4,train
ID_07BB167E72,train
ID_07BD6EE7D9,train
ID_07BE74ADFB,final
ID_07BF397A17,final
ID_07BF97649F,validation
ID_07C1E088F5,train
ID_07C20D5EF2,train
ID_07C366B110,train
ID_07C519F8FF,train
ID_07C8956E3E,final
ID_07C8DAF6CB,train
ID_07CBA7C918,validation
ID_07D2E0EC75,train
ID_07D55EFA16,train
ID_07D6FF148F,final
ID_07D9D0B2FF,train
ID_07DBD184A6,train
ID_07DD354A1A,validation
ID_07DD39FA08,train
ID_07DFD7EC3C,final
ID_07E0845DA0,train
ID_07E26C109B,train
ID_07E2B79AF7,train
ID_07E30D70CE,validation
ID_07E34C2810,train
ID_07E4672C96,validation
ID_07E4DB8B34,validation
ID_07E53B3C3A,final
ID_07E5774E89,validation
ID_07E637FD8C,train
ID_07E79F81DF,validation
ID_07E7D2BD66,validation
ID_07E87F0D2D,final
ID_07EA70DED0,validation
ID_07EEB10DAE,validation
ID_07EF10118D,validation
ID_07EF18EBC5,train
ID_07EFDF8AD1,train
ID_07F010A43E,train
ID_07F04952A5,train
ID_07F0BA3C63,train
ID_07F12F96EA,train
ID_07F27EAD8F,train
ID_07F3247020,validation
ID_07F3926783,train
ID_07F3DF6489,train
ID_07F7F836AF,train
ID_07FA51B1BC,validation
ID_07FA64AC63,train
ID_07FE301AFA,validation
ID_0800D42A91,train
ID_0802B1DDF3,train
ID_080310A4FE,train
ID_0803206468,train
ID_08036011D9,final
ID_08060E3EB7,validation
ID_0806773548,final
ID_08074590AC,validation
ID_0807911C73,final
ID_080858A15C,final
ID_080907D3BD,validation
ID_080CEF9807,train
ID_080D68B800,train
ID_080F3C238F,final
ID_080FC8AD8C,validation
ID_080FEAADD9,train
ID_0810629A4D,train
ID_08124E8291,validation
ID_0816832507,final
ID_08174A1BF0,validation
ID_08184519C3,validation
ID_0818B871D3,train
ID_081BB05F34,train
ID_081C8EBC64,train
ID_081DFC250F,final
ID_081E9AA93F,validation
ID_082345B65E,train
ID_08251EB51D,train
ID_0826BFED9C,train
ID_0827B07D13,train
ID_0829049507,validation
ID_0830ADCA5E,validation
ID_0833F37B76,train
ID_0834ED146D,train
ID_0835966BD9,train
ID_083599046B,train
ID_0835EAFD1A,train
ID_0836674DBE,validation
ID_083A0A2B33,train
ID_083B0A0966,train
ID_083C044352,train
ID_083C6BAD38,train
ID_0841F8660C,train
ID_08425A04BA,validation
ID_08445E3BA7,final
ID_08453F14EE,train
ID_08456C238E,validation
ID_0845822FC2,final
ID_08486C3EAD,validation
ID_084B8EFE46,train
ID_084BF22E78,validation
ID_084D1149BA,train
ID_084F772C32,train
ID_08516E880F,train
ID_0851F26F7F,train
ID_085621D51A,train
ID_08579E2CAC,train
ID_08587F8157,final
ID_08594C1B37,validation
ID_085A7BBD85,train
ID_085CFCBF22,train
ID_085F87719D,validation
ID_086087C2C3,train
ID_086257F4D1,train
ID_0862A83A0C,validation
ID_08633B5999,final
ID_0864139F4C,validation
ID_086A1F24B3,train
ID_086A1F56D3,train
ID_086A82A287,train
ID_086AA4CE40,train
ID_086D971362,final
ID_0874F293CB,final
ID_08757127FE,validation
ID_08793DEDE8,train
ID_087A431B34,train
ID_087C810314,final
ID_087E7C9BA1,train
ID_087F672499,train
ID_088439C650,train
ID_088587E50A,train
ID_08863DF8CE,train
ID_0889A93C23,train
ID_088BA5F021,final
ID_088E2E435B,final
ID_088E3DA44E,validation
ID_08938BF734,train
ID_0896E0D32D,validation
ID_0898F90C9F,train
ID_089A3B29B8,validation
ID_089A8A5D55,train
ID_089B6EA682,train
ID_089DE1A2C8,train
ID_089F74D5DB,final
ID_08A047A3CD,train
ID_08A3277C8A,train
ID_08A6200B2F,train
ID_08A62DFDB3,train
ID_08A6FFD3CB,final
ID_08A9A59187,final
ID_08AA236C21,train
ID_08AB1B1171,train
ID_08AB7FE799,train
ID_08AD8CFE0F,train
ID_08B0367331,train
ID_08B0BE7940,train
ID_08B20D7630,validation
ID_08B266C357,train
ID_08B3FE6026,final
ID_08B5217007,train
ID_08B5EE456D,final
ID_08B7BCC774,validation
ID_08B803A158,train
ID_08B96363A5,train
ID_08BCC976F6,train
ID_08BE0E4854,train
ID_08BE9D4672,train
ID_08BEE2E6AD,train
ID_08BFD8CBC8,train
ID_08C02163ED,train
ID_08C3B47993,train
ID_08C405A112,final
ID_08C5F912BD,validation
ID_08C673D186,train
ID_08C6ED4FF0,validation
ID_08C70D93EE,train
ID_08C7642C6C,validation
ID_08C7DB1092,final
ID_08C8DEAB42,train
ID_08CAFEBD4E,train
ID_08CBE98C8C,train
ID_08CDC44A66,validation
ID_08CEF2EE17,final
ID_08CFB179CA,train
ID_08D568FF01,train
ID_08D5F4F813,train
ID_08D83F3819,final
ID_08D9316CE7,final
ID_08DB42F442,train
ID_08DD4D18A0,final
ID_08DDC86D22,train
ID_08DE4584D6,train
ID_08E0101048,train
ID_08E2CBE27D,validation
ID_08E6C26A52,validation
ID_08EB4EA089,train
ID_08EB5324C3,validation
ID_08ECC1E4B1,final
ID_08EF773DF5,train
ID_08F0ED06EE,final
ID_08F3A96644,train
ID_08F5D58CB6,train
ID_08F7B108A2,train
ID_08F96D05A2,train
ID_08FA98CCA7,train
ID_08FC86E372,train
ID_08FE10D7C5,train
ID_08FF343C85,final
ID_08FF60F844,validation
ID_090141AF65,validation
ID_0901DFE604,validation
ID_09023F8540,validation
ID_0902C21BC0,train
ID_090420B8DD,validation
ID_0904AE360A,final
ID_090579AF00,validation
ID_09085E8B40,train
ID_090AB764F4,train
ID_090E1CDCBD,train
ID_090F6CF172,train
ID_091007A9F2,train
ID_091151A29F,train
ID_0911B58BDD,final
ID_09151B0B0B,train
ID_091533D129,train
ID_0915BDA7F3,validation
ID_0916BA8540,train
ID_09171D6699,train
ID_091E50A4A5,train
ID_09208AE691,train
ID_0921A74A93,validation
ID_09234653AC,final
ID_0925A3A329,train
ID_092787788E,train
ID_092A1BDE40,final
ID_092B7940F7,train
ID_092BA9D387,validation
ID_092C9C4CDF,train
ID_092E0591BB,validation
ID_092ED71192,train
ID_092F2E3D7D,validation
ID_093037E198,validation
ID_0930EE20EF,train
ID_09313764B5,train
ID_093419380C,final
ID_09377B34C2,train
ID_093798C0F2,validation
ID_09396DB98F,final
ID_093CC067D7,validation
ID_093DECD7E4,final
ID_093E0DBEF0,train
ID_0940B5A0D6,validation
ID_0940BEDBED,train
ID_0941898426,train
ID_0944AADD78,train
ID_09459269AA,train
ID_0948F56C41,final
ID_0949BBBE19,train
ID_094CCD0143,train
ID_094D3A582D,train
ID_094E9F49CB,validation
ID_095358AAC0,train
ID_0956075166,validation
ID_0956DBC824,validation
ID_09575FBADE,train
ID_095AC9A8EC,train
ID_095E493259,final
ID_095F2E26E8,train
ID_095F6C4CD7,train
ID_0961019B51,train
ID_096766187C,train
ID_09680D219F,train
ID_096899D24E,final
ID_096C7038A5,validation
ID_096E9BF836,train
ID_09736EE160,train
ID_0974900D43,train
ID_0979492E33,validation
ID_097A83379B,train
ID_097A9AA2C3,train
ID_097AC697D6,train
ID_097B36BB1A,train
ID_097CBD75C0,train
ID_097CC150A9,train
ID_097E042B44,validation
ID_0980F5C49B,train
ID_0980FA1B40,validation
ID_0981214C7F,train
ID_0981F6725D,final
ID_0982A8C9DF,final
ID_09859CBB5F,train
ID_0985D112D0,train
ID_0986432563,train
ID_0986BADFCD,train
ID_0989C08DCB,train
ID_098DDC6906,train
ID_098DEA08AC,train
ID_098EDB0B1B,train
ID_099080BB92,train
ID_099342018C,train
ID_0993D75EA5,train
ID_0995589337,final
ID_099A306D16,validation
ID_099BDEAC7C,train
ID_099C12ECE4,final
ID_099C1ED7B0,final
ID_099C45B115,final
ID_099D5E4C3B,train
ID_099FA1A517,final
ID_09A0F505A7,train
ID_09A2DB5CCB,train
ID_09A4E0E6D4,train
ID_09A4E32B82,train
ID_09A810A738,final
ID_09AAA12F6E,train
ID_09AD2C4782,train
ID_09AF92681F,validation
ID_09AFF4323F,train
ID_09B70C1F0C,validation
ID_09B8661272,final
ID_09BA72BB36,train
ID_09BD5AB83C,train
ID_09BE58B09D,train
ID_09C40B4467,final
ID_09C60D436C,final
ID_09C67E5EFE,validation
ID_09C80E0F16,train
ID_09C96D2120,train
ID_09C98DC859,train
ID_09CF219DF4,train
ID_09D2771E75,final
ID_09D39E6379,train
ID_09D7F611EF,train
ID_09D966569E,train
ID_09DBE2F2FD,train
ID_09DCF40205,train
ID_09DED47793,train
ID_09E02BAC3B,train
ID_09E09E244C,train
ID_09E19BCC87,train
ID_09E27E24FE,train
ID_09E48FF803,train
ID_09E61B1CCF,train
ID_09E93F4F1E,final
ID_09ED66F66D,final
ID_09EEB77C26,validation
ID_09EEDBBA21,train
ID_09F2A8797E,validation
ID_09F487BA73,final
ID_09F9CB1CB7,validation
ID_09FB322B29,train
ID_0A035FDB88,final
ID_0A03A7D71E,final
ID_0A050D2870,train
ID_0A099973D3,train
ID_0A0B61CEBD,train
ID_0A0B9B0F52,validation
ID_0A0D3BFBBE,train
ID_0A0F0D6E57,train
ID_0A0F7DEFFE,train
ID_0A0FBB7476,train
ID_0A118E39BA,train
ID_0A12295AEB,train
ID_0A14D13129,train
ID_0A16B43DD2,train
ID_0A177E7E83,train
ID_0A18A418FA,validation
ID_0A1AC8028F,validation
ID_0A1CB85C89,final
ID_0A1E0A7870,final
ID_0A1F49E1B3,final
ID_0A1FFF28F7,train
ID_0A20152296,train
ID_0A2654A466,train
ID_0A281C6EDB,train
ID_0A29359048,validation
ID_0A29DF0AB0,train
ID_0A2A3C7A4C,final
ID_0A2AC2E3C0,train
ID_0A2C340658,final
ID_0A3292EEBD,train
ID_0A34705BBD,final
ID_0A34E7BA36,final
ID_0A35BD2B00,train
ID_0A35E90C3B,train
ID_0A373ACC7A,train
ID_0A3EF93BDC,train
ID_0A3F3F1AD2,validation
ID_0A3FA913D0,train
ID_0A4418CAA2,train
ID_0A4453AFAB,validation
ID_0A490B9E9D,train
ID_0A4A056519,train
ID_0A4C3FA955,train
ID_0A4F075156,train
ID_0A523E45B8,validation
ID_0A55002269,train
ID_0A57471BE4,train
ID_0A5A00EED4,train
ID_0A5A4AB28C,train
ID_0A5B7E9C1A,train
ID_0A5D123775,train
ID_0A5FF9FB11,train
ID_0A60E09CF0,final
ID_0A62238342,train
ID_0A62E45622,train
ID_0A62E8651D,train
ID_0A6537F934,train
ID_0A678A1B95,train
ID_0A681A9ED1,train
ID_0A689C9C7E,validation
ID_0A6936DA5F,validation
ID_0A6A75064D,train
ID_0A6CF7C6A2,validation
ID_0A6D6AA8C2,train
ID_0A6E50445F,train
ID_0A73004AFD,train
ID_0A74D32E5D,train
ID_0A76C7A1A1,train
ID_0A76E30E03,train
ID_0A78DE0A0C,train
ID_0A7F1DC547,train
ID_0A7F6796CC,train
ID_0A8388E355,final
ID_0A84042857,train
ID_0A85CFF211,train
ID_0A87AD4B09,train
ID_0A88B4CC7C,train
ID_0A88E1A87B,validation
ID_0A8B094F7E,train
ID_0A8C4A2F0A,train
ID_0A8DCDEF47,validation
ID_0A8FBCB558,final
ID_0A915C9A9F,train
ID_0A91BA0332,train
ID_0A928FE18E,train
ID_0A92EC3853,train
ID_0A93431713,train
ID_0A94709C68,validation
ID_0A977BD5AA,train
ID_0A9D26ED92,train
ID_0A9FCB6096,train
ID_0AA0BB20DC,final
ID_0AA0F96B01,final
ID_0AA68638C6,train
ID_0AA74CB0B1,train
ID_0AA82A7FC2,train
ID_0AA9439547,train
ID_0AAA231392,train
ID_0AAE18B274,train
ID_0AB1B53FC2,train
ID_0AB1DF9C7C,final
ID_0AB4C6633D,validation
ID_0AB5F33077,train
ID_0AB95F5428,final
ID_0ABA5FAAEF,train
ID_0ABAFD8BC2,validation
ID_0ABC4A9300,train
ID_0ABDEDEF1D,final
ID_0ABE167560,train
ID_0ABF9FEF73,train
ID_0ABFE9787F,train
ID_0AC11FFF10,train
ID_0AC19B836F,train
ID_0AC2A9E459,final
ID_0AC2E314B2,final
ID_0AC4554FB4,train
ID_0AC4798B70,train
ID_0AC4ACE393,train
ID_0AC639D2CD,validation
ID_0AC7AA6325,validation
ID_0AC95BC7F8,train
ID_0ACCAD7DD3,train
ID_0ACF9769D7,final
ID_0ACFBC32F3,final
ID_0AD3EDDB37,train
ID_0AD51F7413,train
ID_0AD52E0B1F,validation
ID_0AD74ADA8D,validation
ID_0AD8BBD719,train
ID_0ADC236DB2,train
ID_0ADCADEFE7,train
ID_0ADD490C44,validation
ID_0ADE615EEC,validation
ID_0ADF75A0EC,final
ID_0AE0EA3FAA,final
ID_0AE102242A,final
ID_0AE19786FD,final
ID_0AE3D319DA,final
ID_0AE427531A,train
ID_0AE6FF0EAA,train
ID_0AE7391749,train
ID_0AEB7BBE60,final
ID_0AECCDEAF6,final
ID_0AEF79D85F,final
ID_0AEF8C8A09,train
ID_0AF110267C,train
ID_0AF705E3AE,train
ID_0AF941A247,train
ID_0AF9C4D270,train
ID_0AFA0BF9BE,train
ID_0B0097F2B6,final
ID_0B01320763,train
ID_0B0151D4CD,train
ID_0B01BD5F58,train
ID_0B01CEA6F2,train
ID_0B0302E45C,validation
ID_0B0617ACC1,validation
ID_0B064C7E39,final
ID_0B07EEF18A,final
ID_0B07F4ECA4,validation
ID_0B0AA8FF17,final
ID_0B0B49790E,train
ID_0B0BF8FB48,train
ID_0B0C65F241,train
ID_0B0CE91CD1,train
ID_0B11529029,train
ID_0B13010D85,train
ID_0B141F3815,train
ID_0B1494B1AE,train
ID_0B16D89B4E,train
ID_0B1858BCC7,final
ID_0B189E2B2A,train
ID_0B193FD800,validation
ID_0B1A7DC413,train
ID_0B1BE70E23,train
ID_0B1F3C097B,validation
ID_0B20A97396,train
ID_0B21C04242,train
ID_0B26C5AF1C,train
ID_0B2A3ACAF7,train
ID_0B2B6D4FC6,train
ID_0B2BD7CCC3,train
ID_0B2CC571AC,train
ID_0B2DAD278E,train
ID_0B2DD6BA7B,validation
ID_0B2F88A7E8,validation
ID_0B30E31750,train
ID_0B33AAD1AD,train
ID_0B34882B96,validation
ID_0B34972E18,validation
ID_0B35C9BCC8,train
ID_0B36A22124,train
ID_0B3BD88811,train
ID_0B3D5CEFA0,validation
ID_0B3FC2B323,final
ID_0B3FE6963D,final
ID_0B409BC3EE,final
ID_0B40C399BF,train
ID_0B40D6C87C,train
ID_0B425BE20B,train
ID_0B452DEC89,final
ID_0B46B1F94A,train
ID_0B4703CE58,final
ID_0B483E7772,train
ID_0B4B1F865A,train
ID_0B4C594B0B,train
ID_0B4D257A37,train
ID_0B4E384BB3,train
ID_0B4E6590E4,train
ID_0B4EE9B7CF,train
ID_0B4F65EAAA,train
ID_0B5001E1D1,train
ID_0B53E1E5DE,train
ID_0B5472E67B,train
ID_0B54778284,train
ID_0B56000D8D,train
ID_0B58E49685,train
ID_0B5ADC90D3,train
ID_0B5C049098,train
ID_0B5CA82598,train
ID_0B61572A5B,train
ID_0B61964F82,train
ID_0B61E47877,train
ID_0B62AAE6A3,validation
ID_0B66714006,train
ID_0B669DA6B3,final
ID_0B674F57D0,train
ID_0B679D009F,train
ID_0B6BCAE8DC,train
ID_0B6C4EECCC,validation
ID_0B6EF7E056,train
ID_0B6F1441C4,train
ID_0B7326315C,train
ID_0B741A9D65,train
ID_0B7A6715F1,train
ID_0B7AF5B8F9,train
ID_0B7CECA30C,train
ID_0B7E893695,final
ID_0B7FFE07EE,final
ID_0B83AEC861,train
ID_0B8635FB45,train
ID_0B876BAABC,train
ID_0B8786E010,train
ID_0B88826AD7,train
ID_0B8C57F27F,train
ID_0B8D15FA8B,train
ID_0B8D350224,train
ID_0B8D81359E,train
ID_0B9088CF19,train
ID_0B949E4796,final
ID_0B97A7AC00,train
ID_0B97E8CE70,final
ID_0B9A42DAA9,final
ID_0BA0FE2B61,train
ID_0BA2E8328B,train
ID_0BA57B88FE,train
ID_0BAB6F7E1F,train
ID_0BACA04BCC,train
ID_0BAD7B9185,train
ID_0BADDFCADE,train
ID_0BB098FF26,validation
ID_0BB125CCC4,final
ID_0BB15E11B7,train
ID_0BB240FFEA,final
ID_0BB3CB10C2,train
ID_0BB49A8A5A,train
ID_0BB5CD58FE,validation
ID_0BB5CE86B1,train
ID_0BB6075B7F,validation
ID_0BB78E497C,train
ID_0BBDE82EE6,train
ID_0BBE22783F,final
ID_0BBF7CCECE,train
ID_0BC2975133,final
ID_0BC3416450,train
ID_0BC69904B8,validation
ID_0BCAA4E287,train
ID_0BCE761C9A,train
ID_0BCF0E451F,train
ID_0BD0D03825,train
ID_0BD0F20494,validation
ID_0BD4BE2C0B,validation
ID_0BD8124C7A,final
ID_0BD8AFD5D5,train
ID_0BD96834FC,train
ID_0BD996463F,train
ID_0BDA17A403,final
ID_0BDB601379,validation
ID_0BDBD6F374,train
ID_0BDC2BCA6C,train
ID_0BDD9ECC90,train
ID_0BDF50E478,final
ID_0BE12EF463,train
ID_0BE25EE3B2,train
ID_0BE48672DC,validation
ID_0BE5A287C1,validation
ID_0BE755238B,train
ID_0BE78E056B,train
ID_0BE813F829,validation
ID_0BE8144458,final
ID_0BE934761B,train
ID_0BE9A055C1,final
ID_0BEA48B1CD,train
ID_0BEA785A6E,train
ID_0BEB380001,train
ID_0BEBCFFC89,train
ID_0BF00EE652,train
ID_0BF01F50A6,train
ID_0BF6F0056C,validation
ID_0BF8552B48,train
ID_0BF8C96DD0,train
ID_0BFA806EA0,train
ID_0BFBE826A8,train
ID_0BFCC2B497,train
ID_0BFFA767CC,final
ID_0C0718A6EA,train
ID_0C07D2B597,train
ID_0C0A4F8A7D,validation
ID_0C0D072A10,train
ID_0C0D86F1EE,train
ID_0C0E353F0F,validation
ID_0C0E468655,train
ID_0C0EF86538,train
ID_0C0F246227,train
ID_0C0FA7CDF6,train
ID_0C102CCF9A,train
ID_0C11F73F03,train
ID_0C13EB0B01,validation
ID_0C1426372A,validation
ID_0C193BD6B5,validation
ID_0C1C4A959C,final
ID_0C1C5A9151,final
ID_0C1D7AF7B6,train
ID_0C20C903CB,validation
ID_0C2193A7FF,final
ID_0C21B47F59,validation
ID_0C232E0A0B,train
ID_0C23CDE83B,train
ID_0C24742CE6,validation
ID_0C2587343F,final
ID_0C26679EA6,train
ID_0C2B2E75B6,validation
ID_0C2C202550,validation
ID_0C2C884928,final
ID_0C2D75050C,validation
ID_0C2EB37549,train
ID_0C2F1573B7,train
ID_0C2F77E5C5,train
ID_0C34E88104,train
ID_0C354063FB,train
ID_0C35B1C81B,train
ID_0C37BD6BE0,final
ID_0C382512AF,train
ID_0C38574B25,train
ID_0C3A45E4CD,final
ID_0C3AF2CD7C,train
ID_0C3CD54A67,train
ID_0C3EEEB48D,final
ID_0C3EFF370C,validation
ID_0C3FFD740D,train
ID_0C40BE7C03,train
ID_0C41AFC3AD,train
ID_0C43D4777C,train
ID_0C484F3244,train
ID_0C4D403242,train
ID_0C531A2971,final
ID_0C553E0DE1,final
ID_0C58EE04CE,train
ID_0C58F9B96F,train
ID_0C5B16BA41,train
ID_0C5BB7108A,train
ID_0C5D3F1DD7,train
ID_0C5FAC77AE,final
ID_0C6402FE34,final
ID_0C66777F1E,train
ID_0C684C82F3,validation
ID_0C6970115D,train
ID_0C6BB570F2,validation
ID_0C6C74D3CE,validation
ID_0C6CC8B4B2,validation
ID_0C711EB18B,train
ID_0C71333783,train
ID_0C713D8B71,validation
ID_0C7208E97B,final
ID_0C755324A8,final
ID_0C785BA044,train
ID_0C7B9871FB,train
ID_0C7F3B50C6,train
ID_0C80682834,final
ID_0C83807BDB,train
ID_0C8431C425,train
ID_0C84DF4577,train
ID_0C851AFF5B,train
ID_0C85787654,final
ID_0C87F21AFD,train
ID_0C89D461CD,train
ID_0C89D74740,train
ID_0C8A165207,final
ID_0C8ACF1B12,validation
ID_0C8B22D231,final
ID_0C8E8EAF4F,validation
ID_0C8EA757B2,final
ID_0C8F18661B,train
ID_0C8F9CAE40,train
ID_0C92148B1A,final
ID_0C93564FD5,train
ID_0C94153008,train
ID_0C94C37EE3,train
ID_0C94DCF0CC,validation
ID_0C954CD8E4,train
ID_0C9591EF0D,train
ID_0C9816A8C6,train
ID_0C98A5D9A5,train
ID_0C98B52286,train
ID_0C9909B6CE,train
ID_0C997D6748,train
ID_0C99B34402,train
ID_0C99D9F9E2,final
ID_0C9EE350B5,train
ID_0CA2CA3797,final
ID_0CA2ECB4D2,final
ID_0CA52EEAB6,final
ID_0CA6AF785C,train
ID_0CA6D50560,train
ID_0CA782E751,final
ID_0CA7DBCA4F,validation
ID_0CA897DF74,train
ID_0CA8BC0759,validation
ID_0CA97916F2,train
ID_0CA9A404FE,final
ID_0CAB5B9120,train
ID_0CAD4CABB1,train
ID_0CADB42E31,train
ID_0CADBC6379,validation
ID_0CB3B8C50F,validation
ID_0CB3C881C6,train
ID_0CBA29D4FF,final
ID_0CBB6611FD,validation
ID_0CBEAF8C7B,train
ID_0CC100A928,train
ID_0CC1E3D2BE,final
ID_0CC329BEE4,train
ID_0CC4EB3B14,train
ID_0CC57E7507,train
ID_0CC5EA2303,train
ID_0CC70396CB,train
ID_0CC7BF32CB,train
ID_0CC828478E,final
ID_0CCB103967,train
ID_0CCD28AE92,final
ID_0CD167BF95,train
ID_0CD4663195,final
ID_0CD86AA7D3,train
ID_0CD9FB68D4,train
ID_0CDA018969,validation
ID_0CDB1AE9DA,final
ID_0CDC23AE12,train
ID_0CDD49E78D,train
ID_0CDE9567AA,train
ID_0CDFBB20AB,train
ID_0CE1540348,train
ID_0CE3D0B40C,train
ID_0CE522747D,train
ID_0CE5472454,train
ID_0CE705E91C,train
ID_0CE7ABB3D5,final
ID_0CE82F1F3D,train
ID_0CE8673BE1,train
ID_0CE8AF566E,final
ID_0CEBF109A4,train
ID_0CEC30A3A0,validation
ID_0CEC411F4E,train
ID_0CEC660594,train
ID_0CECA2878D,final
ID_0CEE04816E,train
ID_0CEF7415FD,validation
ID_0CF05D3C83,train
ID_0CF05DE3CD,train
ID_0CF3C7F173,final
ID_0CF687AC5E,train
ID_0CF8F4DB17,train
ID_0CF95F576D,train
ID_0CFB40A818,validation
ID_0CFB52BAEE,train
ID_0CFECEE040,train
ID_0D00435477,train
ID_0D010995E1,final
ID_0D0135FB78,final
ID_0D04096E4F,train
ID_0D04486FAB,final
ID_0D084D211B,train
ID_0D0E1BB145,train
ID_0D0F595688,final
ID_0D1033E7DF,train
ID_0D12D9DF17,final
ID_0D12EFA03D,train
ID_0D161E8E4D,final
ID_0D16398C18,train
ID_0D1667C3FE,train
ID_0D16B9C5F8,train
ID_0D1899A380,validation
ID_0D18DA1FD1,train
ID_0D19986FCA,validation
ID_0D1B04CD1A,train
ID_0D1B0828B1,final
ID_0D1B5E6BF9,train
ID_0D1CA0951D,validation
ID_0D1CFFB783,final
ID_0D1F627463,train
ID_0D252B1677,train
ID_0D252B4527,train
ID_0D2844F0D3,train
ID_0D2905B3CC,final
ID_0D29CCAE72,final
ID_0D2A0EC4B0,train
ID_0D2BD386B8,final
ID_0D2C303B1D,final
ID_0D2C999563,train
ID_0D2D4222E9,validation
ID_0D2E3942FC,train
ID_0D3150BEC7,final
ID_0D3281ACFE,train
ID_0D33941228,train
ID_0D34701EBF,final
ID_0D34F3D339,train
ID_0D354A1D9E,train
ID_0D3644E459,validation
ID_0D36E1D8F1,train
ID_0D37C01059,train
ID_0D390B902B,final
ID_0D3C467D16,train
ID_0D3E026B12,train
ID_0D3E355AB4,train
ID_0D41C1D57F,train
ID_0D429009C0,final
ID_0D43D6B6AA,validation
ID_0D44B5B208,train
ID_0D46190DC3,validation
ID_0D4903AB33,validation
ID_0D49CA4A70,final
ID_0D4B03F8DE,train
ID_0D4B173574,final
ID_0D4B8DA6D1,train
ID_0D4C876A2F,train
ID_0D4D4A927D,train
ID_0D4D981440,train
ID_0D4E3DB999,train
ID_0D4FA8E744,final
ID_0D518F1C4E,validation
ID_0D51C5B47E,train
ID_0D5432A21B,train
ID_0D5551867D,train
ID_0D558CA929,final
ID_0D55AC108F,train
ID_0D57C7C0CB,validation
ID_0D5AD4D17A,train
ID_0D5BBE6C9B,validation
ID_0D5BF20C7C,train
ID_0D5D21AEB8,train
ID_0D6117A558,train
ID_0D6307F182,train
ID_0D63E2122C,train
ID_0D655F6F86,train
ID_0D662B56B1,validation
ID_0D697937D8,train
ID_0D6C7FDCB0,train
ID_0D6CA9B694,final
ID_0D73F38DCC,train
ID_0D75498EDD,train
ID_0D7549ED3B,validation
ID_0D759C34F8,train
ID_0D789EC5D4,train
ID_0D7C18B0F7,validation
ID_0D7C8651FF,final
ID_0D7E8240CF,final
ID_0D7FDACB43,final
ID_0D8124F89C,final
ID_0D827FAB41,train
ID_0D84A1A483,train
ID_0D84CB7264,validation
ID_0D875D2D49,train
ID_0D87D3EDF7,train
ID_0D8A72F07C,train
ID_0D8B15DA47,validation
ID_0D8BC91B5C,train
ID_0D8CBA0387,train
ID_0D8CD9C670,train
ID_0D8D301B2B,train
ID_0D8F94A3EE,train
ID_0D9007BFEA,train
ID_0D948287E4,final
ID_0D96221C8A,final
ID_0D96C5C0CD,validation
ID_0D96D95378,train
ID_0D9B9D1EF2,validation
ID_0D9BF8D091,train
ID_0D9C1595DD,train
ID_0D9D6C6640,train
ID_0DA2D73E4C,train
ID_0DA4EDF0D2,validation
ID_0DA5454A74,final
ID_0DA70B1272,final
ID_0DAB69C414,train
ID_0DAFC45689,final
ID_0DB4AF2A95,train
ID_0DB9C89563,final
ID_0DBA1BBAC9,train
ID_0DBC50600C,final
ID_0DBE425681,final
ID_0DBE9914A9,final
ID_0DBF967ABC,final
ID_0DC25E8839,validation
ID_0DC36E7DB7,validation
ID_0DC5FD324F,final
ID_0DC8940C59,train
ID_0DC982939C,validation
ID_0DCBC766EC,train
ID_0DCC44DEE2,train
ID_0DCC50A434,train
ID_0DCC6F969D,final
ID_0DCD14C9F4,train
ID_0DCDB48224,train
ID_0DCE740CEC,final
ID_0DD0BA2BB0,train
ID_0DD0F96287,validation
ID_0DD1437C2F,train
ID_0DD2C9AA9B,train
ID_0DD2FF7EAD,train
ID_0DD55C9AA3,final
ID_0DDA412C45,validation
ID_0DDA898A66,validation
ID_0DE1A0F474,train
ID_0DE5F114D4,train
ID_0DE66BA65C,train
ID_0DE6A33881,final
ID_0DE6DECE69,train
ID_0DE7DD593F,train
ID_0DE993E086,train
ID_0DED6CDD3A,train
ID_0DEDE88129,train
ID_0DEF58A420,train
ID_0DEF7438C6,train
ID_0DF30649F2,train
ID_0DF4545BCB,train
ID_0DF7D1EE3D,final
ID_0DFADC0763,final
ID_0DFC0A2807,train
ID_0DFC767548,train
ID_0DFDF15F6E,validation
ID_0E0099BB74,train
ID_0E0351F63A,final
ID_0E06724D38,train
ID_0E06AC426A,final
ID_0E07A7784C,train
ID_0E07F58E9F,train
ID_0E0A05853B,validation
ID_0E0BF683CC,train
ID_0E0DB4B27C,final
ID_0E0EDB8395,train
ID_0E1058C556,final
ID_0E11A56C96,train
ID_0E11CF8168,train
ID_0E127CEF42,final
ID_0E13A4E4C1,train
ID_0E182E3172,validation
ID_0E18FA5476,train
ID_0E19CA040C,final
ID_0E1F8755DB,train
ID_0E1FDF1928,final
ID_0E20FA453B,final
ID_0E237BBA51,train
ID_0E23D5C55F,validation
ID_0E276523C1,train
ID_0E281364CE,final
ID_0E2864848B,final
ID_0E28FB0AFF,train
ID_0E2EC62F16,train
ID_0E2EEB7F52,train
ID_0E30545C7B,train
ID_0E30613526,train
ID_0E327F0E1F,final
ID_0E3301BC48,final
ID_0E33CA63C4,final
ID_0E34E189E6,validation
ID_0E35FB0F41,validation
ID_0E381328D9,train
ID_0E3E4ED1AB,train
ID_0E412227DA,final
ID_0E43B8C412,validation
ID_0E449B2881,train
ID_0E46A55CE8,validation
ID_0E48649384,train
ID_0E4B7BEBB7,final
ID_0E4D00B442,validation
ID_0E4FF35ABB,validation
ID_0E504EE8AA,train
ID_0E506728A1,train
ID_0E51F6C9D7,train
ID_0E5215AAB4,validation
ID_0E54FBD3F7,validation
ID_0E55FCA043,validation
ID_0E56D22888,final
ID_0E580F9E36,final
ID_0E5831D039,train
ID_0E5C822D23,train
ID_0E5FCA535F,final
ID_0E60F4591B,validation
ID_0E613551D4,validation
ID_0E620A4772,final
ID_0E6228057C,train
ID_0E63B4B322,final
ID_0E6607D647,train
ID_0E68F84C3D,train
ID_0E6C21D465,train
ID_0E6DAF22B5,final
ID_0E6DD854B2,train
ID_0E6F0D83BE,train
ID_0E6F59517C,validation
ID_0E6F73C596,final
ID_0E70A2B338,final
ID_0E72CBFAC8,validation
ID_0E7321FA4C,train
ID_0E7596923E,final
ID_0E76280C35,train
ID_0E7665C98E,train
ID_0E78227FC1,final
ID_0E7B22D7EF,train
ID_0E7B8524DB,train
ID_0E7F2A1703,train
ID_0E80B5B8AE,train
ID_0E812D7B2C,train
ID_0E819AB83F,validation
ID_0E827F24A6,train
ID_0E8299FF1F,validation
ID_0E83FEF40C,train
ID_0E86D38EF4,train
ID_0E899392C7,train
ID_0E89D73CF5,validation
ID_0E8A2BD930,final
ID_0E8AF43D0B,validation
ID_0E8BC48F94,train
ID_0E8EE81F34,train
ID_0E92761900,final
ID_0E93506096,train
ID_0E93532755,train
ID_0E93D6D72A,validation
ID_0E947E7FD7,train
ID_0E9527CE11,final
ID_0E9630B0BA,validation
ID_0E9780138D,train
ID_0E990F6A90,train
ID_0E9DB030BC,train
ID_0EA3E5613D,validation
ID_0EA4AE998D,train
ID_0EA698DBB3,train
ID_0EA84E4ECE,train
ID_0EAA0C1694,final
ID_0EAAD372C6,train
ID_0EAADEB823,final
ID_0EAC5DFAA0,validation
ID_0EAE061B0A,train
ID_0EAE0B96CC,train
ID_0EAE2C65B6,train
ID_0EAEBC43A5,final
ID_0EAF88946D,final
ID_0EB14B3C60,validation
ID_0EB214B2D2,final
ID_0EB2CF8B6D,validation
ID_0EB5B27ED2,validation
ID_0EB70F14C0,train
ID_0EB7283E17,train
ID_0EB9BF393C,validation
ID_0EBF50456B,train
ID_0EC2604422,train
ID_0EC2889C1F,train
ID_0EC2B658E2,train
ID_0EC96B4457,validation
ID_0ECA2A570E,final
ID_0ECAFB1A13,final
ID_0ECC6DFE9E,final
ID_0ECC960807,train
ID_0ECE21B3AA,train
ID_0ECEED106D,validation
ID_0ED022496C,validation
ID_0ED43FC501,train
ID_0ED44BE949,final
ID_0ED4CE9568,final
ID_0ED6DA959B,final
ID_0ED71E1CAC,train
ID_0ED85E263A,train
ID_0ED8DDD30A,train
ID_0ED9C1A6E4,final
ID_0EDF622772,train
ID_0EE06159BE,validation
ID_0EE0EF740A,final
ID_0EE27C5E9F,final
ID_0EE67135E2,train
ID_0EE718BEB7,train
ID_0EEAE86C15,validation
ID_0EEB4D50D8,train
ID_0EEC1299B4,train
ID_0EEF39C074,train
ID_0EF4C32BAD,validation
ID_0EF545FCF1,train
ID_0EF5CBC3E8,train
ID_0EF6B74DAB,train
ID_0EF6E66C89,train
ID_0EF7C38CE6,train
ID_0EFAAC18A0,train
ID_0EFB65CB90,train
ID_0EFC4BF377,train
ID_0F007C0D70,train
ID_0F03E497CF,validation
ID_0F05A9D7BC,train
ID_0F06DB09FD,validation
ID_0F0B30D0E0,train
ID_0F0B320AE6,train
ID_0F0C7C44A3,validation
ID_0F0E9AD32F,train
ID_0F1193A8FB,final
ID_0F139B2FC3,train
ID_0F1900DD36,train
ID_0F190ECB1F,final
ID_0F1955B8D6,train
ID_0F1FBD2C79,validation
ID_0F20CD0161,train
ID_0F214027B3,train
ID_0F21DE6751,train
ID_0F23CC550C,final
ID_0F24E6D6B6,train
ID_0F25A30527,train
ID_0F26D6020B,final
ID_0F283E648F,train
ID_0F2941C048,final
ID_0F2AD7655D,train
ID_0F2C301E10,validation
ID_0F2CEC71CA,train
ID_0F2E1912F8,validation
ID_0F2EE5CD18,train
ID_0F2F3A86F2,validation
ID_0F30524CB2,train
ID_0F30AA7586,final
ID_0F337872BD,train
ID_0F34EC155E,validation
ID_0F37D2B3D7,validation
ID_0F39B0D27A,train
ID_0F3A5D70F3,final
ID_0F3E33F31F,train
ID_0F3E8151BE,train
ID_0F3FB10365,final
ID_0F40B1C042,final
ID_0F4156A136,final
ID_0F459B9C2E,train
ID_0F463A0986,final
ID_0F470567FC,train
ID_0F49BC50BC,validation
ID_0F4A5BA4FB,final
ID_0F4A96B24B,train
ID_0F52556C24,train
ID_0F526F780B,train
ID_0F52D350A2,validation
ID_0F567D31C8,validation
ID_0F5785BC45,validation
ID_0F58E8FAEF,final
ID_0F59565FDB,train
ID_0F5A4DE856,train
ID_0F5BFE4FBC,final
ID_0F5C448ED5,validation
ID_0F5DD5A835,validation
ID_0F613260C1,train
ID_0F6260953B,validation
ID_0F6328E5CB,validation
ID_0F63BFD9E4,train
ID_0F63E0510F,validation
ID_0F695B02A9,train
ID_0F6A18461C,final
ID_0F6BCEDA7E,validation
ID_0F6DEFB35D,train
ID_0F6F15B854,train
ID_0F700D5589,final
ID_0F705B2825,final
ID_0F70B979D7,train
ID_0F7183DFB7,validation
ID_0F73F16380,final
ID_0F7418DDE3,validation
ID_0F7622680E,final
ID_0F7885170A,train
ID_0F7901C2D2,final
ID_0F791611FF,train
ID_0F7E0D4704,final
ID_0F7F45D54B,validation
ID_0F802628E4,final
ID_0F81F901C7,final
ID_0F82511763,train
ID_0F85181688,final
ID_0F89984D3A,train
ID_0F8BA2203B,train
ID_0F8BDA908B,train
ID_0F8C207AAD,validation
ID_0F8F03E247,train
ID_0F96C3E5C2,train
ID_0F98B2D2E5,train
ID_0FA16BB356,train
ID_0FA1880650,train
ID_0FA1CF3408,train
ID_0FA26B5DBF,train
ID_0FA3B36F04,train
ID_0FA8F1D28A,final
ID_0FA8FD0683,train
ID_0FA92C84AE,train
ID_0FAA768664,final
ID_0FAB930D66,validation
ID_0FAD8B25FE,final
ID_0FAF104595,validation
ID_0FB5BF0668,train
ID_0FB8008307,train
ID_0FB8E26106,final
ID_0FB9F8BED2,train
ID_0FBB2FB4D1,train
ID_0FBB846CFC,train
ID_0FBB91C0A7,final
ID_0FBF5C1E8D,train
ID_0FC165BD90,final
ID_0FC9F3E971,train
ID_0FCD3E4838,train
ID_0FCD7AE5A0,train
ID_0FCEB42121,validation
ID_0FCEE8B269,train
ID_0FCF596BA9,train
ID_0FCF73CA82,train
ID_0FD1205E35,train
ID_0FD24B2E7A,train
ID_0FD51CBAD0,train
ID_0FD5EAEAA7,train
ID_0FD9F4C35B,train
ID_0FDA1E061F,train
ID_0FDBD2E112,train
ID_0FDDA55F15,train
ID_0FDDBDF9BF,validation
ID_0FDE8A1984,validation
ID_0FE00A2AFE,final
ID_0FE061313F,validation
ID_0FE46AEDF8,validation
ID_0FE6DBB316,train
ID_0FE9DFA14E,final
ID_0FEC9168D9,train
ID_0FEDA18852,train
ID_0FEE637F1A,train
ID_0FF07D88FF,train
ID_0FF1BE92B4,train
ID_0FF67F0186,train
ID_0FF6A3FB25,final
ID_0FF7577535,train
ID_0FFA17A48E,train
ID_0FFB49AF72,train
ID_0FFC8F5E91,final
ID_0FFF0613B8,validation
ID_0FFFE0C3D7,final
ID_10002A5FF6,final
ID_1002BDAF4F,train
ID_10076963D2,validation
ID_100775B6C5,train
ID_1008B30B49,validation
ID_10095822E9,train
ID_1009AE8014,final
ID_100CBF2BB0,validation
ID_100E2D0342,validation
ID_100F3B07A2,validation
ID_100F6B3DFF,final
ID_100FD32581,train
ID_101010A232,train
ID_10143BB629,final
ID_1014AF9E23,final
ID_101AAFB719,final
ID_101AB11909,train
ID_101E553640,validation
ID_101E982A17,train
ID_101EB81C27,train
ID_1021DFDD23,validation
ID_102A987511,train
ID_102CE3FCF6,train
ID_102DC94B4F,validation
ID_102EC8E9AB,train
ID_10305622C4,train
ID_103089892B,train
ID_10318E6CFD,train
ID_10327C4644,validation
ID_103336B902,validation
ID_103430E3EB,validation
ID_1034DBE237,train
ID_1036BD4F6C,train
ID_1037E8242B,train
ID_1039BDDE15,train
ID_103A6AECBF,train
ID_103CC1E4EF,train
ID_103DE1DB27,train
ID_104019DE17,validation
ID_1040670220,validation
ID_104095F87D,train
ID_10429824D4,train
ID_1043844F2B,train
ID_1044B70723,final
ID_10459324C0,train
ID_104B42D287,train
ID_104D08B7DB,validation
ID_104DC90EFB,train
ID_105117D8D1,train
ID_105163BA75,train
ID_1051C78E2B,train
ID_105228001A,train
ID_105274A308,train
ID_1052FD2AF9,train
ID_1054D7D497,train
ID_1054EAA3D2,train
ID_1058824292,final
ID_10588C8C76,validation
ID_105972F231,train
ID_10599D13E5,train
ID_105B878A69,validation
ID_105FFB3921,final
ID_10625EDAD2,validation
ID_106323F77A,train
ID_1063938888,validation
ID_1066D30A09,train
ID_106799FB7A,train
ID_106A4FD6CB,train
ID_106C040700,train
ID_106C905B06,final
ID_106D876446,validation
ID_106FFE9AC7,final
ID_1073ACCE12,validation
ID_1073EF1649,train
ID_107465C086,train
ID_107520CA4D,final
ID_107580B05D,train
ID_10766A1003,train
ID_107708E3B8,train
ID_107724CF36,train
ID_107AA0FF88,final
ID_107E15F02E,final
ID_107E7E677A,validation
ID_107E8599AF,train
ID_107EE7CC7E,train
ID_1080984555,validation
ID_1082750E14,train
ID_1083147CC9,train
ID_1083AB6C3A,validation
ID_1084E5FFD4,train
ID_10853AD9A9,validation
ID_1086FA3202,final
ID_10887008EA,train
ID_108A324E03,validation
ID_108C988B96,train
ID_108D59E9C9,train
ID_108F964E63,train
ID_109014EDA1,train
ID_1094607BEF,final
ID_1094709AC8,train
ID_109549DF93,final
ID_1095F887C1,validation
ID_1096E2DA0A,final
ID_10972C8259,validation
ID_109787B77F,validation
ID_109A62DEB5,validation
ID_109ACCEC95,train
ID_109B39FFE0,validation
ID_109BE04069,train
ID_109BFD3BA9,train
ID_109C73C378,final
ID_109FCA6576,train
ID_109FD162AC,train
ID_10A21377A0,train
ID_10A350D420,final
ID_10A3BB2B26,train
ID_10A8EBF09C,train
ID_10AB4CB050,validation
ID_10B124A6A0,final
ID_10B5B8F59F,validation
ID_10B6B4B50A,train
ID_10B91F108B,final
ID_10B9503F3F,train
ID_10B9C6B636,final
ID_10BCBBAC55,train
ID_10BD8A2049,validation
ID_10BDAE6117,train
ID_10BDF64068,validation
ID_10BE547848,final
ID_10C21166C9,final
ID_10C4FF2251,validation
ID_10C6DCF36D,train
ID_10C6ED48BA,validation
ID_10CB0C12CE,train
ID_10CCB2FA3A,final
ID_10D0E4558C,validation
ID_10D10B0817,train
ID_10D15993D3,final
ID_10D22BD38E,validation
ID_10D2CC4168,final
ID_10D2DF88A7,train
ID_10DA2AB1BA,train
ID_10DF04505F,train
ID_10E152CD0C,validation
ID_10E17BEF94,validation
ID_10E294AD4B,validation
ID_10E2BF06FE,train
ID_10E39D7481,train
ID_10E4A981D1,validation
ID_10E56D51B6,validation
ID_10E9BE471E,train
ID_10EB9AEA79,train
ID_10EC0806E0,validation
ID_10EC17904A,final
ID_10F03A6830,train
ID_10F2F84E4B,train
ID_10F4A3B892,train
ID_10F4EC7BB7,final
ID_10F58D138A,final
ID_10F675F7EF,train
ID_10F9AA70DD,final
ID_10FAA01452,train
ID_10FAFCA181,final
ID_10FE5F4C07,validation
ID_10FF6A11D1,final
ID_1102FC4298,train
ID_1103099E06,train
ID_110639C639,train
ID_1106BA5438,validation
ID_11083DE73F,train
ID_1109B141C7,train
ID_110A676CCD,train
ID_110C07F7A8,final
ID_110CDC2FD5,validation
ID_110E683D3C,train
ID_111581CA84,train
ID_1116CB9109,train
ID_111727C1DF,validation
ID_11181430E0,train
ID_1119E8A605,validation
ID_111A042D90,train
ID_111B9C72E1,train
ID_1124E583F5,train
ID_1126141E83,train
ID_1128CC8AE7,train
ID_1129AA8078,train
ID_112AD6F74D,final
ID_112C939C43,validation
ID_112CE07136,train
ID_112D397108,train
ID_112D6DC188,final
ID_113074685F,validation
ID_1130BDB2FF,train
ID_1131EE10D6,final
ID_11361139FA,train
ID_1136DB7074,train
ID_1139526BE8,validation
ID_113B8C4DDF,validation
ID_113C00FB24,validation
ID_113C1CF27C,final
ID_113D5D50B5,train
ID_113F6388FE,final
ID_114269E2BC,train
ID_1142C99399,train
ID_1145A76627,final
ID_114956E2EC,final
ID_114DA64119,final
ID_1151E80A45,final
ID_1153727942,train
ID_1154163A88,train
ID_1154BFA981,train
ID_1156C35B91,validation
ID_11595AF4C5,train
ID_115AC2B198,validation
ID_115ACA208A,validation
ID_115C86F917,train
ID_115C8EC45C,validation
ID_115D2D9EC5,train
ID_115E5CA37C,train
ID_1160A87B59,final
ID_1161D1B815,final
ID_11637242D1,train
ID_11637469C9,train
ID_11639A1AE1,train
ID_1163A35B7C,train
ID_1165AFFF53,final
ID_11674778A6,train
ID_116804423C,validation
ID_116ABCF8EB,final
ID_116B685CB3,train
ID_116C03ECD5,final
ID_116D0E98C5,train
ID_116F6AD9AE,validation
ID_1170895A5F,validation
ID_11722BED2C,train
ID_11748D8A7A,validation
ID_117A127F28,train
ID_117A23E2F0,train
ID_117FD6FEFB,validation
ID_1181062690,final
ID_1182705F4C,train
ID_1182DCD92B,train
ID_11848F13D9,train
ID_1186D241A0,train
ID_1188B28AEC,validation
ID_1189FB01F9,final
ID_118FA51DEB,train
ID_11909D4A95,validation
ID_1192BC62B6,train
ID_1195A7EC1D,train
ID_1199790812,final
ID_119E0590C0,train
ID_11A4B37C99,train
ID_11A5483197,train
ID_11A579375C,final
ID_11A69A2F87,train
ID_11AA27D754,final
ID_11AB2CEBCC,train
ID_11AB74F7E2,train
ID_11AB91A56C,train
ID_11AD3736D9,validation
ID_11AF0406D9,train
ID_11AF313062,train
ID_11AFFE9253,final
ID_11B0A1D394,validation
ID_11B31F3294,final
ID_11B5C82804,validation
ID_11BA311CB7,validation
ID_11BA71D87E,final
ID_11BB3FACF4,train
ID_11BC3FBA35,train
ID_11BCF6623F,final
ID_11BE487DDC,validation
ID_11BF5ED26F,train
ID_11BF64B851,train
ID_11C0F1755A,train
ID_11C146C4B2,final
ID_11C3A055E0,validation
ID_11C813899F,validation
ID_11CB668691,train
ID_11CB6EB380,train
ID_11CEA7243E,final
ID_11D3451073,train
ID_11D35E279E,validation
ID_11D5F3D693,train
ID_11D64A783B,train
ID_11D67A64AA,train
ID_11D7265DD3,train
ID_11DAAE40D5,train
ID_11DB303BA4,train
ID_11DC81078B,train
ID_11DD0ABB27,validation
ID_11DD54AFFC,train
ID_11DEB23DAD,validation
ID_11DED79409,train
ID_11DF31760B,train
ID_11E131F215,train
ID_11E3148C37,train
ID_11E3581748,train
ID_11E493F528,validation
ID_11E50EE8D4,train
ID_11E6946437,final
ID_11E7B42811,final
ID_11EA5F2900,train
ID_11EBA68B08,train
ID_11EF2EC79E,validation
ID_11F50D3889,train
ID_11F5770E20,final
ID_11F97CF92B,train
ID_11F9CF05AA,final
ID_11F9FC232A,final
ID_11FA1D85EC,final
ID_11FACD5BE3,final
ID_11FB53F716,validation
ID_11FBF340B7,train
ID_1200EA7D8F,train
ID_12012A1653,train
ID_12019DB410,train
ID_12029F6D5E,train
ID_12052AA4DF,train
ID_1205AF2B08,train
ID_120603B396,train
ID_120788A349,final
ID_120A55024B,validation
ID_120AFE1041,final
ID_1211C4EF19,train
ID_1213CDD515,train
ID_1213DD738A,train
ID_1213FDBE09,validation
ID_1216A5B04D,train
ID_1219A213F9,train
ID_121A3EEBC7,train
ID_121A9B94C8,train
ID_121AE743CF,final
ID_121B234A0E,train
ID_1220D60B02,train
ID_12266433F7,train
ID_122715A3E9,train
ID_122AAB9E24,train
ID_122AAD26B6,train
ID_122E945843,final
ID_122EA2529A,final
ID_1230F7B3C7,train
ID_1231A1BACB,train
ID_123540574C,train
ID_1236B6EAF5,train
ID_123736315D,final
ID_12380671F8,train
ID_12395F0C9B,final
ID_123972E3C8,validation
ID_123B80B423,train
ID_123C3EA1D8,train
ID_123D26D355,final
ID_123F059052,train
ID_1240A36085,final
ID_1241568F05,validation
ID_1241CDCAFC,train
ID_1242E72497,final
ID_12439642AF,train
ID_12462FF443,validation
ID_1246DC4753,validation
ID_1248EA0F68,train
ID_12492D2C5E,train
ID_1249EA4AD6,train
ID_124ADB9333,final
ID_124C7F0876,validation
ID_124DAF4AAB,final
ID_124DF8C3F3,train
ID_1251804F79,train
ID_125191ED24,train
ID_1253AB0FC3,validation
ID_1254BD8D7C,train
ID_1254FB5D79,final
ID_1255390E1F,validation
ID_1255762E01,validation
ID_125A77BD0C,train
ID_125DCD8A3B,train
ID_1260924D1B,train
ID_126222834B,validation
ID_1263B88C76,train
ID_126466F341,train
ID_126520432B,final
ID_12668B65CC,train
ID_126A25293C,validation
ID_126DFF7986,final
ID_126E249653,final
ID_126F276A8B,final
ID_126FF96AB6,train
ID_12725EB3CD,train
ID_12740D0C49,validation
ID_12745BBD06,train
ID_12748A0D40,train
ID_127802C2CD,validation
ID_1278D995AC,validation
ID_1279504568,train
ID_1279BFDF69,validation
ID_127C305457,train
ID_127CA8E80A,train
ID_127D534AFB,train
ID_127EE5F4F8,final
ID_1281B8C76E,train
ID_1284D1D481,validation
ID_128655CD51,train
ID_1288ED6EB4,validation
ID_128931BB65,train
ID_12895A6C8C,validation
ID_128A1CD7F5,train
ID_128C2B0834,train
ID_128EB8887E,final
ID_1290F386D1,train
ID_129450285F,train
ID_129789CEEC,train
ID_1298DBC9D9,final
ID_129AC90824,train
ID_129ACFCD50,validation
ID_129CE27318,train
ID_129D71412F,train
ID_129DB28684,train
ID_129FA09BA8,validation
ID_12A2E824E1,validation
ID_12A5B2BB3A,validation
ID_12AAC445AC,train
ID_12AAE2EDC3,train
ID_12ABA8EE03,train
ID_12AC0EA7F1,train
ID_12B059DFCB,validation
ID_12B2896938,final
ID_12B34A5AE5,train
ID_12B3AD94A2,final
ID_12B684BD3D,final
ID_12BACC287F,train
ID_12BC005E02,train
ID_12BE5293D2,final
ID_12C09902B2,validation
ID_12C107416D,final
ID_12C19910A4,train
ID_12C33C62E6,train
ID_12C48D77BE,train
ID_12C85C963B,train
ID_12C8AC34E8,train
ID_12C8F5172A,final
ID_12C9ACA4DA,final
ID_12CA7B0B20,validation
ID_12CAC356E8,train
ID_12CB080547,train
ID_12CB38B44E,train
ID_12CFA78B21,train
ID_12D06FB4E6,train
ID_12D3E430A2,train
ID_12D3E49AC9,validation
ID_12D6AB432B,train
ID_12D7E3BDE5,validation
ID_12D7E93B90,train
ID_12D8F9462A,train
ID_12D9CB6D34,train
ID_12D9D0194F,train
ID_12D9DDEEE5,train
ID_12DC7B2F25,train
ID_12DE9EF49D,final
ID_12E019ABFA,final
ID_12E074D69E,train
ID_12E0B2F197,train
ID_12E17A8665,train
ID_12E1AAE9E2,train
ID_12E25D08B3,train
ID_12E408438B,train
ID_12E892E72D,final
ID_12E9306823,train
ID_12E9F1C0D5,final
ID_12EACE4325,final
ID_12EC93307B,train
ID_12ED01614B,train
ID_12EFEBDFB6,final
ID_12F2622EFE,train
ID_12F3643E4F,train
ID_12F55565C3,train
ID_12F6F263F1,train
ID_12F75EE695,train
ID_12F7B6F5EC,train
ID_12F8A9BDC7,final
ID_12FB00DB98,validation
ID_12FB0B24B8,final
ID_12FE206116,final
ID_12FE695584,train
ID_13001CA627,train
ID_1300DD3B8A,train
ID_13018EC5E1,train
ID_13024CC6EC,validation
ID_1304ED0DA0,train
ID_130BBB96A8,train
ID_130C2DDBC7,final
ID_130CADDF1A,validation
ID_130E3F1B04,train
ID_1311D4DBF7,train
ID_1312BB7B0B,train
ID_13134E0DC6,train
ID_13163C7FE5,train
ID_13178AD716,validation
ID_13188D31D7,validation
ID_131951FD2A,final
ID_131A4C6938,train
ID_131A7A9382,final
ID_131B70B828,train
ID_131BF7B8F5,train
ID_131C6B9B51,train
ID_131CD9CCF8,train
ID_131E1E1A72,validation
ID_1320379B20,train
ID_1322EBF2A6,final
ID_1323C68D08,train
ID_132A149E08,train
ID_132AEE1497,final
ID_132E92BD46,train
ID_132F921A86,train
ID_132FD15F5C,validation
ID_133055DE64,train
ID_1332F932FF,validation
ID_13336C4BFE,final
ID_1334DC540C,final
ID_13358A6114,train
ID_13399107EB,final
ID_133AF4B93C,train
ID_133CD5EB37,train
ID_133DDF84B0,validation
ID_133FA87B32,train
ID_134011EE2B,train
ID_13409322F4,train
ID_13416D5477,validation
ID_1343384E17,train
ID_134850F401,train
ID_1348F44CA9,train
ID_134C4D9CF2,train
ID_134C7A6CE2,final
ID_134CED93E8,train
ID_134D151F40,train
ID_134DB8A3AA,train
ID_134F4467FC,train
ID_134F6FC084,train
ID_13501242A9,train
ID_135018217B,train
ID_135065F7B9,validation
ID_13541AFBE6,train
ID_135582BD06,train
ID_135718B760,final
ID_13573B221F,train
ID_1359B4EE30,final
ID_135A15226D,train
ID_135A1EE28A,train
ID_135BC8FD3E,train
ID_13620F8A14,train
ID_1363D7AB37,train
ID_136450CA92,final
ID_1365077786,train
ID_13651F06CD,train
ID_136F38EFBD,train
ID_137091BE06,train
ID_13710E387C,validation
ID_137200E69D,final
ID_1374CFAB5B,validation
ID_137694EB75,validation
ID_1377DE807E,final
ID_137906A6E6,validation
ID_1379868A51,final
ID_137AE04CF5,validation
ID_137BB15E06,train
ID_137EC60831,train
ID_138404397C,train
ID_138459D613,final
ID_138476BA0B,validation
ID_1384F7A76D,validation
ID_13855445EA,validation
ID_138594671D,train
ID_1387B3A4EF,train
ID_1388989890,final
ID_1389D77F8F,train
ID_1389DCAB15,train
ID_1389F6DFCE,train
ID_138C29F749,train
ID_138CD0D915,train
ID_138D1C2C9F,validation
ID_138F021C7F,train
ID_1391B14EFC,validation
ID_1392547D2D,train
ID_1392CD90C5,train
ID_139444491C,validation
ID_1397DD1519,validation
ID_1398A5440D,train
ID_139A51C901,train
ID_139A5DA064,validation
ID_139BDA0DAD,train
ID_139CA63E37,train
ID_139E7A1EF4,train
ID_139E8CB200,train
ID_13A1F2C9DF,train
ID_13A713E97F,train
ID_13A71E0EB0,train
ID_13A826B36F,validation
ID_13A866DEA3,train
ID_13A8899B04,train
ID_13A9007024,train
ID_13AB63C1A5,train
ID_13AE01C1B3,train
ID_13AE905EBC,train
ID_13AFFC11F4,train
ID_13B1E21688,final
ID_13B35EB064,validation
ID_13B368AD82,train
ID_13B3E2DDA9,final
ID_13B538B636,final
ID_13B5424FC2,train
ID_13B5CECAF0,train
ID_13B6F11597,train
ID_13B75AF59C,train
ID_13B792647E,train
ID_13BD65524F,validation
ID_13BE2C8FDA,train
ID_13BEEEFB63,final
ID_13BEF54152,train
ID_13BF0E2DEE,train
ID_13C0FA2B3F,train
ID_13C26038A0,train
ID_13C3AACC2E,final
ID_13C4B655BE,train
ID_13C55A18FC,train
ID_13C6AA2430,train
ID_13CFBF33D0,final
ID_13D549C434,train
ID_13D56528A3,final
ID_13D6BDB483,train
ID_13DA080E8E,validation
ID_13DDCC27C5,train
ID_13DFE0B73C,train
ID_13DFE5C206,train
ID_13E1E1401C,train
ID_13E21396C9,final
ID_13E49608D6,train
ID_13E4A9FC40,final
ID_13E64CD26B,validation
ID_13E9028AA3,train
ID_13EB3489BC,final
ID_13EF1EBA7C,train
ID_13EFB1DAEC,train
ID_13F0E1C37B,train
ID_13F15C7879,train
ID_13F2ACDCC6,train
ID_13F4537644,train
ID_13F5BDA8E2,train
ID_13F68FAEFE,train
ID_13FB3CE84B,validation
ID_13FD27A0C8,final
ID_13FEE67639,train
ID_14027F09AB,final
ID_1406AE9C54,train
ID_140703139B,train
ID_14083549F8,train
ID_140892E8CE,train
ID_140A1EEB27,train
ID_140F3C9422,train
ID_1412821A04,validation
ID_141443B860,train
ID_14149996EF,final
ID_1415A73965,final
ID_1415F9B7DB,train
ID_1415FF396F,train
ID_14161F35F7,train
ID_14167529FE,validation
ID_141694C7E3,train
ID_1418A8B791,train
ID_1418FB14AB,final
ID_141C4228A6,train
ID_141E502C65,train
ID_1420C1195A,final
ID_1422A1232A,train
ID_14230684DA,train
ID_14231EA593,validation
ID_14235B5156,validation
ID_142D3C59CF,train
ID_142E334C90,train
ID_142F6CAE30,final
ID_1431A84287,final
ID_14321177A8,train
ID_1432503160,validation
ID_14329C85FE,train
ID_1433D187EB,train
ID_1437E4DE82,train
ID_143827C6C0,train
ID_1439E94074,validation
ID_143A6E5D84,train
ID_14404D4338,validation
ID_144383C602,train
ID_14447D2A8E,final
ID_14453B7AB4,final
ID_1445968407,train
ID_1448640CD4,train
ID_1448B5FA0B,train
ID_1449E8F7E7,train
ID_144B8E749C,train
ID_144BBC1C0F,train
ID_144D70B91D,train
ID_1450F37C36,final
ID_1452613EB1,train
ID_1454A6E1B7,validation
ID_1456E69A9C,train
ID_14582AB8E2,train
ID_145C637611,train
ID_145DEF0970,train
ID_145E2123B6,train
ID_145F60EDF0,train
ID_145F83D161,final
ID_146020B1B1,train
ID_1463AAED03,train
ID_1464E1F7F1,final
ID_1466FA5EFA,train
ID_146BAD7C44,train
ID_146D2ED499,train
ID_146F22BCDF,final
ID_147064A1DD,validation
ID_14710E0D27,train
ID_1471B2EACF,train
ID_1477B5FB5A,validation
ID_1477CF78D6,final
ID_1479546413,train
ID_147CDBE699,train
ID_1480921644,train
ID_1481DE8BDE,train
ID_14823E4CB1,train
ID_14825C25EC,final
ID_1483172E5C,final
ID_14836E7938,validation
ID_14840E8382,train
ID_1485944BD1,train
ID_14866A7F3D,train
ID_1488B7CCE3,validation
ID_148A02B779,final
ID_148A3C4FA4,final
ID_148F1038AE,train
ID_148F517769,validation
ID_149031FEB9,train
ID_1490B69696,validation
ID_14925DF50D,final
ID_1492F9C209,train
ID_1495D605C6,train
ID_149773AAFE,train
ID_149866CF6A,train
ID_149D0816EC,validation
ID_149E3A149B,train
ID_149F0206DD,train
ID_149F51DC2F,train
ID_14A3CEB718,train
ID_14A674D6E6,final
ID_14A823CAD7,final
ID_14A9001B70,final
ID_14A9319BBF,train
ID_14A98796EE,final
ID_14AA8BC71E,validation
ID_14AAB9211F,train
ID_14AC142840,final
ID_14ACA20F3B,train
ID_14ACC75B3D,validation
ID_14B4C1312A,final
ID_14B568BB9E,final
ID_14B5D43FCB,train
ID_14B8A0736C,final
ID_14BA7A4CC0,train
ID_14BC005BED,validation
ID_14BECC8838,train
ID_14C92FAF75,train
ID_14CC8266D3,train
ID_14CDED4B66,train
ID_14D294B628,train
ID_14D3315AF9,train
ID_14D3CD2923,final
ID_14D523FD15,validation
ID_14D5741B85,train
ID_14D59FFDD4,train
ID_14D6505586,validation
ID_14D6A8D446,train
ID_14D6EB7814,train
ID_14D767641C,validation
ID_14D89188F9,train
ID_14D983CE07,train
ID_14DDC2C15F,train
ID_14E19B8BF4,validation
ID_14E227E6D2,train
ID_14E2BBC95B,final
ID_14E3BA6FE2,train
ID_14E8B5D04E,train
ID_14E8EDB5CE,train
ID_14E9147F79,train
ID_14EAB41AE9,train
ID_14EC576A8C,train
ID_14EDCC28D8,validation
ID_14EF1637F1,final
ID_14F2664268,train
ID_14F3CE50DE,train
ID_14F3E2C324,final
ID_14F7FEA682,train
ID_14F8759128,final
ID_14F88B2A77,train
ID_14FB8FD5FE,train
ID_14FE828136,final
ID_15003219D7,train
ID_1502A1B8A5,train
ID_1504B4CC39,validation
ID_15077225CB,train
ID_1507C5E5E7,validation
ID_150BC42B1B,train
ID_150CB07EE3,train
ID_150D1DBA75,validation
ID_150DAE05F6,validation
ID_150FCA1B6E,validation
ID_1510B93593,final
ID_1511DD1269,train
ID_1512600958,train
ID_1514EF4A07,final
ID_15176EA0FD,train
ID_151781735C,validation
ID_15195F22AF,train
ID_151A00CB38,final
ID_151A72D924,train
ID_151BD85A3E,validation
ID_151D1BC132,train
ID_151F2C2638,train
ID_151F8DA142,final
ID_1520E0A1DF,final
ID_1521482D0B,train
ID_15225774D2,train
ID_1522BFC133,train
ID_15257FC7FD,train
ID_152720D42B,train
ID_1529440A8B,train
ID_152AB62A57,final
ID_152B80C4C9,train
ID_152C0D0A56,final
ID_152D14C2F2,final
ID_152F78B90E,final
ID_152F987054,train
ID_15308F0E34,train
ID_15317AB77A,train
ID_1535F870C1,train
ID_1536F2282C,train
ID_1536F64331,final
ID_15394BFF7F,train
ID_15395C2C84,train
ID_153DFD305C,final
ID_153E42A252,train
ID_153F2CBD90,train
ID_15413F584E,final
ID_15436AB259,train
ID_15446DEAD0,train
ID_1545F7D899,final
ID_15495ACADE,train
ID_154AD327D8,train
ID_154BB6C518,final
ID_154D3CA6CB,train
ID_154EF1C5D3,train
ID_154F2EE5A0,train
ID_154F34AEB6,validation
ID_154F376D3B,train
ID_154FA9C0DA,final
ID_154FD01BDE,final
ID_155A5A5C10,train
ID_155B2E0B23,train
ID_155C26AEF0,train
ID_155C892171,train
ID_155D2D3E8A,train
ID_155E18C442,validation
ID_156148548B,train
ID_156246A819,final
ID_1562DE219E,validation
ID_1564914E9F,final
ID_1564F9CD7F,train
ID_156761605F,train
ID_1567893F65,train
ID_1569A4F549,train
ID_156A4767DD,train
ID_1572DF2A40,train
ID_1572E90DA1,train
ID_157462B33B,train
ID_1574F2583D,train
ID_1576A95591,train
ID_157E0765E2,final
ID_157E091FF4,train
ID_157F3AD0CD,train
ID_157F9F1BFE,final
ID_1581F4CED6,validation
ID_158260D5D4,validation
ID_15844A2D57,train
ID_1584757285,train
ID_1584A067DD,validation
ID_1585745133,train
ID_158C49E1B6,train
ID_158CD1165D,validation
ID_158F7A8A6B,final
ID_158FA55EB8,train
ID_1593492CDC,train
ID_15947E7EF9,train
ID_1594D34B5F,validation
ID_15968E33D4,train
ID_1597BB8FF5,validation
ID_1599718934,validation
ID_159AC2704E,final
ID_159C1FC2B3,train
ID_159C9FCF7C,train
ID_159CA22C16,validation
ID_159E7A77FF,train
ID_159EFB7861,train
ID_15A0805D36,train
ID_15A210E163,validation
ID_15A68626FE,train
ID_15A6C33E84,final
ID_15A909C1E6,final
ID_15AA4940E4,train
ID_15AC93F557,train
ID_15AD3CF3FD,train
ID_15B0026634,train
ID_15B30B841F,train
ID_15B31D0121,train
ID_15B50C977D,validation
ID_15B532AC20,train
ID_15B6A72F81,train
ID_15B6F19373,train
ID_15B7A1DFEB,validation
ID_15B7FA80E6,train
ID_15B82C355B,train
ID_15B946669A,final
ID_15B94AF2A1,train
ID_15B9FF53FB,train
ID_15BA903CE0,validation
ID_15BA90AEC9,train
ID_15BAEB48B6,train
ID_15BC425E0B,train
ID_15BCBE2C02,final
ID_15BF70FD93,validation
ID_15BFB18BE2,train
ID_15C0379B1F,validation
ID_15C12A5163,train
ID_15C39CD510,final
ID_15C42D161E,train
ID_15C6421F6D,validation
ID_15C66FC8FF,final
ID_15CAA741D1,train
ID_15CB9B8761,validation
ID_15CC819CDF,final
ID_15CD1B72DD,train
ID_15CE48209D,validation
ID_15D1066AAE,validation
ID_15D25C1A60,train
ID_15D3209D41,train
ID_15D433C03C,train
ID_15D4F9CA16,train
ID_15D66F29FB,train
ID_15D6CDAA9F,train
ID_15D732DC7B,train
ID_15D85784F4,validation
ID_15D876242D,train
ID_15D9BF863F,final
ID_15DCE79B61,train
ID_15DD1E78FC,validation
ID_15DED85C87,train
ID_15DF24C087,final
ID_15DF809606,train
ID_15E248F85F,train
ID_15E2F5B031,train
ID_15E2FA1D02,final
ID_15E3AF0C06,train
ID_15E51E0EA9,final
ID_15E55F7BC1,train
ID_15E9D314AC,validation
ID_15EB524595,validation
ID_15EB7F7A57,final
ID_15EE36C23A,final
ID_15EEF5B98D,final
ID_15EF673F56,final
ID_15EFBD8654,train
ID_15F086C5F7,train
ID_15F0FBFC49,train
ID_15F4741921,train
ID_15F50950AE,train
ID_15F54507E5,train
ID_15F5F4437B,final
ID_15F7191262,final
ID_15FB309211,validation
ID_15FD70BDAD,final
ID_1600EF47AC,train
ID_160354C1C1,train
ID_1603794427,train
ID_16057412D7,train
ID_160FCE9D46,validation
ID_16108F2ED9,validation
ID_16114DD7A6,train
ID_1614DCFC96,train
ID_1615E89D99,train
ID_16178E0060,final
ID_16187960BF,validation
ID_161A858C69,validation
ID_161BF30BF1,final
ID_161CF553B5,train
ID_161DB23BFC,train
ID_161F6ED8E1,validation
ID_161FD65195,train
ID_16228FFA03,train
ID_1623F5402E,train
ID_162529CC49,validation
ID_1627B004D4,train
ID_1627CDB89C,train
ID_16280FEF0C,train
ID_1628BF9417,train
ID_1629BDF8B0,train
ID_162A933103,validation
ID_162BA29087,train
ID_163771B44E,train
ID_163903D3A5,validation
ID_163A39A9D6,train
ID_163D194DF3,train
ID_163DC0A061,final
ID_1643906EA9,train
ID_164499F2CC,train
ID_1644CF6B91,train
ID_164845C2D9,final
ID_164C0A3572,final
ID_164E7EE8E4,train
ID_16506AEB61,train
ID_1652D62E2D,final
ID_1654898EA2,train
ID_1655F3C828,final
ID_16566811C3,train
ID_16579FEAC7,final
ID_16597D3DB7,train
ID_1659B98716,train
ID_165A0E566F,train
ID_165B5F240B,train
ID_165BC84CAD,validation
ID_165D30990C,train
ID_165D961EC3,final
ID_165DC77F68,final
ID_165ED99556,final
ID_165F9DB222,train
ID_165FFF79C1,train
ID_16605992AB,validation
ID_1662ECFDC2,train
ID_166419AA55,train
ID_166565AA3C,final
ID_1667D92CDA,final
ID_1668BD46E1,train
ID_1669112704,validation
ID_1669689924,validation
ID_166A926B98,train
ID_166AFAA7FE,validation
ID_166E7BAA7B,validation
ID_166F629F36,validation
ID_166FCDE0D4,final
ID_1670D2ADDF,validation
ID_1671BC5E98,train
ID_167225B86D,train
ID_1673D40CF2,train
ID_1674A0E512,train
ID_16772C91D2,final
ID_1677A3558C,train
ID_1678099950,final
ID_1678767E2F,final
ID_1678D57CB9,validation
ID_1678E9646D,train
ID_167C39E343,validation
ID_167D04A597,validation
ID_167E81BACE,final
ID_167F2154C9,validation
ID_167FEA4206,train
ID_168313D846,train
ID_1685813753,train
ID_1686706939,train
ID_1686CFB5F4,validation
ID_16881FF23B,final
ID_16883A7C33,validation
ID_168E1CBB7D,validation
ID_168EB62103,train
ID_168FA2C713,final
ID_16940C8C87,train
ID_16986079D8,train
ID_169904EFB3,train
ID_1699DE154C,validation
ID_169A2921A5,train
ID_169BDC7C17,train
ID_169DC6E899,train
ID_169FC77788,final
ID_16A240630A,train
ID_16A34B9AB9,train
ID_16A49F3423,train
ID_16AAA247D4,train
ID_16AAE22AD4,train
ID_16AB2772BA,final
ID_16B672E924,validation
ID_16B760D373,train
ID_16C0A530ED,final
ID_16C0C9D1F9,final
ID_16C5916E8F,validation
ID_16C6A50757,train
ID_16CABFFFBB,train
ID_16CC0FC9F4,train
ID_16CC363937,train
ID_16D1F2B166,train
ID_16D1F6A33E,train
ID_16D2DBBD71,train
ID_16D2FA80B9,train
ID_16D3C33454,validation
ID_16D4F36AE2,train
ID_16D56CFD17,train
ID_16D7DE3980,final
ID_16DC29123F,train
ID_16DC543E1A,final
ID_16DCCF6EBA,final
ID_16DEE4E35B,final
ID_16E04C2C94,train
ID_16E072996D,train
ID_16E23BC4F7,train
ID_16E2588AEE,final
ID_16E390A19B,train
ID_16E392DDE2,train
ID_16E3AD7415,train
ID_16E3DD67CD,validation
ID_16E5F6DFE8,train
ID_16E67A9C20,train
ID_16E70ECB0A,train
ID_16E79B4535,train
ID_16E8017933,train
ID_16E97D71FC,validation
ID_16EA044B12,train
ID_16EA57EEB7,train
ID_16EA94ADC5,train
ID_16ED106D50,train
ID_16EDBE1B0E,validation
ID_16F1CEA18C,train
ID_16F3588B21,final
ID_16F3AB1819,train
ID_16F75D3F28,train
ID_16F7BE74BF,final
ID_16F7C06728,train
ID_16F8CA54FB,train
ID_16F982F7E5,final
ID_16FA453F3F,final
ID_16FACFF607,train
ID_1700D78D2C,final
ID_1703A420C2,train
ID_1704BF28F1,train
ID_170B82C63F,train
ID_170D23DD76,train
ID_170D66C98E,train
ID_170DE4F618,train
ID_170FEE1E04,train
ID_171143A469,train
ID_1712E942B3,validation
ID_1719473A2B,validation
ID_17194CDA3E,train
ID_171A4215CE,train
ID_171B410584,train
ID_171B8C3B9F,final
ID_171CA0F0AD,train
ID_171EAAC567,final
ID_17241A7536,train
ID_17249CB268,final
ID_17258D2055,final
ID_172862564E,train
ID_172997BB0C,validation
ID_1729C34FDD,train
ID_172CDA0E64,train
ID_1732BBDF3B,train
ID_17333FAF59,train
ID_1734D21202,train
ID_1734FA1012,final
ID_1737751297,train
ID_17382473FF,train
ID_173A7DF072,final
ID_173C6814E3,final
ID_173D0AD3A1,train
ID_17418A6003,train
ID_1742922FA6,train
ID_1748595211,validation
ID_174B420ACC,train
ID_174B68C221,train
ID_174B9556AB,validation
ID_174B9CF2AB,train
ID_174D6C5EA4,train
ID_1754BAE775,train
ID_1755B6B7A8,validation
ID_1756605368,final
ID_1759115E32,train
ID_175A6E4FDC,train
ID_175A7C54AD,train
ID_175A971EDA,final
ID_175B3FC222,validation
ID_175BA78631,train
ID_175BE908B3,train
ID_175E46DF2A,train
ID_175EAE97D5,final
ID_175ED67FEA,train
ID_175F60E553,train
ID_17647459C4,train
ID_1765E97482,final
ID_1766B8C401,validation
ID_176FB11937,train
ID_1770881806,train
ID_1770CC5F27,train
ID_17753E4905,final
ID_177621E174,train
ID_17763DBCE2,train
ID_1776C47949,final
ID_1777B6BEBE,validation
ID_17799286A2,validation
ID_1779988368,validation
ID_17799D251E,final
ID_177A10F48C,validation
ID_177A4B1757,train
ID_177DA4E8E0,validation
ID_17807DE601,validation
ID_17816E463E,final
ID_1781C2E767,validation
ID_1782BFCDB8,final
ID_1783D33BF9,train
ID_1786037ED3,train
ID_1787009863,train
ID_178824BABB,train
ID_178A92BBC2,final
ID_178BB24C67,train
ID_178D7DA5F3,train
ID_178E17EAC4,validation
ID_17911A5900,train
ID_1791E82F0D,train
ID_1792A3F41A,train
ID_179394CA43,train
ID_1793C087F3,train
ID_179507108A,train
ID_1795724306,train
ID_17958E3094,validation
ID_1797D90847,final
ID_179B7C28A3,final
ID_179D0F9848,train
ID_179D424440,train
ID_179F45201B,train
ID_17A37D3F16,final
ID_17A41DA4D2,validation
ID_17A7503B5E,validation
ID_17A823C609,validation
ID_17AC4DF7F2,train
ID_17AEBE8628,train
ID_17B42C32E9,train
ID_17B62F5AE9,train
ID_17B6C07693,final
ID_17B7429F65,train
ID_17B954A774,final
ID_17BD69CE04,train
ID_17BE31E557,train
ID_17BE57C909,train
ID_17C0ABBD49,train
ID_17C4A620F6,train
ID_17C5BC0A42,validation
ID_17C7896B28,train
ID_17CA02E941,train
ID_17CA07EDC5,train
ID_17CABB5DFC,train
ID_17CB1233D9,final
ID_17CE3B6A1E,final
ID_17CF693539,final
ID_17D03968EC,train
ID_17D1B92734,train
ID_17D3912405,final
ID_17D4A5AF09,train
ID_17D5D5CD44,validation
ID_17D637DBF5,final
ID_17D67B50CA,train
ID_17D6CA6280,train
ID_17D9B6C406,validation
ID_17D9F39883,train
ID_17DB6627EA,train
ID_17DC780F17,train
ID_17DD074245,train
ID_17DE31151C,final
ID_17DE77D5A2,final
ID_17DE8D0380,train
ID_17E110B6D7,train
ID_17E19D8ACE,validation
ID_17E20D87C5,final
ID_17E42E68CA,train
ID_17E4B0FBF2,validation
ID_17EA374AA1,train
ID_17EC850F2D,train
ID_17F171F0BB,train
ID_17F190A95F,train
ID_17F1F7DC1F,validation
ID_17F2795F84,train
ID_17F7D7F26E,validation
ID_17F7E851E2,train
ID_17FAAA1D40,train
ID_17FB88ACE4,final
ID_17FD999488,train
ID_17FEA87A69,final
ID_17FF215B92,train
ID_180417102F,train
ID_18080F0278,train
ID_1808C0FB0F,train
ID_1809BF938B,train
ID_180A090DCF,validation
ID_180A1CBD6E,final
ID_180AB7D516,validation
ID_180BC0649C,train
ID_180F0D43CD,train
ID_18141ED48A,train
ID_1816B311BA,train
ID_1816D1F45D,train
ID_181803CF77,train
ID_1818D6ABCA,train
ID_181B6BBF11,final
ID_181ECF45C9,train
ID_1822A56E32,train
ID_1822B70393,validation
ID_1824234B21,train
ID_1825368C2A,train
ID_18253DDF26,train
ID_182848CB92,validation
ID_182A8A14AB,train
ID_182CEDEBAC,train
ID_182D6CBA72,train
ID_182DD5BF22,validation
ID_182E061F48,validation
ID_1831A0E300,train
ID_183226393A,train
ID_1832D06973,train
ID_1835BF06B5,train
ID_18377C0D49,train
ID_18380AF911,train
ID_183CA35163,train
ID_183EACB4F6,train
ID_183EC45090,final
ID_1842209D7D,final
ID_18447319B7,train
ID_18457A7D8F,train
ID_1845F62DFB,train
ID_184773D11D,train
ID_184B72F317,train
ID_184C007849,final
ID_185135E0F8,train
ID_1851703486,validation
ID_18524E6245,train
ID_185387D3E0,train
ID_185483391F,validation
ID_18567E1ECB,train
ID_18574F4013,validation
ID_185CA6FA56,final
ID_185D91DFCD,validation
ID_18622F2074,train
ID_18624B5C38,train
ID_1863325C0A,validation
ID_1863ADB8B2,train
ID_1864020685,train
ID_1867C94978,validation
ID_186843E7A2,train
ID_1869C1A552,validation
ID_186C59A7C4,train
ID_187197AF21,train
ID_187363D7F6,train
ID_1873C032AE,validation
ID_1875036580,train
ID_1875F51AC8,train
ID_1877E7E666,train
ID_1878B1BEDC,validation
ID_187A7C6C22,train
ID_187C696C54,final
ID_187C9D0B25,train
ID_187F59F941,final
ID_1880C3D94B,train
ID_1886BE0CA3,validation
ID_1888DE516E,train
ID_1889B36573,train
ID_188A62B442,train
ID_188B704AF5,train
ID_188D40AF06,train
ID_188EF80C95,train
ID_1893FDD681,final
ID_1894A40F87,validation
ID_1895F132BD,train
ID_1896D534B2,validation
ID_18A0E3B5E4,train
ID_18A12A12FA,train
ID_18A1669214,validation
ID_18A21099F6,train
ID_18A2F37883,validation
ID_18A499F1B2,final
ID_18A4E4190D,train
ID_18A72C009B,train
ID_18A7A59DDE,validation
ID_18A9ACECCD,train
ID_18AA8C68D3,train
ID_18AAE66F7E,validation
ID_18ABB5EAE5,final
ID_18AEDB5B45,train
ID_18AEE7891B,train
ID_18B34E4135,validation
ID_18B3807782,train
ID_18B5C93CF0,train
ID_18B5EDAB4E,train
ID_18B7976DEC,final
ID_18B7C4B76C,train
ID_18BAB5E61F,final
ID_18BE4D1FBF,validation
ID_18BECA5078,validation
ID_18BF6C8283,train
ID_18C2DE2938,validation
ID_18C31208D3,validation
ID_18C451D5EA,train
ID_18C4800774,train
ID_18C4F060C6,final
ID_18C50F5A83,validation
ID_18C66B218F,final
ID_18C6B1B67E,train
ID_18C705AE15,train
ID_18C9919FD5,train
ID_18C9CE399C,final
ID_18CAC35094,train
ID_18CFB78D3D,final
ID_18D1C15EDB,train
ID_18D3B4988B,final
ID_18D3B76020,final
ID_18D4C2DC0F,validation
ID_18D57EBE2F,train
ID_18D599D610,validation
ID_18D5C98625,train
ID_18D76534F0,train
ID_18D7A7BAE8,final
ID_18D858931B,train
ID_18DE603EAA,validation
ID_18DF05D5DA,validation
ID_18DFD1BE33,validation
ID_18E0AC36E9,final
ID_18E640D7B9,train
ID_18E715478E,train
ID_18E7FAFFF7,final
ID_18E843D06F,train
ID_18E949608B,train
ID_18EA59BEA9,final
ID_18EDE1C146,validation
ID_18EE9089E5,validation
ID_18F3DF48B4,train
ID_18F46AC9BC,validation
ID_18F4946C4A,final
ID_18F8F0986E,validation
ID_18F97707F6,train
ID_18FB702A7D,final
ID_18FC9A26EC,validation
ID_18FD8AC78F,train
ID_19016CEE9C,train
ID_1901FC27E7,final
ID_19024A4F60,train
ID_1902F34E5B,final
ID_1902F5C86E,validation
ID_1903F120C8,validation
ID_19048D54B7,train
ID_19060EA799,train
ID_1906D8DE6A,validation
ID_190701FFEA,train
ID_190AF0CBBB,final
ID_1913BE657D,final
ID_1916FC90E2,train
ID_19180C3F36,final
ID_19188F16F9,train
ID_191C0D167F,validation
ID_191C6BFDF9,train
ID_191EDB9F8F,validation
ID_191FC08CF7,final
ID_1922FD9B05,train
ID_1923F1A7D2,train
ID_192429D8F8,train
ID_192435803D,train
ID_192703E7E6,train
ID_1928DEDD5C,final
ID_1929633BEC,validation
ID_192AED3461,train
ID_192C204627,final
ID_192C288F43,train
ID_192C389A1E,train
ID_192CE73336,train
ID_192DCE1CE9,train
ID_192E1C231B,train
ID_193399557F,train
ID_1934CB82AB,validation
ID_1936BAF5A9,train
ID_193C85DCD0,train
ID_193D296A0E,train
ID_193E0F78E4,final
ID_1940ABFD3D,train
ID_1942745897,train
ID_1943309E01,train
ID_194410FA23,train
ID_19442C7ECC,validation
ID_19471AAEB9,train
ID_194A01431C,train
ID_194B4343ED,validation
ID_194BFA5A3C,validation
ID_194D36329E,final
ID_194DDCA60D,validation
ID_194FF7E8F0,train
ID_195142E99C,train
ID_1951F38B4C,final
ID_1952306BC1,train
ID_195336658F,final
ID_195424EC0C,train
ID_1956CCC8E2,final
ID_1958C75E3E,validation
ID_195AE5B0ED,train
ID_195B65DF2D,train
ID_195CA6CED4,train
ID_195E5900C0,validation
ID_195EF1657D,train
ID_195EFFAF2C,final
ID_196184AE1E,train
ID_1963B85A75,final
ID_19642E7484,final
ID_1964C1F124,final
ID_19671DFD63,train
ID_19673D02A3,validation
ID_196AAF4C7A,train
ID_196B852CE5,train
ID_196C25B24C,train
ID_196E366BE5,train
ID_19737EFF3D,train
ID_1978AF9D67,train
ID_197CD4B5E3,validation
ID_197F6E60E8,train
ID_197FC48164,validation
ID_1983B2EC78,train
ID_198615EDEB,final
ID_1986B9CC9F,train
ID_1989B85664,train
ID_198BC00959,train
ID_198C30318E,validation
ID_198DD50E27,validation
ID_198EB77D75,final
ID_198F0FE0D9,train
ID_19930A9FB5,validation
ID_199659C02E,validation
ID_1998E1881D,validation
ID_199964E887,train
ID_199B92B317,final
ID_199BE5CD00,train
ID_199E48D4A2,train
ID_199E66451B,train
ID_199E675763,train
ID_199F0B9D8B,validation
ID_199F283289,final
ID_199FD4F84E,validation
ID_19A13D122A,validation
ID_19A222CD09,validation
ID_19A2EBF777,train
ID_19A47FEA1E,train
ID_19A525BAD0,validation
ID_19A67C62B0,train
ID_19A9C8822C,train
ID_19AA318B5A,train
ID_19AAF230F2,validation
ID_19ACFAB4B7,train
ID_19AF0DC8BF,final
ID_19AF1F2A64,final
ID_19AF3C2847,train
ID_19AFD9BDBF,train
ID_19B29ED174,train
ID_19B5217F1F,train
ID_19B94D2D16,final
ID_19B97959ED,train
ID_19BBB79BD5,final
ID_19BC9436B4,final
ID_19BCA93191,train
ID_19C1E62349,train
ID_19C20DE890,final
ID_19C2522E63,validation
ID_19C466059D,train
ID_19C5891FF9,train
ID_19C7F09D9E,train
ID_19CB082CD6,train
ID_19CBDF34B3,final
ID_19CCE9BADB,train
ID_19CD81ACB7,train
ID_19CF8715FC,train
ID_19D1787F62,final
ID_19D2295B9C,validation
ID_19D254CAC3,train
ID_19D43BD209,validation
ID_19D472E4F5,train
ID_19D6F8C9BD,final
ID_19D7E58C57,final
ID_19D97662FC,train
ID_19DA14DBA5,train
ID_19DAD81B1A,train
ID_19DC18E363,train
ID_19DF634EB0,train
ID_19DFC94D5D,train
ID_19E04A27D4,validation
ID_19E24CFE95,train
ID_19E26C217C,train
ID_19E5189947,train
ID_19E7D343BA,validation
ID_19E94302D8,validation
ID_19EC98CE28,final
ID_19ECA99FE3,train
ID_19EDB4C54C,train
ID_19EF5A741D,train
ID_19F0C654BB,train
ID_19F1959AA7,final
ID_19F57979A2,train
ID_19F5BF92E0,validation
ID_19FA3DFB82,validation
ID_19FB85C91F,train
ID_19FC39412E,validation
ID_19FEAE6D29,validation
ID_1A003D72B9,validation
ID_1A02EAADB8,train
ID_1A03671FA7,final
ID_1A03F3991F,final
ID_1A052739AE,final
ID_1A06B10E04,train
ID_1A0961E824,train
ID_1A0C60ACDE,train
ID_1A0DE61A15,final
ID_1A0E1EBCA6,train
ID_1A0E33C264,validation
ID_1A10B11196,final
ID_1A1147A090,final
ID_1A13DF7403,train
ID_1A14A21B05,validation
ID_1A1907B639,train
ID_1A1B20962F,train
ID_1A1B3DE130,train
ID_1A1DED4654,train
ID_1A1F1FE112,train
ID_1A20FF9243,train
ID_1A216AC8AB,train
ID_1A21D66873,train
ID_1A28942525,train
ID_1A296EBE85,final
ID_1A2AA62495,train
ID_1A2B5D1393,validation
ID_1A2B7A54BC,train
ID_1A2BFBD24C,train
ID_1A2F0A0324,final
ID_1A361B0997,validation
ID_1A37781E43,train
ID_1A3965150D,validation
ID_1A3A60A971,train
ID_1A3DE27573,train
ID_1A3E84D4D0,train
ID_1A3FB04E15,train
ID_1A423B2A36,train
ID_1A433E1035,train
ID_1A449F73F3,validation
ID_1A44A94B08,train
ID_1A4B0815FC,train
ID_1A4C6D8EA9,final
ID_1A4D9A722E,train
ID_1A4DF29AE1,train
ID_1A53980BD1,train
ID_1A562F0349,train
ID_1A57F497C2,final
ID_1A599BA450,train
ID_1A5C891936,final
ID_1A5D6F9C36,train
ID_1A5E61924B,train
ID_1A63833B5F,final
ID_1A63E515AD,train
ID_1A63FA0330,train
ID_1A65B56B7B,train
ID_1A694BF9E8,train
ID_1A6B5C25B9,train
ID_1A6F44178F,train
ID_1A70C5C4BD,train
ID_1A70C6DAD9,train
ID_1A70E610AE,validation
ID_1A7356E826,train
ID_1A759098D2,final
ID_1A777855BA,train
ID_1A7878ECC9,train
ID_1A78DB934A,validation
ID_1A7D7FB278,validation
ID_1A7FE4DEB5,train
ID_1A89AAC9EA,train
ID_1A8EDE2151,validation
ID_1A9159695E,validation
ID_1A9226CB94,train
ID_1A9315C92F,train
ID_1A938F7CDC,final
ID_1A95CA0226,final
ID_1A97C29875,validation
ID_1A982EA4C7,train
ID_1A9A72B1C4,train
ID_1A9BFEC621,validation
ID_1A9C9EC286,train
ID_1A9F9E8730,final
ID_1AA3A90086,train
ID_1AA447B8A1,train
ID_1AA6A970BD,train
ID_1AA7D83D10,validation
ID_1AA958914D,final
ID_1AAA473A52,final
ID_1AADDB1EF0,train
ID_1AAE22D821,train
ID_1AAFE1F88B,train
ID_1AAFFD0E27,validation
ID_1AB5310154,train
ID_1AB6525B4D,train
ID_1AB6808115,validation
ID_1ABA54B082,train
ID_1ABBD9384D,train
ID_1ABCDE4609,train
ID_1ABD435029,final
ID_1ABE7EF6E2,train
ID_1ABFCA7A5D,validation
ID_1ABFCC9BD1,validation
ID_1AC0327EA0,train
ID_1AC164D0CA,train
ID_1AC20C6B51,train
ID_1AC24C9143,final
ID_1AC27A7F26,validation
ID_1AC3E8B96C,validation
ID_1AC5C54E1E,train
ID_1AC5C6F1DF,train
ID_1AC6B9727B,final
ID_1AC7534B2A,validation
ID_1ACC5443B6,final
ID_1ACC959EC9,train
ID_1ACCE5F7A6,final
ID_1ACED783C8,train
ID_1ACF6E2FE2,final
ID_1AD12DC4BC,validation
ID_1AD1F1FDC7,final
ID_1AD2818891,train
ID_1AD28A4AD1,train
ID_1AD3E83811,validation
ID_1ADBB8B309,final
ID_1ADD365F38,train
ID_1ADD7E23C1,validation
ID_1ADDB1C76F,final
ID_1ADF9F217F,validation
ID_1AE1B19C34,validation
ID_1AE4D95945,train
ID_1AE6125BEE,validation
ID_1AE6495BC4,train
ID_1AE6B8F00B,validation
ID_1AE71A483B,train
ID_1AE798C975,train
ID_1AE91B8B76,train
ID_1AE9AC77CC,train
ID_1AE9D79F42,final
ID_1AEC14D67D,train
ID_1AEC9C97FF,train
ID_1AEE409E9D,train
ID_1AEEA3B827,validation
ID_1AEF011218,final
ID_1AEFD51BA9,validation
ID_1AEFE14190,train
ID_1AF0CDCD05,train
ID_1AF28C06E7,train
ID_1AF4222CAF,train
ID_1AF84ECB36,validation
ID_1AFA2CB8D4,train
ID_1AFB99B47D,train
ID_1AFB99E134,final
ID_1AFD80868A,train
ID_1AFDE2B0EC,train
ID_1AFE7F399A,validation
ID_1AFED357AE,validation
ID_1AFFD107BC,train
ID_1B00EF60D8,train
ID_1B0168CC1F,train
ID_1B01FBF148,train
ID_1B069051B1,validation
ID_1B0714A39D,train
ID_1B082AD3C3,train
ID_1B0A896EDF,final
ID_1B0F6F2273,final
ID_1B117AB769,train
ID_1B120EB4D8,validation
ID_1B121BF137,train
ID_1B16A87FAF,validation
ID_1B16C8127E,train
ID_1B181552F4,train
ID_1B191B5EF5,train
ID_1B198CE013,final
ID_1B1ACE7173,final
ID_1B1C4AAFB4,validation
ID_1B1D7C13C7,train
ID_1B1F039982,final
ID_1B1F3A0091,train
ID_1B210984E8,train
ID_1B213BCECA,train
ID_1B22DD9E3A,train
ID_1B230A1982,validation
ID_1B235BBFE2,train
ID_1B269809DD,train
ID_1B28071B91,validation
ID_1B2A164EC6,final
ID_1B2A8B2427,final
ID_1B305071CA,train
ID_1B306468EA,train
ID_1B31D50DD0,train
ID_1B340FE370,validation
ID_1B3543F05B,final
ID_1B358CDBB4,final
ID_1B35D806AD,train
ID_1B3A09626B,train
ID_1B3A3421DB,train
ID_1B3AC7B4AC,validation
ID_1B3EAF2787,final
ID_1B445C6DF0,train
ID_1B46401036,validation
ID_1B4691F091,train
ID_1B47FC3123,train
ID_1B4DFBA5B7,validation
ID_1B4E6EBD1C,final
ID_1B50B53907,final
ID_1B5513327E,final
ID_1B570A9570,train
ID_1B5A246C1B,train
ID_1B5A4556B1,final
ID_1B5D462BA2,final
ID_1B5E40198E,train
ID_1B6017149C,train
ID_1B609FB2B4,validation
ID_1B60AB6955,train
ID_1B60EC9B68,train
ID_1B61D33954,train
ID_1B634CAFD0,train
ID_1B636BDF29,final
ID_1B636D6DCE,final
ID_1B650DC86E,train
ID_1B6A0CA977,train
ID_1B6E04E494,train
ID_1B6EA8F52E,train
ID_1B700CE3DD,final
ID_1B7063EDF2,train
ID_1B71262EAB,validation
ID_1B742DF4D6,train
ID_1B74BF6168,validation
ID_1B79B27936,train
ID_1B7A09F185,train
ID_1B7B3C4566,final
ID_1B7B7801F3,train
ID_1B7C2D840A,train
ID_1B7C7159A3,validation
ID_1B7E843984,validation
ID_1B8130D5BD,train
ID_1B81DA7385,final
ID_1B820D3B39,train
ID_1B85657550,train
ID_1B859DFE33,final
ID_1B892F683D,final
ID_1B8BDFA0F1,train
ID_1B8C3DF8EF,validation
ID_1B8C6B465E,final
ID_1B8D59920E,validation
ID_1B8D7E475C,final
ID_1B8F524E9B,train
ID_1B8FACBDAD,final
ID_1B9121F5A7,validation
ID_1B91D22722,final
ID_1B962988F2,train
ID_1B98EC1DCD,train
ID_1B9A40FCDD,train
ID_1B9D26501F,validation
ID_1B9DEFBC6C,validation
ID_1B9F3ADD4A,validation
ID_1BA105E591,train
ID_1BA1353FE9,train
ID_1BA13CBCF1,final
ID_1BA38EAA0F,final
ID_1BA488CEA2,final
ID_1BA651D85A,train
ID_1BA82C138F,train
ID_1BA84CF759,train
ID_1BA86A46B3,train
ID_1BA9A98C1F,train
ID_1BAC09E844,validation
ID_1BACD53D97,train
ID_1BACFED683,validation
ID_1BAD5945D3,train
ID_1BAE1D3EE9,train
ID_1BB193CDF4,validation
ID_1BB225AB55,validation
ID_1BB29F20BE,train
ID_1BB4B628B1,train
ID_1BBA026B43,final
ID_1BBB88C563,final
ID_1BBE8808CA,train
ID_1BC078DE96,train
ID_1BC19529D2,train
ID_1BC1A5B812,validation
ID_1BC1CA0D1C,train
ID_1BC2B734C6,final
ID_1BC5588BDC,validation
ID_1BC578946D,train
ID_1BC99EBD54,train
ID_1BCA4471A1,train
ID_1BCBFCB1FA,final
ID_1BD1D802F5,final
ID_1BD685F7EB,train
ID_1BD907144C,train
ID_1BD90BF46E,train
ID_1BDD512A58,train
ID_1BE0A21B16,validation
ID_1BE2DA1B7E,validation
ID_1BE3FE37AD,validation
ID_1BE54FFBDA,final
ID_1BE68D09EA,train
ID_1BE938F28F,train
ID_1BEA843324,train
ID_1BEA9D9E0A,final
ID_1BECF6615F,validation
ID_1BED67B74E,final
ID_1BEDB0AC90,final
ID_1BEE9F08A8,final
ID_1BF9DB5058,train
ID_1BFC0C88AA,train
ID_1BFCC9239A,train
ID_1BFCD4DA8A,validation
ID_1C006C0D2D,train
ID_1C05E57C7C,final
ID_1C0671A57D,validation
ID_1C0962B817,validation
ID_1C09C94F5A,train
ID_1C0B813D2F,train
ID_1C0CE943D5,validation
ID_1C0EC244C8,final
ID_1C10E22FE0,final
ID_1C13657C23,final
ID_1C14AC2E70,train
ID_1C16997346,train
ID_1C18044930,train
ID_1C19064D3F,train
ID_1C19293ADE,train
ID_1C198B7046,validation
ID_1C1A668A5D,final
ID_1C1A7DFDBB,train
ID_1C1C124BA1,validation
ID_1C1E76012A,final
ID_1C1ED7E255,train
ID_1C1F3F091D,train
ID_1C1F5807FA,final
ID_1C201985F2,validation
ID_1C207F0C7E,train
ID_1C238632E5,train
ID_1C2406B983,final
ID_1C24485950,validation
ID_1C246CB00B,train
ID_1C2507206C,train
ID_1C25B74B35,final
ID_1C273BB969,train
ID_1C279D6CE4,validation
ID_1C28B34EDC,final
ID_1C28CBD553,train
ID_1C2CB174A6,train
ID_1C2D99EDE2,train
ID_1C2F0675F2,validation
ID_1C31B3F1DC,validation
ID_1C321155AE,train
ID_1C33E42912,final
ID_1C35A880C7,final
ID_1C379D552F,train
ID_1C395E58F4,final
ID_1C39ABD76C,validation
ID_1C3AD49ADE,validation
ID_1C3FC8D468,final
ID_1C403DC450,final
ID_1C4111B807,train
ID_1C44420D60,train
ID_1C49D3C466,train
ID_1C4A197BCB,train
ID_1C4D52059B,validation
ID_1C50A1F8E1,final
ID_1C51C65467,train
ID_1C57F4A3F4,train
ID_1C5A91E272,train
ID_1C5AAF7013,train
ID_1C5B75150F,final
ID_1C5B9E38C9,train
ID_1C5FE05CF8,train
ID_1C604EE857,train
ID_1C6147AE9C,validation
ID_1C618E2891,train
ID_1C651AE8FB,train
ID_1C6650A195,train
ID_1C674B3BD0,train
ID_1C69612A99,validation
ID_1C6986F94B,train
ID_1C6D791910,train
ID_1C6DBF1B2B,final
ID_1C6F4063B7,train
ID_1C6FF7157C,train
ID_1C70A4E8D8,train
ID_1C723F4109,train
ID_1C73932E5B,final
ID_1C7496B302,final
ID_1C7579E959,final
ID_1C75D540A1,train
ID_1C77450F11,train
ID_1C77A22263,validation
ID_1C78E7E090,validation
ID_1C79389852,final
ID_1C7A635C4E,train
ID_1C7E1674D7,train
ID_1C7E3B8C6E,train
ID_1C7FB746C7,train
ID_1C83109244,final
ID_1C83E9C41E,train
ID_1C8494C7A8,train
ID_1C84C76DDC,train
ID_1C8547348B,train
ID_1C85CA9AB4,final
ID_1C85DE6171,validation
ID_1C868A0017,train
ID_1C86FCD9C2,train
ID_1C873D422D,train
ID_1C89008ABD,validation
ID_1C895592C3,train
ID_1C89581161,train
ID_1C8C8F9C1D,train
ID_1C8E0FA657,validation
ID_1C8F45DCEE,train
ID_1C904348C1,train
ID_1C91BCDAFC,train
ID_1C92C4E3F4,validation
ID_1C95A5EC2C,train
ID_1C96286C6D,final
ID_1C985B2301,train
ID_1C9AA37602,train
ID_1C9B05DBC0,validation
ID_1C9BD2BC5F,train
ID_1C9DBD3D7E,train
ID_1CA2B27890,train
ID_1CA32D11D9,train
ID_1CA452A5E1,train
ID_1CA4BB2038,train
ID_1CA5626901,final
ID_1CA60F770F,train
ID_1CA725370F,final
ID_1CA769C9CA,train
ID_1CA8A7AFA7,train
ID_1CAB1D7020,train
ID_1CAB9BE667,train
ID_1CABCD0429,train
ID_1CABE0156E,train
ID_1CB0A0640A,train
ID_1CB210C9B0,train
ID_1CB3389A57,validation
ID_1CB5BD65FC,train
ID_1CB8561B73,final
ID_1CB8D6E892,validation
ID_1CBB9E7577,final
ID_1CBBBA8F29,final
ID_1CBF6C022F,train
ID_1CC25E1137,validation
ID_1CC51F5006,final
ID_1CC663F5F9,train
ID_1CCA3661A3,validation
ID_1CCC96C0FF,final
ID_1CCE152AEC,train
ID_1CCFF5626F,train
ID_1CD1CF03D8,validation
ID_1CD4F4AD73,train
ID_1CD62EC7F5,validation
ID_1CD7B06F69,final
ID_1CD82AC565,final
ID_1CD8D92533,train
ID_1CD9027086,final
ID_1CDBEEC508,train
ID_1CDEEF7C7D,train
ID_1CDF4B903F,train
ID_1CDFCA0D93,train
ID_1CE199070E,train
ID_1CE2F7ADDB,validation
ID_1CE3189472,train
ID_1CE47341F7,train
ID_1CE683A9D6,train
ID_1CE9F3CBB5,train
ID_1CEB1A6910,train
ID_1CEBD0D1A1,final
ID_1CED0D1896,train
ID_1CED5CA940,train
ID_1CF02AF474,train
ID_1CF093FD3E,train
ID_1CF0FA1639,train
ID_1CF2009A6F,validation
ID_1CF20E4496,train
ID_1CF25C0D59,validation
ID_1CF2C23F91,train
ID_1CF2D2EEA7,final
ID_1CF5BFCAEF,validation
ID_1CF66ADA36,validation
ID_1CF74F4DBA,train
ID_1CF76342BF,train
ID_1CF9B68E53,train
ID_1CFA087D0B,final
ID_1CFD3C3144,train
ID_1CFD84CDB5,train
ID_1CFF1E6814,validation
ID_1D02CDB41E,train
ID_1D0621BCD3,train
ID_1D07291D12,validation
ID_1D09581559,validation
ID_1D0ABA8783,final
ID_1D0CBBD702,final
ID_1D0CCC392B,train
ID_1D0CF5C23E,train
ID_1D0FBE5E9F,train
ID_1D11649F35,train
ID_1D127F7F56,validation
ID_1D1A4E9BC1,final
ID_1D1AEB2818,final
ID_1D1CDF25E5,train
ID_1D1E0D8E3C,train
ID_1D221416A6,train
ID_1D221D1A0D,train
ID_1D2264561B,train
ID_1D2276E8C3,train
ID_1D244263D9,validation
ID_1D265FD572,final
ID_1D279F49ED,train
ID_1D27C28F9C,train
ID_1D29F3DE4F,train
ID_1D2AC1B9B1,final
ID_1D2B363521,train
ID_1D2B57D042,validation
ID_1D2E9DA029,train
ID_1D2F0C5EF5,train
ID_1D32B21C39,final
ID_1D3513018B,train
ID_1D3737BE80,final
ID_1D388A77EB,validation
ID_1D39D19DF4,train
ID_1D3A6255C6,train
ID_1D3C11CFEE,final
ID_1D3C8A18F9,train
ID_1D3CD18AAA,train
ID_1D3D453570,train
ID_1D3D4D3ECE,train
ID_1D3F55177A,train
ID_1D44F8A521,validation
ID_1D45AB03B0,train
ID_1D46EC5648,train
ID_1D47230E88,final
ID_1D4919A573,final
ID_1D49764D12,validation
ID_1D4A3E88E1,train
ID_1D4A6E1517,train
ID_1D4C1CB5C3,train
ID_1D4D8EEC73,train
ID_1D50150981,train
ID_1D52187CFC,final
ID_1D5361E660,train
ID_1D53B2ABE9,train
ID_1D5408D00E,validation
ID_1D551087AF,validation
ID_1D555764A9,train
ID_1D5606ACE0,final
ID_1D568B62E7,train
ID_1D56BB52D8,train
ID_1D56D11549,validation
ID_1D57E5B449,train
ID_1D5889E1B3,final
ID_1D58B44FF2,validation
ID_1D5963D741,final
ID_1D5B02FD87,train
ID_1D5F0CCBA3,validation
ID_1D606723CB,final
ID_1D6232C83C,train
ID_1D6489B62F,train
ID_1D64D1864B,validation
ID_1D65A7C0F8,train
ID_1D66E72A3D,train
ID_1D67CF63B6,train
ID_1D68220424,final
ID_1D697FE459,validation
ID_1D6BD8DF8F,train
ID_1D6E5E8716,train
ID_1D72AF80CE,validation
ID_1D73329FB5,train
ID_1D77EC131E,train
ID_1D7A1EAFEF,train
ID_1D7B6BC144,validation
ID_1D7CAAC1EB,final
ID_1D7E06737E,validation
ID_1D7F1B8DE8,train
ID_1D7F77430A,validation
ID_1D80CF0241,validation
ID_1D813A664E,train
ID_1D832EFAF3,train
ID_1D8551FAC4,validation
ID_1D8C7ADB5A,train
ID_1D8D00B3CB,validation
ID_1D8E894AF1,train
ID_1D915351E7,train
ID_1D916FC504,validation
ID_1D922D671C,validation
ID_1D94931BC4,train
ID_1D959B8F52,train
ID_1D95F3F198,train
ID_1D9CA8D136,final
ID_1D9E3702AE,train
ID_1D9F3985F5,train
ID_1DA200960B,train
ID_1DAA85EDAF,train
ID_1DACA56DDC,final
ID_1DAF80D723,final
ID_1DAFAFB4A7,train
ID_1DB1A07A31,train
ID_1DB8202F91,validation
ID_1DB9D304C6,train
ID_1DBB1C532F,train
ID_1DBBE05351,train
ID_1DBC942DBF,validation
ID_1DBF2BBF54,train
ID_1DC0E1B0F2,validation
ID_1DC4B8F96A,final
ID_1DC915394E,train
ID_1DCA006EB7,train
ID_1DCB69A754,train
ID_1DCC6886F4,final
ID_1DCD569BE6,train
ID_1DCDE64D9F,validation
ID_1DCE37A347,train
ID_1DCF767517,train
ID_1DD19780C1,final
ID_1DD198DCA2,validation
ID_1DD1E96E72,train
ID_1DD3A8F40E,train
ID_1DD3F17C5B,validation
ID_1DD53B18B3,final
ID_1DD9C21566,train
ID_1DDA12C081,train
ID_1DDEF5F7A1,train
ID_1DE13A547C,train
ID_1DE2148CF6,train
ID_1DE6E1B564,final
ID_1DEA51D087,train
ID_1DEC0B45CD,validation
ID_1DEDE90461,train
ID_1DF56409E0,train
ID_1DFCB8B0BD,validation
ID_1DFDD98755,validation
ID_1DFE1286E1,validation
ID_1DFE151A03,validation
ID_1DFF5D9B63,train
ID_1E01383331,train
ID_1E015E80A4,validation
ID_1E01DF7C84,final
ID_1E02B8D8DD,train
ID_1E035EEE6F,validation
ID_1E05AFD1C0,train
ID_1E0646FC32,train
ID_1E06770D8E,validation
ID_1E0946CCFB,train
ID_1E09A89B4D,validation
ID_1E0A2B5FDD,train
ID_1E0C9F5326,validation
ID_1E0CCC2B91,final
ID_1E135DEF23,train
ID_1E15184BF8,train
ID_1E15B7B473,final
ID_1E163A3FA9,train
ID_1E16661F05,train
ID_1E1681B5D3,train
ID_1E179CF4F2,validation
ID_1E183ADE1E,final
ID_1E1A291BE2,train
ID_1E1AC6BDD9,final
ID_1E1AD7187F,final
ID_1E1B86A982,validation
ID_1E1C43F271,validation
ID_1E1CF54920,train
ID_1E22270384,train
ID_1E26AA4AE8,train
ID_1E26EA94F9,train
ID_1E2BEDF3C7,validation
ID_1E2E546ECD,validation
ID_1E2F58052C,validation
ID_1E2F66F243,train
ID_1E335A98EB,train
ID_1E375D173A,train
ID_1E3915C488,train
ID_1E3A0CEBCF,validation
ID_1E3D587AA2,train
ID_1E3EC30F4C,final
ID_1E3F238A37,train
ID_1E408DFDB0,train
ID_1E42CAD332,train
ID_1E4424EB16,train
ID_1E47731A30,validation
ID_1E48A127E6,validation
ID_1E49FB837E,train
ID_1E4BE6CEDE,final
ID_1E4EDA0D11,final
ID_1E4EE2B02F,train
ID_1E51C3CC72,validation
ID_1E53E51A75,train
ID_1E55E3AF1B,validation
ID_1E5600DA9D,validation
ID_1E5653BB92,train
ID_1E59F4906C,validation
ID_1E5A4E4543,validation
ID_1E5C731D3D,validation
ID_1E5CB98DF3,train
ID_1E5CC18E72,train
ID_1E60523DB1,train
ID_1E607B09A2,train
ID_1E672694D0,final
ID_1E6AE021EF,train
ID_1E6DD1413D,train
ID_1E6F4C1A2B,validation
ID_1E6FC7ED59,final
ID_1E72581E82,train
ID_1E72CA7833,train
ID_1E736B2573,validation
ID_1E7431435B,train
ID_1E74DB013F,train
ID_1E78673720,train
ID_1E78AF0687,final
ID_1E7AB3F7B7,train
ID_1E7F7439E0,train
ID_1E81115529,final
ID_1E85600384,train
ID_1E8694BBFB,train
ID_1E870162B1,final
ID_1E889D53B6,final
ID_1E8AF41085,train
ID_1E8F123410,final
ID_1E8F2FD2CE,train
ID_1E919BB30F,validation
ID_1E944FBF6F,train
ID_1E95139994,train
ID_1E96A52085,final
ID_1E9A30274F,final
ID_1E9ACB3B79,train
ID_1E9C19223F,train
ID_1E9EAA5D21,train
ID_1E9F9F8359,train
ID_1E9FF74F5C,validation
ID_1EA21018B7,train
ID_1EA3496D9D,final
ID_1EA4F9273C,train
ID_1EA64E73BE,validation
ID_1EA7AE62BD,final
ID_1EAB23C6ED,train
ID_1EACDDDC6E,validation
ID_1EAE11747F,final
ID_1EB0949338,train
ID_1EB118485A,train
ID_1EB2ED4A75,train
ID_1EB3B2F2B3,final
ID_1EB6EF21D9,train
ID_1EB93B9DF8,final
ID_1EB9BDB086,validation
ID_1EBA476F09,train
ID_1EBD391ABE,validation
ID_1EC0797102,train
ID_1EC3C497DD,final
ID_1EC514E0EC,train
ID_1EC5E5A130,validation
ID_1EC6E23CAD,validation
ID_1ECD3FE27E,train
ID_1ED116B6D9,train
ID_1ED1659973,validation
ID_1ED7D89252,train
ID_1EDF4DCC0C,train
ID_1EDF55868B,validation
ID_1EE33FABB4,train
ID_1EE49B56C6,train
ID_1EE4DAB279,train
ID_1EE5A88E96,train
ID_1EE5EDCE2E,train
ID_1EE7CDACA7,train
ID_1EED294933,validation
ID_1EF1E84464,train
ID_1EF25CF561,train
ID_1EF4286EDF,final
ID_1EF4DA01FD,train
ID_1EF9C1FA95,train
ID_1EF9F8A6BC,train
ID_1EFA4E7A7E,train
ID_1EFAEEE30D,train
ID_1EFE59E2C4,train
ID_1EFEB4EAEC,train
ID_1F00C5FD8F,final
ID_1F041C8497,final
ID_1F06132868,train
ID_1F06951199,train
ID_1F06B2492A,train
ID_1F0706C93C,train
ID_1F072B1371,final
ID_1F1214D6EC,train
ID_1F1274B822,train
ID_1F13428760,train
ID_1F15B5E125,train
ID_1F162ED5C1,final
ID_1F1630F1B7,train
ID_1F17DA9C24,validation
ID_1F1AB5E179,train
ID_1F1BB11C06,train
ID_1F2186ED46,train
ID_1F244D12ED,final
ID_1F2491255B,final
ID_1F25A4CD4D,final
ID_1F2971283B,train
ID_1F2ACEEE93,final
ID_1F2B41B619,train
ID_1F2DC7C4E8,train
ID_1F2E1DBDFD,validation
ID_1F326C92D5,train
ID_1F33CB309A,train
ID_1F3489810A,final
ID_1F3A73D291,train
ID_1F3ABE9ACE,train
ID_1F3DB42B4C,train
ID_1F3E0C2F0C,final
ID_1F40619EDB,train
ID_1F410EBB53,final
ID_1F4327C830,train
ID_1F443BBBCA,train
ID_1F45C4C20D,train
ID_1F46B40BAB,train
ID_1F49C060BA,train
ID_1F4B44F525,train
ID_1F4B60680D,train
ID_1F4D5BE4E9,train
ID_1F4D96B886,train
ID_1F4DA39939,final
ID_1F4E075DE7,final
ID_1F4EA9B8EB,train
ID_1F527D1F16,train
ID_1F52F3F17D,train
ID_1F53DCC3BC,train
ID_1F53F28402,validation
ID_1F5499C97B,train
ID_1F5995C7A4,final
ID_1F5B75250E,train
ID_1F62020DE0,validation
ID_1F65DA91D5,final
ID_1F661D4F11,final
ID_1F6630DCE2,train
ID_1F666ECE4B,validation
ID_1F693D4A73,train
ID_1F6A81E53D,train
ID_1F6BE1CF31,train
ID_1F6E17359D,final
ID_1F710FC8E5,validation
ID_1F75A5B303,train
ID_1F7797AAB9,final
ID_1F780BA56B,train
ID_1F780D206E,train
ID_1F7A691CEE,train
ID_1F7B5E9AA7,train
ID_1F7D660B86,train
ID_1F7E250F9F,final
ID_1F808D1CB1,train
ID_1F80A72AA6,train
ID_1F82A56429,train
ID_1F838A443F,train
ID_1F85C4B480,train
ID_1F86EC3161,final
ID_1F88B07212,final
ID_1F8C545D2E,train
ID_1F8F241D4F,validation
ID_1F8F768F2E,validation
ID_1F9747DA45,final
ID_1F97556496,train
ID_1F9A244EF6,train
ID_1F9BE87878,train
ID_1F9CDCFABE,train
ID_1F9E68659F,train
ID_1F9EC39FA4,train
ID_1FA08C5EE6,final
ID_1FA124B40F,train
ID_1FA2C326C6,train
ID_1FA3274298,train
ID_1FA348C91C,train
ID_1FA5DADE6B,train
ID_1FA7EB09CA,final
ID_1FABAFD42A,train
ID_1FABF310F8,train
ID_1FB1BDD096,validation
ID_1FB35E5F32,validation
ID_1FB991BFE5,train
ID_1FBA14D3C6,final
ID_1FBA30CDC2,validation
ID_1FBD1BF750,train
ID_1FBF51D077,train
ID_1FBFC0E041,train
ID_1FBFFBC712,train
ID_1FC2D2BB02,train
ID_1FC5B2519D,validation
ID_1FCB024AE5,train
ID_1FCC400E05,train
ID_1FCD6C027B,validation
ID_1FCDD3A639,train
ID_1FCEB800AA,validation
ID_1FD6994002,validation
ID_1FD813434A,train
ID_1FD8450569,final
ID_1FD8EE29E3,train
ID_1FDE2E4B07,validation
ID_1FE1E6C976,train
ID_1FE20DA175,train
ID_1FE5995890,train
ID_1FE6343B79,validation
ID_1FE78F443D,train
ID_1FE8DE8CC4,validation
ID_1FEB14C405,train
ID_1FECC5795B,validation
ID_1FECC79BDF,train
ID_1FEE259883,train
ID_1FF111FD05,train
ID_1FF1B95A8D,validation
ID_1FF35F142D,train
ID_1FF36287F9,final
ID_1FF5B28EC4,train
ID_1FF6384D2F,train
ID_1FF7FE217C,train
ID_1FF81FA769,train
ID_1FF9E3E0D2,final
ID_1FFC1ECC40,train
ID_1FFF40E44D,final
ID_1FFFECF143,train
ID_20021707B3,train
ID_2003A8EB31,validation
ID_2004027435,train
ID_2005DEF3C4,train
ID_200AFE00ED,final
ID_200CF26D28,train
ID_200F901A91,train
ID_20108B1F9F,train
ID_2016F7C35F,train
ID_20195102E4,train
ID_201A06B57B,train
ID_201CD4FF92,final
ID_201F6E1B59,validation
ID_201FDD91CA,train
ID_2023019AB8,train
ID_202914E538,train
ID_20294B4E6B,final
ID_20296CF3EE,train
ID_2029AAAA6C,validation
ID_202B4161F4,final
ID_202D34570E,train
ID_202E74BB26,train
ID_20305B9377,validation
ID_2030C28E95,validation
ID_2031ADF5D5,final
ID_2031F507E8,validation
ID_203280B9C2,train
ID_2034554873,train
ID_2034B24BB7,validation
ID_20351DC280,train
ID_2037A19F25,validation
ID_2039601A78,train
ID_203978F84B,train
ID_203D2F650F,final
ID_203E35F8FA,train
ID_20403E8F9A,train
ID_204179CE7B,final
ID_204293BCB4,train
ID_2045D70363,train
ID_20461CE0B0,train
ID_2047523D6C,validation
ID_204886DCB8,train
ID_204963432E,train
ID_2054205B83,validation
ID_2054CEFD25,train
ID_2056798158,train
ID_205767747D,final
ID_20579152E1,train
ID_205986703A,train
ID_2059C06336,train
ID_205C14A5FA,train
ID_205D4F6D03,train
ID_205DD97D43,train
ID_205EEF9ECD,final
ID_205F5C9F28,final
ID_2060E36620,train
ID_2061E5789D,final
ID_20624F05C5,train
ID_20625A72B1,train
ID_20639DB1F4,train
ID_20655C89CF,validation
ID_2067B6FD97,train
ID_20697A3C45,validation
ID_206B29196E,validation
ID_206C031E2F,train
ID_206E01EDEC,validation
ID_206F1DE50C,train
ID_206FE0A807,validation
ID_2070C22C81,train
ID_207AEFF6D1,train
ID_207B8BB7B0,train
ID_207D38345F,train
ID_2083C3EE67,train
ID_2089A0C8F3,final
ID_208AB3D5A5,final
ID_208BE51CEB,train
ID_208C3A648B,validation
ID_208CC2BAF8,train
ID_208DF5D95F,train
ID_208E497E71,train
ID_20930F4C84,validation
ID_209703EF63,train
ID_20994A1167,final
ID_2099581635,final
ID_20997393C5,train
ID_209CF8B35C,train
ID_209D769BA2,final
ID_20A2503035,validation
ID_20A4FFA0E1,validation
ID_20A669A16E,validation
ID_20A7456EEE,final
ID_20A8B4CBC1,train
ID_20A8F2A0A9,train
ID_20AA32AA0A,validation
ID_20AD0FF7D1,train
ID_20AD422398,train
ID_20AD59C5FD,train
ID_20ADDB7C69,train
ID_20AEA365B3,train
ID_20AEC83E0E,train
ID_20B66A1AFD,train
ID_20B76A5FB6,train
ID_20B7C3C1E7,final
ID_20BBA1F95C,train
ID_20BED783D9,final
ID_20C10C7BDF,train
ID_20C1D36495,validation
ID_20C4211957,train
ID_20C5B8FA82,final
ID_20C5FC67C7,train
ID_20C6D92B14,final
ID_20CB440265,train
ID_20CC0BBB6A,train
ID_20CC551F74,train
ID_20CE8C3B72,train
ID_20D232791B,train
ID_20D3990CA5,final
ID_20D5C04E7A,train
ID_20D7A95383,final
ID_20D8DE3DDE,train
ID_20DC0A5B5C,validation
ID_20DC1730B0,train
ID_20DD2B5F7A,train
ID_20DDEDAEF0,validation
ID_20E273207E,train
ID_20E504CFE4,validation
ID_20E6EE5A3D,final
ID_20E6F24046,train
ID_20E977B8D1,final
ID_20EAB7ABC6,validation
ID_20EB501231,final
ID_20EBA9BA89,train
ID_20EC9A4018,train
ID_20EDD540D2,train
ID_20EE254948,train
ID_20EE78EBFF,train
ID_20EFD2B35C,validation
ID_20F3A6DA9D,final
ID_20F45F46A6,final
ID_20F94739D9,train
ID_20FAC527AE,train
ID_20FB5F4EF4,final
ID_20FD51F3B5,final
ID_20FD82B992,final
ID_20FE400DB0,train
ID_20FF2A2527,validation
ID_21008044DA,train
ID_2103609104,train
ID_2105FC64A4,train
ID_2106068E91,train
ID_21064DB1A3,train
ID_21096D35B1,validation
ID_2111CE0025,train
ID_211335CFC2,final
ID_21196EEF1B,train
ID_211BC26A66,train
ID_211E2EFB8E,train
ID_2125058B08,final
ID_21250F57F0,train
ID_212536DA33,train
ID_2126B869C2,train
ID_2127BC759F,final
ID_2128CA91B9,train
ID_2129623B16,train
ID_212A1B3165,final
ID_212A603E5F,train
ID_2132CB21F5,train
ID_213389709F,train
ID_213411178D,train
ID_213B42AF04,validation
ID_213D0B3C84,final
ID_2141D95A9E,final
ID_214278043E,train
ID_2143589EEB,validation
ID_21465EAD2A,train
ID_2146ED161D,train
ID_214A895411,validation
ID_214A95D9DA,train
ID_214BD6FD9D,train
ID_214DF24C3D,train
ID_21503068C2,train
ID_215090CBDB,final
ID_21516F2D49,train
ID_21522EEBF4,train
ID_215247199D,validation
ID_2154A0D39E,train
ID_2155068C9A,train
ID_215546BB41,train
ID_2155F152D1,validation
ID_215635AE4F,final
ID_2156CC3859,final
ID_21578BB8F5,final
ID_21587CDFBB,final
ID_2159326598,train
ID_215C2288A4,train
ID_215D38CC1D,train
ID_215E9B7FB8,train
ID_215EDE655D,train
ID_215F07C52B,train
ID_21600B4CF9,final
ID_21619B4CD1,train
ID_21658754B7,validation
ID_2168FE8C4A,train
ID_216A26EADC,train
ID_216BBBDFA2,train
ID_216C35D4B1,train
ID_216EACFFBF,train
ID_216F0A9BF5,train
ID_2174092837,train
ID_21775109EE,train
ID_2177C1A47A,train
ID_2179161E23,train
ID_21792F9F79,final
ID_217ECA7D93,train
ID_217F1FCEF5,validation
ID_21819C0441,train
ID_218288A47D,validation
ID_21828AF44A,train
ID_218321F1DE,train
ID_21842CA07A,final
ID_21845C31B9,train
ID_2188AA6650,validation
ID_218A79CD4A,train
ID_218D833043,final
ID_218F502707,validation
ID_21904A0B0D,final
ID_2190D996C1,train
ID_2191F09616,validation
ID_2191FBCB4D,train
ID_2195D3A52D,train
ID_2196327919,train
ID_219665E70D,train
ID_2198365BE4,final
ID_219882E1AB,train
ID_219A44A042,train
ID_219CE9C9A5,train
ID_219D35C753,train
ID_219F94622F,validation
ID_219FE9D08A,validation
ID_21A14AE6E7,validation
ID_21A28BD084,train
ID_21A44D6C11,train
ID_21A5940E06,train
ID_21A5A0CE5E,train
ID_21A9579F19,train
ID_21AD9AB7C0,validation
ID_21AFEBB4D7,train
ID_21B0F57BF5,final
ID_21B2AC0998,train
ID_21B36EB2FF,train
ID_21BBA8AA45,train
ID_21BC7B49BA,train
ID_21BDDD1182,validation
ID_21BFBFC72A,train
ID_21C30891F8,validation
ID_21C3522FC5,train
ID_21C433D51B,validation
ID_21C6B493FA,train
ID_21C79C09FB,train
ID_21C9166D50,train
ID_21C97241DC,train
ID_21CB177230,train
ID_21CF655965,final
ID_21D02CBA30,train
ID_21D0840C17,train
ID_21D0B5FE71,train
ID_21D366D3A6,train
ID_21D59326C2,train
ID_21D61DFEF7,train
ID_21DAB2004A,train
ID_21DB3D534C,train
ID_21DBBBE9D8,final
ID_21DC7BB2AC,train
ID_21DEE1A490,train
ID_21E2A1C6FB,validation
ID_21E3785C8D,validation
ID_21E63F27BC,train
ID_21E6F4B806,train
ID_21E8A12D3A,final
ID_21E8B6732F,final
ID_21E8D4694F,train
ID_21E9162E7B,final
ID_21E9DA8D2E,train
ID_21EB34651C,train
ID_21EC2819B4,final
ID_21ED978834,final
ID_21EF0FB447,train
ID_21EF5F2DE9,validation
ID_21EF7F6CC6,train
ID_21F0A32B20,validation
ID_21F132726C,train
ID_21F2090719,train
ID_21F48394AE,train
ID_21F55D5174,train
ID_21F5EBC6F5,final
ID_21F8D91350,final
ID_21FD1D32FC,final
ID_21FDEA0F7D,final
ID_21FDFE8206,final
ID_21FE04CD99,validation
ID_21FE25AD2F,validation
ID_21FE9A810B,validation
ID_220085AEDD,validation
ID_220088E408,train
ID_2201F1CD56,train
ID_220506A030,final
ID_2205A8144C,train
ID_2207939D28,final
ID_2207B10A24,validation
ID_2207B580AD,final
ID_2208CE5583,train
ID_220978532A,validation
ID_220D8C1B9F,final
ID_220DDE6C99,validation
ID_220FD65BB6,train
ID_221049D30D,train
ID_22111AA0E9,train
ID_2212F182BA,validation
ID_22145A69DF,train
ID_2214E5EBB5,train
ID_2215E21A29,train
ID_22169C7949,final
ID_2216E6BC22,train
ID_22172AA68D,train
ID_2218018305,validation
ID_22182FA07F,train
ID_2218EEE8BE,final
ID_221C0EBE2C,train
ID_221D1FCB70,validation
ID_221D9CB9AD,validation
ID_221EEFD7F4,final
ID_2220AC2234,final
ID_2223734ACE,train
ID_222436A48A,train
ID_22275591C5,train
ID_22276C8726,train
ID_222C4F962F,final
ID_222DECAFFE,train
ID_222EF45325,train
ID_2231D68BC5,train
ID_2231F0E714,train
ID_223438A16D,final
ID_2234ABC6D1,train
ID_22352D14A0,validation
ID_223628C061,train
ID_22388320D6,train
ID_2238BBD473,validation
ID_223A735F91,train
ID_223AE58F0C,train
ID_223B063871,train
ID_223F338B99,train
ID_2240A3CB8D,train
ID_2240D6CD90,train
ID_2241E13F13,final
ID_22424CCC97,validation
ID_22443CBB3F,train
ID_224443863D,final
ID_224971EA62,train
ID_224C2A630C,validation
ID_224DAF608C,validation
ID_224ED62C11,train
ID_224F424686,train
ID_225105F496,final
ID_22533CE8D9,final
ID_22534701BE,train
ID_2254737A5F,validation
ID_22561D884C,train
ID_22574B0528,train
ID_225978EE07,validation
ID_225AC10330,final
ID_225CA4458E,final
ID_225D4E1407,final
ID_225D55FF28,train
ID_225ED22AE2,validation
ID_22607035B6,final
ID_2263352832,train
ID_2263DD6D8D,train
ID_22654FDDF7,train
ID_22665CAF9E,final
ID_2266713536,train
ID_2266A27DB3,train
ID_2267B27D63,train
ID_2268EEE1BF,validation
ID_226A2E52B2,train
ID_226ED56811,final
ID_226F136E42,final
ID_2270512C00,final
ID_2272A2AB26,final
ID_22746A44F5,final
ID_227583198A,train
ID_22764C908E,validation
ID_22769A8312,train
ID_22783C7BF5,train
ID_227981D3F4,train
ID_227B827AC5,train
ID_227DB7BAA7,train
ID_227E0E9131,validation
ID_227EE58834,train
ID_227FF19DF0,train
ID_2283C0D034,train
ID_2286F4A534,validation
ID_2286FE7631,train
ID_22887537FF,train
ID_2288DA5057,validation
ID_228927F7F6,train
ID_228B5990A6,train
ID_228CE6F22D,final
ID_228D43D6AE,train
ID_228DDA2D54,train
ID_2290100D45,final
ID_22925DB967,train
ID_2294CDA089,final
ID_2294F5CFB7,train
ID_22954F9DDD,train
ID_229679B40E,train
ID_22974CC1DF,validation
ID_229A2B8763,train
ID_229D6DF761,final
ID_229E59223E,train
ID_229E67EE01,train
ID_22A15E74B3,train
ID_22A1C89401,final
ID_22A25852F9,train
ID_22A2F48777,train
ID_22A6725C8B,train
ID_22A88DF7D1,train
ID_22A8EA45FB,train
ID_22A9B1089D,train
ID_22AAAFF9C5,validation
ID_22AB3A7DF0,train
ID_22ABA74E50,train
ID_22ABF4D3AD,train
ID_22AC8BEBF9,train
ID_22AD5D3DB6,train
ID_22AEA6D9DE,validation
ID_22B38B8CC4,validation
ID_22B40110BF,final
ID_22B5D11DCD,validation
ID_22B6200510,train
ID_22B88F3E1E,final
ID_22B9058523,train
ID_22BB3464AD,validation
ID_22BDC8924D,final
ID_22C2758A85,validation
ID_22C705D401,train
ID_22C78D223F,final
ID_22CC9D457B,validation
ID_22CFCB1BCC,final
ID_22D17BD535,final
ID_22D330F4AB,train
ID_22D6482F3A,validation
ID_22D82D8C11,validation
ID_22D9C6D09E,train
ID_22DFF87C3E,validation
ID_22E03645EE,train
ID_22E0D0D0C7,train
ID_22E27517AF,final
ID_22E4955C25,final
ID_22E5C80B65,final
ID_22E5FC7038,validation
ID_22E8C52E74,final
ID_22EA54745C,validation
ID_22EADCBC4F,train
ID_22ED4FB2EC,validation
ID_22ED724CC2,train
ID_22ED9AEF18,train
ID_22F350A792,final
ID_22F5427826,train
ID_22F65BA696,train
ID_22F68FF807,train
ID_22F7E27196,train
ID_22F9AAE68D,train
ID_22FDDA7828,validation
ID_2301E3B0E4,train
ID_2302D62A2F,final
ID_230343A806,validation
ID_230547FC4E,train
ID_23075C5FCD,final
ID_2307BB5B07,final
ID_230A80070B,train
ID_230AB5071A,final
ID_230B15F23A,validation
ID_230C79FB9C,validation
ID_2311388EE8,train
ID_2314CDFE13,train
ID_23174C2FFD,train
ID_231AECF4EC,train
ID_231C31A2F9,train
ID_231C4343B7,train
ID_23238C1F33,train
ID_23246A9934,train
ID_2327B71325,train
ID_232803D92D,train
ID_23282923E8,validation
ID_232AD14E72,train
ID_232C3A7946,final
ID_2331756E01,validation
ID_2333B7E009,train
ID_23342143BF,train
ID_23363E590D,train
ID_23368E1415,train
ID_233832B6A2,train
ID_2338CC1927,train
ID_2339092A95,train
ID_2339122FDA,train
ID_2339E6C94B,train
ID_233C019619,train
ID_233E7CFC3A,final
ID_233EE6CFDB,train
ID_233F4C1FFA,train
ID_2341A796CE,final
ID_23475DF2AE,validation
ID_234A5CFAD0,validation
ID_234A65D379,validation
ID_234B0503C6,validation
ID_234E7B07D6,train
ID_234EA25F58,train
ID_234ED8EB71,validation
ID_2350602C70,train
ID_23525E57D0,train
ID_235A31D72E,train
ID_235B1ADF2A,validation
ID_235DE8DB62,train
ID_2361DD7475,train
ID_23623E5D8C,validation
ID_236339C817,train
ID_236441879E,validation
ID_23666D113E,train
ID_23677ED4F6,validation
ID_2367D759AD,train
ID_236AC59A17,train
ID_236BE890DB,train
ID_236C1A02BA,validation
ID_236D1F28C9,train
ID_236DF37436,train
ID_236FD8D756,validation
ID_237090B0ED,validation
ID_23731C33AE,final
ID_23736CE6C6,train
ID_2377B80B1A,train
ID_2378891C7A,train
ID_237891400D,train
ID_237965B99C,final
ID_237ABEC79A,final
ID_237D8545F8,train
ID_237EA41E63,train
ID_237FD00E8C,train
ID_2380624547,train
ID_2380A81F6F,train
ID_2381770BDC,final
ID_2382AF22E8,final
ID_23857541E3,train
ID_23862DFFEF,final
ID_2386C0B39C,train
ID_2386EAAF8A,final
ID_2388F888D8,train
ID_238A6C8EE6,validation
ID_2398467E93,validation
ID_239858F7E3,validation
ID_23993D33C2,train
ID_2399735F15,train
ID_239D0CDE76,train
ID_239D2E20A3,train
ID_23A1F18C96,validation
ID_23A481C37D,train
ID_23A51A91E8,train
ID_23A567E202,train
ID_23A678E690,train
ID_23A679528D,final
ID_23A955F4D8,validation
ID_23AD197FBA,train
ID_23AEF3C436,train
ID_23B0440E7D,train
ID_23B0CC9FF1,train
ID_23B2011855,train
ID_23B2E3057B,train
ID_23B32F1363,validation
ID_23B9665D9D,validation
ID_23BCCC2E9E,train
ID_23BFA93759,train
ID_23C01B0C29,train
ID_23C2AA07C9,final
ID_23C3DF6F82,final
ID_23C3E6B827,train
ID_23C4237C8D,train
ID_23C498BEB9,validation
ID_23C94C0EB2,train
ID_23CA594B37,train
ID_23D1B664F7,final
ID_23D43B5FBB,train
ID_23D49E611F,train
ID_23D76DA05E,final
ID_23DA429290,train
ID_23DB473DC3,train
ID_23DDC1F99D,train
ID_23DE20B550,train
ID_23DFF27DE6,train
ID_23DFF7C9EB,validation
ID_23E012F9C0,train
ID_23E06CF196,train
ID_23E0CBCEE0,train
ID_23E1041CB4,final
ID_23E1086BEB,validation
ID_23E125BF7D,train
ID_23E356207B,train
ID_23E397488F,validation
ID_23E4B91CDC,final
ID_23E8616D0A,train
ID_23E8A7C605,validation
ID_23E8DC8B71,validation
ID_23EC0984BD,train
ID_23F1A930E7,final
ID_23F3CAA13C,train
ID_23F43501DB,train
ID_23F5787031,train
ID_23F7D843A8,final
ID_23F9F8F8DD,train
ID_23FAFA355B,validation
ID_23FC070E91,train
ID_23FCEF29FA,train
ID_23FE2F273B,final
ID_23FFB425E4,train
ID_23FFBBCEDE,final
ID_24025E984A,final
ID_2403824978,train
ID_240396C6A2,train
ID_2404A2BF04,final
ID_2407C68DBB,train
ID_240809F7F1,train
ID_240A3C8C3D,final
ID_240B982A8D,train
ID_240C53351F,train
ID_240DA7DF53,final
ID_2411F53EDB,validation
ID_24168495FD,final
ID_24168AE4AC,train
ID_2416953B4E,train
ID_24181F81D0,train
ID_2419EF46FC,train
ID_241A6130D7,train
ID_241A8CA18D,train
ID_241BBF21FF,train
ID_241C92D426,train
ID_241DE17CDB,final
ID_241FC8566C,train
ID_242471B5BD,train
ID_2425943432,validation
ID_242D5E2A9D,train
ID_24328EF050,train
ID_24331B7FCF,train
ID_2433403D2D,train
ID_24340A5045,train
ID_243593262A,validation
ID_243DE26E7C,train
ID_243FF3FD6C,train
ID_244166C001,train
ID_2441D79B2F,train
ID_244235277D,train
ID_244AF50583,train
ID_244C193761,final
ID_244F8C27F4,final
ID_245605CD0E,final
ID_2459FCAA14,train
ID_245BC89FB6,train
ID_245CE0CAF4,validation
ID_245EF3DC13,train
ID_24602C8644,train
ID_2461BEAE5F,final
ID_24629A60A1,final
ID_2468DBCB4B,train
ID_246A2CE5A5,train
ID_246A488227,validation
ID_246B6AF063,final
ID_246C41F33E,train
ID_246EEC79C0,validation
ID_246FEA2964,train
ID_2470180944,final
ID_24721FB61F,train
ID_2473764125,train
ID_2473A943D2,train
ID_24740207BC,final
ID_247485ECF6,train
ID_2477414730,final
ID_2479F15CE8,validation
ID_247B05A722,final
ID_247BB40912,validation
ID_247BCACDF8,final
ID_247D25CE20,final
ID_247D52AEC2,final
ID_247D55A3EC,train
ID_247DCEAF21,final
ID_247DDB5D27,train
ID_248168A94E,train
ID_2483D61DF9,train
ID_24847E6BD2,train
ID_24879F587B,final
ID_24887855AC,validation
ID_248948EE31,validation
ID_248C5EB22D,validation
ID_248C62E831,train
ID_248CF58BFA,train
ID_248D190305,train
ID_248E3A8621,validation
ID_249021D8F0,validation
ID_2491ED45B1,final
ID_249559341D,train
ID_24961235F8,train
ID_2499B0DF54,train
ID_249D302256,train
ID_24A2BA45CB,train
ID_24A36627B0,validation
ID_24A5E1A452,train
ID_24A5ECECBF,train
ID_24A85208A2,train
ID_24A91E375F,train
ID_24AA2B9207,final
ID_24B07B2FE2,train
ID_24B2173B7B,train
ID_24B299468A,train
ID_24B67FDE62,final
ID_24B8B0FBD6,final
ID_24B8B8905B,train
ID_24B8EFB8F3,validation
ID_24B98A085E,train
ID_24BB2516F3,validation
ID_24BB5CF628,train
ID_24BD1B4376,train
ID_24BD4DE257,train
ID_24C190DCF2,train
ID_24C2E4ACA0,validation
ID_24C6144B0A,train
ID_24C857E385,train
ID_24CA310029,train
ID_24CC8AC569,train
ID_24CD6C1778,final
ID_24CDD4005B,train
ID_24D050869D,final
ID_24D250F9A0,final
ID_24D805747B,final
ID_24D80C3637,train
ID_24DA1CB63B,train
ID_24DD4338AB,validation
ID_24DD9ADF97,train
ID_24DDD6C0F9,train
ID_24DE49CB01,train
ID_24E2675AD0,train
ID_24E5783B4B,train
ID_24E5945862,train
ID_24E6852CF3,train
ID_24E76AA6D9,train
ID_24ED51B517,train
ID_24EDAD9D20,validation
ID_24EE5F8BBA,train
ID_24EEC710AD,final
ID_24EFC35082,final
ID_24F4DF0B10,train
ID_24F5E10418,final
ID_24FEEDB0CC,train
ID_25026291DA,train
ID_250484AFBF,train
ID_2504AFF3B6,validation
ID_2506FEC5BA,train
ID_2508E0237C,final
ID_250AC6D791,train
ID_250F2BBFAE,validation
ID_2515699DD9,train
ID_2516AA80E2,validation
ID_2517535731,train
ID_25178585CE,train
ID_251BB89501,train
ID_251C6D3B6A,train
ID_251D159A22,train
ID_2520E75991,validation
ID_2522503195,train
ID_25283461CB,train
ID_2528DCF697,train
ID_25290A70DB,train
ID_252C867FBB,train
ID_2530E5FF78,train
ID_25354C57A8,validation
ID_2536CC4177,validation
ID_25382B8C90,train
ID_2538FB04C9,train
ID_253A63BADB,train
ID_253BA2A753,train
ID_253DB2753F,train
ID_253FFAAD7F,train
ID_254102F17B,validation
ID_25412863F9,final
ID_2543433908,validation
ID_25437EDA38,validation
ID_2544179106,validation
ID_2544EACE95,final
ID_2546791706,train
ID_2546F47F27,final
ID_254715C6C8,train
ID_254759059D,train
ID_2548C21021,train
ID_2548F57B69,train
ID_2549101129,train
ID_25492369ED,train
ID_2549CCC1F6,validation
ID_254A42BBF2,train
ID_254AE44562,train
ID_254BA71DCB,train
ID_254DBCC6CC,train
ID_254E4D403A,train
ID_254FCA2DBA,train
ID_2552126926,final
ID_255433FA3F,validation
ID_25551BCB7B,train
ID_2556D92F45,train
ID_2556F32CA5,validation
ID_255748624A,final
ID_255BE4F34B,train
ID_255DB00423,validation
ID_255F417E17,final
ID_256001D6E0,final
ID_2561E1BDC5,train
ID_2562054737,train
ID_256624E6B2,validation
ID_25671BAAE5,final
ID_256970B0A1,train
ID_2569D021A9,train
ID_256A2A41BB,train
ID_256CFD3D1D,validation
ID_25711CA501,train
ID_257BF033D9,validation
ID_257CE0A585,train
ID_257CE69786,validation
ID_257EB4A0C1,validation
ID_2582017DF5,train
ID_2582582D39,validation
ID_25848CC1D4,final
ID_25855E2090,final
ID_25874BEA44,train
ID_2589986CF2,train
ID_258A6DC126,validation
ID_258ABAD451,validation
ID_258B06ECBE,train
ID_258BBC72CA,final
ID_258D49A9C3,train
ID_258F5BF7B3,train
ID_259076EA8F,validation
ID_25939688DA,train
ID_2594EF475F,validation
ID_25951FE76C,train
ID_2597015F87,train
ID_259A21B048,train
ID_259B8AE000,train
ID_259B8C4842,train
ID_259D243F8B,validation
ID_259E8BD9E2,train
ID_259EE999C9,train
ID_259FE74994,train
ID_25A1F1B252,train
ID_25A2307D4A,train
ID_25A90A4493,validation
ID_25AED4A19C,validation
ID_25AF896444,train
ID_25AFA888E6,validation
ID_25AFFF9029,train
ID_25B0CB1A49,train
ID_25B16E58E0,final
ID_25B1BD243B,train
ID_25B55BACC7,train
ID_25B59E0EF4,train
ID_25B7435F6E,final
ID_25BA537B4E,final
ID_25BAB2785E,validation
ID_25BAE1CBFE,validation
ID_25BC2A8AC8,train
ID_25BF7E1B13,train
ID_25C1B83A06,train
ID_25C1C9BC19,train
ID_25C276C824,train
ID_25C3B9A83C,train
ID_25C3C59E3C,train
ID_25C4B2CF55,train
ID_25C64F29C6,train
ID_25C80214F9,final
ID_25C98A4B19,train
ID_25CB0D5E99,train
ID_25CB26C7E4,train
ID_25CB7C0397,validation
ID_25CBC6807A,train
ID_25CE79F0A8,train
ID_25D26A4B67,train
ID_25D5534F4A,train
ID_25D5F9C08B,validation
ID_25DCEBDA54,train
ID_25DE7338DF,validation
ID_25DF115BAF,train
ID_25E1C86830,validation
ID_25E2B586C4,train
ID_25E313A10F,train
ID_25E963005B,final
ID_25EACD630F,train
ID_25EBCF286F,validation
ID_25ED5C6CAF,train
ID_25EF582403,validation
ID_25F0244370,train
ID_25F15C608F,validation
ID_25F384D6A3,validation
ID_25F4118BD8,train
ID_25F4E070A7,final
ID_25F5064EA4,validation
ID_25F5091056,train
ID_25F6518DE5,validation
ID_25F6ABF84B,train
ID_25F7F555D0,train
ID_25F8F0D904,validation
ID_25F9A958ED,final
ID_25FA6176F3,final
ID_25FB24137A,final
ID_25FC10CB72,train
ID_25FD0C6FE4,train
ID_25FEF176DF,final
ID_25FF28F824,train
ID_25FF47B382,validation
ID_260199ECB6,train
ID_26039D24E5,validation
ID_26068077A1,validation
ID_260BD74E01,train
ID_260C10ADDC,train
ID_26101FEEC9,final
ID_2611392645,final
ID_2612232117,train
ID_2612498C41,train
ID_26128E15CF,validation
ID_2612A094DC,final
ID_2614531FDA,train
ID_261598B4B7,final
ID_2615E3ECF8,final
ID_2616B11B32,final
ID_26171A2FB5,train
ID_2617590C04,train
ID_261764F38F,train
ID_26179D0146,train
ID_261AF99724,validation
ID_261B97D92A,validation
ID_261BB8C741,validation
ID_26208FE4C2,train
ID_26215E557A,validation
ID_26243ED9DA,validation
ID_2626610DCF,train
ID_262955AD75,final
ID_262AA2A91D,train
ID_262AD5DA3D,final
ID_262B725E35,train
ID_262C296C68,train
ID_262C32C6F9,train
ID_262C84BED3,train
ID_262CDC323A,train
ID_262D6A1B07,train
ID_262DBA2D20,validation
ID_262F57C0E1,train
ID_26309B72F7,train
ID_2631DDB520,validation
ID_2631F15CCD,train
ID_26333B72C2,train
ID_26364E61AE,train
ID_263719AE6B,train
ID_263828266A,validation
ID_2638C84185,validation
ID_263904D651,train
ID_2639738FEB,train
ID_263AF08D33,train
ID_263E79B7E5,train
ID_26418B41B8,train
ID_26459F4850,final
ID_2647AF56CC,train
ID_2647F6059E,train
ID_264A2875ED,train
ID_264BB82211,train
ID_264C33E747,train
ID_264FE49325,final
ID_2650298C3F,final
ID_2650BD148F,train
ID_2651BAB38F,validation
ID_265422E239,train
ID_2656F9034A,train
ID_2657C078DE,train
ID_2658DC52FB,final
ID_265ABEC50B,train
ID_265C6DD726,train
ID_265C811945,train
ID_265C927B1D,train
ID_265D09469E,train
ID_265D11C8C9,validation
ID_265DE76142,validation
ID_265E190B83,validation
ID_265F2B860E,final
ID_265F7ABD6D,train
ID_2663A285CF,train
ID_26641CC302,validation
ID_26655BBE24,train
ID_26655D760F,validation
ID_2665E5E65D,train
ID_2667670D77,final
ID_266982451F,final
ID_2669E927DA,train
ID_266A25A855,final
ID_266CBECEA8,train
ID_266F84EB01,train
ID_2673EA86BC,validation
ID_2673F9319D,train
ID_26765AF128,train
ID_267C49AAE5,train
ID_267C6E7083,validation
ID_267D3E5E4F,train
ID_267EE52679,train
ID_267F701994,validation
ID_26854B42ED,train
ID_2689C7ACF2,train
ID_268C5CAFD5,train
ID_268C9F1550,train
ID_268E3331FF,train
ID_268F949B07,validation
ID_268FAB1F2B,train
ID_2692DA8882,validation
ID_269368DA79,train
ID_26945414E7,final
ID_26947D54CE,train
ID_269564B819,train
ID_2695CBE6EC,train
ID_2698AF9A78,train
ID_269A0B1572,train
ID_269BC0F618,train
ID_269C4538CD,train
ID_269C5A3570,train
ID_269CF8D13D,final
ID_269E4BE2E0,final
ID_26A1D62614,train
ID_26A1FFCF58,final
ID_26A28F7213,final
ID_26A4E26A49,validation
ID_26A51A0BA1,train
ID_26A72C8951,train
ID_26A943B80B,validation
ID_26AC7B5674,train
ID_26ACAFCBF3,train
ID_26AE77EB6C,train
ID_26B1CC8EFC,train
ID_26B37CCC7C,validation
ID_26B3D633A7,train
ID_26B4871775,train
ID_26B6E6DDED,final
ID_26B7B53EDA,final
ID_26B887FF1A,train
ID_26BB28839A,train
ID_26C112D856,final
ID_26C2EE3EA5,train
ID_26C4865DE0,final
ID_26C4C1A80B,validation
ID_26C89D7E7E,final
ID_26C8FAA074,train
ID_26C913D108,train
ID_26CBC47A24,train
ID_26CC61F0E6,train
ID_26D02AEA74,validation
ID_26D1151593,train
ID_26D1863DAB,train
ID_26D1C7F3EF,train
ID_26D2B22D2A,final
ID_26D2DF298D,train
ID_26D2F52714,train
ID_26D44A7636,train
ID_26D95AB106,final
ID_26DB8F9B30,train
ID_26E0BAA71C,final
ID_26E444A4B3,final
ID_26E57748E5,train
ID_26E6483B89,train
ID_26E657CE34,validation
ID_26E6D52FA4,train
ID_26E6F22641,validation
ID_26E876390D,final
ID_26E90B07D0,final
ID_26E99A160F,final
ID_26EDE49540,train
ID_26EFB039CE,train
ID_26F42080B5,train
ID_26F4241124,final
ID_26F823923F,train
ID_26F84ADD57,train
ID_26F92128AD,final
ID_26FF0A11E1,train
ID_26FFC64A9F,final
ID_2701546ACD,train
ID_2701DAE33D,train
ID_2703F7290F,train
ID_2705815EC4,train
ID_27072DBA00,validation
ID_2708147D70,train
ID_270957D10E,final
ID_270DDF92C5,validation
ID_270E5581CE,train
ID_270E56A6F5,train
ID_270E60C04E,final
ID_27102C0C80,train
ID_2710BF3680,train
ID_27152B01DF,train
ID_27156184BA,validation
ID_2716B23462,train
ID_271D3583FE,final
ID_271F5B1024,train
ID_27253BBA2F,train
ID_2726216F6B,validation
ID_272887174B,final
ID_2729A81D3D,validation
ID_2729F8C72E,train
ID_272BB119CC,final
ID_272D8D96D1,validation
ID_272DFB9A2F,validation
ID_272DFE7816,train
ID_2731AA770A,train
ID_27320FD9BB,final
ID_2732538912,train
ID_2732EBFAF5,train
ID_273A38C437,final
ID_273A4B56CB,train
ID_273D5E2A59,train
ID_27402B28ED,train
ID_2743ADE156,validation
ID_2744695AC3,train
ID_27471C1330,final
ID_274750548D,validation
ID_274827591C,validation
ID_274850A4B6,final
ID_2749971F99,train
ID_2749BC5313,train
ID_2749E0F3DA,train
ID_274B5F8D03,validation
ID_2750644CCD,final
ID_27521CF14B,final
ID_2752391031,train
ID_27544F1348,train
ID_27561C2FD8,train
ID_27568A2978,train
ID_2757801FD5,validation
ID_27581406CA,validation
ID_2759D58EA3,train
ID_275B86B8AB,train
ID_275F08E40F,train
ID_27602CC893,train
ID_2761EC3B2A,validation
ID_27666B2BA8,final
ID_276A5B59ED,validation
ID_276B5E813D,validation
ID_276C1033E7,validation
ID_276E413D79,train
ID_276EBA9765,final
ID_277196DC67,train
ID_277372DF87,train
ID_27754903E9,train
ID_277599BA39,final
ID_277734FA6C,validation
ID_2779DF2FA9,validation
ID_277A0AEF78,train
ID_277E98B40F,train
ID_2780BC4F37,validation
ID_27827199C5,validation
ID_278313A55D,train
ID_27854F0DCD,train
ID_2787091F0B,validation
ID_278C7838E6,train
ID_278D711985,final
ID_278DF5B8B2,validation
ID_2790207ADF,train
ID_279315ADE6,train
ID_279321C3F3,train
ID_279735689E,validation
ID_27976ABC3B,train
ID_279AC305D1,final
ID_279CEEA459,train
ID_27A1274084,train
ID_27A3AEA8E5,train
ID_27A4DB6730,final
ID_27A9D32490,train
ID_27ADF1D1E1,train
ID_27AF5AC167,train
ID_27B266E833,train
ID_27B4B97CF9,train
ID_27B4F97500,final
ID_27B7618077,validation
ID_27B846CA68,final
ID_27BD18CADE,train
ID_27C0B5F381,validation
ID_27C5CEB386,train
ID_27C6926FED,train
ID_27C8CC3D4C,validation
ID_27CA096CC0,train
ID_27CAE63721,train
ID_27CAF15C0A,train
ID_27CB62EB0F,train
ID_27CB9ED479,train
ID_27CB9F50BE,final
ID_27CC83FF2C,validation
ID_27CF0147CB,train
ID_27CF7167D2,train
ID_27CFEB772D,final
ID_27D0D35E59,train
ID_27D0F8565A,train
ID_27D4B84D09,train
ID_27D5C55DF1,train
ID_27D8124541,train
ID_27DB09BFC1,train
ID_27DB16A301,train
ID_27DB1AD33B,final
ID_27DBFABF99,final
ID_27DDBDB1A1,validation
ID_27DDE9DBCC,validation
ID_27DFA02995,validation
ID_27E04BF608,train
ID_27E0A2F829,train
ID_27E0F4E0AD,train
ID_27E23B57A1,validation
ID_27E360F12A,final
ID_27E55D05CF,train
ID_27E638FBF2,validation
ID_27E873B4A1,train
ID_27ECA37398,train
ID_27EE4FDB08,train
ID_27F0942349,train
ID_27F0E8B2C0,train
ID_27F32A3360,train
ID_27F511DC01,train
ID_27F683F352,train
ID_27F9C08595,train
ID_27FD32766A,train
ID_280089B67E,train
ID_28015FD758,train
ID_28019A56C2,train
ID_2801A58ED8,train
ID_2802A0F470,train
ID_2802EC526D,validation
ID_2804D11FBF,final
ID_2806697C5E,train
ID_28076666E8,train
ID_2807DAB1C1,final
ID_280B14C39A,validation
ID_280B3C1B89,validation
ID_280BC9A8F7,validation
ID_280CB197FC,train
ID_280CFB9C58,final
ID_280D6C1572,train
ID_280E4415B1,train
ID_281019BA19,validation
ID_2813390816,train
ID_281706DA32,train
ID_28191E47D8,train
ID_281AA6B010,train
ID_281B5FCA54,train
ID_281C36053E,train
ID_281E8146CC,train
ID_281F093066,validation
ID_281F6416FF,train
ID_282142362E,train
ID_2823E7F986,validation
ID_2825B04FCA,train
ID_282697EB61,train
ID_2828DA67E7,validation
ID_282DB1A575,train
ID_282EEC94DA,validation
ID_282F9F6ABF,final
ID_283019D4E4,train
ID_283324C2E4,train
ID_2834DBB7C2,train
ID_2838F86D09,final
ID_283BDBCC70,train
ID_283CB56809,validation
ID_283E063373,train
ID_283E8C41B1,train
ID_2841219001,train
ID_2844AE8995,train
ID_2845F12759,validation
ID_2845F421BD,validation
ID_2846179F0E,train
ID_284779EBFD,train
ID_284817B373,train
ID_2848222313,train
ID_2849BF92EC,train
ID_284B95756E,train
ID_284D62D7D7,final
ID_284E1464FB,validation
ID_284E97DAAA,validation
ID_2855BA1E2A,train
ID_2856BB8565,train
ID_2859165DC1,final
ID_285A90DF84,train
ID_285C4EE5BC,train
ID_285E637440,validation
ID_285FFC4385,train
ID_28625E5623,train
ID_2863F2AA05,final
ID_286589DE18,train
ID_28696AAD7E,train
ID_2869CC0106,train
ID_286A6C0EC3,validation
ID_286C29B952,train
ID_286C4AA313,final
ID_28701A3986,train
ID_2870FC1637,final
ID_2872451D66,validation
ID_2876EC45BE,train
ID_2877F3E8A9,final
ID_287B18E618,train
ID_287CC69236,validation
ID_287DE60BA5,final
ID_287F024267,train
ID_287F96BD51,validation
ID_288039C56C,train
ID_28807E6564,validation
ID_288146832F,train
ID_2882AA19F0,train
ID_2882C166E5,train
ID_28836189AC,train
ID_2883E18D83,final
ID_28859964C7,train
ID_2886F11D0E,validation
ID_28872E13FD,train
ID_28888C94F3,validation
ID_288B2DE53E,train
ID_288E566B76,final
ID_288F01E638,train
ID_28903AABA5,train
ID_2891EAD3C8,train
ID_28928A28D1,train
ID_28940AE842,train
ID_2894559FC0,validation
ID_2896990C50,validation
ID_289938BA95,validation
ID_289A92C0F0,train
ID_289FA9A09D,train
ID_28A28FD159,train
ID_28A2EA0F90,final
ID_28A4B21736,train
ID_28A6CD8EA3,validation
ID_28A75A3CD5,final
ID_28A766076D,train
ID_28A8062519,train
ID_28A8C14E9C,train
ID_28A9FFF819,train
ID_28AA97E904,validation
ID_28ADAA3DE8,validation
ID_28AEA94D73,train
ID_28B1A57BBC,validation
ID_28B26BA679,train
ID_28B282E9D2,validation
ID_28B4AF42E8,validation
ID_28B6D101C4,train
ID_28B957BC02,validation
ID_28B9A91394,validation
ID_28BB88BBA3,train
ID_28BCD04EED,final
ID_28C2B74547,train
ID_28C2EA7D08,train
ID_28C692CEF8,train
ID_28C7C3D2B6,train
ID_28C983ACB1,validation
ID_28CAD1D791,train
ID_28CC5F3336,train
ID_28CD1F1B3B,train
ID_28CD8EDF20,train
ID_28CE6E7E31,validation
ID_28CE7356D2,train
ID_28CF1BACC0,train
ID_28D465EC1D,train
ID_28D550CD72,validation
ID_28D965CAB2,train
ID_28DD23A704,train
ID_28DE71A605,train
ID_28DFA652E0,train
ID_28DFB3FCBD,train
ID_28E0BE73B7,train
ID_28E5BEDA3A,train
ID_28E6C46654,train
ID_28E7A5BFE0,train
ID_28EA0F2C1B,final
ID_28EC1D904F,final
ID_28ED1E7271,train
ID_28EECF5AED,train
ID_28F3DD699D,validation
ID_28F516312F,train
ID_28F61D8856,train
ID_28F88EFC83,train
ID_28F90B4E6B,train
ID_28FB43115B,train
ID_28FB7448E0,train
ID_28FDEA47C8,train
ID_2903891D4B,validation
ID_29054A16D9,train
ID_290562486F,train
ID_290590601E,validation
ID_29066B1F1D,validation
ID_2907C59DC3,train
ID_29088244F6,train
ID_2908BFEF11,train
ID_290A7FFFD4,train
ID_290C26017F,train
ID_290D5623A0,train
ID_291001DF5D,validation
ID_2910038DCB,final
ID_291018830F,validation
ID_29111A437B,train
ID_2914254C4A,final
ID_2917477431,train
ID_2918A8A011,train
ID_291CBF3DE9,train
ID_2920990708,validation
ID_292129B907,validation
ID_2922861A20,train
ID_2926B752AE,train
ID_292713087A,train
ID_29279C8AC8,final
ID_2928591827,train
ID_2928A55C6D,final
ID_2928ECD386,validation
ID_2928F30C97,validation
ID_292BA190F3,train
ID_292BDF4C12,train
ID_292C43D4E3,final
ID_292D02D664,train
ID_292EDE7DC9,validation
ID_292FE07A8F,final
ID_2931A7C0DA,train
ID_2934D67195,train
ID_2939B978D9,train
ID_293A41235E,validation
ID_293AADCBA9,final
ID_293B235A70,train
ID_293EB0D865,train
ID_293EFC396F,train
ID_2942BB10D1,final
ID_2943047987,train
ID_29441F7031,final
ID_2945B9C6D4,train
ID_2945F92261,final
ID_2947B5BD48,validation
ID_29485D1CF2,validation
ID_294919619C,train
ID_294C278352,validation
ID_294E39BD1B,final
ID_295725A56E,validation
ID_2959198FCC,train
ID_2959B3B152,train
ID_295A0F2C2D,validation
ID_295A991388,final
ID_295B49CF54,validation
ID_295C0BA87A,train
ID_2961E1CC26,train
ID_2962660C6D,train
ID_29688F681A,validation
ID_296B17BA0B,train
ID_296C321525,train
ID_296D4C38C3,validation
ID_296F0E7B7C,final
ID_29717F8F52,train
ID_2975899DD0,validation
ID_297739502F,validation
ID_2977788871,validation
ID_297AC2ED2B,final
ID_297D178BD5,validation
ID_297DA741C9,train
ID_2981ED2383,train
ID_2983A99317,final
ID_2985771DBC,train
ID_29883C2ECD,final
ID_2988A83ED8,train
ID_29896CE768,train
ID_298B9A7A99,train
ID_298EE73A66,validation
ID_29917799A5,train
ID_2992026B8F,validation
ID_299327B1EF,train
ID_2993463548,validation
ID_29936C7578,validation
ID_299492B330,validation
ID_2994BE5D9F,train
ID_2998FB0270,validation
ID_299A521A1F,train
ID_299AA5E55C,train
ID_299B96C943,train
ID_299C5857DF,train
ID_299D4AD8ED,train
ID_299ED8A18F,train
ID_29A08C5EE3,train
ID_29A356A615,validation
ID_29A3D6B225,train
ID_29A56E0695,validation
ID_29A5F64B7F,train
ID_29A6102AFF,train
ID_29A64F9383,train
ID_29A8290288,validation
ID_29AC5080BD,train
ID_29AE5957CA,final
ID_29AEABA8F4,validation
ID_29AEB0B73B,validation
ID_29AEBCF011,train
ID_29B28290A2,train
ID_29B4230E36,train
ID_29B8AD8634,train
ID_29B9D863F4,final
ID_29BADF0BAD,train
ID_29BED84788,train
ID_29C01ADDA3,validation
ID_29C3D2842B,train
ID_29C47018E6,train
ID_29C8BC1673,train
ID_29CAEE572B,validation
ID_29CCE4EB80,train
ID_29CD1D8FBD,final
ID_29CFED9D11,validation
ID_29D3A1FE7D,validation
ID_29D3D1001A,final
ID_29D4921EFC,train
ID_29D90027C9,validation
ID_29D9761E46,train
ID_29DA288B79,train
ID_29DA493BB5,train
ID_29DACE6454,train
ID_29DC9ADFBD,train
ID_29DD3807D3,validation
ID_29DE5413B8,final
ID_29E2FDD3E7,train
ID_29E6328954,train
ID_29E633CE56,final
ID_29E6BD1D18,train
ID_29EA070859,validation
ID_29ED092D93,train
ID_29ED9B2096,train
ID_29EE6FC008,final
ID_29EF5F8858,train
ID_29EF6DF1F1,train
ID_29EFD03ABD,train
ID_29EFFCB8F8,final
ID_29F2CD64A4,train
ID_29F312F00A,validation
ID_29F4B719CB,train
ID_29F5001A5C,validation
ID_29F55B7112,train
ID_29F6B9E152,final
ID_29F7A8BC72,train
ID_29FD59C20D,train
ID_29FE1F4FB7,train
ID_2A014FE81D,train
ID_2A01E964C2,train
ID_2A065AA0AA,train
ID_2A0AA1FACA,final
ID_2A0B9507F6,final
ID_2A0C1692E4,train
ID_2A0C65E16B,train
ID_2A0E674111,final
ID_2A0EC3E065,train
ID_2A10202425,train
ID_2A10614AB0,train
ID_2A120B6885,train
ID_2A12DD5785,validation
ID_2A146F3A73,train
ID_2A150A11CC,train
ID_2A15681AF7,train
ID_2A179A646D,validation
ID_2A199E0CB6,train
ID_2A1A7D8F55,train
ID_2A1B532E3A,final
ID_2A1BF2A3E9,train
ID_2A1FD87365,final
ID_2A20511830,train
ID_2A22158B75,final
ID_2A252179B5,final
ID_2A26BE5962,validation
ID_2A2785638D,train
ID_2A28583295,train
ID_2A2B5A8E0C,train
ID_2A2BA38A20,train
ID_2A2C3EC705,final
ID_2A2F609E88,train
ID_2A2F9B6FAE,train
ID_2A2FFA5E38,final
ID_2A305B533F,train
ID_2A30AD8320,train
ID_2A30CB8DF5,train
ID_2A35CF8C90,train
ID_2A35E9CF92,train
ID_2A39FEB6CB,train
ID_2A3A344697,final
ID_2A3B11E998,validation
ID_2A3C02B94C,validation
ID_2A3C78DE29,train
ID_2A3D28AA4D,train
ID_2A3DA02D45,validation
ID_2A3F8FC765,train
ID_2A415E35A9,train
ID_2A420171C4,train
ID_2A4252865A,validation
ID_2A439C8D25,validation
ID_2A43AD588E,final
ID_2A456FC955,final
ID_2A46C4618E,train
ID_2A47EADF75,train
ID_2A47F027AC,train
ID_2A47FE1FCD,final
ID_2A4FC0111F,train
ID_2A52E96C67,validation
ID_2A5467AF05,validation
ID_2A54A7A581,train
ID_2A56136C57,validation
ID_2A57436EE0,train
ID_2A5B4282EA,validation
ID_2A5B8E4D66,train
ID_2A5D6B34A7,validation
ID_2A5EB6B384,train
ID_2A607704BA,validation
ID_2A614B971A,train
ID_2A61B7BB8B,train
ID_2A62391886,train
ID_2A62A96D19,train
ID_2A648882F7,train
ID_2A6873DBD0,final
ID_2A69BCABFE,train
ID_2A6BB0B7B1,train
ID_2A6E5FCC0E,train
ID_2A70A75D9A,validation
ID_2A74BBA097,train
ID_2A7554FE4D,train
ID_2A757B3438,train
ID_2A7718F7B5,final
ID_2A77AF8257,validation
ID_2A78B077E5,train
ID_2A7B61EFFD,validation
ID_2A7D9AAC80,train
ID_2A81C0639E,validation
ID_2A84F67E2F,train
ID_2A85287531,validation
ID_2A873C071E,train
ID_2A874AC43A,train
ID_2A8D121EF8,train
ID_2A8E556784,validation
ID_2A90EBD299,validation
ID_2A90FF0C42,train
ID_2A92669BF0,final
ID_2A92B63B3D,train
ID_2A92C855A9,train
ID_2A95D54429,final
ID_2A95E4F9BF,validation
ID_2A970242B4,train
ID_2A98BCF935,train
ID_2A9AEDEF46,train
ID_2A9C8DCAC0,train
ID_2A9CF2CB7E,final
ID_2A9D4B2108,train
ID_2A9FBF984E,train
ID_2AA0D2C805,train
ID_2AA18D0A6B,train
ID_2AA395082E,train
ID_2AA6DF4C00,final
ID_2AA7389F81,train
ID_2AAA157B27,validation
ID_2AAEB5E681,train
ID_2AAFAAE13F,train
ID_2AB1A1BC8F,validation
ID_2AB24727AC,train
ID_2AB3449D0D,final
ID_2AB354C658,train
ID_2AB80C4BAF,train
ID_2AB8439F20,final
ID_2AB97D97C2,train
ID_2AB9C58F98,final
ID_2ABB4D9305,train
ID_2ABF43F1F3,train
ID_2AC2DD9992,train
ID_2AC31A62CB,final
ID_2AC52C3740,validation
ID_2AC798A29D,train
ID_2ACBA3C260,train
ID_2ACD6A2CED,train
ID_2ACDA34276,train
ID_2ACEDF4DCA,final
ID_2AD140096C,train
ID_2AD2591A1F,validation
ID_2AD786C21D,final
ID_2AD80C16F9,train
ID_2ADE649DE9,final
ID_2AE0B33B6D,train
ID_2AE12AD0D9,train
ID_2AE1B228CD,validation
ID_2AE2D19C1B,train
ID_2AE4634A68,validation
ID_2AE548E88E,validation
ID_2AE9D9BF6B,train
ID_2AEAE1C4CA,validation
ID_2AEDD364D7,train
ID_2AEE7D86F1,validation
ID_2AEF989AC7,train
ID_2AF06A14A1,final
ID_2AF06A34CF,validation
ID_2AF51E80DC,validation
ID_2AF9B40BCE,final
ID_2AFDBD8A66,train
ID_2AFE6C7098,train
ID_2AFFBA9FC9,train
ID_2B00CF45A2,train
ID_2B04778FD4,final
ID_2B0598976A,train
ID_2B059CC209,train
ID_2B05CC60F4,train
ID_2B06BC66D0,train
ID_2B070C23CF,train
ID_2B0756DA32,final
ID_2B08078EAC,train
ID_2B0828D173,train
ID_2B0965E781,train
ID_2B0A45F57C,train
ID_2B0D1FE44A,validation
ID_2B144C6C97,train
ID_2B16DF50A2,train
ID_2B174BED60,validation
ID_2B178A024E,train
ID_2B1795C198,train
ID_2B18FCE2ED,train
ID_2B19967309,train
ID_2B19F20220,validation
ID_2B1D313BF2,train
ID_2B1FC78EBA,train
ID_2B2045BBAE,validation
ID_2B2066CCA6,train
ID_2B21498119,train
ID_2B22846B61,train
ID_2B230D0F68,train
ID_2B2508687B,train
ID_2B266A7F12,train
ID_2B2683DED9,validation
ID_2B29276F8D,train
ID_2B29A25B3B,train
ID_2B2AA3A93E,train
ID_2B2C07283E,final
ID_2B2DF42A45,train
ID_2B3139FD0F,final
ID_2B34D49D25,train
ID_2B36FA701B,train
ID_2B385FA86D,final
ID_2B38E7C0E3,final
ID_2B3DD3EDE0,final
ID_2B3E2A2264,validation
ID_2B4022EB8F,final
ID_2B42C7BAF7,validation
ID_2B4302A9E5,validation
ID_2B445D3CF8,final
ID_2B46BB2E77,train
ID_2B48375954,train
ID_2B49097A06,final
ID_2B4A3DC03F,train
ID_2B531C1E8D,validation
ID_2B55323D13,validation
ID_2B56ADD8C9,train
ID_2B57BB36CC,train
ID_2B5C193231,train
ID_2B5C846A2D,final
ID_2B5C9D8C06,train
ID_2B5EB53494,train
ID_2B5F43FFC4,train
ID_2B5FE05DBF,validation
ID_2B61ABC563,final
ID_2B641B27B8,final
ID_2B65C2F69E,validation
ID_2B689E7A5D,final
ID_2B6A07B76A,train
ID_2B6A676E36,train
ID_2B6A9C2D21,train
ID_2B6D4C134E,final
ID_2B6FFDCB5C,validation
ID_2B700959EF,train
ID_2B70328785,train
ID_2B726B3575,final
ID_2B7273FC77,final
ID_2B728355FE,validation
ID_2B744D23D7,train
ID_2B7506A7A6,train
ID_2B777D731F,train
ID_2B79261E9C,validation
ID_2B7AF3E2C4,final
ID_2B7C6F8EE7,validation
ID_2B7D4AF80F,train
ID_2B7EA0D1A2,validation
ID_2B85BEAF94,train
ID_2B8637EB76,train
ID_2B874A3BFB,train
ID_2B88A507A3,train
ID_2B8919DB94,train
ID_2B8A10AE4A,validation
ID_2B919B2AF7,train
ID_2B95C5B058,train
ID_2B9605C412,train
ID_2B964A3491,train
ID_2B97F73065,train
ID_2B9814AB92,train
ID_2B99D38654,train
ID_2B9BD5D11B,validation
ID_2B9CAFD2BD,train
ID_2B9FFE16AF,validation
ID_2BA049BFAF,final
ID_2BA433A41E,final
ID_2BA4AF6F2D,train
ID_2BA66AB88E,train
ID_2BA6E12695,validation
ID_2BA8E8A87F,train
ID_2BA8F42EF4,train
ID_2BAADA05F8,validation
ID_2BADBC8668,validation
ID_2BADBFD293,final
ID_2BAFD4FE78,final
ID_2BB0AD2A85,validation
ID_2BB117D0B0,validation
ID_2BB357C127,validation
ID_2BB4CE4062,train
ID_2BB6730E86,final
ID_2BB7CB5675,final
ID_2BB851F957,train
ID_2BBA176FED,train
ID_2BBBB1C3D5,train
ID_2BBC8AC3E6,validation
ID_2BBCF3FAA4,train
ID_2BBE14D8DC,train
ID_2BBFCFE69A,train
ID_2BC0F8768E,train
ID_2BC5ED9807,validation
ID_2BC76D2679,train
ID_2BC8D4E8AC,validation
ID_2BC9E11372,train
ID_2BCB2D72D9,train
ID_2BD36D193F,validation
ID_2BD47B77DC,train
ID_2BD766D32A,validation
ID_2BD772A19D,train
ID_2BD8CBD7F2,train
ID_2BD9DFAFE3,train
ID_2BDA7F688C,train
ID_2BDB0B557C,validation
ID_2BDB9788B9,train
ID_2BDC3CD13D,train
ID_2BE1867CC7,train
ID_2BE2026097,final
ID_2BE28495CA,validation
ID_2BE2FB40E9,train
ID_2BE49194E1,final
ID_2BE666FB23,validation
ID_2BE70D17EA,validation
ID_2BEA444252,train
ID_2BEAE88FF3,train
ID_2BEBBCFF29,train
ID_2BF13CACAC,train
ID_2BF261E482,validation
ID_2BF51344BE,final
ID_2BF5255CE9,train
ID_2BF7399063,final
ID_2BF782B924,final
ID_2BF87C5805,validation
ID_2BF8A253CD,validation
ID_2BFDA982A8,train
ID_2C0109DD5F,train
ID_2C01850ABB,train
ID_2C01B06645,validation
ID_2C0238D010,train
ID_2C05BF0FD3,train
ID_2C08616E76,train
ID_2C0C4E18E8,train
ID_2C0DC31227,final
ID_2C0F28A5AB,validation
ID_2C0F77AE47,train
ID_2C10477D83,validation
ID_2C10FCC395,train
ID_2C136CFB80,final
ID_2C18409489,final
ID_2C1922DFCA,train
ID_2C1EA18799,train
ID_2C1F0EE8E0,train
ID_2C1FDDF3E9,validation
ID_2C22004578,train
ID_2C24C6364F,final
ID_2C2650F33F,train
ID_2C27A9C5D9,train
ID_2C2882CA57,final
ID_2C290586BB,validation
ID_2C29E778BC,final
ID_2C2B04DE6E,train
ID_2C2B5D78BF,train
ID_2C2CA1086B,train
ID_2C2F129830,train
ID_2C31DEB17A,final
ID_2C35B250FE,validation
ID_2C35C5A664,train
ID_2C3655A597,train
ID_2C36FC20E8,train
ID_2C3C2DC658,train
ID_2C3D68CEEC,train
ID_2C3FDDFA01,validation
ID_2C420E34C4,train
ID_2C42B239FB,train
ID_2C42C02250,validation
ID_2C434A037D,train
ID_2C439AEF3E,train
ID_2C441C5DD0,final
ID_2C4477453A,train
ID_2C44920112,train
ID_2C47A617B5,final
ID_2C48523093,train
ID_2C4F597995,train
ID_2C519DB628,validation
ID_2C55A6A7D4,train
ID_2C565E4F1A,final
ID_2C59D0CC5E,train
ID_2C5BAE30C1,train
ID_2C5CFDF229,train
ID_2C5D6EF644,validation
ID_2C5D900C51,train
ID_2C5D9CECE3,validation
ID_2C6068FF82,train
ID_2C619DDEDD,final
ID_2C62013973,validation
ID_2C637310D7,train
ID_2C63A403C0,validation
ID_2C65E42673,train
ID_2C66A93B5B,validation
ID_2C679E7A9E,train
ID_2C6C3F5FE6,train
ID_2C6D50A0BD,train
ID_2C6F137D24,train
ID_2C6F4EB377,train
ID_2C70D98DA3,final
ID_2C7118A362,validation
ID_2C7221DE91,train
ID_2C73BBA8F6,final
ID_2C748037C3,train
ID_2C74D028FE,train
ID_2C770EA06F,train
ID_2C7764C9C0,train
ID_2C7773F03D,train
ID_2C77E6852C,final
ID_2C7A74AB75,train
ID_2C7AA3B658,validation
ID_2C7D03583E,final
ID_2C7D188281,train
ID_2C84EDF760,train
ID_2C85A4CA3C,validation
ID_2C860E5F41,train
ID_2C86DFD007,train
ID_2C8AD1AB58,train
ID_2C8CD7E49B,final
ID_2C8CEB3CC3,train
ID_2C8D7C736A,train
ID_2C8E8ED66F,train
ID_2C91059D32,train
ID_2C921E2B61,train
ID_2C93F09CCD,final
ID_2C94065F7C,train
ID_2C9499F8CC,train
ID_2C94F331B6,train
ID_2C972E799C,final
ID_2C9DE47430,train
ID_2C9E7C5C87,train
ID_2C9FB6D9C3,train
ID_2CA311EFD6,train
ID_2CA46A9632,validation
ID_2CA72598D2,validation
ID_2CAA8303EE,train
ID_2CAAC16F39,train
ID_2CAFFA9BB1,train
ID_2CB02505AE,train
ID_2CB1A55DEC,train
ID_2CB460DAE8,train
ID_2CB4D572B2,train
ID_2CB66686EE,final
ID_2CB9831571,train
ID_2CBB099536,validation
ID_2CC0F016DC,train
ID_2CC130CD47,train
ID_2CC3818704,train
ID_2CC49F93AC,train
ID_2CC736DF36,final
ID_2CCA2EB2A5,train
ID_2CCB4BF467,final
ID_2CCB8E0B32,train
ID_2CCDE9AF39,validation
ID_2CCEDE853F,final
ID_2CCF43B963,train
ID_2CD2D25773,train
ID_2CD4437EA1,train
ID_2CD52A556D,final
ID_2CD5899235,final
ID_2CD98306D1,train
ID_2CDA30730A,train
ID_2CDA9058F5,final
ID_2CDB344744,train
ID_2CDD55BD4C,train
ID_2CDE7BA1C3,train
ID_2CE0334DEA,final
ID_2CE0BB0167,train
ID_2CE2037ADF,train
ID_2CE29DAF43,train
ID_2CE41B9519,train
ID_2CE44AA92A,train
ID_2CE4538F6A,train
ID_2CE4D0E31D,train
ID_2CE66A370D,train
ID_2CE94866FA,train
ID_2CEF425E43,train
ID_2CEF6C7E48,train
ID_2CEF862034,train
ID_2CEFB6BE5B,final
ID_2CF6A7D63A,final
ID_2CF6FFB291,final
ID_2CF746EC9C,train
ID_2CF7E4BFC5,train
ID_2CF888DC2E,train
ID_2CFA5A94FD,train
ID_2CFAA04EC7,train
ID_2CFF4E8B5C,final
ID_2D029D4823,train
ID_2D07A0221A,train
ID_2D07F72850,final
ID_2D083AA583,final
ID_2D089CFBA1,train
ID_2D08A888F4,train
ID_2D0C3FD2EC,train
ID_2D0C4ABE2A,train
ID_2D0F3BD609,validation
ID_2D12BFDCD9,final
ID_2D13C3F96F,final
ID_2D151E0350,train
ID_2D16B3580C,final
ID_2D1A1AE473,final
ID_2D1A7EE1D2,train
ID_2D1F508E60,train
ID_2D214875ED,train
ID_2D218D5298,final
ID_2D22AD8ADD,train
ID_2D23AB7D7B,train
ID_2D254F0F7C,validation
ID_2D2570CCA5,train
ID_2D2658EF54,final
ID_2D28886787,train
ID_2D29BDC2B5,train
ID_2D2C9E716A,train
ID_2D31260083,final
ID_2D316E5D8B,train
ID_2D333894CD,validation
ID_2D34A74878,train
ID_2D3619A27E,train
ID_2D370159F2,final
ID_2D374426B3,train
ID_2D39A0BB8A,train
ID_2D3B54D9D3,train
ID_2D3C0B94DC,validation
ID_2D3DE820C5,train
ID_2D3E07E4E0,validation
ID_2D411C9BFE,train
ID_2D416170B7,final
ID_2D41A504A6,final
ID_2D456613CC,validation
ID_2D462AC116,final
ID_2D4720552B,train
ID_2D4AF97FA6,final
ID_2D4E7D3335,final
ID_2D4EC99226,train
ID_2D507C841F,validation
ID_2D562CF1C5,train
ID_2D57214369,final
ID_2D5753E02D,train
ID_2D5769EFFB,train
ID_2D582CAA5A,train
ID_2D5C997A8A,train
ID_2D5EFBAC2B,train
ID_2D60017E31,train
ID_2D6091EC8B,validation
ID_2D63F7A7CC,train
ID_2D64D44374,train
ID_2D65E7081F,train
ID_2D681A0A64,final
ID_2D6EC08D52,train
ID_2D70DE6300,final
ID_2D718D4CBE,final
ID_2D728EF4F4,train
ID_2D74381C19,validation
ID_2D751D2C47,train
ID_2D75269E45,train
ID_2D807B14DD,validation
ID_2D82463EF6,validation
ID_2D83AAA228,validation
ID_2D856E4E2E,validation
ID_2D8688A43F,validation
ID_2D881B8210,train
ID_2D8A336FB5,train
ID_2D8A41CAD3,train
ID_2D8AD36BE0,train
ID_2D907D4513,train
ID_2D90F8A2D2,final
ID_2D9172EFA7,train
ID_2D9591B1C7,validation
ID_2D95C1628F,train
ID_2D95FFECC3,train
ID_2D97CE9A95,final
ID_2D9A002998,train
ID_2D9AB13D4A,train
ID_2D9B7F57BF,train
ID_2D9D3BBE67,train
ID_2D9D70E01D,validation
ID_2D9E0BD520,validation
ID_2DA02FB81A,train
ID_2DA134C84D,train
ID_2DA1857F3B,validation
ID_2DA49B731A,train
ID_2DA60B1D92,train
ID_2DA67A1243,final
ID_2DA8DB89EC,train
ID_2DA8EEF6EB,train
ID_2DAA337733,final
ID_2DAE147F33,train
ID_2DAE590406,train
ID_2DB059DDED,final
ID_2DB59CAC0C,train
ID_2DB5FD64AE,train
ID_2DB69D07C7,final
ID_2DB747B627,train
ID_2DB97ABF90,final
ID_2DBB0B3706,train
ID_2DBC5C6629,train
ID_2DBCC13385,validation
ID_2DBE9C9ABB,final
ID_2DC19E2B2C,train
ID_2DC2EB0C37,train
ID_2DC45CEC0B,train
ID_2DC57B45FD,train
ID_2DC69A7226,train
ID_2DC8665E5F,train
ID_2DC8813503,validation
ID_2DC90ADFB6,train
ID_2DCACFFDF2,train
ID_2DCEF3ACD9,final
ID_2DCEF4423D,train
ID_2DD454403A,validation
ID_2DD97B0DB4,train
ID_2DD9C9CABE,validation
ID_2DDB92B910,train
ID_2DDEC09492,final
ID_2DE23B68CB,train
ID_2DE2CF285F,validation
ID_2DE3DEAED2,final
ID_2DE4449C6B,train
ID_2DE639C750,train
ID_2DE734F366,train
ID_2DE86D09AE,train
ID_2DE8F72621,validation
ID_2DEA6551FD,train
ID_2DEC2317E7,train
ID_2DEC5043F5,train
ID_2DED3F88DA,train
ID_2DF089A2D1,validation
ID_2DF0F31CDD,final
ID_2DF225BE2A,train
ID_2DF239F296,train
ID_2DF31CCF06,train
ID_2DF46AB26C,final
ID_2DF8468312,train
ID_2DFBAF0119,train
ID_2DFE63BF74,final
ID_2E012F8D7B,validation
ID_2E03F1DD62,validation
ID_2E05496F50,train
ID_2E05A6CDD8,train
ID_2E068BD419,train
ID_2E06A6AC82,train
ID_2E06D3A417,final
ID_2E083ADF2A,train
ID_2E09ACA986,final
ID_2E1017A4B3,train
ID_2E106C5219,final
ID_2E1174ACA8,train
ID_2E1280ACC3,train
ID_2E136C9324,final
ID_2E161B2B98,train
ID_2E175BFAF7,train
ID_2E176F3651,train
ID_2E18918C10,train
ID_2E19C183D1,validation
ID_2E19D965F8,train
ID_2E1C6DCDBA,train
ID_2E1CECB558,validation
ID_2E1E9096FD,train
ID_2E1ED813E5,train
ID_2E20255E27,validation
ID_2E23159CB4,train
ID_2E24ED5C2E,train
ID_2E254C5807,final
ID_2E25CD7E4F,validation
ID_2E275ED6AF,final
ID_2E29A2FAA1,train
ID_2E2D01A020,train
ID_2E2DE2CD67,validation
ID_2E2F21C525,train
ID_2E311BB45A,train
ID_2E34EC29FC,validation
ID_2E36E8523D,train
ID_2E39EEA423,final
ID_2E3A2A2EBE,validation
ID_2E3CD88A6A,train
ID_2E3FF13F71,train
ID_2E42026D89,train
ID_2E4227007A,train
ID_2E42DF1EF9,train
ID_2E43230C7F,train
ID_2E4328D368,final
ID_2E4352F446,train
ID_2E4490EFBF,validation
ID_2E44D2BC47,train
ID_2E44E5BA08,train
ID_2E48B477DA,validation
ID_2E4B356DCA,validation
ID_2E4CCC0ED2,final
ID_2E4DE9A5B8,validation
ID_2E508FA9C4,train
ID_2E511DDC3E,train
ID_2E51253A92,train
ID_2E54054CD9,train
ID_2E55A497B0,train
ID_2E5B6715C3,train
ID_2E5BFAA9A6,train
ID_2E5C74B3D0,train
ID_2E5EA6E7F5,train
ID_2E5F79E223,final
ID_2E60AC1702,train
ID_2E6212002C,train
ID_2E64BD943C,train
ID_2E65438A0C,train
ID_2E656599F6,train
ID_2E6C0719EE,train
ID_2E6C509826,validation
ID_2E70A49B60,train
ID_2E7145B165,train
ID_2E71B447A1,train
ID_2E72097262,train
ID_2E7504DA42,train
ID_2E77ED2E9F,validation
ID_2E7837573A,train
ID_2E7A20CDC8,final
ID_2E7B73013D,validation
ID_2E7FC8C08D,train
ID_2E80B057FE,train
ID_2E84228A01,validation
ID_2E84236973,final
ID_2E869BB80D,validation
ID_2E87CBE313,final
ID_2E88BF55B9,train
ID_2E8C8B6032,train
ID_2E8CE35E4C,train
ID_2E8DD82C9E,train
ID_2E8DEB28AE,train
ID_2E8EA6DB8B,validation
ID_2E941D1D70,train
ID_2E9443E6B9,validation
ID_2E96382EB0,train
ID_2E9646439F,final
ID_2E97C801C2,train
ID_2E9971EE9F,train
ID_2E9F93345D,train
ID_2E9FD14E13,train
ID_2EA1079948,final
ID_2EA20BAEF0,train
ID_2EA6EEC027,validation
ID_2EA72C9AF9,final
ID_2EA9F80CF5,final
ID_2EAA00F087,final
ID_2EAA48F806,train
ID_2EAC8CDACF,train
ID_2EADEC5297,train
ID_2EB1A27615,train
ID_2EB4BAA0AF,validation
ID_2EB6E5C711,final
ID_2EB734FD1B,train
ID_2EB81131D4,train
ID_2EB94AE69D,train
ID_2EBB92B404,train
ID_2EBBADC7B8,train
ID_2EBCEFD7EC,train
ID_2EBEFD906D,train
ID_2EBF4B42F6,final
ID_2EC18CE837,final
ID_2EC568A60E,train
ID_2EC658EF32,validation
ID_2ECC8E94C9,train
ID_2ECF90ACDC,train
ID_2ED0334303,train
ID_2ED0D8FEB0,train
ID_2ED6688793,validation
ID_2ED6862733,train
ID_2ED688DEC1,train
ID_2ED90E9DB7,train
ID_2ED9FD60FA,validation
ID_2EDCE84FE8,train
ID_2EDEB61938,train
ID_2EE0389772,final
ID_2EE3B3C83A,validation
ID_2EE3C21F68,train
ID_2EE3C24738,train
ID_2EE7192E95,train
ID_2EE72B5286,train
ID_2EE7CBFA78,train
ID_2EE899C546,final
ID_2EEA820DCC,validation
ID_2EEA9F9C77,train
ID_2EEC2E33CE,validation
ID_2EEC425F6E,train
ID_2EECDC6D94,validation
ID_2EED0DAF3E,final
ID_2EED6CC7AF,train
ID_2EEDB9BEE9,validation
ID_2EEE98DB24,final
ID_2EF3D72175,final
ID_2EF41C00B0,train
ID_2EF5C15896,train
ID_2EF781DC18,train
ID_2EF80A566A,final
ID_2EF8C20EE5,final
ID_2EF8EF9A59,train
ID_2EFCDC92C9,train
ID_2EFEB89791,validation
ID_2F0071098E,train
ID_2F0095D339,train
ID_2F034BE270,final
ID_2F049F4EDA,train
ID_2F09D01D16,final
ID_2F0A05B051,train
ID_2F0AFB1F7B,train
ID_2F0C4FF2C4,train
ID_2F0E622EE6,validation
ID_2F1037CC86,final
ID_2F111038E8,train
ID_2F17082F9B,train
ID_2F19E8C779,train
ID_2F1E6B39A8,train
ID_2F1FA4AD03,train
ID_2F20EFDA16,validation
ID_2F21B68955,final
ID_2F21F76009,train
ID_2F22A0E9FF,validation
ID_2F2748E5F9,validation
ID_2F28365EC7,train
ID_2F2B61F11C,final
ID_2F2DF4872F,train
ID_2F2E689650,train
ID_2F30221B30,train
ID_2F3575F166,train
ID_2F36063368,train
ID_2F39A0CE41,train
ID_2F3A622B9B,final
ID_2F3FFC2C77,train
ID_2F421ADF26,train
ID_2F4473F57B,train
ID_2F447B8285,train
ID_2F482BE4E9,final
ID_2F4C2037F0,train
ID_2F4DDD9A3E,train
ID_2F4F486063,train
ID_2F50C228F8,train
ID_2F526982BE,train
ID_2F529ABC6B,final
ID_2F54C460C8,validation
ID_2F54DF8B4D,train
ID_2F556D3883,train
ID_2F55C8FE6F,train
ID_2F5838076F,final
ID_2F5906E856,validation
ID_2F59D1E9A9,validation
ID_2F59F58BA5,train
ID_2F5A21D229,validation
ID_2F5B48B737,final
ID_2F5B9A0DA6,final
ID_2F5CDE3370,train
ID_2F5F20A60C,train
ID_2F5F850ECC,train
ID_2F6177C1E8,train
ID_2F628D6DF8,train
ID_2F6345C3AF,train
ID_2F63462B45,train
ID_2F66E9BBF1,train
ID_2F677DF038,train
ID_2F683838AD,train
ID_2F691690CB,validation
ID_2F6B4BE9BB,train
ID_2F6B6B7D45,final
ID_2F6D24B42A,validation
ID_2F6E31F348,train
ID_2F6F4B752A,train
ID_2F716357BD,train
ID_2F71A5165C,validation
ID_2F736E9F20,final
ID_2F74B60413,train
ID_2F770F2201,final
ID_2F7996BF9C,train
ID_2F7A5BD430,train
ID_2F815F04D5,validation
ID_2F86296249,train
ID_2F8682895D,final
ID_2F877842EF,train
ID_2F886C62E5,train
ID_2F896ABF54,train
ID_2F8CED09FC,train
ID_2F8F6E9D16,final
ID_2F9107061C,train
ID_2F92AC9A6B,train
ID_2F9305EFD2,validation
ID_2F93DA1878,train
ID_2F94A32A3E,validation
ID_2F95829C0D,final
ID_2F95F38066,train
ID_2F962CA2CB,train
ID_2FA03C36C1,train
ID_2FA48078DA,validation
ID_2FA61D510C,train
ID_2FA6B53171,train
ID_2FA753D993,validation
ID_2FAA2838A3,train
ID_2FAA9303B5,train
ID_2FAABEC0F1,validation
ID_2FAADF9EF4,train
ID_2FAB23F13F,train
ID_2FAD004C43,train
ID_2FAEB91445,train
ID_2FAEF33920,train
ID_2FAF7D035D,final
ID_2FB2222CFA,validation
ID_2FB36B081D,train
ID_2FB48DB6BB,train
ID_2FB5B3A8ED,train
ID_2FB838688A,train
ID_2FB8DCF949,final
ID_2FB948B8C4,train
ID_2FB954009F,validation
ID_2FBB8FD1C4,validation
ID_2FBBAE694B,validation
ID_2FBE42A7E7,validation
ID_2FBF12AA88,validation
ID_2FC015B494,train
ID_2FC57EAB2E,train
ID_2FC6EE2915,train
ID_2FCAC24C05,train
ID_2FCB41B8E0,train
ID_2FCBCFE9DE,train
ID_2FCDBEAAC5,train
ID_2FD2603164,validation
ID_2FD4985922,final
ID_2FD520837D,train
ID_2FD5B5460B,validation
ID_2FD6E7E8C0,train
ID_2FD900F3BB,validation
ID_2FD9F0542C,train
ID_2FDB227A47,train
ID_2FDBA63DB9,validation
ID_2FDC041D89,train
ID_2FDC98F27C,train
ID_2FDEF767C0,train
ID_2FE0001F3F,train
ID_2FE01ED55E,train
ID_2FE1E61491,validation
ID_2FEBF23790,train
ID_2FECF78D60,train
ID_2FED344712,train
ID_2FEE8AD39E,train
ID_2FF179E5DC,train
ID_2FF278E082,final
ID_2FF54F398C,train
ID_2FF63BC2CE,validation
ID_2FF954EB36,validation
ID_2FFCEE5E55,final
ID_2FFDE53148,final
ID_30022BCCF4,validation
ID_3002B8CA89,final
ID_3004EA84EF,train
ID_3006C98005,train
ID_30081A6C57,final
ID_30086C510D,validation
ID_3008E52003,train
ID_3009A36B80,validation
ID_300B628787,train
ID_300C216260,train
ID_300D640CAC,train
ID_300DD3D624,validation
ID_300F44E5FF,final
ID_3013560D34,train
ID_30166BED90,train
ID_3016BA9E78,train
ID_3018339C66,train
ID_30185A084D,train
ID_30194B25AB,train
ID_301C683829,validation
ID_3020773B06,validation
ID_3020B9C16A,train
ID_3020DE0C56,train
ID_302117D08C,train
ID_302433254F,train
ID_3025D5FFB5,train
ID_302690C26F,train
ID_30288D2279,validation
ID_3029393275,train
ID_302CBC7A07,train
ID_302E6C38BD,train
ID_302F56A830,validation
ID_30313DEAE3,train
ID_30328CEE4E,train
ID_303488746B,final
ID_3037068BB2,final
ID_303770C248,train
ID_303D2CF799,train
ID_303E1CA283,final
ID_303E59AD95,train
ID_303EF28385,validation
ID_303F26C921,validation
ID_30407D60A6,train
ID_3042029130,final
ID_3043C45B19,train
ID_30460AAF51,final
ID_304623EA17,final
ID_3046ABB04D,validation
ID_30471210A5,train
ID_3048DC1338,train
ID_30491F3498,validation
ID_304ABC14BE,train
ID_304E556BDA,train
ID_30505742EA,final
ID_3052C678C0,final
ID_3054256E3B,train
ID_30563AC5FB,final
ID_305A7003FD,train
ID_305B188BDE,train
ID_305BCB6226,train
ID_305BF28130,train
ID_305F04349B,train
ID_30656ACD39,final
ID_3066B391C7,final
ID_306E585B6E,final
ID_306EDE634F,train
ID_306EDEF0E0,final
ID_306F40F121,validation
ID_30715EF187,train
ID_30752E7F42,train
ID_3076BB56D4,train
ID_30787CED16,train
ID_3078AAFD4C,final
ID_3079DF96B7,train
ID_307A9C8534,train
ID_307AF29332,train
ID_307B8472CB,train
ID_307E8B9A94,validation
ID_307F0D079F,train
ID_3081BF09CF,validation
ID_3085687B0C,train
ID_308880D11B,train
ID_308889AC7E,train
ID_308A875736,train
ID_308B871F4A,validation
ID_308B93B519,final
ID_308BF503EF,train
ID_30905FFF2B,train
ID_309071EA09,train
ID_3093335E12,final
ID_3094718E53,validation
ID_3095611CD3,train
ID_3095FF6842,train
ID_30963205B9,train
ID_309645756F,train
ID_3096FE9EB7,train
ID_3097551827,train
ID_3098A4A2D7,validation
ID_309C2763A8,final
ID_30A2B1D264,final
ID_30A38CA499,train
ID_30A4641339,train
ID_30A4C845A5,train
ID_30A7F24358,train
ID_30A93BE7C5,train
ID_30AF6E4A7E,train
ID_30B31877AD,final
ID_30B4306582,validation
ID_30B4BAF0C9,train
ID_30B4EABE7E,final
ID_30B5B00CBE,train
ID_30B81064E3,train
ID_30B837A304,train
ID_30BD112339,train
ID_30BD16F7A5,validation
ID_30BE894A1F,train
ID_30C515C137,validation
ID_30C60B2AB5,train
ID_30CA60D473,train
ID_30CE17617B,final
ID_30CE9F39B6,train
ID_30CF972727,final
ID_30D27A03D3,train
ID_30D43DE2C2,final
ID_30D54F43FD,train
ID_30D641E904,validation
ID_30D6D522F5,validation
ID_30D6F7E074,train
ID_30D7C86308,validation
ID_30D883401F,final
ID_30D9FBEE9C,validation
ID_30DA5F752F,final
ID_30DB8883BC,train
ID_30DF1B91B5,train
ID_30DF716538,train
ID_30E7DC7540,train
ID_30E86826AF,validation
ID_30E8D380D7,train
ID_30ECAF79B7,validation
ID_30ED4CEDD9,train
ID_30F2C88C75,final
ID_30F2C8C4B0,train
ID_30F6A9604F,final
ID_30F761DF0F,validation
ID_30F774D933,train
ID_30F819D3B1,train
ID_30FA6F087B,train
ID_30FB395AF0,train
ID_30FD887F45,train
ID_30FE25AFFD,train
ID_30FEB33B1E,validation
ID_30FF4648BB,train
ID_310023A5B6,train
ID_3101A74905,validation
ID_3108787742,train
ID_3108D7FCD4,train
ID_310BB382AD,final
ID_310D2EDB6A,train
ID_310D60D7AE,train
ID_310F0A080F,train
ID_311620ACA0,validation
ID_31170561C9,validation
ID_3117DDD354,train
ID_311B9066FE,final
ID_311BC48D0C,validation
ID_311C5098C3,validation
ID_311D880FB4,train
ID_311F0CFB73,validation
ID_311F7D1C57,train
ID_31214E51E7,final
ID_3121E5B4C3,train
ID_3121F37495,train
ID_31260D4304,validation
ID_31270E4F1F,validation
ID_3127886BD9,final
ID_312ABBBB67,validation
ID_312B1564D9,final
ID_312BA6519D,train
ID_312CA0311A,train
ID_312CB2A315,validation
ID_312CDA3E8D,train
ID_312D2A6B1C,validation
ID_312E5D35B0,final
ID_31313F5E88,final
ID_3134D8CF60,validation
ID_31378F3C2D,final
ID_3137CC62C7,validation
ID_313DA52E3D,train
ID_313E771A8D,train
ID_314153B339,train
ID_3141F5969D,final
ID_3143C5CD31,final
ID_31440DAC22,validation
ID_3144A4A7E4,validation
ID_3146F454D9,train
ID_3148B1EB86,final
ID_3149913367,train
ID_31499CC0EF,train
ID_314C7015BE,train
ID_31507A0FB1,validation
ID_31509C0A63,train
ID_3151006A28,validation
ID_315179DE3E,final
ID_3153371A63,final
ID_31538FB652,train
ID_3155615C63,train
ID_31564A2627,train
ID_3156AB2C32,final
ID_31572D1FD7,train
ID_3157A953E7,train
ID_3158E462C6,train
ID_31595FA94E,train
ID_315A107F89,train
ID_315AEE1460,validation
ID_315B8C3323,final
ID_315C3E6E20,train
ID_315C559131,train
ID_315C6E5E0D,final
ID_315D2A2DE6,train
ID_315E3AA90A,final
ID_315F1EB87B,train
ID_315FCBAD74,train
ID_316162867C,train
ID_31626EF79B,validation
ID_31629432E5,final
ID_31652FD380,validation
ID_3165B056FF,train
ID_3166EAA4AA,final
ID_316777EEFC,train
ID_3168D16776,train
ID_316AAD4A5C,train
ID_316B6D147C,validation
ID_316E898115,train
ID_316F758670,validation
ID_316F957AF0,train
ID_3170A353C0,final
ID_31715D56D2,final
ID_3172A2C937,train
ID_3173A73F52,train
ID_3175962FB0,train
ID_31766147D7,train
ID_3176FD21C8,validation
ID_31788A65FF,final
ID_317BADCA84,train
ID_317CE3BF80,train
ID_317E873E75,train
ID_317F3E943A,validation
ID_3180C402AE,train
ID_3181505038,validation
ID_3181FDFA08,train
ID_3188124D1C,validation
ID_3189197F99,train
ID_318CA2B6D5,train
ID_318D038E55,final
ID_3190537635,validation
ID_3191EE8CF8,final
ID_31949966B7,train
ID_31960C0CDF,train
ID_3198A04296,train
ID_3199D65139,final
ID_319A173D5E,train
ID_319A833394,train
ID_319A857A71,train
ID_319B002F74,final
ID_319CDE5AD9,final
ID_319E3D1B43,train
ID_319F175EAE,train
ID_31A2AEA0C5,train
ID_31A36A156E,train
ID_31A38717A3,final
ID_31A3A77CC5,train
ID_31A3D9328F,validation
ID_31A8A1E706,validation
ID_31AA0DBFB7,train
ID_31AB4A3306,validation
ID_31AB715C33,train
ID_31AFDEB04C,validation
ID_31AFE4175A,final
ID_31B13820D8,validation
ID_31B43F6986,train
ID_31B789C0A4,train
ID_31B8015097,final
ID_31B82D7394,train
ID_31B9C71188,train
ID_31BA29426E,train
ID_31BAB94337,validation
ID_31BBAAA0F7,train
ID_31BC1F73F6,final
ID_31BF87D143,validation
ID_31C1E420FB,train
ID_31C30CAD97,train
ID_31C3771BA3,train
ID_31C441239C,validation
ID_31C4CC673B,final
ID_31C72D7F55,train
ID_31C8167001,final
ID_31C8832440,final
ID_31CC6A9350,validation
ID_31CDB41F48,train
ID_31CDFFDFAC,final
ID_31CE49D9C2,final
ID_31CEFFF70B,final
ID_31CFE20D95,train
ID_31D2B38861,train
ID_31D4EAF550,final
ID_31D582B41C,validation
ID_31D6DBE33B,train
ID_31DA646AA4,train
ID_31E124D7C5,validation
ID_31E2A38952,train
ID_31E3C00047,train
ID_31E79307D1,validation
ID_31EAED69E7,train
ID_31ED48C228,train
ID_31EF48CEFC,train
ID_31EFE344A0,train
ID_31F3748976,train
ID_31F76E40A2,final
ID_31F7F84A75,validation
ID_31F9371D7B,train
ID_31F9B16600,train
ID_31FB07970D,train
ID_31FB8D0E7F,train
ID_31FF0E909B,final
ID_32031FE0E1,train
ID_3207597EA5,train
ID_320BD0C88B,validation
ID_320BFA747B,train
ID_320C1BFD32,train
ID_321049AEEA,train
ID_321187384A,validation
ID_32173819A8,train
ID_32195C9176,train
ID_321972F5A5,train
ID_321B0A46C9,train
ID_321B5F88C8,train
ID_321E3ACC3A,train
ID_321EE9700B,train
ID_321FEBE363,final
ID_321FF3F4A1,validation
ID_32236DD0CE,validation
ID_322AA9E4EC,train
ID_322BF69312,train
ID_322F607DF3,train
ID_3232CB3556,train
ID_32334D45D6,final
ID_323614F424,train
ID_32367C2832,train
ID_3236A86A01,train
ID_3237F515A5,validation
ID_32384DD3BA,train
ID_323922AE99,validation
ID_323A4FC548,train
ID_323C568403,final
ID_3242023503,train
ID_32422F3F44,train
ID_324493E8DB,final
ID_3244D13F46,validation
ID_3245C81086,train
ID_324912C73C,train
ID_324957B8EC,train
ID_3255AC2EB2,train
ID_32572AA91D,train
ID_3259BBDDFF,train
ID_325CE6E1A4,final
ID_325FE1C3B0,train
ID_326212713E,validation
ID_32622F71FE,train
ID_3262C89616,train
ID_3263115EE8,validation
ID_3266D6087C,train
ID_3267896410,final
ID_3268BC32C5,final
ID_3268D3CC68,train
ID_326AF5B9D8,validation
ID_326EEC1FD2,train
ID_3270286352,train
ID_3270D9E6E5,train
ID_3271BBF5C3,train
ID_3271D3F775,final
ID_3274AA78AC,train
ID_327586E556,train
ID_3275A74909,train
ID_3278285EE9,validation
ID_327C2C9FD0,train
ID_327DB644CF,validation
ID_327F18725C,final
ID_3280C79383,validation
ID_3281DBF410,train
ID_32834688D8,train
ID_32842211D7,train
ID_328440B5E7,validation
ID_3286C871DA,train
ID_3287AE5AC8,validation
ID_328987EC20,final
ID_328E666BC2,validation
ID_328F64AC42,validation
ID_329143DA3D,train
ID_329470367E,train
ID_32965F0391,train
ID_3296EA92E1,train
ID_3298AD46F6,validation
ID_3298E7D073,validation
ID_32A01D7D01,train
ID_32A3E53201,train
ID_32A4B070A8,final
ID_32A879E020,validation
ID_32A87C533B,train
ID_32AAFB3B41,train
ID_32AECA449C,validation
ID_32AFEE26D5,validation
ID_32B4570EF0,validation
ID_32B630AF7E,final
ID_32B6F82809,train
ID_32B94DD76F,train
ID_32B97EDE53,train
ID_32BABDCC8D,train
ID_32BB22B738,train
ID_32BEB0F0FD,train
ID_32BF2E4031,validation
ID_32C15F205D,final
ID_32C3E63C75,validation
ID_32C6AAD2CA,train
ID_32CB647427,train
ID_32CE1108CE,validation
ID_32D115A2F4,train
ID_32D3BF72C6,validation
ID_32D43103C9,train
ID_32D4750A8C,train
ID_32D5E61F35,train
ID_32D90AC795,validation
ID_32DA6B780D,train
ID_32DB7A18DE,train
ID_32DC4FB6C9,final
ID_32DE374442,final
ID_32DECA8AB4,validation
ID_32DF153763,train
ID_32DF9D62A2,final
ID_32E3878F60,validation
ID_32E409342B,train
ID_32E543E0F4,train
ID_32E644E09A,train
ID_32E6541033,validation
ID_32E71284A6,train
ID_32E75EC001,train
ID_32F06D76A4,validation
ID_32F083D0B5,validation
ID_32F11F9EB5,train
ID_32F35CE153,train
ID_32F5F57DD2,train
ID_32F6C22EE2,train
ID_32F865855F,train
ID_32FED77536,train
ID_3300425BC8,train
ID_3303D0238F,final
ID_330C6830F4,final
ID_330D29F2CC,validation
ID_331007CEEB,train
ID_3310F444E9,train
ID_3311DA0C81,final
ID_331219F902,train
ID_3312894BA3,train
ID_331401D7D2,train
ID_33196B8736,train
ID_331DD27C9D,train
ID_331EBFEB71,train
ID_331FC2F595,train
ID_332302EAF5,train
ID_3329235A62,train
ID_332AFE8B6A,validation
ID_3332F952BE,train
ID_333468D3BF,validation
ID_3334754F56,train
ID_33374C1257,train
ID_3337D1D917,validation
ID_3338C969F2,final
ID_333A924022,train
ID_333BC68BB1,train
ID_333E01FB22,validation
ID_333EBC1702,train
ID_333F1A252A,final
ID_333F21372E,train
ID_334146259F,final
ID_33420123A6,validation
ID_3344389DC3,validation
ID_3346F86237,validation
ID_334771A031,train
ID_334A28379A,final
ID_334A5FC53A,train
ID_334A99493C,train
ID_334CB62928,final
ID_334F8D595B,train
ID_335017CF9B,train
ID_335416921E,train
ID_3357C5A162,train
ID_335922E25E,validation
ID_3359B6F648,train
ID_335CA10FBD,final
ID_335CC71475,train
ID_335CF005B9,validation
ID_335F06D9DC,final
ID_3360B30107,train
ID_3360FEB88E,final
ID_336286035E,validation
ID_3366030621,train
ID_33662C0BF9,validation
ID_3368276E21,train
ID_33691234FE,train
ID_3369A6A768,train
ID_336B8DDC4D,train
ID_336CFF35D4,train
ID_336D36D328,train
ID_336F7A8981,validation
ID_33712C5A34,train
ID_337270291A,train
ID_337270FA87,train
ID_337334BC53,validation
ID_337381FA59,final
ID_3376819B9F,validation
ID_3376A15ADD,train
ID_3377384D10,final
ID_337964AF74,validation
ID_337E4A0AC8,train
ID_337F271A5F,train
ID_33825BE3E0,train
ID_338403D84F,validation
ID_3387F29DC6,validation
ID_3387F50832,train
ID_33881E70E9,train
ID_338A0C227B,train
ID_338C98AA04,train
ID_338D6D4A26,final
ID_338E0A7FE5,validation
ID_338E7BDE9A,final
ID_3390192165,validation
ID_339075FD0D,validation
ID_33922EAA5F,train
ID_33927652FD,train
ID_3393106DF1,train
ID_33946CC1F2,train
ID_3395328E1A,train
ID_33967C177B,train
ID_339687FF1B,final
ID_3399495B11,train
ID_339ABB0E38,final
ID_339DB2D021,train
ID_33A0388E79,final
ID_33A0DB555D,train
ID_33A2205230,validation
ID_33A33248D8,train
ID_33A3E2E991,train
ID_33A40460F4,final
ID_33A51465A5,validation
ID_33B32177A0,final
ID_33B44791C1,train
ID_33B4FDACD9,final
ID_33B5396975,train
ID_33B587DF52,train
ID_33B61F53E2,train
ID_33B8C6607E,train
ID_33B938D4E5,train
ID_33B9B2DD58,final
ID_33BC60847C,validation
ID_33C0C2FCDB,final
ID_33C294C19D,train
ID_33C2FF1379,train
ID_33C3825561,final
ID_33C5E44587,train
ID_33C61318EE,validation
ID_33C6A63324,final
ID_33C946AFF4,validation
ID_33C99F20FC,train
ID_33CA025F72,final
ID_33CA4DAD7B,train
ID_33CC5D28F4,final
ID_33CE19B244,final
ID_33D02A9727,train
ID_33D15DD318,train
ID_33D266B266,train
ID_33D358193A,train
ID_33D7F21DB9,train
ID_33DBA73A37,final
ID_33DBE2E990,train
ID_33DE41D5E4,train
ID_33DE5BB641,train
ID_33DFD6287C,train
ID_33E20106CB,train
ID_33E224E0ED,validation
ID_33E5CFF884,train
ID_33E8CB0F7E,train
ID_33E9C790F1,train
ID_33E9E3F672,train
ID_33EA4BFA29,final
ID_33ED61082A,validation
ID_33EF8EE9E2,final
ID_33F10B2E8C,final
ID_33F9547DD9,train
ID_33F964E77B,train
ID_33FB0963FA,validation
ID_33FCE5F032,train
ID_33FFF26D47,train
ID_3401C4E3C4,validation
ID_340332E948,train
ID_340E002576,train
ID_340E087F52,validation
ID_340F5FB3DA,train
ID_34106B31EC,validation
ID_341107F89B,train
ID_3411CDEBCB,final
ID_34121611E5,validation
ID_3412E14261,train
ID_3413C616ED,train
ID_3413F60089,final
ID_34149C72BB,final
ID_3415F2BC70,validation
ID_3417C72424,final
ID_3419A54EF2,train
ID_3419D80371,validation
ID_341F2D2590,final
ID_341F46F16F,validation
ID_3420BDA5ED,validation
ID_34243CB6E5,train
ID_3424CD5E63,train
ID_3424E48666,validation
ID_3424F6073D,validation
ID_342870D45A,validation
ID_34292DAC2D,train
ID_342D0A2464,train
ID_342E0B6930,train
ID_343009FA75,train
ID_343175CCD2,train
ID_3431D5A5EA,validation
ID_34321A5B33,validation
ID_3432519EAA,train
ID_34327CC8D1,validation
ID_3432DD74D8,final
ID_3433608E56,train
ID_34336E1DA1,final
ID_34358BEC6E,validation
ID_343A08033B,train
ID_343A8B5257,train
ID_343B2D27C1,validation
ID_343C0D2D0E,train
ID_343C6FBFC3,train
ID_34403D1572,train
ID_3442D092D6,validation
ID_3443F7FDFF,train
ID_34450ACA79,train
ID_3447BADF04,train
ID_34482F4574,train
ID_34487E12AE,validation
ID_344D24CB0F,train
ID_344E4D39F7,validation
ID_345172815A,validation
ID_3451E8C50E,final
ID_3452DF32F2,validation
ID_34550356CA,train
ID_345B468AB9,train
ID_345C6006B5,train
ID_345D3060EE,train
ID_345D415A0C,train
ID_345D9F1038,train
ID_34613CE648,train
ID_34624CA493,final
ID_3465AA8A64,final
ID_34674C55D7,validation
ID_346769D4B8,train
ID_346D5A6CFA,train
ID_34707B9DA6,validation
ID_3471D96AA5,validation
ID_34758272FA,validation
ID_3475EFE76C,train
ID_3477D2B50D,train
ID_347D59AC9A,final
ID_347D7D95B8,train
ID_34835AC047,train
ID_3486AE6F05,validation
ID_34875B115F,train
ID_3487F1238C,train
ID_34884F2427,validation
ID_3488D75660,train
ID_348A1CCFEB,train
ID_348B634E53,train
ID_3495821942,validation
ID_3495F844E2,train
ID_3496FF97BD,final
ID_34978DDC32,final
ID_349A075499,train
ID_349A391258,train
ID_349C5C0450,final
ID_349CC81A76,final
ID_349D99EED3,final
ID_34A04EB0D8,final
ID_34A2300AF0,validation
ID_34A4072A21,final
ID_34A40EAFC7,train
ID_34A653758A,train
ID_34A684DE08,final
ID_34A880F7F4,train
ID_34AB6F49A0,train
ID_34ABD4DA36,final
ID_34AD98D7F1,train
ID_34ADBB5557,final
ID_34B0BCDA28,validation
ID_34B0DABAFE,final
ID_34B217C4F0,final
ID_34B84951D0,train
ID_34B8DEA3AA,train
ID_34B9DE0232,train
ID_34BA081958,train
ID_34BA0857EF,validation
ID_34BADD6EC6,final
ID_34BB0C6488,train
ID_34BBB12F9F,final
ID_34BBF83B9A,train
ID_34C0310A56,validation
ID_34C22C754B,final
ID_34C8931C27,train
ID_34CAA33BA4,train
ID_34CB01A426,train
ID_34CBCF77E3,validation
ID_34CBEE0FBF,train
ID_34CC024CA6,train
ID_34CD54EA66,final
ID_34CD6A2DAF,train
ID_34CDC537AC,validation
ID_34D14B1216,train
ID_34D15E64D8,train
ID_34D1F54D76,validation
ID_34D24F0729,train
ID_34D3102553,final
ID_34D32CB9F0,validation
ID_34D345AD1C,train
ID_34D4631531,train
ID_34D6B4C920,train
ID_34D6E21A7A,train
ID_34D91DDA17,validation
ID_34DBA8C1A6,final
ID_34DBFAEE8D,validation
ID_34E0EB8052,validation
ID_34E2CADEB3,train
ID_34E3C1DA21,train
ID_34E59A3327,train
ID_34E77ECAD4,train
ID_34EB28EF15,train
ID_34EBF031A6,train
ID_34EC4854FE,final
ID_34EDA107BB,validation
ID_34EF93ABAA,train
ID_34EFA2C66F,validation
ID_34F202DD1F,final
ID_34F6C7F9CE,train
ID_34FCADCDEC,final
ID_34FD868516,final
ID_34FE807BA6,final
ID_34FECBE460,train
ID_3500C10EAA,train
ID_350101A6E8,train
ID_35012E0D2F,train
ID_35017999BF,train
ID_3503D54EF6,final
ID_3504B42942,final
ID_3505672053,train
ID_35098E722D,validation
ID_350CC06473,train
ID_350F399FBA,validation
ID_3510208233,final
ID_35105BA2F1,validation
ID_3510C179BC,train
ID_3517EC9A84,train
ID_3519FFF76E,train
ID_351A9433CB,validation
ID_351C44404C,train
ID_3520E8E64F,final
ID_352127605F,train
ID_3523C95DA3,validation
ID_3524B7B02E,train
ID_3524DD62C6,train
ID_3527C0DF82,validation
ID_3527D3D241,train
ID_35288081BD,train
ID_3531356028,train
ID_35323552AA,train
ID_3536156383,validation
ID_35375500FC,train
ID_35378AC8B2,train
ID_3537A02AAC,validation
ID_35388E6E2F,train
ID_353DC7E882,final
ID_353E5B6606,validation
ID_3540E59DAA,train
ID_3542A33950,train
ID_354601F72C,train
ID_3546947C66,final
ID_35470605FB,train
ID_35489E064F,train
ID_354906FCE9,validation
ID_35493F8A5E,validation
ID_3549AF2B70,validation
ID_3549C96451,train
ID_354B37F499,train
ID_354BCA0ACB,train
ID_354C39F062,final
ID_354F21335B,train
ID_354FC13537,train
ID_355374FB73,train
ID_3554988B2E,train
ID_355540001F,validation
ID_35566F82A8,train
ID_3557189F9F,final
ID_3557FB683B,validation
ID_3558B1689F,train
ID_355A241673,train
ID_355AD819BD,train
ID_355B56CDB9,train
ID_355E1A6216,train
ID_3560C8E2A7,train
ID_35610FC768,train
ID_356470DBF0,train
ID_3565D2ECE8,train
ID_3566407A43,validation
ID_3567EFD8CB,train
ID_356919BF35,final
ID_356BF0FFF5,validation
ID_357094EEC7,train
ID_3572590C3B,final
ID_3575BAB235,train
ID_3575DE0DE4,final
ID_357988DEF7,validation
ID_357AAA5360,final
ID_357E4A5683,final
ID_357F89E92D,train
ID_3582A0A09F,train
ID_3582F407A0,final
ID_35886B3479,train
ID_35895A332F,final
ID_358BAB4855,train
ID_358CE1F952,train
ID_358D5CA874,train
ID_358E5FAB59,train
ID_358E8145C4,train
ID_358F92071E,train
ID_3592811FE1,train
ID_35943A1F99,train
ID_359441D934,train
ID_3594A80240,train
ID_359502904A,validation
ID_359873B482,train
ID_359F9CEF21,train
ID_35A0018274,validation
ID_35A1795ECE,train
ID_35A24D4700,final
ID_35A37A5061,train
ID_35A3D6F250,train
ID_35A43F2085,train
ID_35A5BF6A00,train
ID_35A90FE763,train
ID_35AB705A06,validation
ID_35AB78735A,train
ID_35ACB6A442,final
ID_35ADF51927,train
ID_35AE0CE702,train
ID_35B032FCFD,validation
ID_35B5ED3098,final
ID_35BAD54BC4,train
ID_35BB1D7E86,train
ID_35BB2E3634,train
ID_35BC7A248D,final
ID_35BED6441B,final
ID_35C204E8D0,train
ID_35C3F56D87,final
ID_35C3FF83D8,validation
ID_35C657B0E6,train
ID_35C6DC2395,final
ID_35CB15A8ED,final
ID_35CB73444E,train
ID_35CB97F5D0,train
ID_35CC6B02F6,final
ID_35CEA0D6FB,train
ID_35D01AAC62,train
ID_35D14A4E81,final
ID_35D33BAE8C,train
ID_35D635E83D,train
ID_35D793F5CE,train
ID_35D9D861B4,validation
ID_35DBE8EFB9,train
ID_35DE2A33A8,final
ID_35E0EC4CB2,train
ID_35E352A95B,final
ID_35E3F8F273,train
ID_35E4B34DCF,train
ID_35E631EB01,validation
ID_35E7642CF6,final
ID_35E7869796,train
ID_35EB1A878A,validation
ID_35EC396460,train
ID_35EDE4D5AB,final
ID_35EF832963,final
ID_35F41E367F,final
ID_35F53C739B,train
ID_35F6FBB185,train
ID_35F7E160F0,train
ID_35F948A20F,train
ID_35F978910A,train
ID_35FA07C9DE,train
ID_35FA50BD63,train
ID_35FC0CC62F,train
ID_35FC4A7262,train
ID_3603B36F91,final
ID_3606CABE3C,final
ID_3607886BB1,train
ID_360844B837,validation
ID_36084BA3D7,validation
ID_360C02BD2D,train
ID_360F88F043,final
ID_3610895C3D,train
ID_36130C35E9,validation
ID_361377E6E4,final
ID_3613C78E61,train
ID_3613EC1090,train
ID_3618C05224,train
ID_361908A61F,train
ID_361ADFBE16,validation
ID_361BA96988,train
ID_361C8CC419,validation
ID_361DBA392F,train
ID_3622EDAA9F,train
ID_3623A265B7,train
ID_3626F436EA,final
ID_362707C7D8,validation
ID_3627FA6199,train
ID_3628BE0CAD,validation
ID_362A9B68F2,train
ID_362B95F597,train
ID_362DDB7AB8,validation
ID_362E274BE4,validation
ID_362FC83D09,train
ID_3630959DD4,train
ID_363353E8BA,train
ID_36356CA3C5,validation
ID_3636808C00,train
ID_363A21C76B,final
ID_363C781DB7,validation
ID_363D7BEDBA,validation
ID_3640885893,train
ID_3641CEEE32,final
ID_36430FE3FA,train
ID_3643B46BEB,validation
ID_3643C1C482,train
ID_36445AA264,final
ID_36445EE227,final
ID_3645D6DCF2,validation
ID_364A2B7639,train
ID_364A8E29D0,final
ID_364BEEB63F,train
ID_364C9B92A5,train
ID_364D38B42A,train
ID_364DD33481,final
ID_364F085B83,train
ID_364F9037D5,train
ID_36506D82B0,train
ID_36508AFD93,train
ID_3651DBD962,validation
ID_365232565C,train
ID_365401185C,validation
ID_36541B6572,train
ID_365533AC87,train
ID_365C14D779,train
ID_365E803FFD,train
ID_36601A2F41,validation
ID_3661D9AA83,train
ID_3662A3CED0,train
ID_36647DA04C,train
ID_3664A8EE1E,train
ID_366AC25701,final
ID_366F6EE2AF,validation
ID_3674CCE762,validation
ID_3676919CB9,validation
ID_367CD674F9,final
ID_36822F5C81,validation
ID_3684B1114F,train
ID_36885D6E5C,train
ID_3688B5349D,validation
ID_36895190BF,train
ID_368A53F894,validation
ID_368AD7FEF2,train
ID_368CAEBE5E,validation
ID_3692BD0D81,train
ID_369410EE0B,train
ID_369451916E,train
ID_3696DF7EB9,train
ID_36986B6709,validation
ID_369C517395,train
ID_36A0A19481,validation
ID_36A1DBB19D,train
ID_36A219A335,final
ID_36A2AB4802,train
ID_36A4231402,validation
ID_36A6EB6682,train
ID_36A90A69A1,train
ID_36A9A7ED42,train
ID_36A9AA0EB0,final
ID_36AA82EA95,final
ID_36AAB14428,train
ID_36AB366836,train
ID_36AF4C3CBB,train
ID_36B02645C3,train
ID_36B2F2BF0C,train
ID_36B2FC7B47,validation
ID_36B48B66E4,validation
ID_36B54CFABC,train
ID_36B551B0A2,final
ID_36B624E1B5,train
ID_36B787180D,train
ID_36B78B6724,final
ID_36BB6A6AB3,validation
ID_36BC154B8E,train
ID_36BC3438C4,final
ID_36BD9E79E1,validation
ID_36BDA3EC0D,train
ID_36BFBE394A,final
ID_36C084DB9F,train
ID_36C25FC483,train
ID_36C34AAA01,validation
ID_36C3B4863B,train
ID_36C5DB7BD5,final
ID_36CA3FE900,train
ID_36CD6813EC,train
ID_36CF14D05C,validation
ID_36D10DFE40,train
ID_36D35E99E9,final
ID_36D9FE27D0,final
ID_36DC0C0E0E,train
ID_36DE8C11D9,train
ID_36E24E2220,final
ID_36E30852B3,validation
ID_36E731859B,train
ID_36EA4479D4,train
ID_36EB2D7084,train
ID_36EB45F9DC,train
ID_36EB4B0D34,train
ID_36EDED8067,train
ID_36EF82076F,validation
ID_36F2A95C0C,train
ID_36F3B34D80,train
ID_36F5621754,final
ID_36F5F98FA5,validation
ID_36F68A0B55,validation
ID_36FD325056,validation
ID_36FD4C8696,train
ID_36FE9DF97B,validation
ID_3702B7FAB4,final
ID_3706B7C0A4,final
ID_37081C4DCA,validation
ID_370937F180,train
ID_370B172762,final
ID_370BB391A0,train
ID_370F65F90F,final
ID_370FADEB22,train
ID_371016C83C,final
ID_3712BB8713,train
ID_37133AF1BF,train
ID_371527C6B0,train
ID_37153F5957,train
ID_3717A83FBE,final
ID_371C97C060,train
ID_371D774BC5,train
ID_371F7D3C6C,final
ID_37211C1AA4,train
ID_3722520187,train
ID_37277E7DA0,train
ID_3727B61B8D,train
ID_372BEA99CB,final
ID_372DE56789,train
ID_372E6F0B6A,train
ID_372F4EAD80,train
ID_3732263F6C,validation
ID_3733400143,validation
ID_3733621614,validation
ID_373371E956,train
ID_3733A00B04,train
ID_373480307C,train
ID_37353BDE69,train
ID_3736470068,train
ID_3737996F57,train
ID_373941C7F3,train
ID_373A1CFB15,train
ID_373BEEE9E3,final
ID_373C0D8481,train
ID_373C609D52,train
ID_373C93CF7C,train
ID_373DDFE64C,train
ID_373FAED478,train
ID_37412C2F15,train
ID_3741DCFAB8,train
ID_3741DF9ADE,final
ID_3742CFA042,train
ID_37432F3077,validation
ID_3744E223EB,train
ID_374524598F,validation
ID_37461AB97A,train
ID_374703E427,validation
ID_374BDD7C8A,train
ID_374F513545,train
ID_375384AE68,validation
ID_3755450E5E,train
ID_375D96781F,train
ID_375DC77E6C,train
ID_376028E192,final
ID_376135CAE5,validation
ID_3761E1E7A4,train
ID_3763DDFF8C,validation
ID_3763F5412E,train
ID_37666D8288,train
ID_376690A171,train
ID_3767D42D04,validation
ID_37682521EF,train
ID_3769A5FE8C,validation
ID_376B7A9A71,train
ID_376B88B431,train
ID_376D51F5C5,validation
ID_376EA69343,train
ID_3776B9F0E1,validation
ID_3778476871,validation
ID_377959D51A,train
ID_377B04CB3D,final
ID_377D0EF1E4,train
ID_377D506E1F,final
ID_377E77609F,train
ID_3782728259,final
ID_3782B549AB,train
ID_3782C5A91E,train
ID_378683EF06,train
ID_37892034B3,train
ID_378FF02FAC,train
ID_3790C9D062,train
ID_3792AE1542,validation
ID_3794822BD4,train
ID_37959A08FA,train
ID_3795BBA68C,train
ID_3795F25391,final
ID_379C99C63F,train
ID_379F63E2D4,train
ID_37A051A9C7,train
ID_37A0ABBDB1,validation
ID_37A126958B,train
ID_37A2AC39C9,train
ID_37A647FDEF,train
ID_37A86EE24F,final
ID_37A90C1F85,validation
ID_37AA6459EE,validation
ID_37AC8FD0FE,train
ID_37AD9CD014,train
ID_37AF5C9DD6,final
ID_37B254114B,validation
ID_37B370D6FD,validation
ID_37B3D2681D,train
ID_37B6DF5922,train
ID_37B9CD71E7,validation
ID_37BA46906B,final
ID_37BAFD5FCC,train
ID_37BC80FCE4,validation
ID_37BD3A1923,train
ID_37BEE6CF9B,validation
ID_37BF0CEF85,final
ID_37C0B77D5D,train
ID_37C3D1127F,train
ID_37C5467138,train
ID_37C70B3AF8,train
ID_37C8148BB9,final
ID_37C86743AC,train
ID_37CAD786C2,train
ID_37CB4A372D,train
ID_37CB50B24F,train
ID_37CC31C3ED,train
ID_37CCDD3A31,train
ID_37D1A59F5A,train
ID_37D2104485,final
ID_37D5B98B07,train
ID_37D833154F,final
ID_37DCAB6638,validation
ID_37E0239214,final
ID_37E062756C,train
ID_37E0981D8C,train
ID_37E2D35A1F,train
ID_37E40119A6,train
ID_37E541F8E4,final
ID_37E5F1CFCB,train
ID_37E67F735C,validation
ID_37EB92AA3E,final
ID_37EFCA5E28,train
ID_37F2802C93,validation
ID_37F320C490,train
ID_37FA1FA747,train
ID_37FA5DDC0D,train
ID_37FAB5EB37,train
ID_37FC2288B1,final
ID_37FC7E8658,train
ID_37FD1D0DD2,train
ID_37FD465F12,validation
ID_37FDD3E0DB,train
ID_37FFEB747D,validation
ID_3805554842,train
ID_3806838149,train
ID_3807A0B09D,train
ID_3809168610,final
ID_3809950BE3,final
ID_380BC74527,train
ID_380D78D9C8,train
ID_380E2BC1D0,train
ID_3812D780CB,train
ID_381405C7B4,final
ID_38161CE3D7,train
ID_381664A78C,train
ID_3817866CC3,train
ID_3819B62AD6,final
ID_381A7F1423,train
ID_381BD9D1D3,validation
ID_3820A8635E,validation
ID_3820E12285,train
ID_3823698DC4,final
ID_3825215E8B,train
ID_38260779EC,validation
ID_382630B972,train
ID_3827C174D7,train
ID_382DB789DC,train
ID_383244A9B1,train
ID_38367B71DA,final
ID_3837171084,final
ID_383717C3E3,train
ID_3838FF8E49,train
ID_3839C19AC5,train
ID_383A4FAAE1,validation
ID_383BC85585,train
ID_383DBF9E2E,train
ID_383E5502CD,final
ID_383ED488DD,train
ID_383F08EB48,train
ID_383F654BCE,train
ID_38424B7448,validation
ID_38431B1706,validation
ID_3843638749,train
ID_3846C24310,train
ID_3848714EC0,final
ID_384F9838FD,train
ID_3852B6DA71,validation
ID_3854D7EAF4,train
ID_385A06E9CD,validation
ID_385B74A68E,final
ID_385E72CE66,train
ID_3863DCDF99,final
ID_3864EE5C4F,final
ID_38655B3261,train
ID_386631EC05,train
ID_38683CC4FA,final
ID_386845DE67,train
ID_386C2E4164,validation
ID_386C82BD1D,train
ID_386CACBDF0,train
ID_386E76F1AF,validation
ID_3870224D84,train
ID_387053C103,validation
ID_3871355FF7,validation
ID_3871AB93B3,train
ID_387231923D,validation
ID_3872F14EAD,train
ID_3872F49790,train
ID_3873EB547C,train
ID_38763075A2,train
ID_38773D1CCF,train
ID_3877EFFB70,train
ID_387A71740D,validation
ID_387AC72FC8,train
ID_387B0A1182,train
ID_38800D438C,train
ID_3880242FC2,train
ID_3881036FFA,train
ID_3881046DFC,final
ID_38838F02BB,train
ID_3883A3F17B,train
ID_388483A3ED,final
ID_3885FE833A,train
ID_3886173B00,train
ID_3887240C53,train
ID_3889498D51,validation
ID_388A28CABC,train
ID_388D83515A,validation
ID_388D9D8CF2,train
ID_38928ECD2E,train
ID_3893CADDA0,validation
ID_38965B74F3,train
ID_3897051D19,train
ID_38974C5A3B,train
ID_38982602CC,train
ID_3898C911B4,train
ID_38991315CE,train
ID_389939C528,train
ID_389EF9506E,train
ID_38A0F92E7C,train
ID_38A5EA4112,validation
ID_38A60EFA89,train
ID_38A6C0032C,validation
ID_38A762633B,train
ID_38AE1B8B45,final
ID_38B1A94CC2,train
ID_38B2CA3FA1,validation
ID_38B317F908,train
ID_38B38DAF68,final
ID_38B3B716F7,final
ID_38B4DF729D,train
ID_38B5A928A6,train
ID_38BC5A405E,train
ID_38BCC89E0B,train
ID_38BF441B7B,train
ID_38BF5EE5B6,train
ID_38C3104BD0,train
ID_38CAB05E6F,train
ID_38CB2ABDE6,train
ID_38CE5B61F9,train
ID_38D0DC4CB2,train
ID_38D24C4A0D,final
ID_38D359ADBF,validation
ID_38D58BF89D,train
ID_38D5B533A1,validation
ID_38D7083550,train
ID_38D738FFAF,train
ID_38D77233DB,train
ID_38D792FBEE,train
ID_38D8143ADA,train
ID_38D973E810,train
ID_38D98C006A,validation
ID_38DA1C1A1A,validation
ID_38DB8428F7,validation
ID_38DC6CA45A,validation
ID_38E0D19E28,train
ID_38E126362D,final
ID_38E3133A1F,train
ID_38E35F3538,validation
ID_38E46CF3B9,final
ID_38E4B6DE23,validation
ID_38E8F9E11D,train
ID_38E926DA79,train
ID_38EA3B0CB1,train
ID_38EA624CFF,train
ID_38EAECD7CA,train
ID_38EE347AED,train
ID_38EED6A4B1,final
ID_38EF727D92,validation
ID_38EFB5B428,train
ID_38EFB9064F,train
ID_38EFCD8ECF,final
ID_38F0C2BDF5,train
ID_38F0E7F8F7,train
ID_38F3ED3DED,validation
ID_38F81198AD,validation
ID_38FBEE3ADB,validation
ID_38FC2D0CF2,validation
ID_38FE614416,validation
ID_38FE9360CF,train
ID_38FEBB12E7,final
ID_38FF8EF972,validation
ID_3901279714,validation
ID_3901E11EDE,train
ID_3901FC8947,train
ID_390236B665,train
ID_39025E624D,train
ID_39026A9855,validation
ID_3904ED1AA9,validation
ID_3907A76BB8,train
ID_3907F51688,validation
ID_3907F567E6,final
ID_3909F63A74,train
ID_390A6F9B1B,train
ID_390C051A44,train
ID_390E2C0A29,train
ID_3912672D26,train
ID_3913EFC31D,validation
ID_3914A8F31A,validation
ID_39181AE991,train
ID_391D5AFE33,validation
ID_391D9BF207,train
ID_391DCD02B6,validation
ID_3923E364EA,train
ID_3925C1C4FB,train
ID_39260B5EB3,train
ID_3927E8D50B,train
ID_39292E2CBB,validation
ID_392C1196CD,train
ID_392E1BC498,final
ID_392F80F78D,train
ID_392FA10715,train
ID_392FCBA091,train
ID_3930CE1696,train
ID_39316222A9,train
ID_3934073716,train
ID_393677C4B6,train
ID_393C166AAC,train
ID_394082BE06,final
ID_39417929D4,validation
ID_39421E1A15,final
ID_3943836D63,validation
ID_394383C0BD,train
ID_39462C9672,train
ID_39470D5AEA,final
ID_39495B30C0,validation
ID_394AC28A11,train
ID_394C064EDC,train
ID_394D328781,final
ID_394D3C9BBE,train
ID_394D5D7F49,train
ID_394F615E58,train
ID_394F7271FF,train
ID_3950497A57,train
ID_395287E234,validation
ID_3959365963,train
ID_395BD08CD2,train
ID_396020F045,train
ID_39632DB28F,final
ID_39642CF63C,train
ID_3966B02021,final
ID_396782944F,train
ID_3968515A3E,train
ID_396925CF51,train
ID_396A5AE51F,train
ID_396A7C1FAE,train
ID_396CBC06FE,train
ID_397029D94B,train
ID_3970B75FF5,final
ID_39748DB6FB,final
ID_3977285F17,validation
ID_3977761744,final
ID_3978F8E190,train
ID_397C9BEFF7,train
ID_397F43F49C,train
ID_397F5F53E0,train
ID_39834FE8EB,train
ID_39885C8656,validation
ID_398AB089B0,train
ID_398F70310E,final
ID_3994AF20BA,train
ID_39950235DE,train
ID_3995551A13,validation
ID_3995B05FF2,train
ID_3995E6BB96,validation
ID_3998D960A9,final
ID_399DB028D6,train
ID_399FD84FDE,validation
ID_39A3AC741D,validation
ID_39A43D7F8B,validation
ID_39A503922E,train
ID_39A54933C6,train
ID_39A56D5FD3,train
ID_39A6B281DF,final
ID_39A70C42F8,train
ID_39A744FB75,train
ID_39A799DC81,final
ID_39A9447E9C,train
ID_39A9DADD67,validation
ID_39AB78434A,validation
ID_39B3F86BEA,validation
ID_39B50A709E,final
ID_39BC1A0822,train
ID_39BC71A1BA,train
ID_39BDD6A514,validation
ID_39BE75A98A,train
ID_39C0A7C98C,train
ID_39C25D45EA,train
ID_39C26332C6,final
ID_39C6706ED2,train
ID_39C821232B,train
ID_39C92D0E05,train
ID_39C98F7024,train
ID_39CBE47FE3,final
ID_39CDA7793C,final
ID_39CE9B0CBB,train
ID_39D236BCEB,train
ID_39D23AE5CF,train
ID_39D270AC5E,train
ID_39D2A9CD65,train
ID_39D2F31252,validation
ID_39D320F705,final
ID_39D6461B58,final
ID_39D7D7D3CD,train
ID_39D963C0A6,train
ID_39DA62FD5D,train
ID_39DD1EC248,train
ID_39DD5CBA6B,train
ID_39E156075E,train
ID_39E21C9C6E,train
ID_39E30BC772,train
ID_39E4B86301,validation
ID_39E511E079,train
ID_39E616E3AA,final
ID_39E99951B2,train
ID_39EB29B1EF,train
ID_39EC013DD2,train
ID_39EFBE5BCE,train
ID_39F3AE76A6,train
ID_39F3CEC43D,train
ID_39F3E0E323,final
ID_39F55C3AB7,final
ID_39F5DE19C5,train
ID_39F6C53B9B,train
ID_39F7B9C33E,train
ID_39F82B6693,train
ID_39F9A98157,train
ID_39FB996446,train
ID_39FC11D9A9,train
ID_39FD5FAA82,train
ID_39FE91C5BB,final
ID_39FF3F2EA5,train
ID_39FFF32255,train
ID_3A0276AB99,train
ID_3A0347348D,train
ID_3A03AEB2D4,train
ID_3A086940FC,final
ID_3A0D115567,final
ID_3A0D5EAE1F,train
ID_3A0DF5CB9A,train
ID_3A0F655EBD,train
ID_3A0FE39E21,train
ID_3A132F5790,train
ID_3A13D705F3,final
ID_3A1868E92E,train
ID_3A1D858C89,train
ID_3A218F6A9F,train
ID_3A264206AD,train
ID_3A26521198,train
ID_3A286D9E9F,train
ID_3A28911CED,validation
ID_3A296E87BD,final
ID_3A32F67B1F,final
ID_3A35A46BCC,train
ID_3A3BAF025D,final
ID_3A3C9641D1,train
ID_3A3D08FEAA,final
ID_3A3E0D10F7,train
ID_3A3FF740A1,train
ID_3A40021E9C,train
ID_3A40D3D45F,train
ID_3A433394EC,final
ID_3A4385CAB1,train
ID_3A4841765E,train
ID_3A4DB0D2FD,train
ID_3A4E57C079,train
ID_3A50CF0E4C,train
ID_3A50D61B18,train
ID_3A52FF33DA,validation
ID_3A551AF703,train
ID_3A56DE15E6,train
ID_3A57B65CBB,train
ID_3A5906E057,validation
ID_3A5918E39B,validation
ID_3A59A7C123,final
ID_3A59BF7896,train
ID_3A5A8816AC,train
ID_3A5AD34BD6,train
ID_3A5B8628EA,train
ID_3A5DA04513,train
ID_3A5DFB0EEB,train
ID_3A5EBEC43B,validation
ID_3A633F53CD,train
ID_3A6398A97E,train
ID_3A658B4CBF,validation
ID_3A68281C52,train
ID_3A6ADA9D22,validation
ID_3A6D04CC0D,final
ID_3A6EAC69BC,train
ID_3A73354B36,final
ID_3A7512DCEE,train
ID_3A755D1C99,final
ID_3A7576E1E6,final
ID_3A762158E1,train
ID_3A7994202D,train
ID_3A7A2442DC,train
ID_3A7BB5ED3B,final
ID_3A7BBA2414,train
ID_3A7C9EAC07,train
ID_3A7ECE25C8,train
ID_3A7EF1A085,final
ID_3A817ACB08,final
ID_3A82836DC9,train
ID_3A82863BB5,train
ID_3A83850197,train
ID_3A84804169,train
ID_3A84EB9876,validation
ID_3A85A4125E,train
ID_3A87FBBCF7,train
ID_3A88421C60,validation
ID_3A8D3B8EED,train
ID_3A8F2D29AB,validation
ID_3A8F862E76,final
ID_3A903E009F,validation
ID_3A93703938,validation
ID_3A942CC404,train
ID_3A94B947BF,final
ID_3A94ED544C,train
ID_3A98E6BCED,final
ID_3A98FE8E5D,train
ID_3A9CAD2C4E,train
ID_3A9CC68FB7,train
ID_3A9D5CA7AA,train
ID_3AA0624754,validation
ID_3AA179A32C,final
ID_3AA193B114,validation
ID_3AA1C1CECF,validation
ID_3AA3500E35,train
ID_3AA5C2BCAA,train
ID_3AA666B71E,validation
ID_3AA7250323,final
ID_3AA72A35F9,final
ID_3AA75B7DD8,train
ID_3AA8793559,train
ID_3AA95FD823,train
ID_3AA9D9787F,validation
ID_3AAC21ABC7,train
ID_3AACE9E2FA,validation
ID_3AAD2B0BB1,train
ID_3AB07137AE,train
ID_3AB3B4F79A,train
ID_3AB3D33C69,train
ID_3AB5FF28A8,train
ID_3AB63EAB6F,train
ID_3AB7393CCB,train
ID_3AB9B32109,train
ID_3ABAFDAC74,train
ID_3ABF8816D7,validation
ID_3AC3F49CF5,train
ID_3AC564887B,train
ID_3AC612F4B0,train
ID_3AC6BE09F2,validation
ID_3ACB740C0C,validation
ID_3ACCA11AB8,train
ID_3ACE8D8EA8,train
ID_3AD07EFEFB,train
ID_3AD0CFED53,train
ID_3AD1AF6D49,train
ID_3AD37B79B9,final
ID_3AD7693CDA,train
ID_3AD78DCACF,train
ID_3ADC8422A6,train
ID_3ADE15BC68,validation
ID_3ADF6A4B59,train
ID_3AE27BAA02,final
ID_3AE3B2D6E3,train
ID_3AE4710F6A,train
ID_3AE4F63325,train
ID_3AE5FF47FF,final
ID_3AE7ED1EAD,final
ID_3AEA9C653B,train
ID_3AEBCF0525,train
ID_3AEC06982A,train
ID_3AEE10C8D3,train
ID_3AF2035245,train
ID_3AF3FA649A,validation
ID_3AFB689682,train
ID_3AFE04B5CF,train
ID_3AFF1CB448,validation
ID_3AFF484789,train
ID_3B00526086,validation
ID_3B018AA13F,final
ID_3B03DBAA2B,train
ID_3B05D444E3,train
ID_3B074C4A60,train
ID_3B0832AADA,train
ID_3B0C901491,validation
ID_3B0F13A621,train
ID_3B1154CB10,validation
ID_3B12A7B96F,train
ID_3B1364ADA0,validation
ID_3B177CC7AA,final
ID_3B17D75FE9,train
ID_3B1C61CBBB,train
ID_3B21723EAC,train
ID_3B232E7A32,train
ID_3B24984BA3,train
ID_3B24E34F2A,train
ID_3B25F74B8D,train
ID_3B26467057,train
ID_3B264F6DA6,train
ID_3B28CFD012,train
ID_3B28D2A46D,train
ID_3B292BBDE6,validation
ID_3B2CD3C780,train
ID_3B2D4A810F,train
ID_3B2D4D8D2D,final
ID_3B2E159862,train
ID_3B2F4B95F6,final
ID_3B2F9CC05C,final
ID_3B303E5E72,train
ID_3B33135480,train
ID_3B34F7DC86,validation
ID_3B366F4C58,train
ID_3B36947C12,final
ID_3B38696181,final
ID_3B3927F507,validation
ID_3B39586B09,train
ID_3B3A028453,train
ID_3B3EF46669,train
ID_3B3F558F82,validation
ID_3B3FBDD1BB,train
ID_3B3FC61D42,train
ID_3B46562A09,train
ID_3B47793252,train
ID_3B480F0C0A,train
ID_3B4B1BFD6A,train
ID_3B4B9D6AB8,train
ID_3B4C977B61,final
ID_3B4EA6527E,final
ID_3B4FA43092,validation
ID_3B525E1D52,train
ID_3B525F8610,validation
ID_3B53F8919E,train
ID_3B5822A860,train
ID_3B58B82AA5,final
ID_3B5A3D6613,train
ID_3B5C75C14C,train
ID_3B5D76A029,train
ID_3B5EA53CBD,train
ID_3B5F12BD1E,final
ID_3B5F3F025B,final
ID_3B6132AAC8,train
ID_3B61E0EBE1,final
ID_3B64E23EA4,train
ID_3B6723101E,validation
ID_3B67A15B58,final
ID_3B6855AD7F,validation
ID_3B68D46E9E,validation
ID_3B696022CC,final
ID_3B6A16553E,final
ID_3B6A547351,final
ID_3B6A57D090,train
ID_3B6C47E329,validation
ID_3B6ED0648C,final
ID_3B6FF3E951,validation
ID_3B7134773E,train
ID_3B736B4807,final
ID_3B74A49545,final
ID_3B756FD6BD,train
ID_3B75ED809E,validation
ID_3B76713438,train
ID_3B77EF10F6,train
ID_3B78DE3681,validation
ID_3B7A5AE245,train
ID_3B7C08AA5D,validation
ID_3B7C8964CC,train
ID_3B7CFBB7CE,train
ID_3B7D1D0E46,train
ID_3B7F21302D,train
ID_3B800D8862,train
ID_3B802E506A,train
ID_3B80AFA034,train
ID_3B80B505E3,validation
ID_3B80C8C9EB,train
ID_3B8596D7DD,train
ID_3B85FA2F85,train
ID_3B8840F7F7,train
ID_3B8922B555,train
ID_3B8A6283AE,validation
ID_3B8AD98841,final
ID_3B8C8E56F5,train
ID_3B8DA952DA,validation
ID_3B8F2DB934,validation
ID_3B8FF5D13A,train
ID_3B910A1CD9,train
ID_3B9246AF14,validation
ID_3B92D1B987,train
ID_3B93B84DF6,final
ID_3B940B4751,train
ID_3B94DB7703,final
ID_3B94E5601E,final
ID_3B96B4EB77,train
ID_3B9B1F65BE,train
ID_3B9CA21A0E,train
ID_3B9F7E22EE,validation
ID_3B9F951F7A,train
ID_3BA4780540,final
ID_3BA61F2DC6,train
ID_3BA6DFC834,final
ID_3BA7BC674C,train
ID_3BAA5A9942,train
ID_3BAC384162,final
ID_3BAC746C00,train
ID_3BACEA61C6,final
ID_3BAFA6889D,train
ID_3BB06422F4,train
ID_3BB19E7FBD,train
ID_3BB5D07FEF,final
ID_3BB68768D9,final
ID_3BB6895824,train
ID_3BBA3C9852,train
ID_3BBB84F77A,validation
ID_3BC11ED5E3,final
ID_3BC17B0283,train
ID_3BC1AD2EFE,train
ID_3BC25E383B,train
ID_3BC2F798DA,final
ID_3BC77580B3,train
ID_3BC82A1EBA,final
ID_3BCA2B3D0E,validation
ID_3BCAEF72F8,train
ID_3BCC74A88A,train
ID_3BCDE0F783,validation
ID_3BCE9F5A91,train
ID_3BCF22000A,train
ID_3BD11C5B9B,train
ID_3BD1B59F89,train
ID_3BD29A5AA6,final
ID_3BD4CA2934,train
ID_3BD543F8EB,validation
ID_3BD558712D,train
ID_3BD8AE9F20,train
ID_3BD8EF022E,final
ID_3BD91B56F6,train
ID_3BDA5D3D53,validation
ID_3BDB40A0BF,train
ID_3BDB69C8B1,train
ID_3BDC9DFB65,train
ID_3BDCC43C32,train
ID_3BDCFA49FB,train
ID_3BDE29F6CF,final
ID_3BE06A9C5C,train
ID_3BE642A513,final
ID_3BE8A8C3BF,final
ID_3BE948ACFE,train
ID_3BEA6DEE7B,final
ID_3BEAB34638,validation
ID_3BECCB03CD,validation
ID_3BEE7B1A08,validation
ID_3BEEED2912,train
ID_3BEF3E8891,validation
ID_3BF2905E90,validation
ID_3BF2B10A15,train
ID_3BF369B53E,train
ID_3BF5205DCE,validation
ID_3BF7AA69A6,validation
ID_3BF8235DF5,final
ID_3BF8730BF2,validation
ID_3BF898BD57,final
ID_3BF9E8C475,train
ID_3BFB097F7F,final
ID_3BFB3BBF3B,train
ID_3BFCD8530F,train
ID_3BFCE9B230,train
ID_3BFE731A12,train
ID_3C01944D57,validation
ID_3C01D1F6F3,train
ID_3C02C74062,train
ID_3C033B50CE,train
ID_3C04829B60,train
ID_3C054AA501,validation
ID_3C05E569FC,train
ID_3C08983F6F,final
ID_3C0F086C34,train
ID_3C1076FF38,validation
ID_3C140AE2F7,validation
ID_3C164F9F0A,train
ID_3C16A34E58,train
ID_3C17DB9676,train
ID_3C1912A7B8,train
ID_3C1B7E56A8,validation
ID_3C1C88CCDD,train
ID_3C202CEA82,train
ID_3C2036400C,final
ID_3C20455EC1,train
ID_3C2444F656,final
ID_3C24BD8C8A,train
ID_3C25A61F14,train
ID_3C270A0960,train
ID_3C29971663,train
ID_3C2A59A5BA,train
ID_3C2B0E643C,final
ID_3C2E854642,train
ID_3C2F249150,train
ID_3C2F8E3E2E,train
ID_3C2FCE907D,train
ID_3C2FDCBCF0,validation
ID_3C303B8975,validation
ID_3C30E09513,train
ID_3C32DE85C5,train
ID_3C3355FE80,train
ID_3C3449D2C6,validation
ID_3C34B25B55,train
ID_3C354B1BE1,train
ID_3C35DA9E46,final
ID_3C368E1FA4,train
ID_3C3786D376,train
ID_3C3831ACD8,train
ID_3C3959AB9C,validation
ID_3C39DDA392,train
ID_3C3B2B9693,validation
ID_3C3CD1A957,train
ID_3C3E4CDF06,train
ID_3C4375D42E,validation
ID_3C43BCEF6D,train
ID_3C44930078,validation
ID_3C44C75594,train
ID_3C45364433,train
ID_3C47EDBC85,validation
ID_3C484AC828,validation
ID_3C4A914AF5,train
ID_3C4E3FB672,train
ID_3C5199BE43,final
ID_3C53E29537,train
ID_3C5A69A68E,train
ID_3C5BE5AE23,validation
ID_3C5C3BA7AF,final
ID_3C5F1B562B,train
ID_3C5FBE67DC,final
ID_3C5FEECE6A,train
ID_3C5FF3F510,train
ID_3C6184A5B0,validation
ID_3C63EA1961,train
ID_3C649E8C14,train
ID_3C651A4E4D,validation
ID_3C65743FCD,train
ID_3C66CB33EF,train
ID_3C672C4DB4,train
ID_3C67CE6398,train
ID_3C67DB77C0,train
ID_3C6876086F,validation
ID_3C68B9CD6C,train
ID_3C68C79C1C,train
ID_3C6925518A,train
ID_3C698012E6,train
ID_3C6B6FE678,train
ID_3C6C3FCC5E,validation
ID_3C6CADFCEB,train
ID_3C6DAB8ADE,train
ID_3C704663F1,validation
ID_3C72ABE8C2,train
ID_3C76725D4E,validation
ID_3C792D8174,final
ID_3C7A8800FB,final
ID_3C7D5B5E54,final
ID_3C80D7F69B,train
ID_3C81994F62,train
ID_3C81DAC55D,train
ID_3C8284D60E,train
ID_3C82E03FA9,train
ID_3C842518C4,train
ID_3C854EA2D5,validation
ID_3C8626105F,validation
ID_3C873AF698,train
ID_3C87AA22E0,final
ID_3C8BC70ABD,train
ID_3C8C18DE32,train
ID_3C8D4BCD11,train
ID_3C8D6347C9,train
ID_3C8D8F9E2A,final
ID_3C8E11D43C,final
ID_3C91024497,final
ID_3C94A6FCC4,validation
ID_3C959FA0B6,validation
ID_3C963677B1,train
ID_3C97299E25,train
ID_3C9C7141F7,train
ID_3C9EBC043C,train
ID_3C9EFAB7BF,train
ID_3CA020BED9,final
ID_3CA3DFEA96,validation
ID_3CA4906387,train
ID_3CA54EBCE0,final
ID_3CAA3AB70C,validation
ID_3CABBCB59E,train
ID_3CACA0CC56,train
ID_3CAD80122E,final
ID_3CAE75648D,train
ID_3CB34BF6A7,train
ID_3CB684019B,validation
ID_3CBACAFE31,validation
ID_3CBAE134F8,final
ID_3CBBA15565,final
ID_3CBED2C4A1,validation
ID_3CBFACCCFB,train
ID_3CC00C144C,train
ID_3CC08F7786,final
ID_3CC1429344,train
ID_3CC55E64BF,train
ID_3CC6660C23,train
ID_3CC930DDD0,validation
ID_3CCBA729B5,train
ID_3CCE3D9F73,train
ID_3CCF395704,validation
ID_3CCFDC6A3F,train
ID_3CD0CE7106,validation
ID_3CD0D7D823,validation
ID_3CD2391EEE,train
ID_3CD30BA7D4,train
ID_3CD5D9F405,validation
ID_3CD7669E02,train
ID_3CD8A8CB7F,final
ID_3CD99E563D,validation
ID_3CDB8098A8,final
ID_3CE3B488A8,train
ID_3CE4154E59,final
ID_3CE4F3186D,train
ID_3CE4FA9C96,train
ID_3CE55920DE,final
ID_3CE768B506,train
ID_3CE7CD1325,train
ID_3CE8E598A0,final
ID_3CEA066519,validation
ID_3CEE3EBBDC,train
ID_3CF0B99B43,train
ID_3CF2A94F75,final
ID_3CF5058116,validation
ID_3CF7E66D2F,final
ID_3CF8EE6CE6,train
ID_3CF988A808,train
ID_3CF9F910DD,train
ID_3CFEB7A39F,validation
ID_3CFED5DF69,train
ID_3D0020FF78,train
ID_3D008446EE,validation
ID_3D00A47841,train
ID_3D01564A3F,validation
ID_3D02FC51A4,train
ID_3D0350E6FF,train
ID_3D04E1B6EE,train
ID_3D07C42FBC,validation
ID_3D08CB9605,train
ID_3D09E2E97B,train
ID_3D0E948DF1,validation
ID_3D0E9A2859,train
ID_3D0F5FE61C,train
ID_3D0FA4211A,validation
ID_3D0FBCD0B7,final
ID_3D1090E1A7,validation
ID_3D176CDE50,validation
ID_3D192D1907,train
ID_3D19BCCE5F,train
ID_3D1FD64A49,train
ID_3D28162D00,train
ID_3D28BD2867,train
ID_3D2AE8D209,train
ID_3D2B92ED04,validation
ID_3D2BF1BB6D,train
ID_3D2C13CF79,train
ID_3D2CDAF633,train
ID_3D30CB238D,final
ID_3D32F0A3AF,train
ID_3D351C5929,validation
ID_3D3796BD8D,train
ID_3D38EDE503,train
ID_3D3B6398C8,train
ID_3D3F2BEA8B,validation
ID_3D41A975C0,train
ID_3D41D7854A,train
ID_3D42C5554A,train
ID_3D43EC3492,validation
ID_3D449A6978,validation
ID_3D449DF3D4,train
ID_3D45E2C8AF,train
ID_3D49BA4B2B,train
ID_3D4B488837,train
ID_3D4D19E5DD,train
ID_3D4D41590C,train
ID_3D4E7D7003,final
ID_3D50B8E6CC,validation
ID_3D53B9FA9B,validation
ID_3D558A1168,train
ID_3D5594280B,train
ID_3D58221AEB,train
ID_3D583A0CEE,final
ID_3D59A712B1,train
ID_3D5A2C6D6D,train
ID_3D5A8C2857,validation
ID_3D605C8F6C,final
ID_3D6386EB04,validation
ID_3D65475368,validation
ID_3D657D1795,train
ID_3D677B054F,train
ID_3D689042DE,validation
ID_3D68F6B106,validation
ID_3D69CDFAA3,train
ID_3D6C93D64C,train
ID_3D6DC65260,final
ID_3D6FD56CDB,train
ID_3D70EC87D5,train
ID_3D71CB4185,final
ID_3D74D6291B,final
ID_3D751F917C,train
ID_3D75488E29,train
ID_3D75918171,train
ID_3D75CE88C9,final
ID_3D7A835DBA,train
ID_3D7AF505D8,train
ID_3D7B778C3B,final
ID_3D7CED1593,train
ID_3D7E6CB6EE,train
ID_3D7F586E0C,validation
ID_3D800E2950,validation
ID_3D810E731C,train
ID_3D81620497,train
ID_3D83A15182,final
ID_3D86482765,train
ID_3D88C903F6,train
ID_3D8BE0927A,train
ID_3D8CF4D34B,train
ID_3D8ED2FE4A,validation
ID_3D8F68FCF4,train
ID_3D90010178,train
ID_3D9055A3C3,train
ID_3D9064532A,validation
ID_3D923AC26B,train
ID_3D94976D22,validation
ID_3D962674AD,validation
ID_3D9645DB99,train
ID_3D96A8B278,final
ID_3D96E22445,validation
ID_3D99B6781C,train
ID_3D9E7CAAEB,train
ID_3D9EC2C5A3,train
ID_3DA46BCAF2,validation
ID_3DA61555A6,validation
ID_3DA8FF1F9A,final
ID_3DA928B561,train
ID_3DA96D986E,train
ID_3DAA92DA6F,final
ID_3DAC3F8B43,train
ID_3DAC468620,final
ID_3DAEA3B9C0,train
ID_3DB0F02519,train
ID_3DB1D1FFD9,train
ID_3DB2ACDA16,train
ID_3DB3135D03,validation
ID_3DB6A16ADD,validation
ID_3DB91D411A,train
ID_3DB94E66E2,train
ID_3DBA3FAE51,validation
ID_3DBA6010C5,train
ID_3DBBA0852B,final
ID_3DBBEEDD88,train
ID_3DC033323F,train
ID_3DC43566E4,validation
ID_3DC6CEDF9D,train
ID_3DC838C6FF,validation
ID_3DC96E9CF2,validation
ID_3DCA2F71D8,train
ID_3DCE38AF58,train
ID_3DD02FA5A4,final
ID_3DD0BEEF88,train
ID_3DDB355D13,train
ID_3DDB4008F7,validation
ID_3DE30FEE0B,final
ID_3DE41749FC,final
ID_3DE4E343F4,train
ID_3DE5125476,train
ID_3DE57EEC7C,train
ID_3DE58E0615,train
ID_3DEA5D5AA5,train
ID_3DEB80ECF5,train
ID_3DEF0F88E2,final
ID_3DEF46E1A9,train
ID_3DEF48D30C,final
ID_3DF026681A,train
ID_3DF2E35411,train
ID_3DF4A54DB4,validation
ID_3DF4A91765,train
ID_3DF6E100D7,train
ID_3DF78A0DF7,train
ID_3DF93A4D35,train
ID_3DFA8DE0D0,train
ID_3DFB6FD8AC,validation
ID_3DFEDC5B8C,train
ID_3E03AA5B9D,final
ID_3E053B064D,train
ID_3E0796A0CD,train
ID_3E0994C2D1,validation
ID_3E0A1A90A3,final
ID_3E0AA3E8FD,validation
ID_3E0CE7C09F,final
ID_3E0DBDF785,validation
ID_3E0F080549,train
ID_3E0F1AC70F,train
ID_3E11A7076A,final
ID_3E12E0D84E,final
ID_3E1410516F,validation
ID_3E159B89BB,final
ID_3E17D7CBFC,train
ID_3E197561A2,final
ID_3E19D281A6,train
ID_3E1A75691E,train
ID_3E218B6429,train
ID_3E21BF3F5F,train
ID_3E24A8041F,final
ID_3E254A0D08,train
ID_3E26F7DF8A,train
ID_3E271DED8C,train
ID_3E272AF356,train
ID_3E2A0CEBD5,train
ID_3E2C41DA0F,train
ID_3E2D62A283,train
ID_3E2F96E3A7,train
ID_3E303DC41D,validation
ID_3E311094BB,train
ID_3E31362F5B,validation
ID_3E31BE4998,train
ID_3E3220B18B,train
ID_3E325EF4B3,validation
ID_3E32FA4DE0,validation
ID_3E333E73F0,train
ID_3E33ABFF8B,train
ID_3E340A7A30,train
ID_3E34D2DE60,validation
ID_3E35319EA6,final
ID_3E35849B9C,train
ID_3E36AC15F0,final
ID_3E37D566C9,train
ID_3E397B4923,train
ID_3E3A86F9C7,train
ID_3E3B64D592,train
ID_3E3C29CC55,train
ID_3E3E18BE5E,train
ID_3E3EB125B4,train
ID_3E3F05F6DA,train
ID_3E3F390DB6,validation
ID_3E3F5B3F53,validation
ID_3E478AC14F,train
ID_3E48BC3AB5,train
ID_3E4B60FDB6,train
ID_3E4CEC7F2E,train
ID_3E4D4F8261,validation
ID_3E4E9E02FB,train
ID_3E4FD38CDE,validation
ID_3E51361470,final
ID_3E516C8232,validation
ID_3E569A1462,train
ID_3E58D80245,final
ID_3E5F9C2E18,train
ID_3E5FDF391A,validation
ID_3E61E41241,train
ID_3E630F0B03,train
ID_3E648E85D6,validation
ID_3E65D87FF7,final
ID_3E667E00C3,final
ID_3E66C40A25,final
ID_3E66C776C3,validation
ID_3E66F1F461,final
ID_3E67738EF2,validation
ID_3E6842ED11,train
ID_3E6B91FCF4,validation
ID_3E6DDFCD38,train
ID_3E6DEB5C5C,train
ID_3E6E25C1EE,validation
ID_3E6F9373DB,final
ID_3E73ED2ABD,validation
ID_3E76AB42E7,train
ID_3E7ABD51BA,train
ID_3E7B5495DE,validation
ID_3E7BC90B42,train
ID_3E7CBD7AC1,train
ID_3E7E982B88,train
ID_3E7F1202BF,train
ID_3E7F3AC180,train
ID_3E8072C0FC,final
ID_3E811B741B,train
ID_3E840D6E89,train
ID_3E8467946C,final
ID_3E850AB16F,train
ID_3E86705FBE,train
ID_3E86F2E3BA,validation
ID_3E87708C43,final
ID_3E877D23F8,validation
ID_3E89A7B523,train
ID_3E8E9C03D8,train
ID_3E8FB8BD19,train
ID_3E9426CCC7,train
ID_3E957BC8B3,train
ID_3E95B9B8C6,train
ID_3E965F52F7,train
ID_3E96F1A336,train
ID_3E9B647170,validation
ID_3E9E1ABACB,validation
ID_3E9E94041B,train
ID_3E9E954BE6,validation
ID_3EA00C5BFB,final
ID_3EA14F1E64,train
ID_3EA2B26A92,train
ID_3EA34FD576,final
ID_3EA73C5633,train
ID_3EAB4ECAC7,train
ID_3EB0E14AA5,train
ID_3EB35F89B3,validation
ID_3EB4B535CB,train
ID_3EB50CB658,train
ID_3EB7A5205C,final
ID_3EB8DCC232,train
ID_3EB91F7D3D,validation
ID_3EBAA4773A,train
ID_3EBB14E4AB,train
ID_3EBCCD6E15,train
ID_3EC30AC6B6,train
ID_3EC515A130,train
ID_3EC869D6E4,final
ID_3EC8B3451F,train
ID_3EC94F9620,train
ID_3EC969546F,train
ID_3ECEF6B7DE,train
ID_3ED0864E34,train
ID_3ED265CECD,train
ID_3ED904299A,validation
ID_3EDB62ADEB,train
ID_3EDC57EDA2,train
ID_3EDD51B835,train
ID_3EDD76352A,validation
ID_3EDDA06352,final
ID_3EDE1D4938,train
ID_3EE09CA990,final
ID_3EE5BAAD82,validation
ID_3EE694DDF9,final
ID_3EE8041639,train
ID_3EE8E5EE22,train
ID_3EEA314F4D,train
ID_3EEBDDB394,validation
ID_3EEF01AD54,train
ID_3EEF4BB720,train
ID_3EF1744AA4,train
ID_3EF179412A,final
ID_3EF1A17A6D,train
ID_3EF2217E8D,validation
ID_3EF2EEE97F,train
ID_3EF3BFED4D,train
ID_3EF421AEE3,train
ID_3EF5810C14,train
ID_3EF986FF4E,train
ID_3EFB30DF19,train
ID_3EFE4A7384,final
ID_3EFF30AC92,validation
ID_3F00912E13,train
ID_3F03161152,validation
ID_3F039CBA8A,train
ID_3F045584B8,train
ID_3F04C8DF7C,train
ID_3F053E8679,final
ID_3F06F45899,final
ID_3F0813281B,final
ID_3F08B3E02D,final
ID_3F0957F11F,train
ID_3F0A74AE86,final
ID_3F0B7942E0,train
ID_3F0BCFB29F,final
ID_3F0C69332F,train
ID_3F10041295,train
ID_3F11C690B8,train
ID_3F122ECF3B,final
ID_3F13BEE64A,validation
ID_3F13C90890,train
ID_3F1407BFD0,train
ID_3F1471140B,train
ID_3F1E7BB8D2,train
ID_3F1ED2C43A,validation
ID_3F2455253C,train
ID_3F24FB653D,train
ID_3F25FD938A,final
ID_3F26B1CF66,train
ID_3F27AFBC53,train
ID_3F2B48D392,validation
ID_3F2C02D641,train
ID_3F2DF7E0D0,final
ID_3F2F024712,train
ID_3F2F771471,validation
ID_3F3063D1FB,train
ID_3F32780D7D,final
ID_3F33BF1FB7,final
ID_3F33E28C58,train
ID_3F358F3E62,train
ID_3F36F32E9C,final
ID_3F36FFA6C0,final
ID_3F3853F534,train
ID_3F3D0E839E,train
ID_3F3D519B79,train
ID_3F41C9C2C9,train
ID_3F420F22B0,train
ID_3F4398F946,train
ID_3F4799A25C,train
ID_3F4A7D191C,validation
ID_3F4AB7F840,train
ID_3F4B329E8C,train
ID_3F4F1B44F2,validation
ID_3F4F58CF41,train
ID_3F54F081C5,train
ID_3F558AB0EF,train
ID_3F5614FD82,final
ID_3F561895D2,train
ID_3F565BC5C8,validation
ID_3F57408278,final
ID_3F5A5C5D5B,train
ID_3F5B7721B4,train
ID_3F5CC7E9EE,train
ID_3F5ED06115,train
ID_3F6105A186,final
ID_3F63CF6E6E,final
ID_3F66834E2D,validation
ID_3F67A3CA58,train
ID_3F6912109A,train
ID_3F699797DB,train
ID_3F69E9EBD9,train
ID_3F6C2C1F0D,train
ID_3F6CCEAB97,train
ID_3F6DD9E1C4,final
ID_3F6F462D1E,final
ID_3F7025BFA5,train
ID_3F72F8CD41,train
ID_3F75D3A671,final
ID_3F762142E8,final
ID_3F769A2286,final
ID_3F7A1DA997,train
ID_3F7C31BCC1,final
ID_3F7C8880D7,train
ID_3F7CDB6E02,validation
ID_3F80652609,train
ID_3F860B9BD8,train
ID_3F8614E90D,train
ID_3F8C78A31E,train
ID_3F8C82BBC0,train
ID_3F8D794260,train
ID_3F8FD295F5,train
ID_3F90301756,train
ID_3F9285D6EB,validation
ID_3F95E6ED83,final
ID_3F998A6458,validation
ID_3F99F03B13,final
ID_3F9C620867,validation
ID_3F9DA07A93,train
ID_3FA07FAD77,validation
ID_3FA0A97A05,train
ID_3FA3EA32E9,final
ID_3FA8B4CBFD,train
ID_3FAA565DA0,validation
ID_3FB33434E8,validation
ID_3FB367F342,train
ID_3FB7001A9D,train
ID_3FB76A8D04,final
ID_3FB8938539,train
ID_3FB9373F91,train
ID_3FBBAF4969,validation
ID_3FBD60D0D0,validation
ID_3FBEB32039,train
ID_3FBF456B69,train
ID_3FBFCC943F,train
ID_3FC0373C58,train
ID_3FC3489C54,final
ID_3FC3A09240,train
ID_3FC45C699E,train
ID_3FC63EAAF9,train
ID_3FC77BBDE2,train
ID_3FC8657A2F,train
ID_3FC9016424,train
ID_3FC92B1385,final
ID_3FC99629F7,validation
ID_3FCAE93E98,train
ID_3FCB4B0169,train
ID_3FCD8A6833,train
ID_3FCD962A18,train
ID_3FCFA68D0C,train
ID_3FD016AA04,validation
ID_3FD3769E33,train
ID_3FD4384872,validation
ID_3FD4C112BD,final
ID_3FD6F5BDAE,train
ID_3FD6FA89C5,train
ID_3FD75AF84A,train
ID_3FD9BAAC4F,validation
ID_3FDAD52680,final
ID_3FDDC5AABE,train
ID_3FDE7AC617,final
ID_3FE36B9DA1,train
ID_3FE3A6B1CF,final
ID_3FE6CC6784,validation
ID_3FE7FDB92D,final
ID_3FE81FE6F8,validation
ID_3FE8F49140,final
ID_3FEA78B0AB,train
ID_3FEAF71099,train
ID_3FEB02EDFE,train
ID_3FEE054CE3,train
ID_3FEF279003,train
ID_3FF061FAF2,validation
ID_3FF3E3F0D1,train
ID_3FF79E5894,train
ID_3FF7F49AD3,train
ID_3FF987BD03,final
ID_3FF9FB2DB7,final
ID_3FFC8ED753,train
ID_3FFD16552F,train
ID_3FFDBC285F,train
ID_40012E4C96,validation
ID_4002E479BD,train
ID_40051ADF1C,final
ID_4009E76E53,validation
ID_400B4ED7E6,validation
ID_400CBD4C34,train
ID_400D97DA4A,train
ID_400DA360DD,train
ID_4010B53110,train
ID_4010EE7450,train
ID_40150CDB83,train
ID_40165CACE4,final
ID_401836087F,validation
ID_401B9910AA,train
ID_401C7945A2,train
ID_401C7A42EC,train
ID_401D261E43,final
ID_401D354BE6,train
ID_401D628762,train
ID_401D694E84,train
ID_401DC6458C,train
ID_401E81FEBE,train
ID_40204298AB,final
ID_4020E4F0BC,train
ID_40224C2679,train
ID_4022B2DDB3,train
ID_4023A3819A,validation
ID_4023F3BD07,train
ID_402BB2BA5A,final
ID_402ED3452C,final
ID_403071425E,final
ID_40320C965B,final
ID_4032265056,train
ID_4033202C04,train
ID_4033581C06,validation
ID_40338F47A0,validation
ID_4034436CDD,final
ID_40348C3C53,train
ID_4036812F7D,final
ID_4036AF2384,train
ID_40372ED76A,final
ID_40388AAD86,train
ID_40397D25B7,train
ID_4039EBEEB0,train
ID_403CD6BFE7,train
ID_4040FDCC2C,final
ID_4041840A2B,train
ID_4042C2AA03,train
ID_4043BFCA94,train
ID_404590764B,train
ID_404596269F,train
ID_40461A00DC,train
ID_4047A8523E,train
ID_4048BB139E,final
ID_4049231538,train
ID_404A0DE161,train
ID_404A7513A2,final
ID_404BA729F6,train
ID_404DC729BC,train
ID_404F91650A,train
ID_4051C4280E,final
ID_405552B38E,train
ID_405A4FBCE0,train
ID_405AF8B48B,train
ID_405B450AFA,final
ID_405BA80C00,train
ID_405BC42C06,validation
ID_405CE0C433,validation
ID_405E33CEE3,train
ID_405F0C46CE,train
ID_405FEBF62E,train
ID_4063DA7A47,final
ID_4064EBE106,train
ID_406570110E,final
ID_4065C2EF38,final
ID_4067608F60,final
ID_406A52DE72,train
ID_406F09A004,train
ID_406F217EBA,validation
ID_406FDC2810,validation
ID_4070F596B0,train
ID_407201CEBB,train
ID_4075935FDC,train
ID_4075D549E3,train
ID_40760239ED,train
ID_4077BAAC42,train
ID_4079444FF3,validation
ID_407AC9D694,final
ID_407D85A1DC,train
ID_407ED3BD7E,validation
ID_408020F548,train
ID_4081DD7CE4,train
ID_40827CBD2F,train
ID_40833A43AB,final
ID_4083F8782B,train
ID_40880DAE63,train
ID_40883DA52A,validation
ID_408B674070,train
ID_408BE71A2F,final
ID_408F0D5CB6,train
ID_4092E13CAC,train
ID_40980C33B5,validation
ID_409955E141,validation
ID_409AFE81E5,train
ID_409B6C6EB0,train
ID_409CB7F34D,validation
ID_409EDDCC51,final
ID_40A1ACFFAD,train
ID_40A221C218,train
ID_40A2372A08,train
ID_40A3E3AC93,train
ID_40A4309015,train
ID_40A443A33A,train
ID_40A4FAD183,train
ID_40A53E8837,train
ID_40A5EF4F30,train
ID_40A78876A0,train
ID_40A94CF7AB,train
ID_40AB12DE9E,final
ID_40AB1DA888,validation
ID_40B0084A04,train
ID_40B355387F,train
ID_40B472C37A,validation
ID_40B5DC9ED2,train
ID_40BB863A70,train
ID_40BBF63419,train
ID_40BCD5860A,final
ID_40BD0D8708,train
ID_40C033DE72,final
ID_40C05E5BD1,train
ID_40C2EF430E,train
ID_40C57176A4,train
ID_40C6D4F66D,validation
ID_40C7B108D3,final
ID_40C7FADF3B,train
ID_40C9BCC9BA,train
ID_40CB4BB7E8,train
ID_40D0744955,train
ID_40D4E300C1,final
ID_40D57FD1A9,validation
ID_40D80F1999,validation
ID_40D984C63E,train
ID_40D98E81A9,final
ID_40DE95D7E7,train
ID_40DFAE3770,train
ID_40E0DC7F83,train
ID_40E221A579,train
ID_40E482E53D,train
ID_40E75DCD8C,train
ID_40E959DE07,train
ID_40EA1125B2,validation
ID_40EA559F76,train
ID_40EA759C74,final
ID_40EE3394C0,validation
ID_40EE94C0B5,train
ID_40F05BD448,train
ID_40F0857157,train
ID_40F2BA4A09,validation
ID_40F640AF0E,validation
ID_40F7B54045,validation
ID_40F9DB3C2D,final
ID_40FCBE2BFB,train
ID_40FCE80180,train
ID_40FD9F1794,train
ID_4102B87492,train
ID_4104E49175,train
ID_41053BA963,train
ID_4105DF4F56,validation
ID_410CDE9970,train
ID_411002D79D,train
ID_41142FDAA5,final
ID_4119C9D944,train
ID_411B491091,validation
ID_411BCC6FD7,train
ID_411F35B4EC,final
ID_41250A7E28,train
ID_412798F643,train
ID_4128A31989,train
ID_4128DF8357,final
ID_412B6A1876,train
ID_413131DD44,train
ID_413390BC03,train
ID_4138C5F82C,train
ID_413D7B606F,final
ID_413F0BBE0E,validation
ID_4140F96820,train
ID_4140FF1AF8,train
ID_4144F19B73,final
ID_4145E507AA,train
ID_41489B98BF,train
ID_4149E92A78,train
ID_414AEDD1FB,train
ID_414B0F7C45,train
ID_414B802D47,train
ID_414B8BC988,validation
ID_414BC4D418,train
ID_414CC7EFEF,final
ID_414D22CC18,train
ID_4153F6D289,train
ID_4154ABD725,train
ID_4156F0E6F6,train
ID_415BEF8C09,train
ID_415F85A7D1,train
ID_4160D23C9F,train
ID_41621EE26D,train
ID_4162E7791C,train
ID_416AB12CF5,train
ID_416B1F7E07,final
ID_416F9F3654,final
ID_4174458365,validation
ID_41762412EE,final
ID_417C6C57C5,train
ID_417F6A6A49,validation
ID_4180FACB5D,train
ID_418206BDBE,final
ID_418684DFF7,train
ID_4188629D6F,train
ID_418996825C,train
ID_418A40DDBF,train
ID_418B520FE2,train
ID_418BE69260,train
ID_418D15219A,final
ID_418FA116D5,final
ID_4191804104,validation
ID_41930AE03B,validation
ID_4193BD2487,validation
ID_41941A4430,train
ID_41953B518E,train
ID_4196C197E4,train
ID_4197607B1F,final
ID_419F20187B,train
ID_419F8DB05E,validation
ID_41A13256BD,validation
ID_41A2312DD7,final
ID_41A63D7EC0,train
ID_41A69B55FF,train
ID_41A94853DF,train
ID_41A9B42A66,train
ID_41AC04310D,validation
ID_41AC56FB15,train
ID_41AD1C9C48,validation
ID_41AD1EDF3F,train
ID_41AD69D2CC,train
ID_41B2F6FA8C,validation
ID_41B30186E3,train
ID_41B34FF6AF,train
ID_41B42D38CD,validation
ID_41B520E0FC,train
ID_41B5730340,train
ID_41B624E62C,train
ID_41B773A333,train
ID_41B7EB74AC,train
ID_41BDC331C5,train
ID_41C011FB93,final
ID_41C2919F7B,validation
ID_41C29BD66E,train
ID_41C3ED5143,train
ID_41C4434901,train
ID_41CB932B35,final
ID_41CCCE5FA1,train
ID_41CDE62337,train
ID_41CE1E8D98,train
ID_41CE89D53A,train
ID_41CF475C79,train
ID_41CF8EF98A,train
ID_41D42517C9,train
ID_41D85D357D,validation
ID_41D9563E7B,validation
ID_41DAD924C7,validation
ID_41DBD1870D,train
ID_41DF8B3EA7,final
ID_41E0046E36,train
ID_41E1AC7459,train
ID_41E378D747,validation
ID_41E63C3D29,validation
ID_41E6C37D0C,validation
ID_41E8005B06,train
ID_41EACBCAE6,train
ID_41EC732CA7,train
ID_41F0C86BB0,train
ID_41F1307F3A,train
ID_41F5A3508E,train
ID_41F85C6772,validation
ID_41FA5B6E2D,train
ID_41FB1F9F71,final
ID_41FDB86549,final
ID_41FFC7BE14,train
ID_4200B5C274,validation
ID_42023E3F86,final
ID_4203CE6331,train
ID_42065E3FEB,train
ID_42070B531F,train
ID_4207768AEF,train
ID_420826DF09,final
ID_42088D4DD8,train
ID_4208BE919E,train
ID_4208D411CC,train
ID_42096D18DF,validation
ID_4209E26CB7,final
ID_420C9034D1,validation
ID_420FAB8151,train
ID_42106196BA,train
ID_421425FF07,train
ID_421473C5FB,train
ID_4216418EAC,train
ID_4217F93B52,validation
ID_4218A00A60,train
ID_421B166820,final
ID_421FCD7DE1,train
ID_42217F62C8,train
ID_42221E6251,train
ID_422337B76A,train
ID_422361DAE9,train
ID_4227B0CE86,train
ID_4227B4B0F7,train
ID_4228BDBB8B,train
ID_422A2DFF3A,train
ID_422C2CED59,train
ID_422F28A3A1,train
ID_42325C52E9,train
ID_42332A32EB,train
ID_423448F523,final
ID_42396B2869,train
ID_4239ACC900,train
ID_423B5C7385,train
ID_423BD98836,validation
ID_423C85FC2A,final
ID_423E0AFB9E,train
ID_423F091773,validation
ID_4241392BA3,validation
ID_42415EC713,train
ID_4242C4F294,validation
ID_42439C683D,train
ID_424431AD76,train
ID_424466C0FA,final
ID_42472E1A83,train
ID_4247CEAC4D,validation
ID_4247CF136D,validation
ID_42484BB87D,train
ID_42486AADFF,validation
ID_424B07F0CB,validation
ID_424CA2CE54,validation
ID_42505C09E1,train
ID_4250E1F9BC,train
ID_42524B026E,final
ID_4253D47020,validation
ID_4254320426,train
ID_42568D87AA,final
ID_425861F13F,final
ID_425AA8B0AA,final
ID_425B171145,validation
ID_425BDC1E5D,final
ID_425CD507B6,validation
ID_425FFB3083,train
ID_42603F1C6A,train
ID_4260C01120,final
ID_4261D5A8E9,train
ID_426281C19A,train
ID_42628FAFFA,final
ID_42633E1320,train
ID_4264080FF1,validation
ID_42644C3687,train
ID_42651E54C1,train
ID_426A3C3301,train
ID_426A7F66FA,validation
ID_426A86FB11,train
ID_426AF3AAA9,final
ID_426C1E55DF,train
ID_426C8888D5,validation
ID_426E91656A,final
ID_42707966E5,train
ID_42739D77B1,train
ID_42768707B1,final
ID_428056669F,train
ID_42829795C5,train
ID_4282ADC07F,train
ID_4282B1C7BB,train
ID_42839BAB7C,train
ID_42860A9F1D,train
ID_42882893A3,validation
ID_4288E53F0A,final
ID_4289A2F60C,train
ID_428A0F7247,train
ID_42903168D1,validation
ID_4291A3C003,validation
ID_4291CC45FF,validation
ID_42923DC7D7,train
ID_4295A62D47,train
ID_42978C5930,train
ID_4297C58C27,train
ID_4299A68F8E,train
ID_429C8CAB9A,validation
ID_429CE5C726,train
ID_429F6B0B75,train
ID_42A322A14E,train
ID_42A78C5618,validation
ID_42A79D9F9B,train
ID_42A7EDE354,validation
ID_42A95FC08C,train
ID_42AA7BB880,train
ID_42AAAD2275,train
ID_42AE4DD02A,train
ID_42B01695DE,validation
ID_42B0202CBE,final
ID_42B0583DFD,validation
ID_42B15308E9,final
ID_42B1FB8D9D,train
ID_42B53ECFC0,train
ID_42B60CC975,train
ID_42B68D7185,train
ID_42B7BC9A82,train
ID_42B7D4CB9F,train
ID_42BA222524,train
ID_42BAC6A0D8,final
ID_42BB2DAF57,final
ID_42BC745A1C,train
ID_42BE20F5D1,train
ID_42C0F970D5,train
ID_42C32AD1D2,train
ID_42C75EB920,final
ID_42C78339EC,train
ID_42C9A6D3BD,final
ID_42CDA1E4D4,train
ID_42CDCB3ABD,train
ID_42CFC3F69B,validation
ID_42D02886BB,train
ID_42D2AEFC3B,train
ID_42D4D0A407,train
ID_42D6523AB6,train
ID_42D8A6E468,train
ID_42D97C3C93,train
ID_42DB8FC057,final
ID_42DE313F2A,validation
ID_42E0069E99,train
ID_42E3A606E5,train
ID_42E41B7A4D,train
ID_42E4EF04B3,train
ID_42E5162B71,final
ID_42E6A20753,train
ID_42E8057C8F,validation
ID_42EA47D8A2,validation
ID_42EBCBC94E,train
ID_42EBFC929F,final
ID_42EC6D189F,validation
ID_42EF7E5AB3,train
ID_42F0538D7E,final
ID_42F1B35AE5,validation
ID_42F3396295,train
ID_42F486100E,train
ID_42F4E2E3AB,validation
ID_42F5DF7DB3,train
ID_42F6044AA6,train
ID_42F879229A,train
ID_42FE7B872C,train
ID_42FF251747,train
ID_42FFC18BD7,train
ID_4300161013,train
ID_4300696345,final
ID_4301305D70,final
ID_430176FF26,train
ID_4303D30914,validation
ID_43043A46E6,train
ID_430594CBF4,validation
ID_4305E79106,final
ID_4306E98669,train
ID_43075AEDCD,train
ID_430C8DC359,validation
ID_430D23C010,train
ID_430E845225,train
ID_430F5AA23A,final
ID_43107EE7B9,train
ID_43119CF718,validation
ID_43123158D3,validation
ID_43128E904B,train
ID_4314169ECA,train
ID_4314E63FBE,train
ID_43171F882D,train
ID_431C78CC58,train
ID_431CF79837,validation
ID_431D3605D9,final
ID_4321D89116,train
ID_43228B01B3,train
ID_43239DFD0D,validation
ID_43243FD835,validation
ID_432865FC64,train
ID_43289E66BF,final
ID_432B69CFA0,validation
ID_432C69EE2B,train
ID_432E15B6D4,train
ID_43318C1D4A,train
ID_4332E45C44,validation
ID_433343FC62,final
ID_4333C7B828,train
ID_4333DB94A8,validation
ID_4333F4FDFB,train
ID_43380BF45A,train
ID_433907EEE2,final
ID_4339724789,train
ID_433A34C0AB,train
ID_433B70A9C0,train
ID_433BE1A1D1,final
ID_433C065D42,final
ID_433C22B935,train
ID_433F74DC29,train
ID_433F8C0C91,validation
ID_434035EBB8,train
ID_434329529F,train
ID_43434A9C42,final
ID_4343D88AD8,final
ID_434402C577,train
ID_4347CB3D92,train
ID_43485E5884,train
ID_435471EA48,train
ID_4357F8776D,validation
ID_4359AA6B02,train
ID_435AFA20F3,train
ID_435BE12E1C,train
ID_435D7CF70B,final
ID_435F998F11,train
ID_43617FEDB0,train
ID_436298FA63,final
ID_4363A2C2E0,train
ID_43642228BE,final
ID_4365431A35,validation
ID_4366E0EF74,final
ID_436A300B1D,train
ID_436A6F0050,validation
ID_436B506ECE,final
ID_436B59E04A,train
ID_436C7C4358,train
ID_436E07DBEA,final
ID_43718CE90D,train
ID_4377146979,train
ID_4378C4284F,final
ID_4379A00FC6,final
ID_437A500377,validation
ID_437A89C0E7,final
ID_437AC73C10,train
ID_437C9023C5,train
ID_437E376300,train
ID_4380BCBDBD,train
ID_43819B85F6,train
ID_4382C69524,train
ID_4383B50314,validation
ID_4383FC54CF,final
ID_4384F140D7,validation
ID_43853D7FD6,validation
ID_43878FF2CF,validation
ID_43892F1EAC,train
ID_438CF60A56,train
ID_438F19E7E8,train
ID_4391907CA3,train
ID_439513C031,train
ID_439611CB52,train
ID_439B6C2BC1,validation
ID_439CE429ED,validation
ID_439E20F3A2,train
ID_43A128E233,train
ID_43A1839D43,validation
ID_43A2012E01,train
ID_43A6B8E889,validation
ID_43A787E025,train
ID_43A81CA2D4,train
ID_43A8C201EB,train
ID_43ABC27B5E,validation
ID_43AD1F71D8,validation
ID_43B2691799,final
ID_43B4262D93,validation
ID_43B53AFB1B,train
ID_43B6502481,validation
ID_43B67408F6,train
ID_43B6FB185A,final
ID_43B80DC7ED,final
ID_43B8C6E348,final
ID_43B8DA467F,train
ID_43B951D1E6,final
ID_43BA4A0542,train
ID_43BD44A9F7,train
ID_43BEB5B770,train
ID_43C0E3CD4D,validation
ID_43C1CDD40F,validation
ID_43C1D5C215,final
ID_43C404F6F6,train
ID_43C7D2AF69,validation
ID_43C86BA363,validation
ID_43C8D50D67,train
ID_43C8F99D36,train
ID_43CA478973,validation
ID_43CA775A42,train
ID_43CC9259F9,train
ID_43CD3869C6,train
ID_43CFF93F2F,train
ID_43D2210219,train
ID_43D5CB0754,train
ID_43D7531D9A,train
ID_43D92B09B8,train
ID_43DB6C3377,validation
ID_43DD1266D4,train
ID_43DE149A16,final
ID_43DE1F46C5,train
ID_43DE42EFC1,final
ID_43DEFC374A,validation
ID_43E1113FF2,final
ID_43E36B3002,validation
ID_43E427E43C,validation
ID_43E460C916,train
ID_43EAE3295F,train
ID_43EAED9C9F,train
ID_43EAF57522,train
ID_43EBAE7987,train
ID_43F1D16E18,train
ID_43F1E26211,train
ID_43F1FF4DE4,train
ID_43F276A7B0,validation
ID_43F28833F0,final
ID_43F5ABB806,train
ID_43F858426C,train
ID_43F87DE9CD,train
ID_43F8FF7AF1,final
ID_43FAC2BB33,train
ID_43FBF955D0,final
ID_43FCB90176,train
ID_43FD2F1462,validation
ID_440067B565,train
ID_44006CC173,validation
ID_44069149C1,train
ID_4406C082EB,train
ID_4406EE0CF6,train
ID_4407008338,train
ID_44082EFF59,train
ID_440FB7E3DB,train
ID_44121DEF03,train
ID_4412FA83A6,final
ID_441407AA1E,train
ID_44142AF530,train
ID_4419094AE1,train
ID_441AB26C54,validation
ID_441AB7BD92,train
ID_441BA5C30D,final
ID_441D050E22,train
ID_441F247CAC,final
ID_4420383C40,validation
ID_44223A9668,validation
ID_4422DD878A,train
ID_4422EF9C8B,validation
ID_4424707B7B,train
ID_4425292E06,train
ID_4428B1FEF3,final
ID_442981EE07,train
ID_4430FCA194,validation
ID_4435BF6746,train
ID_4436988E55,validation
ID_4438DF204C,final
ID_4439F570E3,train
ID_443A11193A,train
ID_443AA0C969,train
ID_443BCD2580,train
ID_443CAB92AC,train
ID_443EB0878D,train
ID_443F36AC79,train
ID_443FD81003,train
ID_4443694E37,validation
ID_4443940003,train
ID_444609688C,train
ID_444739ECC5,train
ID_444893DD85,train
ID_444A48DE72,final
ID_444D4548D2,validation
ID_4450AA4093,train
ID_4450F6DD5B,train
ID_4452537712,train
ID_44545CF035,train
ID_4458C3D5F8,validation
ID_4460A604B0,validation
ID_44613E5D6E,train
ID_44621943C8,final
ID_4463194A94,train
ID_44636D9AC2,final
ID_44675960F8,train
ID_44682838CC,final
ID_4468B2DBFA,train
ID_44691A178D,validation
ID_446AD4147B,train
ID_446E76D944,train
ID_44711D9042,train
ID_44728FD5E7,train
ID_4473F5964B,train
ID_44746DDE30,validation
ID_44760B2EC1,final
ID_4476A9E897,train
ID_447742BEAB,train
ID_4477552AC3,final
ID_4478EC2844,train
ID_447B20E8CB,train
ID_447BC0B52D,train
ID_447F0165C3,train
ID_447F478AEC,validation
ID_4480EC2B5E,final
ID_4482144E01,train
ID_4482324F53,train
ID_44835F895B,final
ID_4483AB13CC,validation
ID_44847396A6,train
ID_4484B1AAA4,final
ID_4484E20B23,final
ID_448765D814,validation
ID_44885DE4DA,train
ID_4488FF8E22,train
ID_448A5AEEA1,validation
ID_448D06530F,train
ID_448DF0F9F9,train
ID_448FD6C0E9,final
ID_4493EC2AB1,train
ID_4494F39626,validation
ID_4494F6E270,validation
ID_44953D12DC,train
ID_449684B2E0,validation
ID_449812DFA0,validation
ID_44982A9C07,train
ID_449B4C77A4,train
ID_449BA15C73,train
ID_449C199533,validation
ID_449CD59625,train
ID_449D3A29B5,train
ID_449F04C88C,final
ID_449F688A81,final
ID_44A0FB22BC,validation
ID_44A2315ABD,validation
ID_44A534C103,final
ID_44A780048E,train
ID_44A90642C4,train
ID_44A9E82FF3,train
ID_44AA2A3A20,final
ID_44AAA1073F,validation
ID_44AD10E41D,train
ID_44ADA4E192,train
ID_44AEAC1301,train
ID_44AEDEFC1B,train
ID_44B00CBCC7,train
ID_44B21A8A41,train
ID_44B4F72EEA,train
ID_44B71C72BA,train
ID_44B758C0E7,train
ID_44B7740A4A,validation
ID_44B897EFE3,train
ID_44B8B8130A,validation
ID_44BAD2BE50,validation
ID_44BB3D9F53,final
ID_44BB9D8697,train
ID_44C24F785E,validation
ID_44C2E3B449,validation
ID_44C3AAFB34,train
ID_44C55C3129,validation
ID_44C6A078CC,final
ID_44C6F1ED25,train
ID_44C79B0859,final
ID_44C7A00B5F,final
ID_44C8363C8B,final
ID_44CBDA4EAD,train
ID_44CC370F9E,validation
ID_44CCBE3E70,final
ID_44CCF9C683,train
ID_44CD18A540,train
ID_44CE71A98F,train
ID_44CEA0E4CA,train
ID_44D2362BE7,train
ID_44D537FC6F,train
ID_44D7330ADF,validation
ID_44D809B528,final
ID_44D8FCAFE3,train
ID_44DD314094,train
ID_44DD610AB2,train
ID_44DE46598C,validation
ID_44DF7DFA5B,final
ID_44E09373A2,validation
ID_44E0FF43F3,train
ID_44E212CB8C,train
ID_44E4D9FAC5,train
ID_44E53C26B8,train
ID_44E5A1EE72,validation
ID_44E70ACC5F,train
ID_44E8495DEF,validation
ID_44E8986F9C,final
ID_44E9680635,train
ID_44E9FBB80A,validation
ID_44EB35D9BF,train
ID_44F0E7ACF5,train
ID_44F24EF482,validation
ID_44F2D00239,final
ID_44F5104E40,train
ID_44F64BF370,final
ID_44F6665CA2,train
ID_44F7B4B657,final
ID_44F8003716,train
ID_44F817AFED,train
ID_44F864B60E,final
ID_4501FCA0BB,train
ID_450225032B,train
ID_45047714CC,train
ID_45058C0D93,train
ID_450904BDEE,train
ID_4509DAE1E4,train
ID_450A1ABB07,train
ID_450B3118C4,final
ID_450BA7047D,train
ID_450C5357BF,final
ID_450C88D44E,train
ID_450D1470D1,validation
ID_450EAF3BF0,final
ID_45136A98B8,validation
ID_4513D0BABD,train
ID_4513EF8DF1,validation
ID_45141622D2,final
ID_4514382168,validation
ID_4517A4A0AE,validation
ID_45182500CE,validation
ID_4519581A15,train
ID_451B909094,train
ID_451BDA6937,train
ID_451DB421BE,train
ID_451F1DB23D,train
ID_45213ADBFD,train
ID_4524973129,train
ID_452622B1DF,train
ID_4527873C2A,final
ID_452A28EADB,train
ID_452B00C33A,final
ID_452B2E22DD,train
ID_453016FFB5,train
ID_4530206D41,final
ID_4537B4184E,final
ID_453A1A3722,train
ID_453AD53A19,train
ID_453B4167A5,final
ID_453C03341B,validation
ID_453C836810,final
ID_453E626BE2,train
ID_453E67C743,final
ID_4541C51DE4,train
ID_4546C77126,train
ID_454CD55CE5,validation
ID_4550F854F9,final
ID_45544ACA80,train
ID_4558F8AF08,train
ID_455AED34C8,validation
ID_455C8A679C,train
ID_455D21F053,train
ID_4560B49FB9,train
ID_456182C2D5,train
ID_4561C9A6E5,final
ID_4562223E59,validation
ID_4562A9300F,final
ID_4563E10700,train
ID_4564D77F29,train
ID_4566750318,train
ID_4569BF7B82,train
ID_456A289BC1,train
ID_456A5D680A,final
ID_456A8B8568,train
ID_456AB04C6B,final
ID_456D12516C,train
ID_456F72D05C,train
ID_457199771D,validation
ID_4572662C67,train
ID_4574441BA5,train
ID_4574718EB1,final
ID_4574B98E89,train
ID_457A7898B7,validation
ID_457ABDB20F,train
ID_457BCB2632,final
ID_457D4D8B42,validation
ID_457F147C9B,validation
ID_45833071F1,train
ID_4585C4C8A3,final
ID_45873DC781,final
ID_458A49FC5C,train
ID_458C6B24D0,train
ID_458E3EE9F3,validation
ID_4593DF2157,train
ID_4594F014F0,final
ID_4596D253B1,validation
ID_45983B8F0B,train
ID_45988122AA,train
ID_459BA41F4F,train
ID_459D4BF3CD,train
ID_459DA58EA9,final
ID_459EB7C390,train
ID_459F20C7D0,train
ID_459F7BEBF9,final
ID_45A14A7A1F,train
ID_45A2833C06,train
ID_45A58CD39C,train
ID_45A9EB81AC,train
ID_45AC2672A0,validation
ID_45AD3DE72A,final
ID_45AD699929,final
ID_45B00E78AE,train
ID_45B21F748D,train
ID_45B2A200B2,train
ID_45B4F7C3FE,train
ID_45B564224D,train
ID_45B6E29723,train
ID_45BDB2DA66,final
ID_45BF2EC176,validation
ID_45C113176A,final
ID_45C1185942,train
ID_45C3C140A6,final
ID_45C56CD781,train
ID_45C7E12108,train
ID_45C983EB37,final
ID_45C9E603E2,train
ID_45CAC32DFE,train
ID_45CDEC35AF,train
ID_45CDEF889E,train
ID_45CE6B533B,validation
ID_45CF2F9FC9,final
ID_45CFC199F6,train
ID_45D0631549,train
ID_45D0944B25,validation
ID_45D0BD2B53,train
ID_45D0C00604,train
ID_45D18E8542,validation
ID_45D214781D,train
ID_45D322D8A6,train
ID_45D3787D54,train
ID_45D57E6D06,train
ID_45D613B6B7,final
ID_45D6226DB2,final
ID_45D7157D81,validation
ID_45D776F71B,train
ID_45D8BF2B87,train
ID_45DE4F887E,train
ID_45DEB4A6D3,train
ID_45DEEE0A62,validation
ID_45E05C7091,validation
ID_45E0A9386A,train
ID_45E56F0560,validation
ID_45E5BBA9B3,train
ID_45E8CB334C,train
ID_45E9D9DDF2,final
ID_45EAE80BF1,validation
ID_45EBEB6B61,train
ID_45EC6C2CD0,train
ID_45F0FCC1BB,train
ID_45F18612D5,validation
ID_45F1C10C2B,validation
ID_45F2CE70E2,train
ID_45F4B0CA0A,train
ID_45F5995286,validation
ID_45F8FF5752,final
ID_45F9393B08,final
ID_45F9AA7060,train
ID_45F9BD27FB,validation
ID_45FC931E37,validation
ID_45FEA0BE98,train
ID_4601B4AC74,validation
ID_4603E199B7,validation
ID_460597724F,train
ID_460603CEEB,final
ID_4606127112,final
ID_460A1F0C9D,train
ID_460D17EDC8,train
ID_460D206B30,final
ID_460D42897F,validation
ID_46124880DD,final
ID_4614ED53C4,train
ID_46208BB330,train
ID_4622CE0999,train
ID_46235A5B24,validation
ID_46236824FC,final
ID_4624FD9DA1,final
ID_46255C50DA,final
ID_462985AAD1,train
ID_462CF61465,train
ID_4630213661,train
ID_4632047773,validation
ID_463286C5E1,train
ID_4632F89EA9,final
ID_4633711668,validation
ID_4634BDA0DF,train
ID_4635325266,train
ID_4635490240,train
ID_46372509AD,train
ID_4637C9B374,validation
ID_463A321D28,validation
ID_463D4EF099,final
ID_463E89C3E5,validation
ID_4641911F84,train
ID_464373CC4C,train
ID_4649E19192,train
ID_464A857FC9,train
ID_464C6130B3,train
ID_464D6371FF,train
ID_464F1F83CC,final
ID_464FA6FD80,validation
ID_465473B027,train
ID_465553975F,validation
ID_46567D1F2A,train
ID_4656DAD304,train
ID_4658B72F8D,validation
ID_465BB53B2B,train
ID_465BFFF25E,train
ID_465C4CE277,final
ID_465E70C83B,validation
ID_465F4DC036,validation
ID_465FF96FDC,final
ID_4662AE906B,train
ID_4664E56155,validation
ID_46688F7213,train
ID_466A570E0F,validation
ID_466AB57041,train
ID_46708580FF,train
ID_4673108DDD,train
ID_4676ABA73D,final
ID_4676EC775C,final
ID_46786A758D,train
ID_4678C1DEA4,train
ID_467B842FFE,train
ID_467C00D709,train
ID_46818FB04E,train
ID_46848D100E,final
ID_468AD613E4,train
ID_468BB67A71,final
ID_468E9040BE,validation
ID_468F152CA4,train
ID_468F74CD5B,train
ID_468FE98DB3,validation
ID_4690DDBA6C,train
ID_46911CA0EF,train
ID_46921A7F6A,train
ID_469354200F,final
ID_4694BC907B,train
ID_4694CD92FC,validation
ID_4698D14C80,final
ID_469BD3DF17,train
ID_469D8EEB70,validation
ID_469F17D713,validation
ID_46A0589981,validation
ID_46A6C99B9F,final
ID_46A9958DF5,validation
ID_46A9DFBE14,final
ID_46AA6749FA,train
ID_46ACF0DD9A,train
ID_46AEC51290,train
ID_46AF961F88,validation
ID_46AF9CC821,train
ID_46AFB696EC,validation
ID_46B09AE6DD,train
ID_46B3D13FAA,validation
ID_46B4161819,validation
ID_46B624F39E,train
ID_46B7F95C9D,train
ID_46BC69B001,train
ID_46BC8B2249,train
ID_46BE162869,final
ID_46C27D00E2,train
ID_46C2D3ED85,validation
ID_46C3100115,validation
ID_46C3E7E5EA,validation
ID_46C44E9038,train
ID_46C6BF6196,train
ID_46C75B3A95,train
ID_46C88040ED,validation
ID_46CA01915A,validation
ID_46CA07874C,validation
ID_46CA675F5B,final
ID_46CCAC70BE,validation
ID_46CDF33FC9,train
ID_46CF1227BE,train
ID_46CF4D0931,final
ID_46D03DFD47,validation
ID_46D150D04E,train
ID_46D2FB7CC6,final
ID_46D437C1D7,validation
ID_46D6339ACD,train
ID_46D6616A37,validation
ID_46D6D2B17D,train
ID_46D793CBDD,train
ID_46D7CE8A8D,train
ID_46D842FAFA,validation
ID_46D89A92BC,train
ID_46D8A2F8E5,train
ID_46DBA6832D,train
ID_46DBF6A612,validation
ID_46DDBC9B3D,validation
ID_46DF73A567,final
ID_46E066DD77,validation
ID_46E1398B21,final
ID_46E1918037,train
ID_46E26A0B67,validation
ID_46E6B503BC,train
ID_46EC03D436,train
ID_46EEFA3F44,validation
ID_46EF0F7C4B,train
ID_46F4FD43B6,final
ID_46F5DD880D,train
ID_46F9B99932,validation
ID_46FB80BA72,train
ID_46FC3CDCEF,validation
ID_46FC5700E2,train
ID_46FD77E1F9,train
ID_46FF32D6FE,train
ID_4700A8FE4A,validation
ID_4704296332,validation
ID_4704AF7E22,train
ID_4705CA05A2,train
ID_47065CF95A,final
ID_470CBE4BFB,final
ID_47131E7E4B,train
ID_47151B0B08,validation
ID_471574531E,validation
ID_471609A195,validation
ID_47169F5CAB,validation
ID_47175C43D9,validation
ID_471A23BA6E,train
ID_471A84DA69,train
ID_471AFFD555,final
ID_471C066858,train
ID_471C9F3E6D,train
ID_472254CCDA,final
ID_4722908D5F,train
ID_472465CB38,validation
ID_4725D5A262,final
ID_4727E0913B,train
ID_472A9F384A,train
ID_472CACA2ED,validation
ID_472D3DC8D0,validation
ID_4730EFC8CA,train
ID_473219F230,final
ID_47325CE5E5,validation
ID_4732ADA54F,final
ID_47332F56AC,train
ID_47334D6B68,validation
ID_4734AFB47E,validation
ID_473682C3EE,final
ID_473710539A,train
ID_47376838C3,validation
ID_4739874B92,train
ID_473C8CC1C9,train
ID_473DD08DC8,validation
ID_4740B47FAA,train
ID_4741E4A717,train
ID_47423590C8,train
ID_4743C39E50,train
ID_47442E8994,validation
ID_474657B9B1,train
ID_474B3C8F80,final
ID_474D01DFA7,train
ID_475082BCB5,final
ID_4752AD5626,train
ID_475303D5BF,train
ID_47555DD05D,train
ID_47569F5214,train
ID_47576A14F7,validation
ID_4759CF2EB6,train
ID_475A9C2149,final
ID_475B3F7C7C,final
ID_475B635E00,final
ID_475F70264F,final
ID_476067B794,train
ID_4761FA47E3,final
ID_4762B673DD,final
ID_4766D1F7F2,final
ID_4769B190AC,final
ID_476A92EF13,train
ID_476B0F14A1,train
ID_476CA319E5,train
ID_47730DBB4B,final
ID_4775947FF4,final
ID_4777430BE9,final
ID_477780C7D0,validation
ID_477805D92C,final
ID_477ABE648D,final
ID_477B35DF94,train
ID_477D4543C2,train
ID_477D8F079E,train
ID_477E971A80,train
ID_477F4DB53B,train
ID_477FECD305,train
ID_478172EA5C,validation
ID_47828D4608,train
ID_4789D56ECB,final
ID_478D0ACDE8,train
ID_478D932A9A,validation
ID_478E46CA6F,train
ID_478E6BA538,train
ID_4794235881,validation
ID_479819BF17,final
ID_4798F58554,validation
ID_47994532D4,validation
ID_47997A0590,final
ID_4799FBF227,train
ID_479C47C8C1,train
ID_479CC656ED,train
ID_479D6B4FBE,validation
ID_479E7CA626,train
ID_479F0C32AB,train
ID_479FBC6D7C,train
ID_47A2818837,train
ID_47A2B85843,train
ID_47A4401C76,validation
ID_47A58697E3,train
ID_47AABDD5EE,train
ID_47AD148084,train
ID_47AD2D15F0,final
ID_47AEB9FA66,train
ID_47AEDEAB07,final
ID_47B05954F6,train
ID_47B279C45A,train
ID_47B30D09D5,validation
ID_47B3ACD1A4,validation
ID_47B3B7D3ED,train
ID_47B54B010A,train
ID_47B618626A,train
ID_47B6B6A765,final
ID_47B7534F5D,train
ID_47B9AFAA4E,validation
ID_47B9FCAE84,train
ID_47BBAF6345,final
ID_47BBB90186,final
ID_47C243BEA9,final
ID_47C3743866,final
ID_47C8065309,train
ID_47CA5DFBCA,train
ID_47CB144E12,train
ID_47CC6ACB5A,train
ID_47CC8F905E,train
ID_47CCEE8F69,final
ID_47CED4D316,train
ID_47D0B031BE,train
ID_47D34E01FD,validation
ID_47D3790448,final
ID_47D6B3F777,final
ID_47D6FC8E2C,final
ID_47D7EF37A1,train
ID_47D82206D4,train
ID_47D937146E,train
ID_47DA7A8AC4,final
ID_47DEFC67EC,train
ID_47DF265B2C,train
ID_47E0C60192,train
ID_47E10B3E02,train
ID_47E212DFC7,train
ID_47E26A0FFB,validation
ID_47E29C830B,train
ID_47E2ABC096,train
ID_47E4C26114,train
ID_47E522D23E,final
ID_47E563DA5A,validation
ID_47EA7096FC,train
ID_47EAE77B74,final
ID_47F0861C63,final
ID_47F16CDB73,train
ID_47F1803C2C,train
ID_47F1D9FF48,train
ID_47F3803BE2,train
ID_47F3CCB720,train
ID_47F4D36035,train
ID_47F88A6C2F,train
ID_47F9BF3B77,train
ID_47F9C4D88B,validation
ID_47FA90B783,validation
ID_47FB12C3A9,train
ID_47FB8F517A,train
ID_47FBA30999,validation
ID_47FC05703B,train
ID_47FFB28BC0,final
ID_480049953A,train
ID_480265AAF1,train
ID_48031D7AC1,train
ID_480486ADF1,validation
ID_4804F6D2B9,train
ID_48060B031C,train
ID_4806B84306,validation
ID_4807DA5C2C,final
ID_4807EADC88,train
ID_4808A2553E,train
ID_4809306186,train
ID_48099CA3FD,train
ID_481248D7A6,final
ID_4813E57FE2,train
ID_4815DB217F,train
ID_4815DDEB5E,train
ID_48188243C5,validation
ID_481B2F03E5,train
ID_481C149838,train
ID_481CC4312C,train
ID_481E5C6A5F,train
ID_481E797BBB,train
ID_48203D67F0,validation
ID_4821559F33,train
ID_4822D4330F,validation
ID_4824FF0C13,train
ID_482B3C58A6,validation
ID_482F58F338,validation
ID_482F6D5576,final
ID_48322BCC6F,train
ID_48338A6F17,final
ID_4839A4B525,train
ID_483ADCC8E9,train
ID_483C0C4AE6,train
ID_483DD4E30A,train
ID_483E134A8D,train
ID_483F08D465,train
ID_4841986979,train
ID_48438DD4B9,validation
ID_4844B6B1B7,final
ID_484553F594,train
ID_4849300D94,final
ID_484E778389,final
ID_484EFBB118,train
ID_4850BE0F4C,train
ID_48514B8F42,train
ID_48598CC570,train
ID_485ADE4F19,train
ID_485C23EE69,final
ID_485D4FE131,final
ID_485E559E41,final
ID_485EDED6EF,train
ID_485F3A0D16,train
ID_4862347E8F,train
ID_4864155D56,final
ID_486724F638,train
ID_48676B7366,train
ID_486D4FDD07,train
ID_486DD8AF2D,validation
ID_486DE85DD3,train
ID_486F7747BD,train
ID_487061B645,validation
ID_48751FB729,validation
ID_487532CDF5,train
ID_48763F66F1,validation
ID_48766BB299,train
ID_4876F53590,train
ID_4878D8DD2D,validation
ID_487CA286D8,train
ID_487CE48710,validation
ID_487D9DCFF1,train
ID_487E39DAA8,final
ID_487F2F94D5,train
ID_4884D723E9,train
ID_488B45A7C9,train
ID_488BFED0F1,final
ID_4890CC70B2,validation
ID_48918A362A,final
ID_4891AF005E,train
ID_48923F4C4D,final
ID_489304F37C,train
ID_48953DCF13,train
ID_4897B30517,train
ID_48994FEEB1,train
ID_489A5F6984,validation
ID_489B43E7C9,validation
ID_489EFE295D,final
ID_48A0345567,validation
ID_48A828AA18,train
ID_48A898B7F1,train
ID_48A8ED1DAF,final
ID_48A9F8924A,train
ID_48AB78F308,train
ID_48AD419CAC,validation
ID_48B16B9FA7,train
ID_48B384ADB1,train
ID_48B5CD9687,train
ID_48B74B5DB0,validation
ID_48B8D93B5F,train
ID_48B921132F,final
ID_48BADA38AB,validation
ID_48C0E5B2A2,validation
ID_48C338A7F9,train
ID_48C524BC11,train
ID_48C556AF1F,train
ID_48C6BBF611,train
ID_48CAEFC278,final
ID_48CD482BAA,train
ID_48CD9B2315,train
ID_48CDE8C7D4,train
ID_48CF4BB050,train
ID_48D1FB7DA6,train
ID_48D68740EB,train
ID_48D7579EF5,final
ID_48D81FECD6,validation
ID_48D8564134,final
ID_48D9954F61,train
ID_48DB33629A,train
ID_48DC60DA6A,train
ID_48DC992374,train
ID_48DD407F59,train
ID_48E03461B9,train
ID_48E392ADE6,validation
ID_48E3AF2740,train
ID_48E401E1F3,final
ID_48E4352F56,validation
ID_48E7280C2A,train
ID_48E73EA8B9,validation
ID_48E85D353F,train
ID_48E8B4FCA0,final
ID_48F152DACB,train
ID_48F3A642F4,validation
ID_48F4411051,train
ID_48F5DF3752,train
ID_48F5F487AE,train
ID_48F5F8862C,validation
ID_48F7C6D378,final
ID_48F8BE2510,train
ID_490029A14B,train
ID_4900784053,final
ID_49009EFA34,train
ID_4901347F5C,train
ID_4901C2F317,train
ID_4901F128A6,train
ID_4902E6713F,train
ID_4906ED37A8,train
ID_490A269BD7,train
ID_490A7A90A3,final
ID_490AA24A35,train
ID_49155A8C31,train
ID_49189B4ACF,final
ID_491B1B6B95,train
ID_491C69188E,validation
ID_491EF08285,train
ID_49203B5EA6,final
ID_4920EBB934,train
ID_492791D6C5,train
ID_4927CFA836,train
ID_492D8B7F0C,final
ID_492FC973EA,train
ID_4930A030C9,train
ID_49369BEF22,train
ID_493732D09B,train
ID_4937B36DB1,validation
ID_49384C0362,train
ID_4938619E2E,train
ID_493D4136D9,validation
ID_493ED04457,train
ID_49416B9D7D,train
ID_4941C3AA6C,final
ID_4942F8765D,train
ID_494317635E,validation
ID_4943AB1872,train
ID_4945CF5DC4,train
ID_49469B8286,train
ID_4946F7097B,train
ID_4947029918,train
ID_49492ED7E6,train
ID_494D82E5EE,train
ID_494DE33BF3,train
ID_494E203DBD,train
ID_494F53A9AA,final
ID_4952BCFD43,train
ID_4956FDFC69,train
ID_495828AFBC,train
ID_4959F50ED9,train
ID_495B5194F3,train
ID_495CB31E9B,final
ID_495CCD893D,final
ID_495CE1CD1C,validation
ID_495D24515B,train
ID_495F058FD2,train
ID_495FC77D81,train
ID_4960F55B77,final
ID_496528AC1E,final
ID_49653CB2B8,train
ID_49665BC831,validation
ID_49688EF1DB,validation
ID_496BE9E7D6,train
ID_496CACBC83,train
ID_496EAFE35F,train
ID_497076867E,train
ID_497196054B,train
ID_4972135A22,train
ID_49721AC6F1,train
ID_4972B595B7,train
ID_4974D927DA,validation
ID_4975D3B280,final
ID_4975E0AF62,train
ID_4977AEF513,train
ID_497B897A21,train
ID_497C3DEDC1,train
ID_497D0ECBF3,train
ID_497D988B88,validation
ID_497DD42C5F,final
ID_497FD3D592,final
ID_4980C2F06C,final
ID_4982920AC9,train
ID_4985821CF6,final
ID_4987AB29E2,train
ID_4987E90722,train
ID_4989D86FE6,final
ID_498B1E9CDF,train
ID_498BB5829A,train
ID_498D322384,validation
ID_49925C8D00,train
ID_4994DC9014,final
ID_4996CE606D,train
ID_49984AF59C,train
ID_4999F6D780,train
ID_499D68A836,validation
ID_499F3AFE8D,train
ID_499FAE4A99,train
ID_499FBAA4DB,validation
ID_49A0F9A7C1,train
ID_49A1B0B594,train
ID_49A283474D,train
ID_49A38F3292,train
ID_49A46B5C5D,train
ID_49A73E96CC,train
ID_49A9A02AF1,train
ID_49A9B30831,train
ID_49AA7A65EB,final
ID_49AB2F8F80,train
ID_49AB5DBAD1,train
ID_49AC2F8295,final
ID_49AD4C30FF,final
ID_49B193F636,train
ID_49B1C274FA,validation
ID_49B3D5AB51,validation
ID_49B6102106,validation
ID_49B618C171,final
ID_49B67221A8,validation
ID_49B8AA749E,validation
ID_49BB2083E3,train
ID_49BB657C06,validation
ID_49BDB27788,train
ID_49BEEE285F,train
ID_49BF733C17,train
ID_49BFBD9B58,train
ID_49C022FBBD,train
ID_49C2A1A5D4,train
ID_49C57D59C2,validation
ID_49C65DD8B5,train
ID_49C6A825EE,train
ID_49C7A0D9EE,final
ID_49C82038CA,train
ID_49C92A7808,validation
ID_49CF5A7B63,train
ID_49D2073993,train
ID_49D6262AAA,final
ID_49DBB966DB,train
ID_49DCE61F12,train
ID_49DCE9C3C6,train
ID_49E03EA0E3,train
ID_49E0528FD4,train
ID_49E12BDCF0,train
ID_49E12DAE5C,final
ID_49E2B565FC,validation
ID_49E35399E8,train
ID_49E422EF93,validation
ID_49E4F44CD8,train
ID_49E6E5D3F3,train
ID_49E80A2F8A,final
ID_49E9258CEF,validation
ID_49E9846331,validation
ID_49EC5FE5EB,final
ID_49EEB8BA1F,train
ID_49EFC42124,train
ID_49F004F41A,train
ID_49F29A6A9D,validation
ID_49F3BC4832,train
ID_49F47C6261,validation
ID_49F5BB58D5,final
ID_49F6D7B4BF,final
ID_49F9E9579F,train
ID_49FAAB8579,train
ID_49FAD7807E,train
ID_49FDBB2ACF,train
ID_49FDC113B4,train
ID_4A00490E05,train
ID_4A01A307B0,final
ID_4A03AC4CEB,train
ID_4A057F7B09,train
ID_4A05FD1C1E,train
ID_4A068163DE,train
ID_4A0981FCC0,final
ID_4A0A90F0AA,validation
ID_4A0AC6D99E,train
ID_4A0AD4EE86,validation
ID_4A0D9E7375,final
ID_4A11CF007C,train
ID_4A1201484D,train
ID_4A1228334B,train
ID_4A135C2835,validation
ID_4A139B01B8,train
ID_4A158DD553,train
ID_4A177CB091,validation
ID_4A188A84F7,train
ID_4A196D0463,final
ID_4A1A598AFC,train
ID_4A1C7AD925,train
ID_4A1D68563F,final
ID_4A1ED3682D,train
ID_4A246BD10F,train
ID_4A27886E44,train
ID_4A27CB2DE5,validation
ID_4A28187431,final
ID_4A2CB3BF66,train
ID_4A2E576C16,final
ID_4A32710BBE,train
ID_4A3743791C,final
ID_4A39F43399,validation
ID_4A3B5E7CF9,final
ID_4A3C2B8F51,train
ID_4A3C4BFF54,validation
ID_4A3D018043,train
ID_4A421A50CD,train
ID_4A430631D8,train
ID_4A43983485,train
ID_4A457E5B97,final
ID_4A473E98D3,train
ID_4A48AC324C,train
ID_4A49098798,final
ID_4A4A4EFF4C,train
ID_4A4A57DA71,validation
ID_4A4BF72CF8,final
ID_4A4D84FE21,train
ID_4A4EC5488F,final
ID_4A4F27CD7C,train
ID_4A53488A57,train
ID_4A535502E6,final
ID_4A560136A8,train
ID_4A570870F3,final
ID_4A581E0D8A,train
ID_4A586EED58,train
ID_4A5890FE02,validation
ID_4A590387B7,train
ID_4A5A30286E,final
ID_4A5A778F8B,validation
ID_4A5B5F0531,validation
ID_4A5D919B0D,train
ID_4A61C138FF,train
ID_4A6353BC81,train
ID_4A658B6C49,train
ID_4A68444AF6,final
ID_4A6961EE12,train
ID_4A698A9F85,train
ID_4A6B70467D,final
ID_4A6D30B4A6,final
ID_4A6E6C0C8A,final
ID_4A6EAA8035,validation
ID_4A6EAB4E6F,validation
ID_4A6F7630F6,final
ID_4A7100B7F2,train
ID_4A75BCAAEE,train
ID_4A76EDAFC4,train
ID_4A7911B258,train
ID_4A7A1842A7,validation
ID_4A7AFF7AF9,train
ID_4A7B75AFA7,train
ID_4A7F11236E,train
ID_4A821C2C64,train
ID_4A82C7C7EB,train
ID_4A84E72B47,train
ID_4A852C5CD0,train
ID_4A89DF5741,train
ID_4A8A156422,train
ID_4A8D7E5CCD,train
ID_4A904D7A74,final
ID_4A938B3BC2,train
ID_4A945BCD03,validation
ID_4A9490313E,validation
ID_4A9712226B,train
ID_4A994D5CD1,validation
ID_4A9B7CF7C6,train
ID_4A9C054A5E,train
ID_4AA1A1B9E8,train
ID_4AA1A93874,final
ID_4AA9564518,train
ID_4AA99AE3F0,train
ID_4AAA91C379,validation
ID_4AAACACD61,train
ID_4AAC0320C1,train
ID_4AAD486783,train
ID_4AAEDAFC66,validation
ID_4AB00D3D3F,train
ID_4AB235ED18,train
ID_4AB3D137C2,validation
ID_4AB70A4DB0,train
ID_4AB7185ED0,train
ID_4AB7D5C5EB,train
ID_4AC238AC1B,train
ID_4AC5EA0A50,final
ID_4AC60DBABE,train
ID_4AC800D73A,train
ID_4AC9DD6B18,validation
ID_4ACAAD6F24,train
ID_4ACD0C7C1C,final
ID_4AD14172C4,train
ID_4AD3CE92F4,train
ID_4AD97417EF,final
ID_4ADA6A5637,final
ID_4ADB4F3EE8,train
ID_4ADED59C06,train
ID_4AE0C7DDCA,validation
ID_4AE12E47A3,train
ID_4AE1F983B2,train
ID_4AE4674E17,train
ID_4AEA46D13B,validation
ID_4AEC4C33AA,validation
ID_4AED023E7E,final
ID_4AEDEE3024,train
ID_4AF1DB6A82,validation
ID_4AF1F81E48,train
ID_4AF3217FCD,final
ID_4AF9266570,train
ID_4AFAB3524A,train
ID_4AFE303CE4,train
ID_4B00714206,train
ID_4B03A2720F,train
ID_4B05CE593A,train
ID_4B067F239B,final
ID_4B0951EE22,train
ID_4B09FF3EC3,train
ID_4B0A0F7BF8,final
ID_4B0CF29101,train
ID_4B0E8347B1,train
ID_4B0F445530,final
ID_4B0F49A222,train
ID_4B1230D616,validation
ID_4B134EA1CD,train
ID_4B137F7705,train
ID_4B139CD215,final
ID_4B1651E441,train
ID_4B17933BCE,train
ID_4B17BAC6F7,train
ID_4B186F714E,train
ID_4B19A6B09B,train
ID_4B1B8DEFEC,validation
ID_4B1EF43F70,train
ID_4B1F1F86C3,validation
ID_4B206E25F5,train
ID_4B21EA773D,train
ID_4B2269492E,final
ID_4B22D8A0C1,final
ID_4B257F8158,validation
ID_4B2607D096,final
ID_4B2A3063E6,train
ID_4B2C8B28E6,train
ID_4B31471669,final
ID_4B3180FC6B,final
ID_4B34894C35,validation
ID_4B3577A593,train
ID_4B3588DFE3,train
ID_4B36233669,train
ID_4B381EC055,validation
ID_4B3B4F4FCE,train
ID_4B40E4E99E,train
ID_4B41903A5F,final
ID_4B41DC5B52,train
ID_4B446A32FC,final
ID_4B4485ED96,train
ID_4B477C60C4,final
ID_4B481B7749,train
ID_4B495B35BF,validation
ID_4B4998A7EE,validation
ID_4B49BEC9CC,final
ID_4B4A328A70,final
ID_4B4A37F75F,validation
ID_4B4BD65D83,validation
ID_4B4C2471A6,validation
ID_4B4DE42A49,train
ID_4B5391BC5C,train
ID_4B54128768,train
ID_4B554F879C,train
ID_4B593FC635,train
ID_4B5A3DB5C3,validation
ID_4B5FAC257E,train
ID_4B5FB6D2B2,train
ID_4B63D5D33A,final
ID_4B677682A1,validation
ID_4B685E888A,train
ID_4B6897897E,train
ID_4B69AA79F7,train
ID_4B6C6F0213,train
ID_4B6C819BAF,train
ID_4B6DF98A4F,train
ID_4B6E94C2E2,final
ID_4B70B55C62,train
ID_4B7120F1B1,train
ID_4B715D1300,train
ID_4B716FEE5C,train
ID_4B719FB33F,train
ID_4B71AD6A39,final
ID_4B71F63BDC,train
ID_4B71FE2759,train
ID_4B7268919F,train
ID_4B7A1D6F7F,train
ID_4B7DD5B6AD,validation
ID_4B7EA6364E,train
ID_4B82E50125,final
ID_4B8348E293,train
ID_4B83994A4B,train
ID_4B83BF4D63,validation
ID_4B83C19B5E,train
ID_4B83E5104E,final
ID_4B84A94AE5,train
ID_4B866C54B6,validation
ID_4B87339DB8,validation
ID_4B8C2E3451,train
ID_4B8C356128,final
ID_4B8C8F6428,train
ID_4B8D974EE9,train
ID_4B8DD1FD19,train
ID_4B8EE8CAE0,final
ID_4B9182746C,train
ID_4B91F2DE2A,final
ID_4B9271F4EB,validation
ID_4B9372B770,train
ID_4B94ACF52F,validation
ID_4B9BFE2247,train
ID_4B9D70A556,validation
ID_4B9D94D0A3,validation
ID_4B9F5BD81A,train
ID_4B9FEEC6E8,train
ID_4BA2F9DD77,train
ID_4BA3646640,train
ID_4BA47DDA99,validation
ID_4BA4DB0FB4,train
ID_4BA51011C8,train
ID_4BA55A161F,validation
ID_4BA91A328F,train
ID_4BA964308B,train
ID_4BAAB4BFF3,final
ID_4BABBA7FDC,train
ID_4BAE9D5726,train
ID_4BAF57AC4C,train
ID_4BB16B94A3,validation
ID_4BB1F92FA6,train
ID_4BB253D02D,train
ID_4BB486A10F,train
ID_4BB492AC0D,train
ID_4BB5B3C606,final
ID_4BB5E120B3,final
ID_4BB601BFFA,train
ID_4BB798185B,train
ID_4BBA0C01DB,train
ID_4BBCD49571,train
ID_4BBD14CC5E,train
ID_4BC11ABAE3,final
ID_4BC275E28B,train
ID_4BC3413C50,validation
ID_4BC3ED02B5,validation
ID_4BC590C467,train
ID_4BC6263D7A,validation
ID_4BC7B3E5CA,train
ID_4BC87186D0,validation
ID_4BC9892052,train
ID_4BCC4B7A43,validation
ID_4BCE0FBACD,train
ID_4BCFBD7D95,validation
ID_4BD1E2F180,train
ID_4BD766FCC4,validation
ID_4BD83D6429,train
ID_4BDEA4C597,train
ID_4BDF6F7E62,train
ID_4BE1090640,train
ID_4BE1C7971D,validation
ID_4BE50FB6F9,final
ID_4BE68159F7,validation
ID_4BE9913D9A,final
ID_4BE9B44232,final
ID_4BEB0E6870,train
ID_4BEB7623BC,validation
ID_4BEC51DB61,validation
ID_4BEE248970,train
ID_4BEE3DC161,train
ID_4BEF0D5F02,train
ID_4BEF590B62,validation
ID_4BF0EE621D,train
ID_4BF2738606,train
ID_4BF5B7E4DC,train
ID_4BF778C55C,final
ID_4BF7BFFDDB,final
ID_4BF8D7D3F6,train
ID_4BFF549857,train
ID_4C000D8A56,train
ID_4C00A72AA0,train
ID_4C01A92CC0,train
ID_4C034DC554,train
ID_4C03D0BE94,train
ID_4C04364322,train
ID_4C05785F31,train
ID_4C08C574C5,train
ID_4C08DBC946,train
ID_4C0A613C81,final
ID_4C0D8F65AE,validation
ID_4C0DBA1575,train
ID_4C0DCECF76,train
ID_4C1E6F30BA,validation
ID_4C1FC7A7A4,validation
ID_4C20C953F5,train
ID_4C2151D3CB,train
ID_4C21A6CFE3,final
ID_4C25214448,train
ID_4C26EB72D8,train
ID_4C28CBDBCA,train
ID_4C29591C53,train
ID_4C2A201A5E,train
ID_4C2B47B0D0,train
ID_4C2CE91367,train
ID_4C2D6301D2,train
ID_4C2D7965A8,train
ID_4C2E2742A8,train
ID_4C3187E77B,train
ID_4C327FC15F,train
ID_4C331D64A4,validation
ID_4C3336C797,train
ID_4C33AC1040,train
ID_4C34A15021,final
ID_4C3A92E5CB,final
ID_4C3B3346D8,final
ID_4C3DEC930F,final
ID_4C3F014743,final
ID_4C41217039,train
ID_4C43D90FCC,final
ID_4C440D7B28,validation
ID_4C44D54A26,train
ID_4C46659472,final
ID_4C467EF129,validation
ID_4C46FB8975,train
ID_4C472D9B52,validation
ID_4C474DF123,final
ID_4C4919ACC6,train
ID_4C495B1F05,train
ID_4C4C274852,train
ID_4C4D74C148,train
ID_4C50BE3A27,validation
ID_4C53C96850,train
ID_4C5424EC45,final
ID_4C55438D33,train
ID_4C58A932CD,train
ID_4C5A7FB53C,train
ID_4C5D84CB86,train
ID_4C6022C9ED,train
ID_4C637E2E1F,train
ID_4C646A3AAD,validation
ID_4C6523E628,train
ID_4C6555CA36,train
ID_4C66009581,validation
ID_4C669D29DE,train
ID_4C6734B561,train
ID_4C68950C7C,final
ID_4C69120B8B,validation
ID_4C69A79EAA,final
ID_4C6BC52AD6,final
ID_4C6FDD72C1,final
ID_4C6FE25BB5,validation
ID_4C70F8F2EC,validation
ID_4C71E466EF,train
ID_4C7307352A,train
ID_4C74FAAE0A,train
ID_4C778688E7,final
ID_4C778C0FB2,validation
ID_4C7BDE03A9,train
ID_4C7E07BBEF,validation
ID_4C7E8FEA40,train
ID_4C7F713929,validation
ID_4C7FB399B4,train
ID_4C80E86C5D,final
ID_4C82CA0987,validation
ID_4C83BD525A,train
ID_4C892BA06C,train
ID_4C8A1D8DF9,final
ID_4C8C67EB60,train
ID_4C8D7DB237,train
ID_4C8DAF5241,final
ID_4C8DF8AC28,train
ID_4C9033BF94,train
ID_4C9124F655,final
ID_4C92CC926F,validation
ID_4C93865DCA,final
ID_4C965713B7,train
ID_4C9834D42A,train
ID_4C9901BD88,validation
ID_4C99A9D0AB,validation
ID_4C9C3C64B4,train
ID_4C9C70C474,train
ID_4C9E3FCB37,train
ID_4CA055701B,validation
ID_4CA1E81A99,final
ID_4CA70107B7,train
ID_4CA745BD71,train
ID_4CA7F16D50,train
ID_4CAB3CE1D7,train
ID_4CB0CE5BA9,train
ID_4CB20D64F2,train
ID_4CB37682AF,final
ID_4CB39232D8,train
ID_4CB4CC8577,validation
ID_4CB5D4EC93,final
ID_4CB7500B2E,train
ID_4CB78654F6,train
ID_4CB86C24F6,validation
ID_4CBCF48273,train
ID_4CBF25B5A8,final
ID_4CC06FA8B3,train
ID_4CC4557787,train
ID_4CC6271DE6,train
ID_4CCB591DA6,train
ID_4CCB9C77A4,validation
ID_4CCC8E23E0,final
ID_4CD021DBE7,train
ID_4CD0B32328,validation
ID_4CD0E9E524,final
ID_4CD128F84C,train
ID_4CD1D41BDD,train
ID_4CD24F0160,train
ID_4CD453188B,validation
ID_4CD5444114,final
ID_4CD5BAAFCF,final
ID_4CD66A21F1,train
ID_4CD79B93FF,final
ID_4CD801BB2E,train
ID_4CD88E024D,train
ID_4CD8B9D6DF,train
ID_4CDD5E436F,train
ID_4CDFF8A720,train
ID_4CE1A778D9,validation
ID_4CE2DC653F,train
ID_4CE74D42C3,final
ID_4CEA17320E,train
ID_4CEAA4001A,train
ID_4CEB5F85FF,train
ID_4CECB0E8A0,train
ID_4CEE89320C,final
ID_4CF1964C51,train
ID_4CF1A79629,train
ID_4CF1FA54AF,train
ID_4CF202C439,train
ID_4CF2573CD6,validation
ID_4CF268DE5D,train
ID_4CF2B8B4D4,validation
ID_4CF638B63F,train
ID_4CF64B0E95,validation
ID_4CF7F19B98,train
ID_4CF836BC47,validation
ID_4CFE65FDF1,train
ID_4CFEFDF93E,train
ID_4CFF0307BB,train
ID_4CFF0F70C4,train
ID_4CFF4F81CC,validation
ID_4CFF71D66F,validation
ID_4D04BCCF2A,validation
ID_4D05D4075C,train
ID_4D08BF56E2,train
ID_4D0A10C91D,train
ID_4D0D00D2C9,validation
ID_4D0D5F0266,train
ID_4D0D990FFD,final
ID_4D11477D45,train
ID_4D11C6220D,validation
ID_4D124FD0D1,train
ID_4D13FA6F18,train
ID_4D191A73E5,train
ID_4D1A1B6510,train
ID_4D1BD2849B,validation
ID_4D1D6897C2,train
ID_4D1F775EEE,train
ID_4D1FFAC0EE,train
ID_4D205CF4B3,train
ID_4D20681F0B,train
ID_4D20DF75C7,train
ID_4D243EC762,final
ID_4D24FD6506,validation
ID_4D26ADA336,train
ID_4D27B43855,train
ID_4D2836379C,train
ID_4D28CDF683,final
ID_4D296AC0A8,final
ID_4D2AAAF37E,final
ID_4D2C44487A,train
ID_4D2E2C0B3D,final
ID_4D2F9B6A24,validation
ID_4D3119A305,train
ID_4D33BF8B0C,train
ID_4D33D6E4E9,final
ID_4D37BFF0E0,final
ID_4D38E2748A,train
ID_4D3A5BA6F0,final
ID_4D3B57EBFE,train
ID_4D3BFADD21,final
ID_4D3CBE8D8F,train
ID_4D41AE7635,final
ID_4D41F54250,final
ID_4D4428BEAA,train
ID_4D44425BFA,train
ID_4D456F7EC1,train
ID_4D4584EEDE,validation
ID_4D47C6E201,train
ID_4D486FBE71,validation
ID_4D48A4C61A,train
ID_4D4B52222C,final
ID_4D4C1C46B4,train
ID_4D4CFAA2CE,train
ID_4D5157CBF2,validation
ID_4D53E9EDAD,train
ID_4D5460DB2C,train
ID_4D546B68BE,train
ID_4D5720E3E4,final
ID_4D58EC9647,train
ID_4D595C370C,validation
ID_4D5A8988C9,train
ID_4D5B6EB7F1,train
ID_4D5B743B1A,train
ID_4D5E19CB49,validation
ID_4D5FD78CB5,train
ID_4D614CABF6,validation
ID_4D6304F474,validation
ID_4D63E99646,train
ID_4D671DE401,train
ID_4D6A314C95,train
ID_4D6BB85B89,validation
ID_4D6C84F483,train
ID_4D6CB5471A,train
ID_4D6CD0DA66,final
ID_4D6CDD5331,train
ID_4D6D86EDA9,train
ID_4D6E72192C,train
ID_4D6EEFD00E,final
ID_4D72179DFD,train
ID_4D730B5321,train
ID_4D732BA4ED,final
ID_4D74D29499,train
ID_4D76A7BA09,validation
ID_4D79E56D63,train
ID_4D80CF6073,validation
ID_4D83E237C7,final
ID_4D85F9D416,final
ID_4D86374A04,train
ID_4D86DAE5FD,final
ID_4D88CECAD0,train
ID_4D8A30F9A6,final
ID_4D8A8B1100,final
ID_4D8AF77404,final
ID_4D8D76E555,train
ID_4D8E412EAF,train
ID_4D900DCF42,validation
ID_4D922B238D,final
ID_4D92F504AD,final
ID_4D93E79456,train
ID_4D93EED35A,train
ID_4D98BE7BEE,final
ID_4D9B1EAC97,train
ID_4D9CFB0C3D,train
ID_4D9D47E9C9,train
ID_4D9D4B3C28,validation
ID_4DA0BB488A,final
ID_4DA12AE0EB,validation
ID_4DA2953C9A,train
ID_4DA56843CF,final
ID_4DA9396555,train
ID_4DAA74F312,validation
ID_4DAB9E7860,final
ID_4DAC125D98,train
ID_4DAD0916F1,train
ID_4DAD3A1529,train
ID_4DAD593192,train
ID_4DADC9077F,validation
ID_4DB6E8F10B,train
ID_4DB7231CB4,train
ID_4DB79CFC0F,train
ID_4DB7DC74E1,train
ID_4DB89290F1,train
ID_4DB938F9AB,train
ID_4DBAB8E96E,train
ID_4DBD5277D3,train
ID_4DBF899BDB,validation
ID_4DC2241CA8,train
ID_4DC6BA7763,train
ID_4DC6EAAB91,train
ID_4DC8BDA4B4,train
ID_4DCA3FC2B5,train
ID_4DCA4502AC,validation
ID_4DCB72E03A,validation
ID_4DCC21790F,train
ID_4DCD77D109,train
ID_4DCF2DE45D,train
ID_4DD002F4FD,final
ID_4DD0572235,validation
ID_4DD0D1E833,train
ID_4DD23B934C,train
ID_4DD2C74EBF,train
ID_4DD5042AB1,validation
ID_4DD531B2C0,validation
ID_4DD54F4E37,train
ID_4DD6177E3D,train
ID_4DD7C9960F,train
ID_4DD8652969,final
ID_4DD9C5438E,train
ID_4DDFAF5DB7,train
ID_4DDFD3CEBA,validation
ID_4DE8B9BA6C,train
ID_4DE9914204,final
ID_4DE9B6B477,final
ID_4DEAADACC9,final
ID_4DECDA9155,final
ID_4DED6E1E34,validation
ID_4DED93B0CB,train
ID_4DEEC17BFE,train
ID_4DEFED5A64,train
ID_4DF127CD73,train
ID_4DF1A6376E,final
ID_4DF34D4D5B,train
ID_4DF35BF399,train
ID_4DF5DF7D03,validation
ID_4DF6B02DEE,train
ID_4DF757AB71,final
ID_4DF9242DC4,train
ID_4DF98494F6,train
ID_4DFE5D411E,train
ID_4E0344EC9A,train
ID_4E03F5CE64,final
ID_4E08423846,train
ID_4E0854D69E,train
ID_4E0A6575F6,validation
ID_4E0C1648E3,train
ID_4E0CD6E246,validation
ID_4E0CDA7946,train
ID_4E0EB28FD9,final
ID_4E0F38B9C9,train
ID_4E0FBA3BEF,train
ID_4E1091FCF9,train
ID_4E1118B20D,validation
ID_4E16FAAEAD,validation
ID_4E176CBB68,train
ID_4E1937F372,validation
ID_4E19B75225,validation
ID_4E19E064AE,validation
ID_4E1A09C1B3,train
ID_4E1A175118,final
ID_4E1B99B9F9,train
ID_4E1D2E02B2,validation
ID_4E1EA7E353,validation
ID_4E1F59A726,validation
ID_4E1F7C9A15,validation
ID_4E205AB99E,train
ID_4E22A82BDD,validation
ID_4E255055C9,train
ID_4E276343BC,train
ID_4E27F34854,train
ID_4E280B50FE,train
ID_4E2939F65C,final
ID_4E29AB83E4,train
ID_4E32E4F01B,train
ID_4E343BAA2F,validation
ID_4E344B68FB,train
ID_4E34F8EFB1,train
ID_4E36ADB89D,train
ID_4E36C1184F,validation
ID_4E399D95CF,validation
ID_4E39DB2597,train
ID_4E3A144014,train
ID_4E3A799FE8,train
ID_4E3E3B9195,train
ID_4E42B66887,final
ID_4E43ECE0C4,train
ID_4E44F6DE3B,validation
ID_4E45AB0C26,train
ID_4E469AED49,train
ID_4E46B1C9D3,final
ID_4E474E3A8C,train
ID_4E4A9D44FB,train
ID_4E4B22D519,train
ID_4E4D50FF43,train
ID_4E4FBDD4F0,train
ID_4E543702F8,train
ID_4E57D7C479,final
ID_4E5B480098,train
ID_4E5C284E28,train
ID_4E5CAE420D,train
ID_4E5CDCEEEE,train
ID_4E5D3338C5,train
ID_4E5D3B48B2,final
ID_4E605FF077,train
ID_4E60779056,train
ID_4E626D7D0E,train
ID_4E64419B32,final
ID_4E64907900,train
ID_4E654F7336,validation
ID_4E661DA220,train
ID_4E662F5326,final
ID_4E6638FC58,validation
ID_4E66FFC6E6,train
ID_4E6AA08E06,final
ID_4E6ACF4089,validation
ID_4E6E8C091D,final
ID_4E6E8DF734,train
ID_4E71893933,validation
ID_4E7557FB19,final
ID_4E75CB699F,final
ID_4E78F961E7,train
ID_4E79182E85,train
ID_4E7A644D06,train
ID_4E80FD6DC0,train
ID_4E89CA5266,train
ID_4E8ACA60A9,train
ID_4E8B9AA8CD,train
ID_4E8BD59D86,final
ID_4E8D8AF5F3,train
ID_4E8F899D7A,train
ID_4E90894CB5,train
ID_4E9106A8E9,train
ID_4E9132683F,train
ID_4E990876D9,train
ID_4E9D1BB7B5,train
ID_4E9D68E6EC,train
ID_4E9E6F2BA9,final
ID_4E9EB03C85,validation
ID_4E9EDBDA40,train
ID_4E9F7CA670,train
ID_4EA1E5FEF7,train
ID_4EA382EAA5,train
ID_4EA50C66B7,train
ID_4EA516AF57,train
ID_4EA5CA257B,train
ID_4EA6B0EBB1,train
ID_4EA949A6CD,train
ID_4EAA3ACAD5,validation
ID_4EAAC7533E,train
ID_4EAB172383,train
ID_4EAD38C6AC,train
ID_4EB0CE0B25,final
ID_4EB125615E,final
ID_4EB2CAF5F2,train
ID_4EB391B405,validation
ID_4EB5B3F359,train
ID_4EB788B814,validation
ID_4EB794B4AB,train
ID_4EB8F08D0E,train
ID_4EBB338DA3,validation
ID_4EBBC17675,final
ID_4EBC218642,train
ID_4EBCA7B2F8,final
ID_4EBD85A329,train
ID_4EBDC47D81,train
ID_4EBDCD3ED4,validation
ID_4EBFE32E74,final
ID_4EC07215A1,validation
ID_4EC144C729,validation
ID_4EC16A5A62,train
ID_4EC3322612,train
ID_4EC338829F,final
ID_4EC5D23E74,validation
ID_4EC86D9571,train
ID_4EC9E564BC,train
ID_4ECB51337C,train
ID_4ECB9E658D,validation
ID_4ECBD74EF8,final
ID_4ECE0181D5,validation
ID_4ECE922A58,train
ID_4ECFE0C513,train
ID_4ED0E54490,train
ID_4ED12ADF9C,final
ID_4ED2480B8B,train
ID_4ED59CF05D,validation
ID_4ED64CF844,train
ID_4ED7FB9760,validation
ID_4EDE847A93,train
ID_4EE04C34A7,train
ID_4EE0B60889,validation
ID_4EE1B8E034,validation
ID_4EE2703D3C,validation
ID_4EE2A5A3B9,validation
ID_4EE5E8BF41,train
ID_4EE756BC2B,validation
ID_4EE80018B0,final
ID_4EE8F800B3,validation
ID_4EE919F665,train
ID_4EEA2411AD,final
ID_4EEBF3563E,train
ID_4EECC67CA5,validation
ID_4EEDE6C38A,final
ID_4EEEBFBF45,validation
ID_4EF0587086,validation
ID_4EF116142A,train
ID_4EF14754FC,validation
ID_4EF24562A7,train
ID_4EF4796206,train
ID_4EF579C32B,train
ID_4EF637A213,final
ID_4EF726E9CB,final
ID_4EF92786AE,validation
ID_4EFB265735,train
ID_4EFB3223D1,train
ID_4EFBBA3765,train
ID_4EFC9A9D2F,validation
ID_4EFCEE650F,train
ID_4EFD276C4E,train
ID_4EFF2F98C7,train
ID_4EFFA9AB70,final
ID_4F000E5B57,final
ID_4F003C7AD6,validation
ID_4F01226975,validation
ID_4F04271751,validation
ID_4F09D1FBA8,final
ID_4F09E9196D,train
ID_4F0A23968C,validation
ID_4F0AD77860,train
ID_4F0CC0E6E8,final
ID_4F0D3054A7,train
ID_4F0D75E6A6,final
ID_4F0D8D59E1,train
ID_4F0EDD0E7A,train
ID_4F1086B899,final
ID_4F1541DA26,train
ID_4F1569A421,train
ID_4F165713F1,train
ID_4F18A8DC97,train
ID_4F1976985C,train
ID_4F1E8C8DBA,validation
ID_4F208C2172,final
ID_4F217C136A,train
ID_4F21F28D9A,train
ID_4F2405C50C,validation
ID_4F251A40C7,train
ID_4F25316B75,train
ID_4F259AC975,final
ID_4F27BBA13C,validation
ID_4F27E46132,final
ID_4F283B4D39,validation
ID_4F288708C6,validation
ID_4F2A2A4B86,validation
ID_4F2A3F2BBE,validation
ID_4F2D96DF08,train
ID_4F34E5CF99,train
ID_4F36C8F08F,train
ID_4F3764B9B1,train
ID_4F37AED50E,train
ID_4F3B3D5A1D,validation
ID_4F3B8CF538,train
ID_4F3C69D00B,final
ID_4F3C8F1D81,validation
ID_4F3CFD8AC7,train
ID_4F3EFFDF72,train
ID_4F42BA29C3,train
ID_4F43439B75,train
ID_4F46C00920,train
ID_4F49FFB501,validation
ID_4F4ABF396F,train
ID_4F4C911FE3,validation
ID_4F4C9BB5E9,train
ID_4F4D079CFA,validation
ID_4F52EC826E,validation
ID_4F54E79485,train
ID_4F550BCB16,train
ID_4F56D2B21C,validation
ID_4F57D4E785,train
ID_4F583F78EC,train
ID_4F59783893,final
ID_4F59E3B2B1,final
ID_4F5AD46148,final
ID_4F5BEDF5BB,train
ID_4F5C7AA54C,validation
ID_4F60A50BB3,final
ID_4F60B5C5A8,train
ID_4F61BAC7EB,train
ID_4F624B0495,train
ID_4F69CB21B4,train
ID_4F6A49E7B5,train
ID_4F6AD49B1B,final
ID_4F6B34F3DE,train
ID_4F6D9E4D3B,train
ID_4F6DA68507,validation
ID_4F71967024,train
ID_4F72A9CBE0,train
ID_4F736348A2,validation
ID_4F75161C55,validation
ID_4F77ADDEC4,final
ID_4F78DADF7B,train
ID_4F7A87CCDB,final
ID_4F7AE74129,train
ID_4F7E815355,final
ID_4F8054E0BD,validation
ID_4F80613E59,train
ID_4F82226872,train
ID_4F82975326,final
ID_4F8743FF42,train
ID_4F87B98E0A,train
ID_4F87FE163B,final
ID_4F88173948,train
ID_4F8AA2DB64,final
ID_4F8B64A9DF,train
ID_4F8E3355BF,train
ID_4F8F171E95,final
ID_4F8F79EE6E,train
ID_4F9207EA79,validation
ID_4F932C4732,final
ID_4F936CA9D0,train
ID_4F94A92574,train
ID_4F94AD2CD1,final
ID_4F950EEB59,validation
ID_4F9554E9A8,train
ID_4F98445164,train
ID_4F98CFB5E1,final
ID_4F9AAF10BA,train
ID_4F9EB6FB77,train
ID_4F9EE6770C,train
ID_4FA26ED27C,train
ID_4FA3CDB494,train
ID_4FA76629E5,train
ID_4FA7818DF9,train
ID_4FAA63E6AF,validation
ID_4FAA741731,final
ID_4FAAFC6CF7,final
ID_4FAB9E7E19,train
ID_4FACF6FFFD,validation
ID_4FAEB82603,train
ID_4FAFFEB908,train
ID_4FB0C252F2,train
ID_4FB1988A9F,train
ID_4FB26773EB,train
ID_4FB298295D,train
ID_4FB52B12C6,train
ID_4FB531AEC0,train
ID_4FB6DC136E,validation
ID_4FBDE1B8A6,train
ID_4FC18D09AA,train
ID_4FC3A6B11B,train
ID_4FC7662C5E,train
ID_4FC9F4F8A8,validation
ID_4FCCF5F408,final
ID_4FCDB64CB6,validation
ID_4FCF0792AF,train
ID_4FD53AA336,train
ID_4FD53CD303,train
ID_4FD77AB321,train
ID_4FD77EA7D5,train
ID_4FD9B1D063,final
ID_4FD9F4753B,validation
ID_4FDAB8EFBD,train
ID_4FDB61BCE1,train
ID_4FDB9AD4BE,final
ID_4FDD0AB70D,train
ID_4FDD5E4C1B,train
ID_4FDD7B6C91,train
ID_4FDF14B38A,train
ID_4FDF243EB2,train
ID_4FDF637D4F,train
ID_4FDF7F7608,train
ID_4FE1C79679,final
ID_4FE3CBA08E,train
ID_4FECE2DDE3,train
ID_4FEECCF9B8,train
ID_4FEEF3A00C,train
ID_4FF065DB86,final
ID_4FF3B35E0B,train
ID_4FF4228ABD,validation
ID_4FF4243F11,final
ID_4FF6CE63AB,final
ID_4FF7F45919,train
ID_4FFB09B2D9,validation
ID_4FFB7DE7F7,final
ID_4FFDEF6FF3,train
ID_4FFEDE2647,validation
ID_4FFF820B94,train
ID_5002C82D66,train
ID_50039F9EE6,train
ID_5006950A58,train
ID_5006D21420,train
ID_500A30F575,train
ID_500B74241E,train
ID_500DA6025B,train
ID_500FA08C29,train
ID_5012AC3282,train
ID_50156E3D3A,train
ID_5015CA9CF7,validation
ID_50172B0F9E,train
ID_501ACA42CB,train
ID_501BDDE10C,train
ID_501C2CF5C1,final
ID_501D852A8A,train
ID_5021180056,validation
ID_5027E6C199,train
ID_5028A9C583,train
ID_5029B52E28,train
ID_502A269D97,train
ID_502B6348A4,final
ID_502CF0B2A4,train
ID_502F05351A,validation
ID_5030D47C69,train
ID_503100A746,final
ID_50322A272C,final
ID_50346167CB,final
ID_50395540E9,train
ID_503B992A87,validation
ID_503BE2D1E2,validation
ID_503C02363C,train
ID_503F60A3CB,validation
ID_503F649F0F,final
ID_5042C3C997,final
ID_5044853F04,train
ID_50448BEC72,train
ID_5045ABC349,train
ID_50476876E8,train
ID_504936AF08,train
ID_504B370AD2,train
ID_504D871FD2,final
ID_5053494845,train
ID_5053E68A84,train
ID_5055DB3067,validation
ID_5059825A24,train
ID_505A2F4FFB,final
ID_505D42AA78,validation
ID_505EB88747,train
ID_505FE838E4,validation
ID_5060A4D0C7,train
ID_506109C2AF,train
ID_5061805BD6,train
ID_50633607C8,train
ID_506359715A,train
ID_5063BC6740,final
ID_5064DCDE74,train
ID_5065C38A05,validation
ID_50666AB871,train
ID_5066E1B973,train
ID_5068A4C269,train
ID_506A3DA332,train
ID_506B99851C,train
ID_506BEB9407,train
ID_506D31881E,train
ID_506E57DF42,train
ID_5070C479C7,train
ID_5073F4F535,final
ID_5074216D4D,train
ID_507A2051E6,final
ID_507B64BB58,train
ID_50850BF0CB,train
ID_50856F2C74,final
ID_5086C201A8,final
ID_5086F5766B,final
ID_5087666BA7,final
ID_50884EC536,validation
ID_508DDE8172,validation
ID_509257A797,validation
ID_50973CD2E1,validation
ID_50979DBF2B,final
ID_5098CFFDF4,train
ID_509971AEBA,final
ID_509DD8F442,train
ID_509DE18DD8,final
ID_509E05C0CB,train
ID_509F9A533F,train
ID_50A03C20E1,validation
ID_50A0728F5B,train
ID_50A2431A2B,final
ID_50A2BE5AAE,train
ID_50A77F6E39,train
ID_50A7955671,validation
ID_50A9952C60,train
ID_50A9D1EA4D,train
ID_50ACE74B41,train
ID_50AEC529D2,validation
ID_50AF06ADCC,validation
ID_50AF29D1AA,final
ID_50AF963747,train
ID_50B1C22D12,train
ID_50B25D9BEB,train
ID_50B2BE5A52,train
ID_50B6D61FE8,train
ID_50B89108CE,train
ID_50B8CDF041,validation
ID_50BF9D7618,validation
ID_50C228916F,train
ID_50C28391FF,train
ID_50C3D36BBF,train
ID_50C5B14566,train
ID_50C63BC334,train
ID_50C740F623,final
ID_50C9F29A14,train
ID_50CF7D0C7A,final
ID_50D15A8567,validation
ID_50D15AFA90,train
ID_50D39C7CC3,train
ID_50D632CD17,final
ID_50D8F46DD6,validation
ID_50DC179F38,validation
ID_50DCF94532,train
ID_50DF155ACD,final
ID_50DF80D399,validation
ID_50E34D35F1,train
ID_50E5FD7CFB,final
ID_50E7329D6F,train
ID_50E7530F80,validation
ID_50E78F150B,final
ID_50E92EC327,train
ID_50E9BCC0AB,train
ID_50EA1A226B,train
ID_50EDA6C694,train
ID_50F16FC7FA,train
ID_50F3FC7BB8,final
ID_50F7A237FA,validation
ID_50F8FAEC6F,final
ID_50FA827749,train
ID_50FB3F3081,final
ID_50FEB62DCF,train
ID_50FFE56F8D,train
ID_51009A5A0E,validation
ID_51056F7618,final
ID_510739D289,train
ID_510AD0D600,validation
ID_510AE3F7E2,validation
ID_510BD5DE73,train
ID_510DF82BD8,train
ID_510EF4FF79,train
ID_511074DB4E,train
ID_5110BC2DDC,final
ID_51173B6ABF,train
ID_51180E4A03,train
ID_5119688CF9,train
ID_511A6EA481,train
ID_5120460673,train
ID_5123EC1667,train
ID_5124CCCA35,validation
ID_512545CC9A,final
ID_51275FE842,train
ID_512A9298D7,validation
ID_512BEC757B,train
ID_513083B537,final
ID_513291D300,train
ID_513460B9E9,train
ID_513490182C,final
ID_5138C808B3,validation
ID_513B05915B,train
ID_513BD4BCCB,validation
ID_513CBCFBEC,final
ID_513E83797E,train
ID_513EBD1E8A,train
ID_514110EB3A,final
ID_5145D42170,train
ID_51472B8946,train
ID_5147A22FF7,validation
ID_51495A3252,train
ID_514A61004A,train
ID_514ABEC266,train
ID_514B1E4ACE,train
ID_514BC13C84,train
ID_514D34B1DA,train
ID_51509A76BC,train
ID_5150AE9BB1,train
ID_5152A4BC6A,train
ID_51533579B8,train
ID_515611666B,train
ID_51571AE310,train
ID_515B912A43,final
ID_515D5B2E11,final
ID_515E491837,train
ID_515F124A46,final
ID_516103FAEC,final
ID_51622ADE88,validation
ID_5162489CF2,validation
ID_5162A676AD,train
ID_516443E2A1,train
ID_5165C8A557,train
ID_51666FBD89,train
ID_5166F509EB,validation
ID_516719D76D,train
ID_51675B3F17,train
ID_51680289D1,train
ID_5168C68BB1,train
ID_5168F9E245,train
ID_516BA1EE75,train
ID_516C03DE80,train
ID_516C8FC15C,validation
ID_516F28E3B4,validation
ID_51701F68ED,validation
ID_517139DD9E,train
ID_5171FBC895,validation
ID_517292F7D9,final
ID_51729AB3F2,train
ID_5172ABC688,train
ID_5173C5D0F5,train
ID_51742E2389,validation
ID_517593E616,final
ID_5176A04025,train
ID_5179DF6FB4,train
ID_517AE99072,train
ID_517C0D24F8,train
ID_517CAB384E,train
ID_517DF07D5B,validation
ID_517F0EF329,train
ID_51818BAC91,train
ID_5181F86A06,train
ID_518AB35E05,train
ID_518C3C22DE,validation
ID_518E994400,train
ID_51928F3058,train
ID_5194182C9A,validation
ID_5195A68459,train
ID_51996714A4,train
ID_5199C76450,final
ID_519EBD2575,train
ID_51A15E974F,final
ID_51A2553F1B,validation
ID_51A4FBDC8E,train
ID_51A586042D,train
ID_51A60290EC,train
ID_51A7DE6C0D,validation
ID_51A869985A,validation
ID_51A871AFC8,train
ID_51A95BF382,validation
ID_51AA83511D,train
ID_51AB1708C7,train
ID_51ABA06247,train
ID_51AD44BB57,train
ID_51AD488DD2,train
ID_51AD56796B,validation
ID_51B0370E75,final
ID_51B143471C,train
ID_51B45C3032,train
ID_51B54656D1,train
ID_51B6923B1A,train
ID_51BA341BDD,final
ID_51BD322CAE,train
ID_51BE0DD46D,validation
ID_51BF7F8F77,validation
ID_51BFCC6775,train
ID_51C0FF53F6,train
ID_51C182CA23,final
ID_51C22F63D8,train
ID_51C623E3DC,validation
ID_51C731285F,validation
ID_51C9174A05,train
ID_51C92D0059,validation
ID_51CD597677,train
ID_51CE1B35D1,train
ID_51CE302818,train
ID_51CE5D1272,train
ID_51CF266839,train
ID_51D05BDDA5,train
ID_51D0D139F3,train
ID_51D72D6549,final
ID_51D9A7523E,train
ID_51DD39D085,train
ID_51DE0D27C2,train
ID_51E0764F02,train
ID_51E07F4CCF,train
ID_51E7096074,train
ID_51EAB0B450,final
ID_51EB7633E4,final
ID_51ED6A28E9,train
ID_51EEC425AB,validation
ID_51F1B5CDD9,validation
ID_51F259E185,train
ID_51F85B47C3,train
ID_51F940B983,train
ID_51F9BBA0AA,train
ID_51FE362000,final
ID_5205DA6876,validation
ID_520667D15B,validation
ID_520780CB1C,final
ID_5207A219FF,train
ID_5208D50B05,train
ID_520CDE401D,train
ID_520E47745E,final
ID_520EC5900E,train
ID_520FBCC42B,train
ID_520FFD7B17,validation
ID_52102459AA,train
ID_5211625CBB,validation
ID_521246D2E8,train
ID_5213CC0684,train
ID_52188A70CB,validation
ID_521D84D133,train
ID_521E663E98,validation
ID_521F6D423C,train
ID_5221202ECE,final
ID_5226ABFF18,train
ID_522845F9B4,validation
ID_52332D7A79,final
ID_5234A20B40,final
ID_5235626489,train
ID_52362ABD76,train
ID_52376B4391,validation
ID_52380C766D,train
ID_5238CF515F,train
ID_523BB2FE70,final
ID_523C072860,final
ID_523E0F1FA8,final
ID_523F903D6B,train
ID_523F9E4480,train
ID_5242F82A5F,train
ID_5243CC60CC,train
ID_52450204FA,train
ID_524603697C,train
ID_524793C5FF,train
ID_524B5A8B07,train
ID_524E61A13F,train
ID_524F1FC34B,final
ID_524FA4CAA5,train
ID_52504C22DE,train
ID_525148D37E,train
ID_5255A0C21B,validation
ID_5259215793,train
ID_525A2B892A,train
ID_525B3E62F2,train
ID_525BB94DBC,train
ID_5262E26498,train
ID_5264C6EBB9,train
ID_52657383AD,final
ID_526590C4AC,train
ID_5267276F6A,final
ID_526898CC28,final
ID_526A56CDD4,train
ID_526A5C7CC6,train
ID_526B31B0E5,train
ID_526C628C0D,train
ID_526FA24E48,train
ID_5272A98941,train
ID_52777D51DC,train
ID_52786B917F,train
ID_5278F5B5CC,final
ID_527C5ACDA0,validation
ID_527C885180,final
ID_527CD995C3,final
ID_527E1A53E8,train
ID_527E663EAE,train
ID_5280EDA69E,train
ID_5280F448A5,train
ID_52842E7724,train
ID_528557123A,train
ID_52855AF1E5,train
ID_52856F7C7C,final
ID_5285C885B8,train
ID_5287787434,train
ID_52895B30B7,train
ID_528977B9B5,train
ID_528B2A05B8,train
ID_528C3391E4,train
ID_528C8C282C,final
ID_528EC0A4E7,train
ID_52963141B9,train
ID_529727AC34,train
ID_5299154215,validation
ID_5299719A89,train
ID_529A4473EB,train
ID_52A0039CDD,train
ID_52A0C59F68,validation
ID_52A2A2FB52,final
ID_52A2C5E713,train
ID_52A3F912F4,train
ID_52A44E2113,final
ID_52A615B8D7,train
ID_52A9DF412B,validation
ID_52AB562225,train
ID_52AE4CCBBA,train
ID_52AF8F4DE4,train
ID_52AFE6641E,train
ID_52B2807755,final
ID_52B3E8735D,validation
ID_52B698241C,train
ID_52B9778532,train
ID_52B9F1725D,train
ID_52BDF379CB,train
ID_52BFA7E08E,validation
ID_52C0BE8A20,train
ID_52C12A6B38,train
ID_52C1D2A178,final
ID_52C302FB1E,train
ID_52C325D0F1,train
ID_52C3F94005,train
ID_52C460B915,train
ID_52C4B76357,final
ID_52C5D5F220,final
ID_52C83F4C42,train
ID_52C9ED6B27,train
ID_52CD14EA3B,train
ID_52D0D7E08A,train
ID_52D2BC4ED9,train
ID_52D490B4D3,train
ID_52D61C20DA,final
ID_52D67D5674,final
ID_52D6B73001,train
ID_52D92B727C,final
ID_52DE3184E7,train
ID_52DF02A2E8,train
ID_52E0EFFF6C,train
ID_52E0FBDB64,final
ID_52E1C0F3E8,validation
ID_52E34EFD8E,train
ID_52E4849E31,train
ID_52E4A98397,train
ID_52E5F56827,train
ID_52E7A2654B,train
ID_52EE823258,train
ID_52EEF77697,train
ID_52EF52DA95,train
ID_52F24D0F7C,final
ID_52F25A35D4,validation
ID_52F2A6C7CA,validation
ID_52F3B3D725,train
ID_52F4597D4E,train
ID_52F4EE3C1B,validation
ID_52F5278876,validation
ID_52F6A11428,train
ID_52F8605EF2,train
ID_52F8D36479,train
ID_52FA04F7CC,train
ID_52FB564606,validation
ID_52FE4137E1,train
ID_5301803C72,validation
ID_5303DDFAD1,train
ID_53057A6D51,train
ID_530672473E,train
ID_530A947826,train
ID_530B0CC830,train
ID_530B85777C,train
ID_530EFACD6D,final
ID_530EFE7724,train
ID_531183EBAA,train
ID_5312C41840,final
ID_5315B4B737,validation
ID_5317EBBD99,validation
ID_531804B51D,final
ID_53191E4870,train
ID_5319274B54,validation
ID_5319B1E825,validation
ID_531B1A2147,final
ID_531D9B5119,validation
ID_532075E6F8,final
ID_5321564F55,final
ID_53240A3149,train
ID_53285AD395,train
ID_532977BCA3,train
ID_532B22F915,train
ID_532DDFB725,train
ID_532F52FE72,final
ID_53302A3ECF,train
ID_53362CCCC1,validation
ID_533637CCA4,train
ID_53371A920F,train
ID_53384AF51E,final
ID_533E36F763,train
ID_533ECB77E9,train
ID_53432AAD30,final
ID_534355147D,train
ID_53438AE934,validation
ID_534518FC1B,final
ID_5349528F30,validation
ID_534B00E1C5,train
ID_534C261F89,train
ID_534CA96344,train
ID_534DC82737,train
ID_535033B3EE,train
ID_5352E7AD17,validation
ID_5356F8E0E7,train
ID_535B4FC038,final
ID_535DE757C0,validation
ID_535EBD35E8,train
ID_535F27EB51,train
ID_5360DB66C7,train
ID_5362C1312E,train
ID_5363DB8E66,validation
ID_53650C6366,train
ID_5369034F78,train
ID_53696EE834,train
ID_536AE1F424,final
ID_536B40D796,final
ID_536EEC4623,train
ID_536F0DD187,train
ID_536F2BFBA9,train
ID_536F5F2951,final
ID_536FEECA36,train
ID_5370DF102A,final
ID_5374303E30,train
ID_5375ED7EAE,train
ID_53770E88E1,final
ID_53779DB353,train
ID_5378BCE119,validation
ID_53795AFE9C,train
ID_537A0050B6,final
ID_537A10EFF6,validation
ID_537B6D255E,train
ID_537BE02EA9,train
ID_537BE962BB,final
ID_537EE3773B,train
ID_537F767853,train
ID_5382F037F7,train
ID_5384F46281,train
ID_5386DDE485,final
ID_5395FD8158,validation
ID_5397CE57ED,validation
ID_539A571813,validation
ID_539AD19AAA,train
ID_53A2009DFC,train
ID_53A232C894,train
ID_53A2D68758,train
ID_53A36CBB10,train
ID_53A5F4FCC4,validation
ID_53AA35F9A2,train
ID_53AA7362D3,train
ID_53ABE664FF,final
ID_53AC52F34B,train
ID_53B270331B,final
ID_53B34D7F0C,validation
ID_53B472B24D,train
ID_53BC130D2A,train
ID_53BCA21816,train
ID_53C0B6E21F,train
ID_53C2BC94D4,validation
ID_53C8F56655,train
ID_53C99D58A7,train
ID_53CDA32AFF,train
ID_53CE15A117,validation
ID_53CF2CC4BA,validation
ID_53D46CAD2D,validation
ID_53D4C2AEA1,final
ID_53D60C1427,train
ID_53DA907527,train
ID_53DAE8A5C9,train
ID_53DBD55FC4,validation
ID_53DC300085,train
ID_53DE6879D1,train
ID_53E0CB0857,train
ID_53E1E06114,validation
ID_53E1EC9B0E,train
ID_53E31F8266,train
ID_53E3B4B632,final
ID_53E4A337B9,train
ID_53E534154F,train
ID_53E5612463,final
ID_53E5F23CDC,train
ID_53E6B3873D,train
ID_53E71F008F,validation
ID_53E93AC86B,train
ID_53EC7942E0,validation
ID_53EDDEDE43,final
ID_53F0999F2C,train
ID_53F149D2BF,validation
ID_53F25A3F35,validation
ID_53F276DAFF,train
ID_53F2DE440E,final
ID_53F4FBF325,train
ID_53F61A7586,train
ID_53F6374D94,validation
ID_53F744A862,train
ID_53F98700CB,final
ID_53F9AC23D7,train
ID_53F9B75F81,final
ID_53FADE123D,validation
ID_53FCA2D210,train
ID_53FE6E7149,train
ID_53FFEC6459,train
ID_5400540F01,validation
ID_5402341FFC,train
ID_54053D5119,validation
ID_54079F7D39,final
ID_540D070462,final
ID_54111932ED,train
ID_54139D6C56,validation
ID_5414E3AFF7,train
ID_541755490C,train
ID_541899924B,train
ID_541A90BD68,train
ID_5421229509,train
ID_5421FEC8F5,train
ID_542398A27A,final
ID_5424476451,final
ID_5424E70CEB,final
ID_54255A8FCE,train
ID_5426C64473,train
ID_5429373009,validation
ID_542AF057D3,validation
ID_542F5E37A6,train
ID_543033C5B4,train
ID_54315D66FA,validation
ID_54316E4342,train
ID_5431AEC40F,validation
ID_54334B581E,train
ID_54364DA195,train
ID_543DF11A02,validation
ID_543E1CBC06,validation
ID_54418A4DAE,validation
ID_54418DC02B,final
ID_5442E619AC,final
ID_54430DD5AA,train
ID_544433286D,train
ID_5447321C5D,final
ID_544883D023,train
ID_54489DB214,validation
ID_54499CB2A9,train
ID_544D573CB5,train
ID_545071BCA4,validation
ID_54522993A0,validation
ID_54537EB550,final
ID_5453DA534E,train
ID_5457690FC5,train
ID_545844E8F5,validation
ID_54590982C5,final
ID_545D159C6D,train
ID_545D8D80C7,train
ID_545DD822A7,final
ID_546CE64B59,train
ID_547183E4EA,train
ID_54750F89BB,train
ID_5479154CD2,train
ID_5479978EE1,final
ID_5479A58063,train
ID_547AF55564,train
ID_547C4C0412,train
ID_547E72843A,final
ID_547F3A8097,validation
ID_5480DDE195,train
ID_548196DBF6,train
ID_54833C4022,train
ID_5483F89D25,train
ID_54876494A1,validation
ID_54892E2A51,final
ID_548B2A6FCB,validation
ID_548ED72E43,train
ID_5491BE9C16,validation
ID_5492F84F24,train
ID_5495E4C1C6,train
ID_5497CB8349,train
ID_54983AC7FF,train
ID_549B892704,train
ID_549D290375,train
ID_549F3922B9,final
ID_54A1BCF5E8,final
ID_54A3AE1FA6,train
ID_54A4AB6776,train
ID_54A6ED290B,validation
ID_54A800A0B4,train
ID_54ACC2B2A4,train
ID_54AFD313D2,final
ID_54B2340888,final
ID_54B2C218FC,final
ID_54B595E958,final
ID_54B59E1B8F,final
ID_54B5EEC02D,train
ID_54B5FAD1B1,validation
ID_54B86ABDBA,train
ID_54BB336D2F,train
ID_54BC4D9437,train
ID_54BCE45AF8,train
ID_54BD46E35B,validation
ID_54BFA7EB5C,train
ID_54C401EA3E,validation
ID_54C6346B59,train
ID_54C9165E16,train
ID_54C925BCD3,train
ID_54CA48A03D,validation
ID_54CDAB8652,train
ID_54CDD56369,train
ID_54CE2317F8,final
ID_54D10D553B,train
ID_54D2DB3DB4,final
ID_54D3E1BE9D,validation
ID_54D47033FB,train
ID_54D4788651,train
ID_54D6A0F651,train
ID_54D772A9C1,train
ID_54D9D44542,train
ID_54D9DA560B,validation
ID_54DC373709,train
ID_54DC3D2615,validation
ID_54DF2F83B3,train
ID_54DFF71E76,final
ID_54DFFE25EC,train
ID_54E5691E4F,train
ID_54E75C93D6,train
ID_54EA04B636,train
ID_54EB69630A,train
ID_54EC40DB4B,train
ID_54EE2FFD8A,validation
ID_54EF5ADD2D,train
ID_54F03E119A,validation
ID_54F1C86865,validation
ID_54F1F13802,train
ID_54F2DB09B7,train
ID_54F36CF9FF,train
ID_54F77728B2,train
ID_54F9E41C1E,final
ID_54FC038DF3,train
ID_54FCF6A12E,train
ID_54FD61EB26,train
ID_54FD9B3B0A,train
ID_54FE0C0F95,validation
ID_54FE1BF02E,train
ID_54FE776A22,final
ID_550214B242,train
ID_55025F7A0A,train
ID_5504FCCF73,train
ID_5505A3E044,train
ID_5507C2388B,final
ID_550B0CE018,train
ID_550CA42D4E,train
ID_55117D7E4C,train
ID_5512F17B59,train
ID_5516C0F1D6,train
ID_5516C0F85B,train
ID_5516DD945B,final
ID_5518E6C5B9,train
ID_551B280BEE,train
ID_551D6DCE7C,final
ID_551E2DB616,final
ID_551F2F70DB,train
ID_551F4EF02E,validation
ID_55201727D9,train
ID_5521363B3B,train
ID_5526613E75,train
ID_5526E5596A,validation
ID_55272FA569,train
ID_55274013B7,final
ID_552861EEE3,validation
ID_5529D221AE,validation
ID_552A6145CF,train
ID_552A912935,train
ID_552AF5386A,train
ID_5531720B15,final
ID_5534AAB0EB,train
ID_55366DAD49,train
ID_553A7F6C4A,train
ID_553A9956B8,train
ID_553AF07C8C,train
ID_553CA66855,train
ID_553F169A23,train
ID_554052FE8B,train
ID_5541B35E6B,validation
ID_5542ED7B73,train
ID_5543DE3087,validation
ID_554432B5CA,final
ID_55454C29ED,validation
ID_55458834E6,train
ID_5545FA6B31,train
ID_5546B739EA,train
ID_5547C90376,final
ID_554944D36C,validation
ID_554B5106B9,train
ID_554B9EA60F,train
ID_554BF174F9,validation
ID_554CA4743F,final
ID_554D96DF8C,train
ID_554EE9B3F1,train
ID_554FC6905C,validation
ID_555266A0E9,train
ID_5555DCF40C,train
ID_555759F480,final
ID_55576DD1B3,train
ID_555900D4EC,train
ID_5559BE8EFE,train
ID_5559C43908,train
ID_555EFB2D22,validation
ID_555F2213AB,final
ID_5560AEC770,final
ID_5562FBA2C0,train
ID_5564A935C6,train
ID_5564BA9F31,train
ID_5566B86B7F,train
ID_5567C34740,train
ID_5568A893A7,validation
ID_556BB539FC,train
ID_556D0B9540,validation
ID_557130108A,validation
ID_5571A362ED,train
ID_5571EC88E7,train
ID_5571EFA39F,train
ID_5572386CD5,final
ID_557352964F,final
ID_55746321DD,train
ID_5574976D08,final
ID_55753E5B77,train
ID_557809019E,train
ID_5579B76A62,train
ID_557B7301F6,train
ID_557CF91B0F,validation
ID_55801C9ED3,train
ID_558193A2DC,validation
ID_5581BB2146,validation
ID_55837FBE8A,train
ID_558AB63E3C,train
ID_558B23BA9B,final
ID_558E0E46EB,train
ID_5592F47CB9,train
ID_5593EF0FCB,train
ID_55969C40BB,validation
ID_55997D6F68,train
ID_5599E97DDF,train
ID_559ABFF498,train
ID_559BEA3AC6,train
ID_559F538680,final
ID_55A002CFF0,train
ID_55A027F217,validation
ID_55A0A261B2,final
ID_55A17A5F08,validation
ID_55ACBBCF2F,train
ID_55ACD14DF3,validation
ID_55AFD0B27B,final
ID_55B09F2E71,final
ID_55B15AAF8C,train
ID_55B4E2B058,final
ID_55BD1B9327,train
ID_55BF640E25,final
ID_55C127913C,final
ID_55C19F19B8,final
ID_55C33D9967,final
ID_55C5C2810F,train
ID_55C6AEFF5E,train
ID_55C7485474,final
ID_55C8B6CB9F,train
ID_55C971CD15,validation
ID_55CBD5F114,validation
ID_55CC00040A,final
ID_55CEC637E5,train
ID_55CF73971E,final
ID_55D0750F8B,train
ID_55D0DDE414,train
ID_55D9CC6D8B,train
ID_55DAC7769D,validation
ID_55DB09D508,validation
ID_55E06201CD,train
ID_55E18180D5,train
ID_55E1C61E73,train
ID_55E2FD942E,final
ID_55E5F14EA8,final
ID_55E65E39A2,final
ID_55E66E815C,validation
ID_55E6838072,final
ID_55E8210F1E,train
ID_55E8F05CBE,final
ID_55EADBBFE1,train
ID_55EBD4D6AF,train
ID_55ED6CC45B,train
ID_55F1B8EE86,train
ID_55F298776D,final
ID_55F4605ACF,validation
ID_55F485A172,final
ID_55F5E84DF1,train
ID_55F81171F9,train
ID_55FB48C43C,validation
ID_55FBDFAB72,train
ID_5601E410B1,final
ID_5602E7F42A,train
ID_5604BC53C4,final
ID_5608A7046D,train
ID_5609495F31,train
ID_560ACEEA00,train
ID_560E0AE6D8,train
ID_560E71D433,train
ID_560FF14B44,final
ID_56127C2D96,validation
ID_5616758763,train
ID_561AF1A080,validation
ID_561BE17537,final
ID_561D0C7EFE,validation
ID_5621A409F0,validation
ID_5621B044C2,train
ID_5622EA52BB,train
ID_5623FAB74E,train
ID_56254FE354,train
ID_56255AA16D,final
ID_562567CE29,train
ID_56259A6F77,train
ID_5625EF39C6,final
ID_5626D6C38F,final
ID_562B185B8D,final
ID_562CF15D84,train
ID_56304A306E,train
ID_5631F54D51,validation
ID_5632C56D64,validation
ID_5636DCBB7C,train
ID_563710024A,final
ID_5637126D29,validation
ID_5637944676,final
ID_563BD9016A,train
ID_563C45E631,validation
ID_563DB24B71,train
ID_563F420216,train
ID_564268786D,final
ID_5642C911A7,train
ID_56444A8559,train
ID_5646CA241B,train
ID_56487B0998,validation
ID_564D90A173,train
ID_564DC1575A,train
ID_564EA1323C,validation
ID_56502658A0,validation
ID_5654B3105E,train
ID_5656ADCD18,train
ID_5658AC128B,validation
ID_5659AEB73A,train
ID_5659F182F9,final
ID_565A95060B,train
ID_565B81E722,final
ID_565EEDEC59,train
ID_565F6C6B64,train
ID_565FCAED65,train
ID_566111334E,train
ID_5664E2EA37,validation
ID_5665B56625,validation
ID_5666AD6258,validation
ID_5666F2A5C6,train
ID_566B03EC41,train
ID_566C8135EB,train
ID_5671505597,final
ID_56719D5370,train
ID_56730773CE,train
ID_5674572C8D,train
ID_56767EE5C3,train
ID_5676B52E36,validation
ID_5676F7656A,validation
ID_5676FAAAD0,validation
ID_5677CB4F9A,train
ID_567B1578FC,train
ID_567B409EEF,train
ID_567BD56CF5,final
ID_567BE2207D,final
ID_567C4C8D85,validation
ID_567E4667F2,final
ID_567E492D47,train
ID_567F66FCFA,validation
ID_56806A853E,train
ID_5680991F7A,final
ID_5680EDEF66,final
ID_5689373BCC,final
ID_568D66D721,train
ID_568F07E278,validation
ID_568F48B06A,final
ID_56970F050A,train
ID_569891024A,train
ID_569907C61E,train
ID_569E689258,train
ID_56A6C95046,train
ID_56A7FE3D6B,train
ID_56A9EF05B9,train
ID_56AAD53E16,validation
ID_56AC3FE12A,final
ID_56ADDF593F,final
ID_56AFAB63D4,validation
ID_56B1400181,final
ID_56B18B4297,final
ID_56B3509829,final
ID_56B85CC8DE,train
ID_56B8AEB542,train
ID_56B9EAD3CE,train
ID_56BB6B172A,train
ID_56BC06B7C0,validation
ID_56BCE16957,train
ID_56BD0DD8D5,train
ID_56C19E2232,train
ID_56C20FB018,validation
ID_56C71F7C40,validation
ID_56C88CE8EE,train
ID_56C9EFF6D9,train
ID_56CAED4671,train
ID_56CC12473F,validation
ID_56CDB4999C,train
ID_56CDE5403A,final
ID_56CFB47BD3,validation
ID_56D3658A53,final
ID_56D58506F6,validation
ID_56D9C1B00C,validation
ID_56DA275366,train
ID_56DB08EB28,final
ID_56E28C4F32,train
ID_56E3924138,train
ID_56E48243C2,final
ID_56E9A2E633,train
ID_56EABE6409,validation
ID_56EAC30A54,train
ID_56F2364F76,validation
ID_56F4E08D12,train
ID_56F71049A5,validation
ID_56F71F912C,final
ID_56F7732190,train
ID_56F921468D,final
ID_56FB12B378,train
ID_56FC4EB19B,train
ID_56FEEE79F5,validation
ID_570074ACEB,train
ID_5703806630,final
ID_5706654AB9,train
ID_57066C86B3,train
ID_5706EA3E64,train
ID_5707661E04,train
ID_5707EBE2E7,train
ID_5708D41D7C,final
ID_570944486C,train
ID_570A8CA063,train
ID_570D232EA3,final
ID_570D43CDC1,final
ID_570E9BD716,final
ID_570F43171C,train
ID_571041081A,final
ID_5710555503,final
ID_5717338F17,train
ID_57195B8C4F,train
ID_57195DCE8B,train
ID_571E56AAD0,validation
ID_5721C0544F,train
ID_5721E1B6D0,train
ID_5722023952,validation
ID_572393845A,validation
ID_5723CDA6EF,train
ID_5726C57DDF,train
ID_57286B45C6,final
ID_5728A3A2C6,train
ID_5728D1FDD5,train
ID_57295B9949,train
ID_572DFAFC91,validation
ID_572E720B31,validation
ID_57311F80B8,train
ID_57325301E8,train
ID_5732C38022,validation
ID_5732D1FEF8,train
ID_5736468E6F,final
ID_57395120CD,train
ID_573A125954,train
ID_573B02144F,train
ID_573CF8C9D4,train
ID_573E3E246C,train
ID_573E6418A7,train
ID_573F621849,validation
ID_573F766C51,train
ID_5746DEC2DD,train
ID_5748A40137,train
ID_574C8FF99E,train
ID_574D700414,train
ID_574F011601,validation
ID_57502858E9,train
ID_575048010F,train
ID_57510AA78B,train
ID_5753AC7042,validation
ID_575428F3DC,final
ID_575430FC3D,train
ID_57561BFAA6,train
ID_5756B71311,train
ID_575A028EB7,final
ID_575F7ABA4C,final
ID_575FC7EC23,train
ID_5761CE1F5B,final
ID_5762439620,train
ID_5762A4B611,final
ID_5762E4065E,validation
ID_5763FE8E9D,validation
ID_5765B3081B,final
ID_5766263717,train
ID_57665EDA70,train
ID_57682F029B,train
ID_57687E8F83,train
ID_5768A313CD,train
ID_5768CAD2D5,train
ID_576E3FA4B4,train
ID_576F508914,validation
ID_57701528C2,train
ID_57719C671A,train
ID_5773683E4D,validation
ID_5777E3F8BD,train
ID_577A0C8109,train
ID_577AE34F37,train
ID_577D15B0C0,train
ID_577E0C3AF9,validation
ID_577EF5624B,train
ID_577F55A833,train
ID_5782F99166,train
ID_57869D1830,train
ID_57876C72BD,train
ID_5788A9D6F7,validation
ID_5788ED3B3D,validation
ID_5788FF0CAC,train
ID_578B160442,train
ID_578B3AFBE9,validation
ID_578BE0B2F0,train
ID_578C7255BE,train
ID_578CE98D6F,final
ID_578EED5DF1,train
ID_5790C57371,train
ID_57941D04BF,final
ID_5794745954,validation
ID_57963C9FBA,train
ID_579739E014,validation
ID_5797AEDB73,train
ID_579825E4D5,train
ID_57991B80B0,train
ID_5799D33320,train
ID_5799D53979,train
ID_5799FBB706,train
ID_579AA55BF4,train
ID_57A39C88B0,train
ID_57A404BA34,train
ID_57A6F47A6C,train
ID_57A7E9C2E2,final
ID_57A8208192,validation
ID_57AA248516,train
ID_57ABF738C5,validation
ID_57AD8FDE58,train
ID_57AE3955C3,final
ID_57B19C8DFC,train
ID_57B20B176A,validation
ID_57B44490DC,train
ID_57B469A387,final
ID_57B6747012,train
ID_57B6799918,train
ID_57B7134E2B,train
ID_57BA31DC19,train
ID_57BAD60489,final
ID_57BCA0B4EE,train
ID_57BCD55EB9,train
ID_57BE91EF07,train
ID_57C0443A3C,train
ID_57C1A93B07,train
ID_57C2A74675,train
ID_57C915A395,train
ID_57C92E7B64,train
ID_57C97D77EF,train
ID_57CCF6221D,validation
ID_57CEE87DD1,train
ID_57CEF05C23,train
ID_57CF61615D,train
ID_57D02C7E6B,validation
ID_57D1129A6F,train
ID_57D11BE738,train
ID_57D53571CE,train
ID_57D77E4851,final
ID_57D83EA87A,train
ID_57D86D6B54,train
ID_57DA730D76,train
ID_57DB87DF96,train
ID_57DEC7C336,train
ID_57DEE2E361,train
ID_57DF1CE444,train
ID_57DF5E3CDD,train
ID_57DF67E41F,validation
ID_57E1B9A755,final
ID_57E1D2AA95,train
ID_57E6AF6618,validation
ID_57E7F8CFED,final
ID_57E841AD34,train
ID_57E8E0494B,final
ID_57EAB602CE,train
ID_57EC5A1FD1,train
ID_57EDF548B1,train
ID_57EE1CDD0B,train
ID_57EF1A2761,train
ID_57F012B204,validation
ID_57F03AA253,final
ID_57F4BAACA9,train
ID_57F4DE0F4D,train
ID_57F8B9691E,train
ID_57FB063C92,train
ID_57FE426A7A,final
ID_580236299E,train
ID_580329C435,train
ID_580395E8DC,train
ID_5803CEB022,train
ID_5804140485,train
ID_580579F827,train
ID_580C82F6ED,final
ID_5810751E35,validation
ID_5810D1B3A2,train
ID_58120366AF,train
ID_58128F5923,final
ID_5812F2FA9D,train
ID_58133ADC2D,train
ID_581660D3B4,train
ID_5819191DCB,final
ID_58196AC073,train
ID_581FF73E98,train
ID_58201C9904,validation
ID_5821C21704,train
ID_582333F7DB,train
ID_5825404CC3,final
ID_58276D85E8,train
ID_5828422628,final
ID_58284DF73B,train
ID_58291C430C,final
ID_5829F50515,validation
ID_582A5584E1,validation
ID_582B797C35,train
ID_582D65FC3E,train
ID_582E1A71B8,train
ID_582F20CAB7,train
ID_582F663586,train
ID_58314E82D4,train
ID_5833A42F3A,train
ID_5835E270FB,final
ID_5835F96CF9,train
ID_5837305710,final
ID_5838DDF357,validation
ID_583C88A231,validation
ID_583EC24E58,train
ID_5841018961,train
ID_58450FB810,train
ID_58451C694E,train
ID_5846B3FA71,validation
ID_5849DAC5D1,train
ID_584A6D92DD,validation
ID_584AD4E425,validation
ID_584D214158,train
ID_584D43FB4E,validation
ID_58528529BF,train
ID_585428682F,train
ID_5854B91C9B,train
ID_585517D33C,train
ID_5855310567,final
ID_58556B205E,train
ID_585591D13B,train
ID_5856B9153F,train
ID_585802A796,final
ID_585A895880,train
ID_585C5F89A0,train
ID_585DCF232D,train
ID_585F8D5F05,train
ID_58612D1315,train
ID_5861E63EF8,final
ID_5863882636,train
ID_586452EE31,train
ID_586582275D,validation
ID_58672E2FEA,final
ID_5869339BE3,train
ID_586ABFEC24,train
ID_586B8C89CB,validation
ID_586EA3C432,train
ID_586FDC0F16,train
ID_5871C55B5B,validation
ID_5873E54AEC,train
ID_5874E08402,train
ID_587891D7A0,train
ID_587A623C8E,validation
ID_587ABF6C6F,final
ID_587C3581C0,train
ID_587D69783E,train
ID_587EE27F45,final
ID_5880F63094,train
ID_5880F83033,final
ID_5884EEC36B,train
ID_588597278C,train
ID_588644FC03,train
ID_5886AB88FD,train
ID_588AD0854B,final
ID_588B32D177,train
ID_588E4F8E9C,train
ID_588E5718B7,validation
ID_588FC2BAE0,train
ID_5891F95B34,validation
ID_589652B782,final
ID_58980DFFC6,train
ID_5898BFE42D,train
ID_5899AC8D2E,train
ID_5899DF9413,train
ID_589B05884F,validation
ID_589D327AED,validation
ID_589D610C4F,train
ID_58A400AA4C,final
ID_58A4092802,train
ID_58A482E85B,train
ID_58A852577A,validation
ID_58AA4398FF,train
ID_58AC5DD4E8,train
ID_58AC8E3A0F,train
ID_58ADFCAFA8,train
ID_58AE0DCDA5,train
ID_58B1138808,final
ID_58B278D545,final
ID_58B3A64DBC,final
ID_58B4065A0D,train
ID_58B7913344,train
ID_58BCC45B36,validation
ID_58BDD95B45,final
ID_58BF9E60E6,validation
ID_58C13D80DA,validation
ID_58C19CC157,train
ID_58C1CF74E2,train
ID_58C1D75C15,final
ID_58C3787C81,train
ID_58C72F8CE4,validation
ID_58C88B4188,train
ID_58C9739E7E,train
ID_58C9E9A634,final
ID_58CAB06295,train
ID_58CC11840F,train
ID_58CF70CA6C,final
ID_58D342A3FE,train
ID_58D3C9F33A,validation
ID_58D62411CF,final
ID_58D6B594CD,train
ID_58D7AE04E4,validation
ID_58D80C2C20,validation
ID_58D8BA9E9E,train
ID_58D979E0AE,train
ID_58D9D2AFE1,train
ID_58DAFE3BAC,validation
ID_58DFCB52B0,train
ID_58E0A7CF0D,train
ID_58E17FB10B,train
ID_58E3C0B10E,validation
ID_58E548A897,final
ID_58E614C813,train
ID_58E6C262D0,train
ID_58E7F28FEE,train
ID_58EA84ECE2,validation
ID_58EB7D08FF,train
ID_58EC5476CC,train
ID_58EF00D163,train
ID_58EF2A3EF5,final
ID_58F2FF370B,train
ID_58FA435274,validation
ID_58FB3F406E,validation
ID_58FD01D3A4,train
ID_59020D2378,train
ID_5905624A44,train
ID_59074DB486,validation
ID_5907535307,final
ID_590754AA2B,validation
ID_590F416E72,validation
ID_59102B17ED,validation
ID_5910414C35,train
ID_5911520901,final
ID_5912BF091F,train
ID_59166227A0,train
ID_59199D22DB,train
ID_5919C81D3C,train
ID_591B0951FA,final
ID_591DF0A53F,train
ID_591F5F17A7,train
ID_592030DE7A,train
ID_5922A9C7AC,validation
ID_592348F03E,final
ID_5925121407,final
ID_5926765F9D,final
ID_592A3F882C,train
ID_592C7872AD,train
ID_592D2FA138,validation
ID_592E23540A,train
ID_593126783D,train
ID_59341FB1B8,final
ID_593441B5AF,final
ID_5934DE542E,train
ID_5935BDD1E7,train
ID_59390ADCAF,train
ID_5939835787,train
ID_593991F6B0,train
ID_593ACA55D6,train
ID_593BC18454,validation
ID_593D99C7C2,train
ID_593DE5255E,train
ID_593DF01A73,train
ID_5940E2DCCD,train
ID_5942820510,final
ID_5942FB7776,train
ID_5943BC4A08,train
ID_5945A62384,train
ID_59464CC352,final
ID_594D7479A6,train
ID_594DD23D5E,train
ID_594ECFE031,train
ID_595123BBB2,train
ID_5951C12A8B,train
ID_5953748272,train
ID_5958510871,validation
ID_5959931BDB,train
ID_595BF47FD5,final
ID_595C6EF2AC,final
ID_595F050945,train
ID_5960B90FF7,train
ID_5961BD7887,train
ID_5961DF2EBF,validation
ID_5966E536CA,validation
ID_59677C5E3C,train
ID_5969194733,validation
ID_596AD2E90F,validation
ID_596C277BD8,train
ID_596D8ABD54,train
ID_59721D2EF0,validation
ID_59727F4AB6,final
ID_5972B2AFAF,train
ID_597560084B,train
ID_5975DF1FAD,validation
ID_5977A5DD71,validation
ID_597D4295A1,train
ID_597F2A9A8D,final
ID_597FBC596F,final
ID_597FCFB83A,final
ID_59803362F1,train
ID_5981188A1C,final
ID_59834464B1,train
ID_5988B4D58D,train
ID_598A2A3281,train
ID_598B638D88,train
ID_598C3EABCF,train
ID_598EFCC0EF,train
ID_598FE5AC05,validation
ID_599124EE6C,train
ID_5992330613,train
ID_5993F4AB74,train
ID_59959A1777,final
ID_5998A07A4A,train
ID_5998E069DB,train
ID_5999413AD1,train
ID_599A56708E,train
ID_599A70397E,train
ID_599B96EEBA,final
ID_599FA17E68,train
ID_59A355BE4F,train
ID_59A547A8E9,validation
ID_59A628A36D,train
ID_59A62F0411,final
ID_59A835D4EB,validation
ID_59A9693085,train
ID_59AA5685E5,final
ID_59AE00AA97,final
ID_59AE4C66C8,train
ID_59B201389D,train
ID_59B3EE683E,train
ID_59B52242BF,train
ID_59B64AEB67,final
ID_59B69F328B,train
ID_59BC39CECD,train
ID_59BE522449,validation
ID_59BEFE1039,train
ID_59BF7087D2,train
ID_59C06E430B,validation
ID_59C1C9D0C1,train
ID_59C48B5C21,final
ID_59C4ADEE17,validation
ID_59C5050852,final
ID_59C6C66EE4,validation
ID_59C7004263,train
ID_59C7DA157B,train
ID_59C8BD4EBB,final
ID_59CA08A9D5,train
ID_59CD30E224,train
ID_59D026CAEE,train
ID_59D1324315,train
ID_59D322B181,train
ID_59D60CAB10,final
ID_59D620D744,train
ID_59D6DE8086,validation
ID_59D9A2A1C0,train
ID_59DBA0EC12,validation
ID_59DE186B4A,validation
ID_59DE65697B,final
ID_59DEA7D307,train
ID_59DEEF267E,train
ID_59E08F5CDE,train
ID_59E14AACCD,final
ID_59E2403638,final
ID_59E44CF0EA,validation
ID_59E48F7725,train
ID_59EBBE5E8A,train
ID_59EDD26744,validation
ID_59EEF4E571,validation
ID_59F47BAAD1,final
ID_59F4C1F5B5,train
ID_59F576484C,validation
ID_59F7F5F4F4,train
ID_59F8D8F60F,train
ID_59F9EE6E12,train
ID_59FFAE7EF3,final
ID_5A01F3704F,final
ID_5A035F90DD,train
ID_5A0438BF0B,train
ID_5A07805BBB,train
ID_5A078A472B,train
ID_5A096529E3,final
ID_5A098EDA72,train
ID_5A0A2D8A33,train
ID_5A0A9B6C7C,train
ID_5A0C5FF8FC,final
ID_5A0C6CDFA7,train
ID_5A0E94E82B,validation
ID_5A0F4946D7,train
ID_5A10E67A4B,train
ID_5A12188D2A,train
ID_5A12E0ADC5,final
ID_5A13940F57,train
ID_5A13E342CA,train
ID_5A1429ABA6,validation
ID_5A183D838F,train
ID_5A1A6C0173,train
ID_5A1AE8A46E,train
ID_5A1C831F26,validation
ID_5A1E623A10,train
ID_5A1F1096BF,train
ID_5A201CF1DD,final
ID_5A27EB2E34,train
ID_5A282ED838,validation
ID_5A29593810,validation
ID_5A29B667FD,train
ID_5A29F91A58,train
ID_5A2BD39A58,validation
ID_5A2BF7A2A8,train
ID_5A31365636,train
ID_5A31677FF7,train
ID_5A333BA11D,train
ID_5A34135752,final
ID_5A341E675C,train
ID_5A34512E71,final
ID_5A3AEFBF7D,validation
ID_5A3B7EC0D0,train
ID_5A3D730778,train
ID_5A3D94BFDB,train
ID_5A3EF504DE,train
ID_5A40C193B2,train
ID_5A42693759,train
ID_5A4425B6B9,train
ID_5A460EE793,final
ID_5A4722D396,train
ID_5A48E803AD,train
ID_5A49E69C69,validation
ID_5A4B0BD57B,train
ID_5A4C0E2E52,train
ID_5A4C9DAB84,final
ID_5A513C14BD,train
ID_5A54F28F58,train
ID_5A559A4C96,train
ID_5A565FD861,train
ID_5A5844D2CF,train
ID_5A5A76EA15,train
ID_5A5C46374C,train
ID_5A60EE715C,train
ID_5A61529099,train
ID_5A6263BE15,final
ID_5A64D2390E,train
ID_5A64DC206D,final
ID_5A66C359E5,train
ID_5A677D6B36,train
ID_5A68B30794,train
ID_5A6ABBE74C,final
ID_5A6DD416C9,validation
ID_5A73A37491,train
ID_5A749F988C,train
ID_5A74AB42CC,validation
ID_5A76EE8750,final
ID_5A78206B49,train
ID_5A782FB2B9,train
ID_5A7A026F37,final
ID_5A7E91AC0D,validation
ID_5A80DE5815,final
ID_5A8147D7A1,train
ID_5A814F3A5C,train
ID_5A81E800CC,validation
ID_5A82E54D19,train
ID_5A85AAC687,train
ID_5A8C076F78,train
ID_5A8D1033E0,train
ID_5A90A4DEC1,validation
ID_5A90FB6CDE,train
ID_5A96786110,validation
ID_5A982C2D82,final
ID_5A99E198AE,validation
ID_5A9D4972DD,final
ID_5A9DF15225,train
ID_5A9FF659D4,train
ID_5AA0146297,train
ID_5AA3F85039,train
ID_5AA81CF5A2,train
ID_5AA86A5B97,final
ID_5AAEEDB6FD,train
ID_5AB1E2E833,validation
ID_5AB21282F8,train
ID_5AB32B9067,train
ID_5AB3F38B31,train
ID_5AB46E6291,train
ID_5AB4E72316,final
ID_5AB532CC3B,validation
ID_5AB713A087,validation
ID_5AB780ED55,train
ID_5AB923AB9C,train
ID_5ABBCBBFCF,validation
ID_5ABE3FDB16,train
ID_5ABFF32051,train
ID_5AC1A16C50,validation
ID_5AC37FA263,validation
ID_5AC5472FB5,train
ID_5AC6805457,train
ID_5AC836C1D5,train
ID_5AC8E3C500,train
ID_5AC8EF68A3,validation
ID_5AC961C66A,validation
ID_5ACA2F31DC,validation
ID_5ACBC9DED3,train
ID_5ACC91A30F,train
ID_5ACDC11D3F,train
ID_5ACE4FC50A,train
ID_5ACFD9066B,final
ID_5AD03C6F95,train
ID_5AD1A89867,train
ID_5AD44FB2A7,train
ID_5AD4C83971,train
ID_5AD5B28002,train
ID_5AD640D7E2,train
ID_5AD7663972,validation
ID_5ADABE703A,train
ID_5ADE3F2C7A,final
ID_5ADEBDEC75,train
ID_5ADF727956,final
ID_5ADF9FD3ED,train
ID_5ADFFFA410,train
ID_5AE11C36B7,train
ID_5AE1ABEF5E,final
ID_5AE22DE240,train
ID_5AE3B19B64,final
ID_5AE419B812,train
ID_5AE5EBABB5,validation
ID_5AE6CB32E6,train
ID_5AE74B1CA0,train
ID_5AE8906107,train
ID_5AE90F7A7A,final
ID_5AE93240E1,train
ID_5AEA5D38C3,train
ID_5AEB670DA5,final
ID_5AEC123FDB,train
ID_5AEDE30B40,train
ID_5AF44AECCA,train
ID_5AF5AD1762,train
ID_5AFC248140,validation
ID_5AFD802F1D,validation
ID_5AFDBE9E31,train
ID_5AFE2BCD3E,validation
ID_5AFE54978F,train
ID_5AFEBA3298,train
ID_5AFF45242C,train
ID_5B018C0EDC,final
ID_5B01A78C6E,final
ID_5B0218E76D,train
ID_5B027E767A,train
ID_5B04440671,train
ID_5B08B76AC0,train
ID_5B095375D8,final
ID_5B0A34570C,validation
ID_5B0B15D878,validation
ID_5B0C36D20E,train
ID_5B0F0D96AF,train
ID_5B11D12F7F,validation
ID_5B13F619A7,train
ID_5B157BA737,validation
ID_5B1AA8EA91,train
ID_5B1CB081FD,final
ID_5B1DF7782C,train
ID_5B1EC44593,train
ID_5B1FB70E7D,validation
ID_5B245F2EC0,train
ID_5B25D780CA,validation
ID_5B26266CF2,train
ID_5B286DB4E0,validation
ID_5B29C8B797,validation
ID_5B2A46F1C4,train
ID_5B2D61EEE6,final
ID_5B3751707F,train
ID_5B37654D10,train
ID_5B37BD04C6,train
ID_5B3CBC1831,final
ID_5B3E19461F,train
ID_5B4065674F,train
ID_5B455E9517,validation
ID_5B466E8C53,train
ID_5B48EAEFCB,train
ID_5B4903D6E3,final
ID_5B4948C0A1,train
ID_5B495800D0,train
ID_5B49828853,train
ID_5B4D360F35,validation
ID_5B4DB9CAE3,validation
ID_5B4F083221,train
ID_5B4FB46BEF,train
ID_5B517241B1,final
ID_5B51948865,train
ID_5B532F7409,train
ID_5B55E8A929,train
ID_5B5BF765A0,train
ID_5B5F5E41A4,validation
ID_5B60714BD8,train
ID_5B623E3A38,train
ID_5B6607DAE3,train
ID_5B66201A7B,train
ID_5B6DC29D99,train
ID_5B6DC62858,final
ID_5B6FAC9ED1,validation
ID_5B6FF4D25E,final
ID_5B714A4EB9,validation
ID_5B74363E52,validation
ID_5B750DF6F7,train
ID_5B7ABA112B,train
ID_5B7CCE967E,train
ID_5B7CE5C5B2,train
ID_5B81062B20,train
ID_5B81EB5C0C,train
ID_5B8619407F,train
ID_5B86BC6502,train
ID_5B8919FE72,train
ID_5B8C95B7D2,validation
ID_5B8CE9C82B,train
ID_5B8D7C3E1A,train
ID_5B8E09DF58,train
ID_5B8E448E92,final
ID_5B8F27FBB9,train
ID_5B921C87DD,train
ID_5B93253569,train
ID_5B94406365,train
ID_5B949A43D5,train
ID_5B96867637,train
ID_5B970DFF5A,train
ID_5B9964082F,train
ID_5B9A93B94E,final
ID_5B9D592FF4,final
ID_5B9D6CC948,final
ID_5B9E5B4AF6,validation
ID_5BA0A6FDE6,train
ID_5BA27FA85E,final
ID_5BA41208CC,train
ID_5BA71FB5F6,train
ID_5BA7B37241,train
ID_5BA7DB3752,train
ID_5BA8423D79,train
ID_5BA9550E2F,validation
ID_5BAA9CEA8B,train
ID_5BAC858292,train
ID_5BAECD4578,validation
ID_5BB172A2FE,final
ID_5BB316540D,validation
ID_5BB5E5F639,train
ID_5BB608E2E7,train
ID_5BB8FCA0BB,validation
ID_5BB904BF88,train
ID_5BB96CEC0C,train
ID_5BB9FE01EE,train
ID_5BBC0809C5,train
ID_5BBC5B72D9,final
ID_5BBF6AD7D5,validation
ID_5BC06E5BA8,train
ID_5BC0B27DA9,train
ID_5BC0F88692,final
ID_5BC1877577,train
ID_5BC2088E83,validation
ID_5BC47AF452,train
ID_5BC8795F9B,train
ID_5BC8998FFB,train
ID_5BCBCFB58F,final
ID_5BCC4FB707,validation
ID_5BCCFDE86D,train
ID_5BCD982CCF,train
ID_5BCFA09334,final
ID_5BD0664B7D,train
ID_5BD0961AE8,train
ID_5BD0B958CE,final
ID_5BD48C6AA6,validation
ID_5BD496E1C4,train
ID_5BD7C63B0F,final
ID_5BD925DA18,validation
ID_5BD9F9BA12,final
ID_5BDDAD8C94,train
ID_5BDDE99866,train
ID_5BDE7E580D,final
ID_5BE0A84705,final
ID_5BE165B8E5,train
ID_5BE244B3FE,train
ID_5BE3C3C371,train
ID_5BE528A700,final
ID_5BE5E6A7A3,train
ID_5BE6E08E22,train
ID_5BE799F15F,train
ID_5BE812F051,train
ID_5BE9FF685A,validation
ID_5BEA31EF19,train
ID_5BEB52D7E0,train
ID_5BEB982151,validation
ID_5BEBA4B6CF,train
ID_5BEDB508A5,validation
ID_5BEFBC2467,final
ID_5BF1FF2925,validation
ID_5BF2FF39D7,final
ID_5BF6279306,train
ID_5BFA601E1C,train
ID_5BFCC2C650,train
ID_5BFD8DC9D6,validation
ID_5BFDEC281E,train
ID_5BFF454BE3,validation
ID_5C02273DA6,train
ID_5C080E1917,validation
ID_5C09087B4D,train
ID_5C0919E576,train
ID_5C0ABC18FD,train
ID_5C0E170845,final
ID_5C0EC70B08,train
ID_5C1090A52E,train
ID_5C112045DB,train
ID_5C132B3763,train
ID_5C142CF2AA,validation
ID_5C14849E40,train
ID_5C166D16B3,validation
ID_5C1936B4E6,train
ID_5C1ADC8270,final
ID_5C1C59CA12,validation
ID_5C1D06BD54,train
ID_5C1D06DBD8,train
ID_5C224EFF7E,final
ID_5C255EC95D,train
ID_5C277270DF,train
ID_5C2B188BE3,train
ID_5C2CAB6CB1,train
ID_5C2D9BDDB9,train
ID_5C302905AC,train
ID_5C31062389,train
ID_5C3156978E,validation
ID_5C32AF9565,validation
ID_5C37D94F42,validation
ID_5C389A3DDB,train
ID_5C3AC96C98,validation
ID_5C3D4F578D,train
ID_5C3D9DCF5D,validation
ID_5C3EA0AA45,final
ID_5C3FA71026,train
ID_5C3FE1035B,train
ID_5C44A9ACBE,train
ID_5C44CE89CF,train
ID_5C46072813,train
ID_5C46B2C4DD,train
ID_5C47861CB3,train
ID_5C48031BC0,train
ID_5C4809276D,train
ID_5C48946C57,train
ID_5C4A644B15,final
ID_5C4AADECBC,train
ID_5C4AE9BF58,train
ID_5C4CE8B2A7,train
ID_5C4F096738,validation
ID_5C4F77F152,final
ID_5C4F8485B8,train
ID_5C51206C91,train
ID_5C530E645B,final
ID_5C53DE36C1,final
ID_5C54AC56D2,train
ID_5C5634D1B9,train
ID_5C58B511C3,train
ID_5C5A18B227,train
ID_5C5A1E8978,train
ID_5C5F1A9CE7,train
ID_5C603A1652,validation
ID_5C61F8DAB8,final
ID_5C634D47A2,validation
ID_5C6363BB5C,train
ID_5C657965AA,train
ID_5C686FCE07,train
ID_5C68CF9E6C,train
ID_5C69D58340,train
ID_5C6A4506C3,final
ID_5C6A7A51F5,train
ID_5C6D1226F3,train
ID_5C703F18BD,train
ID_5C71A2ECDD,train
ID_5C7207D87D,validation
ID_5C72424D5A,validation
ID_5C746B1611,train
ID_5C77A1CD30,final
ID_5C782CED6D,final
ID_5C78D6C693,validation
ID_5C7D76E55B,train
ID_5C7F07B64C,train
ID_5C7F1C8E7E,train
ID_5C7F477C62,train
ID_5C847B9037,train
ID_5C8BBD9A61,train
ID_5C8C628E70,train
ID_5C8CC2988B,train
ID_5C8D2CA76D,final
ID_5C8D67B767,train
ID_5C8E006468,validation
ID_5C8E6094D6,train
ID_5C8EF99538,train
ID_5C906F0AD7,train
ID_5C9097AE66,validation
ID_5C967AE4B9,train
ID_5C9715C3CE,final
ID_5C9727EC8D,validation
ID_5C972A322F,train
ID_5C9B6AC516,train
ID_5C9B8718E6,final
ID_5C9C3C5496,validation
ID_5C9CFB5BD7,train
ID_5C9F386394,final
ID_5CA0082C91,train
ID_5CA1C61B99,train
ID_5CA281C2FC,final
ID_5CA2A73C78,train
ID_5CA4404FB2,train
ID_5CA4806AEC,validation
ID_5CA5FB62D3,train
ID_5CA9C50D6A,validation
ID_5CAD9B3ED4,train
ID_5CAF8ABA0C,final
ID_5CB00764F0,train
ID_5CB0BCE2A9,validation
ID_5CB2ED7FB0,validation
ID_5CB43EF2F0,train
ID_5CB5F2B611,train
ID_5CB60AD8E8,final
ID_5CB9C87AE1,train
ID_5CBB64CF54,validation
ID_5CBC5E37D2,train
ID_5CBD7D9A7D,train
ID_5CBDE25A4C,final
ID_5CBE0C3898,train
ID_5CBF3D6126,final
ID_5CC0EE6BEE,train
ID_5CC233448E,final
ID_5CC89D1426,validation
ID_5CCAEB6C46,train
ID_5CCCA057D9,train
ID_5CD0E5953F,final
ID_5CD182755F,train
ID_5CD2DB7E51,train
ID_5CD3379709,validation
ID_5CD686E31D,final
ID_5CD7D1DB1B,final
ID_5CD8B6DC43,final
ID_5CDFF0B242,final
ID_5CE0743680,validation
ID_5CE0E75056,train
ID_5CE22C10D5,train
ID_5CE42F7E7A,train
ID_5CE55FB5F7,final
ID_5CE6FBDBA5,train
ID_5CE866BD76,train
ID_5CE8A140E9,final
ID_5CE9CDB85D,train
ID_5CEBC7A6BA,validation
ID_5CECB058BE,train
ID_5CEECDA08B,train
ID_5CEF4F5A75,train
ID_5CEF54E86C,final
ID_5CF03D353D,train
ID_5CF220333D,final
ID_5CF3090AF3,validation
ID_5CF31C848D,train
ID_5CF3BCA1D5,final
ID_5CF4F266D7,train
ID_5CF5FFC428,final
ID_5CFA82C9CA,train
ID_5CFB62CBDF,train
ID_5CFCEC2162,train
ID_5CFD70146B,final
ID_5CFEA13675,validation
ID_5CFFAE657A,final
ID_5D0009DF67,train
ID_5D02E8E6C2,train
ID_5D043AB2D4,train
ID_5D05F8561A,validation
ID_5D0747A5EF,train
ID_5D07D7FF6B,validation
ID_5D0C1A7CB2,final
ID_5D10497BF7,validation
ID_5D10BC54B2,train
ID_5D10CFDCB3,train
ID_5D10EEA29B,train
ID_5D15DDF354,final
ID_5D16ADFA58,train
ID_5D18920E46,validation
ID_5D1AF00D29,validation
ID_5D1B346C32,train
ID_5D1DD67C28,train
ID_5D1EFB57FD,final
ID_5D20F24E7B,train
ID_5D2220D3A4,validation
ID_5D24BEE3DA,train
ID_5D2D32F8AE,validation
ID_5D2FA89CA5,train
ID_5D31EEF52D,validation
ID_5D34DB09D8,final
ID_5D34FDADDA,train
ID_5D3925F985,train
ID_5D394D8156,train
ID_5D3CFE586A,validation
ID_5D3D8EE04C,validation
ID_5D3DF81770,train
ID_5D43E8A6A4,train
ID_5D443BA5A0,final
ID_5D4481D6D8,validation
ID_5D44ADD3A3,train
ID_5D44D2285C,validation
ID_5D457BF821,final
ID_5D48A761E6,train
ID_5D49816367,validation
ID_5D4C3D833B,train
ID_5D4C6D08B9,train
ID_5D4F5CA090,train
ID_5D50463CDF,final
ID_5D5082792D,train
ID_5D511EE491,train
ID_5D56A630AB,validation
ID_5D594AFD73,final
ID_5D5D586683,train
ID_5D5F53DE07,train
ID_5D6237885F,final
ID_5D658B8357,train
ID_5D676DA722,train
ID_5D6795C8FD,train
ID_5D6BC50BA9,train
ID_5D6CE0081E,train
ID_5D6F3E5645,train
ID_5D6FDC72C1,train
ID_5D726F241D,train
ID_5D72E4B25E,validation
ID_5D73A514D7,validation
ID_5D75F6B366,train
ID_5D77F5FE1C,train
ID_5D78F32E65,train
ID_5D79333A31,validation
ID_5D794ADF6C,final
ID_5D7996967F,final
ID_5D7D9DD288,train
ID_5D7DE5941E,train
ID_5D7F3BE6B1,final
ID_5D7FE5C38A,train
ID_5D7FE69239,validation
ID_5D7FEF6E94,train
ID_5D80268F11,train
ID_5D80FC58A5,train
ID_5D81B4A07D,train
ID_5D848F3C68,train
ID_5D87386F55,train
ID_5D87F40B4A,validation
ID_5D8B36DDAE,train
ID_5D8F3D8B57,train
ID_5D8FA34CC6,train
ID_5D9232509A,validation
ID_5D92711F50,validation
ID_5D92B53EFE,validation
ID_5D959D7D6C,validation
ID_5D95D48EEA,train
ID_5D96038140,final
ID_5D97387B23,final
ID_5D98B6ADE7,final
ID_5D9FAE7816,train
ID_5DA15A7B59,final
ID_5DA3740E89,train
ID_5DA3CA8CAA,train
ID_5DA6424744,train
ID_5DA68B8E71,final
ID_5DA6BDCEC3,validation
ID_5DA932C0BE,train
ID_5DA9A63ECC,train
ID_5DAA3A2EDF,train
ID_5DAFF46EB7,final
ID_5DB1710CE5,final
ID_5DB7EB81EB,final
ID_5DB7F56FC2,train
ID_5DC0DE1CCF,train
ID_5DC12681B9,train
ID_5DC218C71B,validation
ID_5DC621A318,validation
ID_5DC6765D00,train
ID_5DC91F4EEF,final
ID_5DCDB3485A,train
ID_5DD66E3769,validation
ID_5DD9596B9D,final
ID_5DD9EC5D1F,train
ID_5DDA9ECD9C,train
ID_5DDD7B5467,train
ID_5DDE0DF63E,train
ID_5DDF715F97,train
ID_5DE1CBF476,validation
ID_5DE1DF44BB,train
ID_5DE3FF24CA,train
ID_5DE51246CF,train
ID_5DE59B7F39,train
ID_5DEA1A08D2,train
ID_5DEC44ED4C,validation
ID_5DEC72349C,final
ID_5DED2ADE05,train
ID_5DF01DDBCB,final
ID_5DF2852597,train
ID_5DF3E28E9B,validation
ID_5DF50916E7,final
ID_5DF6DD493B,validation
ID_5DF92A5F15,train
ID_5DFE00BABC,final
ID_5DFE8A7437,train
ID_5E02271B42,final
ID_5E03451DE0,validation
ID_5E03C11973,validation
ID_5E04FA19B3,train
ID_5E050E8E57,train
ID_5E072F34B8,train
ID_5E0B404D0B,train
ID_5E0C42CCD2,validation
ID_5E0C8D3851,final
ID_5E0E0B6A51,validation
ID_5E0E5AD73B,train
ID_5E0E71072D,train
ID_5E0F2AD375,final
ID_5E110BB87E,train
ID_5E11651F8E,train
ID_5E119C399A,validation
ID_5E12E4BF64,train
ID_5E142F0062,train
ID_5E16E83C1F,validation
ID_5E174C0030,train
ID_5E18607990,validation
ID_5E1B928417,train
ID_5E1BE10A2D,validation
ID_5E1C4614B3,train
ID_5E1D10C6AA,train
ID_5E1F1AD3C1,train
ID_5E1F567560,train
ID_5E21374C3E,validation
ID_5E218D8EE0,train
ID_5E2654C425,final
ID_5E28E46D60,train
ID_5E29097E4C,final
ID_5E2D45D593,train
ID_5E2DFD5207,train
ID_5E2F501E24,train
ID_5E309938A2,train
ID_5E31B6DF2F,train
ID_5E31E80FC2,validation
ID_5E31F81A4B,final
ID_5E32325E3B,final
ID_5E3262CECE,train
ID_5E330296D4,train
ID_5E3701058C,train
ID_5E37622F71,train
ID_5E38502956,train
ID_5E39864A82,validation
ID_5E3F996147,validation
ID_5E41BB906E,train
ID_5E42C45E00,train
ID_5E44A86D15,train
ID_5E456426CE,train
ID_5E4A3A82B6,train
ID_5E4E8DF152,validation
ID_5E4EB259E3,train
ID_5E4F9510A6,train
ID_5E5653082D,train
ID_5E56D5254A,validation
ID_5E5CDA633E,train
ID_5E61519438,final
ID_5E6179E47F,train
ID_5E6261D1A2,train
ID_5E653A8AF4,train
ID_5E6796B137,train
ID_5E67A80FF6,train
ID_5E67D83769,validation
ID_5E6C9010C9,final
ID_5E6EA0C15F,validation
ID_5E6FCA4763,final
ID_5E72E2A8CB,train
ID_5E72F8BFD5,final
ID_5E73AE7E57,final
ID_5E74133189,validation
ID_5E74EE1848,validation
ID_5E75F5EECA,train
ID_5E7BDD8B1F,train
ID_5E7E9A9B91,final
ID_5E807E1905,train
ID_5E8292ACF9,train
ID_5E86E649E0,train
ID_5E8A5940B4,validation
ID_5E8AD74EA4,train
ID_5E8B18C6BC,train
ID_5E8CD451C0,train
ID_5E8D154D07,train
ID_5E8DC90FB5,train
ID_5E929880DB,train
ID_5E92D88E84,train
ID_5E931AE390,train
ID_5E944F5383,train
ID_5E9750B1E3,final
ID_5E983C93A4,train
ID_5E998AFBD0,validation
ID_5E9A7798F9,validation
ID_5E9F38D4C7,train
ID_5E9F69C928,validation
ID_5EA019F377,validation
ID_5EA023DB50,final
ID_5EA19E4F85,train
ID_5EA1D61025,train
ID_5EA1E4C52E,train
ID_5EA4072DFC,train
ID_5EA565212A,train
ID_5EA698FE61,train
ID_5EA7E55713,train
ID_5EA7F702AF,final
ID_5EABB44A2E,validation
ID_5EABE20E76,final
ID_5EAF78BB5A,train
ID_5EB42C3757,validation
ID_5EB49287E3,train
ID_5EB5157BD1,validation
ID_5EB633545B,final
ID_5EB6792667,train
ID_5EB7081FFE,train
ID_5EB7D5CAD7,train
ID_5EBA3E20FB,train
ID_5EBA56C046,train
ID_5EC0908528,final
ID_5EC2B6CC89,validation
ID_5EC41E8BC8,final
ID_5EC8A7084E,train
ID_5EC8E39869,validation
ID_5EC9BE2151,final
ID_5ECBF3D37E,train
ID_5ECC161312,train
ID_5ECC234EB5,train
ID_5ECD735177,validation
ID_5ECF79749A,final
ID_5ED023E968,final
ID_5ED38D7B12,train
ID_5ED4B7C203,validation
ID_5ED65410AD,final
ID_5ED6B0CB18,validation
ID_5ED9728DA4,train
ID_5ED9B2E06B,train
ID_5ED9EF6457,train
ID_5EDBF99E50,train
ID_5EDCFA4BE0,train
ID_5EDDCF317D,final
ID_5EDE702FFB,train
ID_5EE0EDF188,train
ID_5EE1C309C2,train
ID_5EE78E6337,train
ID_5EE86B098C,final
ID_5EE9DFDF01,train
ID_5EE9E1036F,train
ID_5EE9F46CFD,train
ID_5EEC5D2F4C,train
ID_5EEDEB8E82,train
ID_5EEF0CD952,validation
ID_5EF33A1674,train
ID_5EF578D194,final
ID_5EF5A404D6,train
ID_5EF745C759,train
ID_5EF825853F,train
ID_5EF8519914,final
ID_5EF8E93D1E,train
ID_5EFA149963,final
ID_5EFA1B3E06,train
ID_5EFAAD882B,train
ID_5EFBDC2123,validation
ID_5EFDCCCF35,train
ID_5EFE25F955,train
ID_5EFE56F68E,final
ID_5EFE6F3BE2,train
ID_5F008144A9,final
ID_5F01A731C2,train
ID_5F03D653F8,train
ID_5F040CACDF,final
ID_5F086B94B6,validation
ID_5F09501EB5,train
ID_5F0AA43161,final
ID_5F0B337B73,train
ID_5F0D8AB23B,train
ID_5F179B1590,train
ID_5F18DA4D7F,train
ID_5F1B2F9097,validation
ID_5F1D79058C,validation
ID_5F1DCFF870,train
ID_5F1DF02C55,train
ID_5F1E79268C,train
ID_5F1ECE7D12,final
ID_5F2204A86B,validation
ID_5F248D81A0,train
ID_5F265AC3DF,final
ID_5F2E2709FC,train
ID_5F328B67B9,final
ID_5F34D8851A,train
ID_5F3517128E,validation
ID_5F3615B402,train
ID_5F3619F304,train
ID_5F364CCF41,validation
ID_5F39390FB2,train
ID_5F39995F86,validation
ID_5F3A68FEA3,train
ID_5F3AA04E4A,train
ID_5F3EFC5D5F,train
ID_5F40FF1DB1,final
ID_5F417E0EE9,train
ID_5F45A6919D,train
ID_5F46A4F060,train
ID_5F47892AA9,final
ID_5F47B07EED,train
ID_5F4DC22DD0,train
ID_5F50FFF535,final
ID_5F5B6842E3,train
ID_5F5B7E2C80,final
ID_5F5C058C75,train
ID_5F5C49853B,final
ID_5F5D88C40A,train
ID_5F60641253,train
ID_5F60C5C260,final
ID_5F6115FAFC,validation
ID_5F635D25E8,train
ID_5F65053D76,train
ID_5F667AF8CD,validation
ID_5F69A16F11,train
ID_5F6A9FD286,train
ID_5F6BE47636,train
ID_5F70CF65D3,train
ID_5F7148A4EF,train
ID_5F715AD3CE,train
ID_5F71DD7923,train
ID_5F73E2130A,train
ID_5F75190353,train
ID_5F75DE6B39,train
ID_5F76035684,train
ID_5F76258B74,validation
ID_5F77009916,train
ID_5F7900979D,train
ID_5F809CD18E,train
ID_5F81533C26,train
ID_5F8255E909,train
ID_5F842E0539,validation
ID_5F84D45A72,train
ID_5F87E3D852,final
ID_5F8C8B8204,train
ID_5F8F744F9E,train
ID_5F91C990B9,train
ID_5F95AB0F24,train
ID_5F99497D76,train
ID_5F99BA51C6,train
ID_5FA295C7B2,train
ID_5FA4EED33F,train
ID_5FA7946B61,train
ID_5FA87F6EF7,validation
ID_5FA896A3B7,train
ID_5FAAEBEE33,final
ID_5FAC5720F1,train
ID_5FAE6F0A12,train
ID_5FB0C6981F,train
ID_5FB2C7AACF,train
ID_5FB30A1930,train
ID_5FB381C03B,train
ID_5FB47E59AE,train
ID_5FB51967C8,train
ID_5FB7200A8B,train
ID_5FB7C9184C,validation
ID_5FB96B965B,validation
ID_5FB9DEDECE,train
ID_5FBF84C4CB,train
ID_5FC084F2FC,train
ID_5FC101D83A,train
ID_5FC188511E,train
ID_5FC2DEE079,train
ID_5FC2F3DAA8,final
ID_5FCBE568B9,final
ID_5FCD76E6A0,train
ID_5FCF12A862,train
ID_5FCF395A19,train
ID_5FCFBA8678,validation
ID_5FD1633C6F,train
ID_5FD2771D98,train
ID_5FD40FF82F,validation
ID_5FD72FE1C8,train
ID_5FDDBC3786,final
ID_5FE0995FFC,validation
ID_5FE179A003,train
ID_5FE18A00E7,train
ID_5FE20D024A,train
ID_5FE59903F1,validation
ID_5FE72E852A,validation
ID_5FEB5A7903,validation
ID_5FF0393D78,train
ID_5FF069DE10,train
ID_5FF06DAA36,train
ID_5FF123DE0C,final
ID_5FF1CAC9EC,train
ID_5FF1D5DDAC,train
ID_5FF2958D07,final
ID_5FF660B4BB,validation
ID_5FF695FBCA,train
ID_5FF88158D3,validation
ID_5FFCE2B7C9,final
ID_5FFD6B34D6,validation
ID_5FFE36B393,train
ID_5FFF6176D9,train
ID_5FFFBB2900,train
ID_5FFFD98D6F,validation
ID_600103AD58,final
ID_60035790F1,train
ID_6003E69072,validation
ID_6008858FB6,validation
ID_600A17BD70,validation
ID_600FC77A65,train
ID_6010CAC3A2,train
ID_6010FD254B,train
ID_60172DDCE9,final
ID_60189D3F06,train
ID_601975A5C3,final
ID_601B0E5F01,validation
ID_601BBEAEFF,train
ID_601BF25B89,final
ID_601CB161C1,train
ID_601EBDC017,validation
ID_601EF99E1E,train
ID_602071384E,train
ID_60211F6958,train
ID_602153B7AF,train
ID_6022DCC70D,train
ID_60251D27F2,train
ID_6025257E3E,final
ID_6025977137,final
ID_6027E20384,validation
ID_6028A4695A,validation
ID_602BCE8886,train
ID_602C784D5B,train
ID_602CE832C2,train
ID_602F483B1B,train
ID_60307003EA,final
ID_603103A831,train
ID_603671F6AF,train
ID_60379D9DE0,train
ID_6037E7076E,final
ID_60380B536B,validation
ID_603A89FB37,train
ID_603AC646EA,train
ID_603B06114F,train
ID_603C4BCBB6,train
ID_603DAADB1F,train
ID_603F49F37D,final
ID_6040F67C8A,train
ID_60413BC9DD,final
ID_60445450EE,train
ID_60453F74B9,train
ID_604557F115,train
ID_604720F9B8,final
ID_6047F1C434,final
ID_604800F214,final
ID_604994353E,train
ID_6049EB6F76,validation
ID_604ED51D9D,final
ID_6052871AFC,validation
ID_60537BB4E6,train
ID_605469D5DC,train
ID_6057DBED72,train
ID_6058231B89,validation
ID_605A9A2A3C,final
ID_605B03A1CB,train
ID_605CA09154,train
ID_605DEDABD7,train
ID_605E08B9A6,train
ID_605E0C4BF9,train
ID_605EF83D0D,final
ID_606048D6CE,train
ID_6062DE1440,train
ID_6063A3B4DC,final
ID_60652C2399,train
ID_6066434208,train
ID_606827FDDC,validation
ID_6069C947D7,train
ID_606A29E1D0,train
ID_60717E8AC1,final
ID_6072044238,validation
ID_6072F09E23,final
ID_60771D1574,train
ID_607B631E25,train
ID_607FA084E9,validation
ID_607FA0C7C4,train
ID_6080BD04E2,train
ID_6080E0E9E1,final
ID_608274759C,final
ID_608421C7BA,final
ID_60857420A1,final
ID_6085C1F1E6,validation
ID_6087E4B5D0,train
ID_6088ADD22B,train
ID_6088CFA9DD,train
ID_608A8CE17C,train
ID_608B806EC5,train
ID_608D78DBF5,train
ID_608EEBAA7D,train
ID_608FD11858,validation
ID_608FF76A24,validation
ID_6090B0E37A,validation
ID_609223639D,train
ID_609383BE27,validation
ID_6093D9B83E,train
ID_6094813259,validation
ID_60988AC898,train
ID_609D57B3D8,train
ID_609F5E8137,train
ID_60A01CCFCE,train
ID_60A3BE8F90,train
ID_60A3CC3BC3,train
ID_60A5AE0529,final
ID_60A901E74D,final
ID_60AB24D7B8,final
ID_60ACBBEF45,train
ID_60ACCFA924,train
ID_60AD2AA9B4,validation
ID_60AEA1C21E,validation
ID_60AF13E051,train
ID_60B09B84C3,train
ID_60B0BD5C9B,validation
ID_60B6E14B09,train
ID_60B9070E21,validation
ID_60BD317AB3,validation
ID_60BDC4F45B,train
ID_60BDDAD5A2,validation
ID_60BE372158,train
ID_60BE41AFC2,train
ID_60BF9F8456,train
ID_60BFBDEE2B,train
ID_60BFE6D64D,train
ID_60C1E3DBF6,train
ID_60C2982B22,validation
ID_60C4E03431,validation
ID_60C672BADF,train
ID_60C84A2C8D,train
ID_60CD320280,train
ID_60CFE5E4F7,validation
ID_60D0D46056,train
ID_60D17B64ED,validation
ID_60D311F436,train
ID_60D85CA2B8,final
ID_60D8952AAC,train
ID_60DA0C5943,validation
ID_60E08B17E0,train
ID_60E0C76881,validation
ID_60E0CBBF6F,final
ID_60E308007D,train
ID_60E39E4856,final
ID_60E3B31567,validation
ID_60E927A8CD,train
ID_60EA9BFC50,final
ID_60EC5F3348,train
ID_60EDC937C7,train
ID_60EF0981B1,train
ID_60F0983FFC,validation
ID_60F259BE20,final
ID_60F6739F72,train
ID_60F89B902A,validation
ID_60FDA9A775,validation
ID_60FDC107F0,train
ID_60FFA988D0,validation
ID_610203E22D,train
ID_6105F73859,train
ID_610604BEB3,train
ID_61075B33F5,final
ID_610ACD4E2D,train
ID_610B3D335B,train
ID_610F3626C6,train
ID_61103C1E10,train
ID_61126456A7,validation
ID_611288DE47,train
ID_61135620BE,validation
ID_611526E542,validation
ID_6118FFE8A7,train
ID_611EE46B6E,validation
ID_612080C6C8,validation
ID_61209DEE5F,train
ID_6121043F25,train
ID_6121E84EAB,train
ID_61227A1D01,final
ID_6124345DCF,validation
ID_6128623B9A,train
ID_6129146FC9,train
ID_612D783514,train
ID_612D8C6C94,train
ID_6130B45CF0,train
ID_61321BE3E2,train
ID_6134C5C3F7,validation
ID_6138A9F448,final
ID_613AC8B224,train
ID_613E0D597B,final
ID_61425281FE,train
ID_61435FBFCA,train
ID_61455DB746,validation
ID_614AE86ECC,final
ID_614B8D1C31,final
ID_614BF77512,train
ID_614CE45D28,validation
ID_614D81D161,train
ID_614D96177C,train
ID_6150348777,train
ID_61506C07E9,train
ID_6152C8B800,validation
ID_61551C8B31,train
ID_6159108152,train
ID_615E7EDFEF,train
ID_615FE2F70F,train
ID_6163A49999,train
ID_6164E43733,train
ID_61654D394E,final
ID_6165E5407C,final
ID_616963FDF8,final
ID_616A8A71C3,train
ID_616B84B4CE,final
ID_616C0406E6,train
ID_616D4A2251,validation
ID_616E0FB1D0,train
ID_616E3842F6,train
ID_616E60D977,train
ID_616FD84139,validation
ID_6170F1E280,train
ID_61732B16DE,validation
ID_617467B5BA,train
ID_61747334C6,train
ID_617F4977C1,final
ID_617FF538E2,train
ID_6181846643,train
ID_6183226229,train
ID_618895F472,train
ID_618B5E1547,train
ID_618C848506,train
ID_618CF709BE,validation
ID_618D528AAB,validation
ID_6192603908,final
ID_619427910D,train
ID_61948DC6BA,validation
ID_6196F39F5E,train
ID_619745A48D,train
ID_6198D5B07A,train
ID_6199D3332A,train
ID_619D6C68A5,train
ID_619D7609B9,train
ID_61A2280EDD,train
ID_61A2A921D5,final
ID_61A4344683,train
ID_61A6DA27D1,validation
ID_61A76BA415,train
ID_61AAC49F4C,validation
ID_61ABC315D2,validation
ID_61ADC82E0F,train
ID_61AF2654B5,train
ID_61AFA6D271,train
ID_61B0E0DC88,validation
ID_61B17C4754,final
ID_61B5272187,train
ID_61B568A32C,train
ID_61B6BC6B55,train
ID_61B8DFD3F4,train
ID_61B901B34B,validation
ID_61B90271F6,train
ID_61B9F34E65,train
ID_61BAE22C50,train
ID_61BB904B3E,train
ID_61BBAA4379,train
ID_61BC070078,train
ID_61BDEEBC36,train
ID_61BE958C19,train
ID_61C13EC67C,validation
ID_61C2167A17,train
ID_61C3298157,train
ID_61C36BB07D,train
ID_61C560A2D9,train
ID_61CA8F3A9A,final
ID_61CC5613C4,train
ID_61CDBEADFC,train
ID_61CF0DEACF,train
ID_61D2DF5027,final
ID_61D7F70B08,train
ID_61D8E1AE86,train
ID_61DAB24D9F,validation
ID_61DC821AFA,train
ID_61E0314229,train
ID_61E0C208D8,train
ID_61E1A699D2,final
ID_61E1A9E7BA,train
ID_61E2674F78,train
ID_61E2CD14FB,validation
ID_61E3D53567,train
ID_61E5C67282,train
ID_61E7193E7D,train
ID_61EB02733F,validation
ID_61EB1ADE61,train
ID_61ECBE776A,train
ID_61ED4BBFAC,train
ID_61EDEEB50B,validation
ID_61EEDBCED0,train
ID_61EF515113,validation
ID_61EF721469,train
ID_61F2E0075B,validation
ID_61F3D4C2DF,validation
ID_61F6676C41,train
ID_61F771B69B,final
ID_61F85BC39E,train
ID_61F88B5C49,validation
ID_61F91F1368,final
ID_61F9C51E3B,train
ID_61FBBC68BD,train
ID_61FC03E94A,final
ID_61FF2D35B4,train
ID_620445E1FD,train
ID_620527CB2D,final
ID_6205FBC009,final
ID_620AC7975F,final
ID_620DE4896A,train
ID_620E193AE1,validation
ID_620E35757F,final
ID_620F3FD040,train
ID_620F9F42D3,final
ID_6210254AE7,train
ID_6210F8DE32,train
ID_62115E9B88,train
ID_6212AC1DE0,validation
ID_6213714413,train
ID_62150694AE,validation
ID_62153A962F,final
ID_62157261ED,train
ID_6216197571,final
ID_62184D0D7A,train
ID_6218AA7BCA,train
ID_62196FAC7E,train
ID_621A8670F9,train
ID_621D56E378,train
ID_621DE5DF87,validation
ID_621E56F99F,validation
ID_621F931F39,train
ID_621FF84264,train
ID_622101A24F,final
ID_62240174DA,train
ID_622824A814,final
ID_622EC7E085,train
ID_62312FA5E8,train
ID_6231EE535C,validation
ID_6234843AA1,final
ID_6234B926A0,train
ID_623597BFC4,final
ID_623B06671C,train
ID_623C16F92F,final
ID_623EB4C8E7,validation
ID_624075F306,final
ID_6240A52D8C,train
ID_6246588A7C,train
ID_624884C8CD,validation
ID_624996647A,train
ID_624C648F91,train
ID_624FE6B8F2,train
ID_6251132111,train
ID_62514B90DB,train
ID_62537C4EC4,train
ID_6253E16653,final
ID_6253FB960A,train
ID_625577901A,train
ID_6255CBEC14,train
ID_625A1A5E9D,train
ID_625BC13A3D,train
ID_625E10B328,validation
ID_62644DC8A6,final
ID_62685B4215,train
ID_6268F4DFB2,train
ID_626DFB989C,train
ID_626DFD4DCE,train
ID_626F198112,final
ID_62706CC719,final
ID_62737BD822,train
ID_6274235279,train
ID_6275BAD34C,validation
ID_6279157C79,final
ID_627BE60744,validation
ID_628301D6A4,train
ID_62831A287F,final
ID_62843D34AA,train
ID_62861FB279,train
ID_6287357A65,validation
ID_628A3260D1,validation
ID_628ABB534F,train
ID_628BB88085,validation
ID_628C9EF804,train
ID_628D861EE5,train
ID_628D98D362,validation
ID_628D9ABAB7,train
ID_628FD52160,train
ID_629242B1F7,final
ID_62954161A4,train
ID_6298A05FDC,train
ID_629AEE6687,train
ID_629BDC8770,final
ID_629E9D312B,train
ID_629F4C76B8,final
ID_62A0238583,train
ID_62A1C71122,train
ID_62A2E3251E,train
ID_62A3D045BB,train
ID_62A5258322,train
ID_62A57041F5,train
ID_62AA9355D8,validation
ID_62AB93BEDF,final
ID_62AD115A15,validation
ID_62AD5C87B0,final
ID_62AEDE5F50,train
ID_62B3D1A419,validation
ID_62B3E52ABE,train
ID_62B3FE493C,validation
ID_62B7C7DD87,train
ID_62B7D992A6,validation
ID_62C1098047,final
ID_62C1C77520,final
ID_62C1D5E1E8,train
ID_62C22B1C9F,validation
ID_62C334E5D1,train
ID_62C3D20E48,validation
ID_62C442FA03,train
ID_62C86799A7,validation
ID_62C8D2A1DF,final
ID_62C9EFDE0E,validation
ID_62CA3331D9,train
ID_62CBF7109B,train
ID_62D0F21C51,train
ID_62D3418FB1,train
ID_62D790F239,final
ID_62D88D9381,train
ID_62DBEAB70F,train
ID_62DC8E622B,train
ID_62DCA13CD1,train
ID_62DD27FD76,train
ID_62DDD2EB41,train
ID_62DE1CE965,final
ID_62DE535342,train
ID_62DE88BE71,final
ID_62DEE295A8,train
ID_62DF17D769,final
ID_62E07BD2DA,final
ID_62E1566DE9,final
ID_62E19070FE,train
ID_62E2CED06A,train
ID_62E3A8DBEC,train
ID_62E3CA04C0,validation
ID_62E5FA6D1A,final
ID_62E88E2373,validation
ID_62E8C7B080,train
ID_62E8F615AD,final
ID_62EBCBB641,train
ID_62EDFBA6AF,train
ID_62EF8EA111,train
ID_62EFE21457,train
ID_62EFF4B6DB,final
ID_62F1120DD7,validation
ID_62F5125876,validation
ID_62F607D30D,validation
ID_62F8850B20,train
ID_62F96191EC,final
ID_62FA78BB5C,train
ID_62FA881884,train
ID_62FAEACDB2,final
ID_63049B78DC,train
ID_6305F71FA6,train
ID_63068B9D76,final
ID_630B79AE83,final
ID_630C4945DD,validation
ID_630CB30B56,train
ID_630E29C3C8,validation
ID_631034D34A,final
ID_6312C92768,train
ID_63133702BB,train
ID_63134BEE12,train
ID_6315295131,final
ID_63159DE633,train
ID_6315D51CDE,train
ID_63166C8B76,train
ID_6317CC729A,final
ID_631A2FEFBC,train
ID_631A7B1628,train
ID_631B0CC391,validation
ID_631BD096EF,validation
ID_631C1C9311,train
ID_631C49BECC,train
ID_631D30EE15,final
ID_631D9A49A5,train
ID_63258A8B8E,validation
ID_6328DA44F0,final
ID_6328DFAEDF,validation
ID_632A114C70,train
ID_632ACF2BFB,validation
ID_632AD55D42,train
ID_632B998528,train
ID_632D141761,final
ID_632E78C29E,train
ID_632FFCFBDC,validation
ID_633126A809,train
ID_6334E6C743,final
ID_633881F232,final
ID_63415739F8,validation
ID_6341650FAC,train
ID_6343768596,train
ID_6343D20843,train
ID_6345CAE025,train
ID_634B2B0B62,final
ID_6350808984,train
ID_6350D640A0,train
ID_6356E84ADD,train
ID_635A1D9C86,train
ID_635C3EB7A2,final
ID_635E75AA0B,train
ID_635EE058BE,train
ID_63603A392D,train
ID_6362ED0F16,validation
ID_6363F81FCC,final
ID_636849362C,train
ID_6368C96CD2,validation
ID_636C62F912,validation
ID_636CE139B9,validation
ID_636E6DAC7B,train
ID_636F047082,train
ID_6370137B9F,train
ID_637294A49A,train
ID_63751F023D,final
ID_637AB592A5,final
ID_637B58C0CE,validation
ID_637C8AE4EC,train
ID_637DEF630C,train
ID_637EDC08A8,validation
ID_637F5FE00F,validation
ID_63801D40CF,final
ID_63824BE332,train
ID_63829E5980,final
ID_63845572B6,final
ID_63878A9581,train
ID_63890063F5,train
ID_638BE70E83,validation
ID_638D556985,validation
ID_638FBE6BF4,train
ID_63917F50E1,train
ID_639336D008,train
ID_6393F726B1,train
ID_63949BAC08,final
ID_6396694116,train
ID_63976105BE,validation
ID_63994E817C,train
ID_639B6E611D,train
ID_639C261AC7,train
ID_639DE53436,train
ID_639F143A5A,final
ID_63A1276D55,train
ID_63A1748BFE,final
ID_63A2F10E71,validation
ID_63A8B223B5,train
ID_63A93F411C,train
ID_63AB652369,train
ID_63ACF752F2,validation
ID_63AFD5B1A6,train
ID_63B08032ED,validation
ID_63B57486BB,train
ID_63B6905F4B,train
ID_63B6D31E96,final
ID_63B7181C1C,final
ID_63B7BC1CFC,train
ID_63B952F1A3,validation
ID_63BAF2F5B8,train
ID_63BB79AF88,final
ID_63BC365ADB,validation
ID_63BE27345C,final
ID_63C11437DE,train
ID_63C1AE16BD,validation
ID_63C1C680FB,validation
ID_63C342B132,train
ID_63C4F46C1E,train
ID_63C73EFF23,train
ID_63C7668E1A,validation
ID_63CD0CEEEA,train
ID_63CE451EF9,final
ID_63CEEEDAB9,train
ID_63CF04F086,train
ID_63D03F4892,final
ID_63D16A9968,final
ID_63D27075CD,train
ID_63D2C7C447,train
ID_63D3BC5071,final
ID_63D40A828C,validation
ID_63D61EDA98,final
ID_63D6384120,validation
ID_63D88A2AF7,train
ID_63D9C00FF9,train
ID_63DD3A8D38,train
ID_63E0704FD1,train
ID_63E0F434A5,train
ID_63E2AF84E0,train
ID_63E3EAB158,train
ID_63EAC2C822,validation
ID_63EDD87633,final
ID_63EE711BA1,train
ID_63F189B47B,final
ID_63F28C6742,train
ID_63F2F0740C,final
ID_63F6B1283E,validation
ID_63F7886E8A,validation
ID_63F9B11919,final
ID_63FA2064BE,train
ID_63FCD37A95,train
ID_63FE122FE6,validation
ID_63FEDDBAAA,validation
ID_64060782FD,train
ID_6406CC2405,train
ID_6407D23BE5,train
ID_6409ABD79C,validation
ID_6409F65E85,train
ID_640A57CDB3,train
ID_640D7CB9C4,final
ID_6411D242F3,final
ID_64195A108C,train
ID_64197E88FA,train
ID_641A078766,train
ID_641A421389,validation
ID_641C617A67,validation
ID_641FA097FA,final
ID_6421E36400,validation
ID_6421E535AB,train
ID_642218C577,train
ID_64239BEE65,train
ID_6426170731,final
ID_64275A676B,final
ID_642816B76E,train
ID_6428A9FE30,train
ID_642B213947,train
ID_642B4F3A57,validation
ID_642BA6A968,validation
ID_642D5AC7BF,train
ID_642E73FDB1,train
ID_6430DE5257,train
ID_64316EC9C5,final
ID_64331AC362,train
ID_643646DB31,train
ID_6437B2B199,validation
ID_643836031C,validation
ID_64384EA13B,validation
ID_643CE442BE,train
ID_643D507255,train
ID_644039B9E2,final
ID_6441A19F24,train
ID_6441C1820F,final
ID_6442D083D1,validation
ID_6447B69705,validation
ID_644A09AEC4,train
ID_644E339142,train
ID_64504C78B6,train
ID_64506163DE,validation
ID_645401B999,train
ID_645577B34F,train
ID_6455EC2628,train
ID_6456480B6D,train
ID_645BECF8A8,final
ID_645C09A506,train
ID_645D6BB3E7,train
ID_645D75411F,validation
ID_645F83F006,train
ID_6463BA345E,train
ID_6464B9F4B2,train
ID_6465195FEA,train
ID_6466F1B8E7,validation
ID_6469D741CA,train
ID_646F0C7B37,train
ID_647252349D,train
ID_64757702A0,final
ID_64758B76EF,train
ID_6479BD70D5,validation
ID_647BA8556A,train
ID_647E3B2EFC,validation
ID_647E7605A4,final
ID_647EDF0D5E,train
ID_647EF1D38A,train
ID_64817724DC,final
ID_64824AC8AF,validation
ID_64826C0B80,train
ID_6489982CB9,train
ID_648A401FC2,train
ID_648E1DFED3,train
ID_6491E86A27,train
ID_649335A8F2,train
ID_6495D42B2F,train
ID_6495FD5450,train
ID_6497F00A49,train
ID_64997BFCEF,train
ID_649B20A4A2,final
ID_649BC6126D,validation
ID_649CB4951F,validation
ID_649D5FCF12,train
ID_649E81E439,train
ID_64A38B77D5,train
ID_64A457DFB4,validation
ID_64A46AB908,train
ID_64A943336B,train
ID_64ADAEE364,train
ID_64AF59E009,train
ID_64B123886E,train
ID_64B2E7990F,train
ID_64B406953A,final
ID_64B76749B7,train
ID_64B9B9AD53,validation
ID_64B9C8F34E,train
ID_64BB0C832B,final
ID_64BBD34511,validation
ID_64BE45FCB4,final
ID_64C0CF9A53,train
ID_64C4143872,train
ID_64C4B43672,final
ID_64C8A3C624,final
ID_64CBE7016E,train
ID_64CDC9E49F,train
ID_64CE395310,train
ID_64CEE8269D,validation
ID_64CF1BA23D,train
ID_64CF8C4735,train
ID_64D1A6E766,train
ID_64D8088386,final
ID_64D9950E24,train
ID_64DC4022A4,validation
ID_64DD09C584,final
ID_64DD305754,train
ID_64DDE7E3B4,train
ID_64DF7A83B6,train
ID_64E0DAC5E3,train
ID_64E119BDB3,train
ID_64E1B8B132,final
ID_64E3097D91,validation
ID_64E578FABB,train
ID_64E86C6C16,validation
ID_64ECD91E1E,final
ID_64ED288724,train
ID_64EE2A7D1A,train
ID_64EEA40A2D,train
ID_64F1B6C787,validation
ID_64F1E66F12,train
ID_64F2423BFA,validation
ID_64F2D08B67,train
ID_64F554A8B9,final
ID_64F7551DA4,validation
ID_64F7860FF5,train
ID_64F84AA0C3,validation
ID_64F8E7D668,final
ID_64F9691A0F,validation
ID_64FB94677C,validation
ID_64FD1C5D47,final
ID_64FE13C578,train
ID_64FF2E7314,validation
ID_64FF88A70A,validation
ID_65020A5E83,train
ID_6502DDD65D,train
ID_6503880713,train
ID_6503E3A0FE,validation
ID_65059C9765,train
ID_6507126DFA,train
ID_650FDEB7C4,train
ID_65135F1B13,validation
ID_6514A90AC9,train
ID_65151E5092,train
ID_6518DDFA2E,final
ID_651AAAEF3E,final
ID_651AB6191E,train
ID_651C6DCCA2,final
ID_651F315C55,validation
ID_6520E21B1A,train
ID_65239038CF,validation
ID_6523CD5519,validation
ID_6527351369,validation
ID_652A47DAA6,train
ID_652A611E24,final
ID_652B2DA9B3,train
ID_652BFDD3A2,validation
ID_652D50F7DE,validation
ID_65316DBB99,validation
ID_65326628DA,validation
ID_65367FAE8F,train
ID_6537805722,validation
ID_6538BBB904,final
ID_653A663901,validation
ID_653B03C501,final
ID_653DF2922A,train
ID_653E4E3204,train
ID_653F994F9F,final
ID_6542C17112,validation
ID_654431B22A,final
ID_6545D1390A,final
ID_6546B0052C,final
ID_6548B89667,train
ID_654C09B9C7,train
ID_654D1C08DE,train
ID_654DCAF9C2,train
ID_654E04A66D,train
ID_654FE3F90E,validation
ID_6553041BA2,validation
ID_655317967C,train
ID_6554D45DE5,validation
ID_6557A487DD,train
ID_655C5596E5,validation
ID_655E14637B,train
ID_655E9A069D,final
ID_6560BAC589,train
ID_6562C1283A,final
ID_6566CF8621,train
ID_65671E213B,train
ID_656AAEC8BB,train
ID_656C00F39C,train
ID_656C621AF4,train
ID_656C6A51E8,train
ID_656FF2C8D4,train
ID_65703B9393,validation
ID_65717E0BA9,validation
ID_65722C5C37,train
ID_6574A44937,train
ID_65774D97C4,final
ID_657945E9E9,train
ID_657A6AE291,train
ID_657B7EAEA5,train
ID_657C49043C,validation
ID_657E2D264B,final
ID_657F0B7590,validation
ID_658355EFC8,validation
ID_65838B315E,train
ID_658494D41C,train
ID_658599F71D,train
ID_658821AD18,validation
ID_658922056B,train
ID_658991433A,train
ID_658A3EEBE3,train
ID_658AAED1E0,train
ID_658BA3EDB2,final
ID_658C10CDFD,train
ID_658C981677,final
ID_658D32E8F4,train
ID_658D583809,train
ID_658EFFA689,validation
ID_65924D6015,final
ID_65948EC658,train
ID_65979B8156,final
ID_65990888AA,validation
ID_659AE53E4A,final
ID_659D3B0BE3,train
ID_65A32B0447,train
ID_65A4A8C9DF,train
ID_65A5513971,train
ID_65AA6F7D69,train
ID_65AF1D3AB0,train
ID_65AFD34E38,final
ID_65B18220E7,train
ID_65B198C274,train
ID_65B1AD437F,train
ID_65B61FA621,train
ID_65B6E4A712,train
ID_65B7670409,train
ID_65B8FB2174,train
ID_65BF1ABA03,validation
ID_65BFE9510A,train
ID_65C0C7E73C,validation
ID_65C0D42E35,final
ID_65C2D98570,validation
ID_65C32CDAFA,train
ID_65C4C50E9A,final
ID_65C7F6AC4F,final
ID_65C80D2135,final
ID_65C8EA4F38,train
ID_65CA6B758A,train
ID_65CAB608AD,validation
ID_65CE2AC7C9,final
ID_65D1073264,validation
ID_65D6872120,train
ID_65D7436E8F,final
ID_65DB254824,train
ID_65DB526384,final
ID_65DC69C8E0,final
ID_65E1BB51F5,validation
ID_65E1C9216B,final
ID_65E32C86B1,validation
ID_65E3ACFC69,train
ID_65E55F734C,train
ID_65EB9BBF7A,train
ID_65F1433CD8,final
ID_65F144EC1C,final
ID_65F162AE08,train
ID_65F2B0FD2E,validation
ID_65F5F99FDB,train
ID_65F67DD4B9,final
ID_65F7F4C5CE,train
ID_65F8DA179C,final
ID_65FC011B15,train
ID_65FD82C787,train
ID_660155D8A8,final
ID_66064C8874,validation
ID_6607071A90,train
ID_6607ADA701,train
ID_66082F3590,validation
ID_66083A5A8D,train
ID_6609E0D91E,train
ID_660B6CAE33,train
ID_660E36A38D,train
ID_660F76E99F,train
ID_6610521D13,train
ID_66106859B0,final
ID_66121A479B,validation
ID_6615862026,validation
ID_6615B178CC,train
ID_6618309DED,train
ID_66185A2228,train
ID_661B57D7B3,validation
ID_66207A3BD7,final
ID_6620EAD0FC,train
ID_66224B8A57,validation
ID_66260AA258,validation
ID_6627DAEEC1,validation
ID_662A577F0B,final
ID_662BCC3777,train
ID_662CF744FE,validation
ID_662FCADB34,final
ID_6630DC3A5B,validation
ID_663169507C,validation
ID_6633964A0D,final
ID_663429C010,train
ID_663588D5C7,train
ID_66359E5A75,validation
ID_663633B3E3,train
ID_663A8A8FD3,train
ID_663E771A56,validation
ID_663E7DC56F,validation
ID_663F250D3A,final
ID_6640EB7951,validation
ID_6642E72736,validation
ID_66436DD560,train
ID_6643997D6E,final
ID_6644FDA25C,train
ID_664678B348,final
ID_6646AB0D36,train
ID_6647682997,final
ID_6647AF8B80,train
ID_6647B1A4AD,train
ID_66494B882D,final
ID_664C05FA6C,train
ID_664CF25B0F,final
ID_664D52F361,train
ID_664DB551B8,train
ID_664E8E37AF,train
ID_6651856200,train
ID_6653E534B1,train
ID_665586A2EF,train
ID_6656F5E6EE,final
ID_665B4E1868,train
ID_6663BF1B64,train
ID_6664F046CC,train
ID_6666DF804C,final
ID_666959D00C,train
ID_666988EE1B,final
ID_666A8A0A55,train
ID_666B5246D1,train
ID_666F70C261,final
ID_667098D641,train
ID_6671868E3C,final
ID_667310EDEA,train
ID_66747A2379,train
ID_66748AF480,train
ID_667498E4DD,train
ID_66765EE073,final
ID_667909FD4C,train
ID_667B7E8EF5,validation
ID_667BA33075,train
ID_667BC89FD9,validation
ID_667C83A33A,train
ID_667F06FA9D,validation
ID_66802D1AC4,train
ID_668147BD24,train
ID_66817C35AC,validation
ID_66821CD79C,train
ID_6682F15D42,train
ID_66834642CA,final
ID_6685055AB1,train
ID_6686017EB8,train
ID_6686E8155A,train
ID_668772EDEF,final
ID_668859DE8B,train
ID_6688DD4E86,final
ID_6688EEC99F,validation
ID_668B8F109D,train
ID_668BA0E010,final
ID_668C8B7C07,final
ID_66923B5B42,final
ID_66956A877D,train
ID_66959EC8D4,train
ID_6697472D73,validation
ID_6698A294CA,final
ID_669B6B55D7,train
ID_669BF6A14D,final
ID_669CBCA735,train
ID_66A17A6F5C,train
ID_66A1CC4B5C,train
ID_66A71DA21E,validation
ID_66A9853510,train
ID_66A98A11B6,train
ID_66ADE6271E,final
ID_66AF1B850E,final
ID_66B0D26B2C,validation
ID_66B22BDC19,final
ID_66B9ECDE7B,train
ID_66BACE7400,train
ID_66BB2A3384,train
ID_66BC45E078,train
ID_66BCAC62C5,final
ID_66BD3B1E6E,train
ID_66BDE18A1A,train
ID_66BE0EF03C,validation
ID_66BF47D1D4,train
ID_66C06E2DF7,validation
ID_66C22B21C1,train
ID_66C3AA099F,validation
ID_66C3D91416,train
ID_66C48F375A,train
ID_66C4D01754,train
ID_66C532F8AF,train
ID_66C82C2C52,validation
ID_66C8746BA2,final
ID_66C9352AE6,train
ID_66CA6DEDFD,train
ID_66CBEFC49A,validation
ID_66CD5D4DD7,train
ID_66D1072F45,train
ID_66D1E5A7D4,final
ID_66D28A3983,validation
ID_66D28C1F62,validation
ID_66D29B2F4E,final
ID_66D53A8700,validation
ID_66D6DAA73D,validation
ID_66D839FE8F,train
ID_66D884D8E1,train
ID_66D891F49F,train
ID_66D92B2CCE,train
ID_66DAA8DEEB,final
ID_66DCF787BE,validation
ID_66DDE79721,train
ID_66DE879121,final
ID_66E4358046,train
ID_66E5D89FC8,final
ID_66E6A95FE0,train
ID_66E9027EAE,validation
ID_66EA7B0C7F,train
ID_66EB2DF7C4,train
ID_66EB6E44DB,final
ID_66EB755D18,final
ID_66EDA3F5F0,train
ID_66EE9A410D,train
ID_66EF1AE7F4,train
ID_66F12EAF4A,final
ID_66F1B45C88,train
ID_66F1D04487,train
ID_66F4B08544,final
ID_66F4CDA46C,train
ID_66F88533C2,train
ID_66FB55D048,train
ID_66FBD4EE65,final
ID_66FD1C0D66,final
ID_670148667B,validation
ID_670246D1DC,final
ID_670295334F,train
ID_67051A9265,final
ID_67104AB699,train
ID_6711819DAC,final
ID_6712F6CAA6,train
ID_67146E790A,validation
ID_6717A5F083,validation
ID_6718CED278,train
ID_671BD7C5BB,train
ID_671C3144E9,train
ID_671C37595A,train
ID_671C3B5AB5,train
ID_671E442C88,train
ID_671E6B44B9,train
ID_671EAF1E2F,train
ID_671FA16833,train
ID_672285C7F8,train
ID_6723E62FCB,train
ID_67288C9965,train
ID_672910D417,final
ID_672A1166AC,validation
ID_672B952295,train
ID_672D997AF4,train
ID_672E52B9F9,final
ID_6730E69EA3,train
ID_6730EDDCC2,train
ID_67316B5568,validation
ID_6738B995B8,train
ID_673A6BC3E4,train
ID_673B452E7C,validation
ID_673B7C063B,train
ID_673B98EC2D,validation
ID_673DAD2DCC,train
ID_6740E4EFBE,train
ID_6741595D10,final
ID_674349FE37,validation
ID_67435075D2,final
ID_6744F870BB,final
ID_674570AC59,validation
ID_67460877C0,final
ID_674619E5AC,validation
ID_6746AA4FC0,validation
ID_674999E2A7,validation
ID_674A6E003B,train
ID_674A8A0309,final
ID_674C3AE027,train
ID_674E19DFEC,train
ID_674F3B83AC,train
ID_67507FEFF7,train
ID_675101C8E2,validation
ID_67517695D8,train
ID_6756384105,validation
ID_67564EB9E7,train
ID_67580B5B2C,train
ID_6758647127,validation
ID_67598351F9,validation
ID_675AA7F1C8,train
ID_675EDBEA54,train
ID_675F6331AA,train
ID_6761DD3EEC,train
ID_6762C24020,final
ID_6764B5BBB2,validation
ID_6766DFA381,train
ID_6767B25D18,train
ID_6769290A29,train
ID_676947FB99,train
ID_676C28F098,train
ID_676EA3C57E,train
ID_67702DA1EE,validation
ID_67706FD94A,train
ID_6771CB9374,validation
ID_677291954F,final
ID_6772D667F8,train
ID_6773DA26CD,validation
ID_6774D0BB06,train
ID_677C0775C0,train
ID_677C32CE00,train
ID_6780B30114,train
ID_6781745F9A,validation
ID_6785A4FE2A,train
ID_6787408D66,train
ID_678B50A311,train
ID_678B60C878,train
ID_67932DDA3A,train
ID_679505B77A,train
ID_6796BF02A2,validation
ID_67995E3FCE,train
ID_679BA9CA95,train
ID_679BF6663C,train
ID_67A236F9D1,validation
ID_67A5E06069,validation
ID_67A6C4F059,final
ID_67A7D53047,train
ID_67AA154B8E,train
ID_67AAC00E25,train
ID_67ABDBEC2C,train
ID_67AC524E0F,train
ID_67AD88ECC0,final
ID_67AEBC58A9,train
ID_67AFE0F04D,train
ID_67AFFD3D00,train
ID_67B0CBB595,train
ID_67B2B5C48A,final
ID_67B2BB0ADF,train
ID_67B37276E9,final
ID_67B5E95F10,validation
ID_67B9145785,train
ID_67B9392452,train
ID_67BB5C7EEB,validation
ID_67BCD2964F,final
ID_67BD5A739E,train
ID_67BDF9BFA5,final
ID_67BE6B4D81,train
ID_67C0DC39F1,train
ID_67C2422BDC,validation
ID_67C3AD3212,validation
ID_67C46887C0,train
ID_67C4C6EDC2,train
ID_67C6C332A9,train
ID_67C83978D7,validation
ID_67C8E848F2,validation
ID_67CC81721B,train
ID_67CD3DF76F,final
ID_67CF441D12,train
ID_67D138783D,train
ID_67D2303800,train
ID_67D246AC38,validation
ID_67D3396E9C,validation
ID_67D3FF5D5B,train
ID_67D48930CD,validation
ID_67D4E18E4C,validation
ID_67D4FD5A24,train
ID_67D8DFFB0D,final
ID_67DCA4CAAD,train
ID_67DD132B70,train
ID_67DE232A61,train
ID_67DF8FA97E,train
ID_67E264AB7E,validation
ID_67E401A148,train
ID_67E608434E,train
ID_67E9CE844B,train
ID_67F06F4D1D,train
ID_67F1BC6E4A,train
ID_67F31D2DDA,validation
ID_67FA4701E5,train
ID_67FC7B91F1,train
ID_67FCA1CCA8,train
ID_67FD933540,train
ID_680070F844,final
ID_680244CAEE,train
ID_68037B26AE,final
ID_6803FE75CF,train
ID_68052018DC,final
ID_68052A9427,train
ID_6806AC00D0,train
ID_6809D64486,final
ID_6809F34D8E,validation
ID_680AC854EC,train
ID_680C5E9E16,validation
ID_680E424AE8,final
ID_680EDCC8C3,train
ID_680F261E50,train
ID_680FC3E6D6,validation
ID_680FFB38A3,train
ID_6812DA1EF3,train
ID_68130FB620,final
ID_6816BA2DAF,train
ID_681F708A38,train
ID_6822564582,train
ID_6823617782,final
ID_6824371A6E,train
ID_6824D58A8B,train
ID_6829596089,train
ID_682E05C533,validation
ID_682EF4482D,validation
ID_682F332D85,train
ID_682FCDB9E2,train
ID_6830D44B52,train
ID_6834D18A5C,train
ID_68355A8426,validation
ID_6835A6C176,train
ID_683AD3401B,train
ID_683B88BB9A,train
ID_683EAF6725,train
ID_683FF0A52A,train
ID_68408B96FC,train
ID_6840DF1DF8,validation
ID_6844723427,train
ID_6844F1910F,final
ID_6845257866,train
ID_68478F955E,final
ID_6847D738C0,final
ID_684879194B,validation
ID_684A653EC9,validation
ID_684B45865E,train
ID_684B540792,final
ID_684D0B5074,validation
ID_68516DD8C9,train
ID_685275D4E7,train
ID_6852A53D8A,train
ID_6853A6EE4B,validation
ID_6853D0B00A,train
ID_685434ECAC,validation
ID_6854F171E0,train
ID_6855422F6C,final
ID_6856BDCD8B,validation
ID_6857560C4F,final
ID_6858FDE206,final
ID_685CB492D0,train
ID_685CBBFD60,train
ID_685CEE7095,final
ID_68602902DB,train
ID_6861A09F0F,validation
ID_6866EB072F,validation
ID_68676C9714,final
ID_6867B5F0EE,train
ID_686BC3A2F9,final
ID_686E563F1D,train
ID_686E80A544,validation
ID_686FFC4043,train
ID_68738BF717,final
ID_6874710291,train
ID_68760C659B,validation
ID_6878009C2B,final
ID_68783D8BEA,validation
ID_68790211B8,train
ID_687906E26F,train
ID_687A319FB3,train
ID_687CB52B8D,final
ID_688031A4CB,train
ID_6883E9C82B,train
ID_6883FFA554,train
ID_688845A3F9,validation
ID_688E87AC9A,final
ID_688ED2C8D5,train
ID_688FBA404C,train
ID_68902CCCD3,train
ID_6893A66664,train
ID_6899DE029B,train
ID_689AAA1FE4,final
ID_689C98D86B,train
ID_689D841779,validation
ID_68A03B3972,validation
ID_68A0B95E19,train
ID_68A2F381D9,final
ID_68A301021F,validation
ID_68A485388E,final
ID_68A54B0835,final
ID_68A68979FF,final
ID_68A74072CE,train
ID_68A8B98A72,train
ID_68AA403279,train
ID_68AB49BAF8,final
ID_68AD060055,validation
ID_68ADD2C53F,train
ID_68AE8D37F1,train
ID_68B091343A,final
ID_68B2698409,train
ID_68B82034D8,validation
ID_68B84E281D,train
ID_68B89605C8,train
ID_68BB64D9AE,train
ID_68BF893340,train
ID_68C0B45A14,train
ID_68C3456AB0,train
ID_68C78BB3F4,final
ID_68C89A8EC6,train
ID_68CBD93701,train
ID_68CC524805,final
ID_68CD86BEA1,train
ID_68CDADE472,train
ID_68CF698D8F,final
ID_68D341C09B,train
ID_68D7DCD95D,validation
ID_68D82FD55A,train
ID_68D88D8741,train
ID_68DD42E5A5,validation
ID_68DEF5D1C4,validation
ID_68DF7E078A,train
ID_68DFCC30B5,final
ID_68DFEC6D93,train
ID_68E0FDDF81,validation
ID_68E1525393,final
ID_68E18E0519,train
ID_68E3E1C54A,train
ID_68E43EB1AB,train
ID_68E5A319E4,train
ID_68E5FB7769,validation
ID_68E7D6487D,train
ID_68E888652F,validation
ID_68EEED7F70,train
ID_68F03E1796,train
ID_68F2B5E5AD,validation
ID_68F4311EBB,final
ID_68F4788985,final
ID_68F5DCD8DD,train
ID_68F67ABAB7,train
ID_68F7E5A97D,train
ID_68F7F8079C,train
ID_68FB6C82BE,validation
ID_68FD9BF334,validation
ID_6901BDB2E8,train
ID_6901E7987E,train
ID_6902AC598D,final
ID_6903BE3063,train
ID_6904B5D501,final
ID_690628E142,final
ID_690A001D45,train
ID_690D8F182C,train
ID_690FB4FB95,train
ID_691090693C,train
ID_6914A3B099,train
ID_6919438B6C,train
ID_69197E2468,final
ID_691F812FF0,train
ID_691FC6D636,train
ID_69209C3F1C,final
ID_6921C6F8EF,validation
ID_6921D98AD6,train
ID_69224263DD,train
ID_69248DCA7B,validation
ID_692A135B80,train
ID_692A90DBDC,validation
ID_692B5CCF4A,validation
ID_692E1DA809,train
ID_6930AADCCB,train
ID_6934D13493,validation
ID_693613DB41,train
ID_69379D999C,final
ID_69383B14C6,train
ID_693AB835CE,train
ID_693B58081D,final
ID_6940A816D1,train
ID_6941023EC9,validation
ID_69445FD8FF,train
ID_6944F9F13D,train
ID_69472D4975,train
ID_69479FA9BF,final
ID_6948842280,train
ID_694DFC436D,train
ID_694E0494C6,final
ID_694E8E82F0,train
ID_695214DDC4,final
ID_6952DFCD37,train
ID_6952F7C8A7,final
ID_69530BF85C,train
ID_6953B3FABA,train
ID_6957FE1050,train
ID_6959E9DAF5,final
ID_695B6B4684,train
ID_695C7D817E,train
ID_695DCB5D8C,train
ID_695E2713FA,train
ID_695E4B2B05,validation
ID_695EDE42EF,final
ID_695F7202A9,validation
ID_696317D4FC,final
ID_696525B407,final
ID_696529539C,validation
ID_69697BFA00,train
ID_696989546F,validation
ID_696A69158B,final
ID_696AE23B88,final
ID_696BE36A78,final
ID_696CCF3AEF,train
ID_696D45CD20,train
ID_696F05D451,train
ID_6971DE0D36,final
ID_6972149FB9,train
ID_6973F865DA,final
ID_6974F041B7,final
ID_6975A073AB,train
ID_69782EE1AB,validation
ID_6978D2993E,train
ID_6979E90024,train
ID_697BB6FB8A,train
ID_697F243374,train
ID_6980395A78,train
ID_698061B4E9,final
ID_6980E1235E,validation
ID_6980ED86C2,train
ID_69813C07B7,train
ID_69817A6599,validation
ID_6982A0D961,validation
ID_69830E70B1,train
ID_6985F2C308,train
ID_698792AA3A,train
ID_69881F1833,train
ID_698961ADB1,train
ID_698B41ED6F,train
ID_698EA04335,final
ID_698ED116BD,train
ID_6991A4019D,validation
ID_6994CD3080,train
ID_69990DC64C,validation
ID_6999F8B268,train
ID_699B287221,train
ID_699C1F0DFE,train
ID_699C32A6BA,train
ID_699D5395B6,final
ID_699D658121,validation
ID_699D85EE02,final
ID_699F661E49,final
ID_69A08328A8,train
ID_69A2387815,final
ID_69A5B7D149,train
ID_69A5D303FD,train
ID_69AC082536,train
ID_69B49CFE9F,final
ID_69B4CCAC0C,validation
ID_69B63B9BED,train
ID_69B7515D77,train
ID_69B76E6142,train
ID_69BA3F691D,final
ID_69BB916066,train
ID_69BC250310,validation
ID_69BC845073,train
ID_69BEC01BAB,train
ID_69BEC24350,final
ID_69BF4349A8,train
ID_69C14F633B,train
ID_69C18F7B69,train
ID_69C612424B,final
ID_69C8A66E4D,train
ID_69CBEC0BD4,train
ID_69CBF55C7F,final
ID_69CCA48FB5,train
ID_69D101FB79,train
ID_69D50D1D4A,train
ID_69D6B7DBBF,validation
ID_69D84F48CB,train
ID_69D85EC4F8,validation
ID_69DAC1F81F,validation
ID_69DAC5D79F,validation
ID_69DDE2B02B,validation
ID_69DF1CD7B1,final
ID_69E0966F63,train
ID_69E1D7984B,final
ID_69E31BAD1E,train
ID_69E3640DED,final
ID_69E7EE4CD6,train
ID_69E826A2CF,train
ID_69ECEEB9D7,train
ID_69EF81C8FC,train
ID_69EFCFBAD0,train
ID_69F0CE1AA0,train
ID_69F1100E23,train
ID_69F2BFE924,final
ID_69F44A8992,train
ID_69F6A56D41,validation
ID_69F7B22B4D,train
ID_69FA2A3FDA,final
ID_69FC527D21,train
ID_69FFD24414,validation
ID_6A000BB994,validation
ID_6A0058DC8D,validation
ID_6A03242E0F,train
ID_6A05074D0C,train
ID_6A05B47724,train
ID_6A083B23A0,final
ID_6A0A2FB7FF,train
ID_6A0DBE8921,train
ID_6A0E349480,train
ID_6A0FC51468,train
ID_6A106124B6,validation
ID_6A12363FC1,train
ID_6A13724DC5,final
ID_6A1455605F,train
ID_6A14BC2EC0,train
ID_6A18687E6D,final
ID_6A1B5A8C50,final
ID_6A1E8D84C4,train
ID_6A214E68B9,train
ID_6A2202DD60,train
ID_6A23912FA1,validation
ID_6A267E8976,train
ID_6A27F54794,train
ID_6A2918B712,validation
ID_6A2B10B7C5,train
ID_6A2C23085A,train
ID_6A2C57465B,train
ID_6A2C5E7982,final
ID_6A2E70E16C,validation
ID_6A2EB39E13,train
ID_6A3473F92A,final
ID_6A34C69DE5,train
ID_6A36FCE974,train
ID_6A374DB3CF,train
ID_6A3A38C606,final
ID_6A3CD9B49C,validation
ID_6A3E8A0797,train
ID_6A3F0A2EDA,final
ID_6A3F452435,train
ID_6A40CA1EA7,validation
ID_6A439A8539,train
ID_6A43AD4D34,train
ID_6A4ADCECD2,train
ID_6A4C9E4357,final
ID_6A4CBF4B20,final
ID_6A4E3C7599,train
ID_6A514412A4,train
ID_6A51D6BD16,train
ID_6A5281C32F,train
ID_6A5364819B,train
ID_6A577A3A5C,final
ID_6A58C417DF,train
ID_6A6195238C,train
ID_6A6224DD84,final
ID_6A659FAB75,train
ID_6A6761D4AD,validation
ID_6A6B979DC9,train
ID_6A6D84DD51,validation
ID_6A6DD39FA1,train
ID_6A705EFB01,train
ID_6A70F034CF,train
ID_6A7286340E,final
ID_6A72C90CD6,final
ID_6A781ACC61,train
ID_6A78585F54,train
ID_6A78B57C61,train
ID_6A78DF8660,train
ID_6A78F094BC,train
ID_6A7CFAF788,train
ID_6A7D7DC8C9,validation
ID_6A7E5655D3,train
ID_6A80007CD5,validation
ID_6A8056AD37,train
ID_6A808E161F,validation
ID_6A811BFBDF,final
ID_6A81610E94,final
ID_6A8209CB31,train
ID_6A83FCD71B,validation
ID_6A880FDEDF,train
ID_6A881A330A,final
ID_6A8879DA92,train
ID_6A899A4863,train
ID_6A8B4FED15,train
ID_6A8C3917EC,train
ID_6A8D86B401,validation
ID_6A8DB0A3ED,train
ID_6A8E61588B,train
ID_6A91911D17,validation
ID_6A92A7B549,train
ID_6A98AEC0CB,train
ID_6A990202E2,train
ID_6A9EED4658,train
ID_6AA2374516,train
ID_6AA32D5B6B,train
ID_6AA5D52808,train
ID_6AA5DB9303,train
ID_6AA632C9C6,train
ID_6AA64103B5,train
ID_6AA6EBDD78,train
ID_6AA74FDCE5,train
ID_6AA90CC87E,train
ID_6AA980D7A6,validation
ID_6AAACC5674,train
ID_6AADCEC8FE,train
ID_6AAE9B1AA3,train
ID_6AAFC7DA63,final
ID_6AAFF0A9A5,final
ID_6AB0122D4B,train
ID_6AB143D964,train
ID_6AB26BDEFA,validation
ID_6AB319B953,train
ID_6AB7BB566F,validation
ID_6AB896D961,train
ID_6AB9AB301A,train
ID_6ABAFBE0EA,train
ID_6ABDE5A650,final
ID_6ABEA9130F,train
ID_6ABED90F8C,train
ID_6AC0A14966,validation
ID_6AC20719BD,train
ID_6AC2677A66,train
ID_6AC3C7835D,train
ID_6AC4D3B9EA,final
ID_6AC5120229,train
ID_6AC5318C4D,train
ID_6ACAB0AF11,validation
ID_6ACC31EE5F,train
ID_6ACCD8066F,final
ID_6ACDE7FA5B,train
ID_6ACEE35573,train
ID_6AD310A951,train
ID_6AD4F0357D,train
ID_6AD4FAE3FE,final
ID_6AD59DDE17,train
ID_6AD96240C9,validation
ID_6ADDC6D0D9,final
ID_6AE05857C9,validation
ID_6AE2D304FD,final
ID_6AE74E63FF,train
ID_6AE849C906,train
ID_6AE93BC5E6,final
ID_6AEA0B8613,final
ID_6AEC838C42,train
ID_6AED3D0DB8,validation
ID_6AF0FD60D1,final
ID_6AF130A4A7,train
ID_6AF3FEC868,train
ID_6AF64BFDB4,validation
ID_6AF6CB7F8A,train
ID_6AF865A347,final
ID_6AF935EF33,final
ID_6AFC272655,final
ID_6AFD58C12F,train
ID_6AFF27EF7C,final
ID_6B02025E94,train
ID_6B029879D9,train
ID_6B0578AEA7,validation
ID_6B05799952,train
ID_6B077CB70C,train
ID_6B07923745,final
ID_6B084F78F5,validation
ID_6B08A765C9,train
ID_6B0A1B4139,train
ID_6B0EA12F77,train
ID_6B10EAF315,train
ID_6B114CEF41,final
ID_6B1501CD9B,validation
ID_6B15B36989,train
ID_6B167444E8,train
ID_6B16881996,train
ID_6B16F43491,train
ID_6B186BFBA3,train
ID_6B1D66B67D,train
ID_6B1EBBDD65,validation
ID_6B20ACF95B,final
ID_6B2234227F,train
ID_6B24D2D4D5,train
ID_6B2534A5D5,train
ID_6B279EFB52,final
ID_6B28E3560B,train
ID_6B2A117C0E,train
ID_6B2BD68629,validation
ID_6B2D0B9DFF,train
ID_6B2D725CB8,validation
ID_6B2DD5499F,validation
ID_6B2E2898C9,train
ID_6B2FBBAB79,train
ID_6B2FBE9FA0,train
ID_6B32434777,train
ID_6B3345A214,train
ID_6B33A1B5B1,train
ID_6B36A3921D,train
ID_6B37314BD9,validation
ID_6B37CE68B8,train
ID_6B38D78505,final
ID_6B38F800F5,validation
ID_6B3B8A8F87,validation
ID_6B3C2CF70E,final
ID_6B3DD7C866,train
ID_6B3F26FE50,final
ID_6B3F4943BB,validation
ID_6B3FED0ACA,train
ID_6B41D42514,final
ID_6B428F71A4,validation
ID_6B429DB664,train
ID_6B43913A40,validation
ID_6B45834D57,final
ID_6B4649087C,train
ID_6B4712D23F,train
ID_6B47D458E6,final
ID_6B4983D4F7,validation
ID_6B4C80548C,train
ID_6B4D293FDB,final
ID_6B4D5DB028,train
ID_6B4DEA752D,validation
ID_6B4E5A2331,validation
ID_6B5020B25E,final
ID_6B50BC8982,train
ID_6B5216D82F,train
ID_6B523A3816,final
ID_6B5283FDD2,train
ID_6B53C1731D,train
ID_6B59EC22B9,validation
ID_6B59F2FE3A,final
ID_6B5C307A14,train
ID_6B5C65CB30,train
ID_6B5E233587,train
ID_6B5EBD67C0,validation
ID_6B60986F3A,train
ID_6B60C4D0FF,validation
ID_6B627EF67B,train
ID_6B64427204,train
ID_6B645E3EF5,train
ID_6B683826F2,validation
ID_6B6C6D5924,validation
ID_6B6EC697A9,validation
ID_6B6F52542A,train
ID_6B6F65398B,train
ID_6B711F5645,train
ID_6B71CAE25B,final
ID_6B7283C3A9,validation
ID_6B74C3527F,validation
ID_6B76B08979,train
ID_6B787FF792,validation
ID_6B7944E0AC,train
ID_6B7A5FF099,train
ID_6B7BF4B9D7,train
ID_6B7D4D26EE,train
ID_6B7EC2F711,train
ID_6B809AAC50,validation
ID_6B80D611FD,final
ID_6B8349505D,validation
ID_6B84D3953C,train
ID_6B85F3E11A,final
ID_6B8807E82D,final
ID_6B896A2F77,train
ID_6B89ED28DD,validation
ID_6B8A37A8EC,train
ID_6B8BA343C2,train
ID_6B8EEA8820,train
ID_6B8F9AD6E9,final
ID_6B90421316,final
ID_6B908EC9FA,train
ID_6B9157669B,validation
ID_6B94CD342E,final
ID_6B95293D6F,final
ID_6B9556A88E,train
ID_6B9836615A,final
ID_6B9863D466,final
ID_6B98B05DC4,final
ID_6B9A9959D7,final
ID_6B9B42F6BD,validation
ID_6B9E0F9F3A,final
ID_6B9F17369A,train
ID_6B9F723772,train
ID_6BA03DC95E,validation
ID_6BA3E652FB,final
ID_6BA59BD386,train
ID_6BA77409EC,final
ID_6BAB3CDE29,train
ID_6BADB3C2ED,train
ID_6BADDD21BF,train
ID_6BAFFE0BB2,final
ID_6BB4B691C1,train
ID_6BB4DE8462,train
ID_6BB5B45207,final
ID_6BB63C9BF4,final
ID_6BB759BDFC,train
ID_6BB83E90A4,train
ID_6BBC1DA3B9,final
ID_6BBC9C5C9F,validation
ID_6BBDC00E48,final
ID_6BBE8CE591,train
ID_6BC25BB7E9,validation
ID_6BC26C270A,train
ID_6BCCA6DE12,validation
ID_6BCD9D5F4C,validation
ID_6BD0122443,train
ID_6BD0D776BC,train
ID_6BD3893A47,train
ID_6BD4174B68,final
ID_6BD43C7446,train
ID_6BD4702864,validation
ID_6BD698EB63,train
ID_6BD7E23B7E,validation
ID_6BD93B4780,train
ID_6BDA382C93,train
ID_6BDA93D0AF,train
ID_6BDC7269B9,validation
ID_6BDEFC028F,train
ID_6BDFFEEABE,validation
ID_6BE1B20AC5,train
ID_6BE2339A24,final
ID_6BE357ADE7,train
ID_6BE4067467,final
ID_6BE614CBBA,train
ID_6BE728861A,train
ID_6BE78890D4,train
ID_6BE910B7C3,final
ID_6BF1A71BE2,train
ID_6BF449E634,train
ID_6BF5DF5B57,train
ID_6BF973CDA6,train
ID_6BFC43DA7A,validation
ID_6BFFF65FD7,validation
ID_6C02C947F3,train
ID_6C0356A1FB,train
ID_6C06316ABB,final
ID_6C080E4B82,train
ID_6C08827B3A,final
ID_6C118A8643,train
ID_6C11C0D381,validation
ID_6C14B4EFEB,train
ID_6C14FA926D,validation
ID_6C1898ED5F,final
ID_6C1ACA46DB,train
ID_6C1BB56E59,train
ID_6C1D88D763,train
ID_6C2406A5DE,validation
ID_6C24D286C5,train
ID_6C25FAF22D,validation
ID_6C26B35C73,final
ID_6C276E5146,train
ID_6C28CD8BA7,train
ID_6C28DFD7EF,train
ID_6C28E7CF36,final
ID_6C29486D74,final
ID_6C2C48D318,train
ID_6C2CFD7BEC,train
ID_6C31480C70,final
ID_6C32231D36,train
ID_6C323F27FF,validation
ID_6C38BB44C5,validation
ID_6C3B51BF71,validation
ID_6C3B837765,train
ID_6C447B90B9,train
ID_6C4741D061,final
ID_6C487ABB4C,train
ID_6C48879854,train
ID_6C4A65C227,train
ID_6C4D4564A2,train
ID_6C4EB420CF,train
ID_6C504D388C,train
ID_6C54C33F55,validation
ID_6C57F0341E,train
ID_6C586F92B1,final
ID_6C5DB50F6F,train
ID_6C5DB602EE,final
ID_6C5F3F67F2,final
ID_6C5F72D9FC,train
ID_6C5F9ED697,train
ID_6C608F6B8D,train
ID_6C621AB5BF,final
ID_6C64768AA3,train
ID_6C6766DC1E,validation
ID_6C67D55B36,train
ID_6C6CDED263,train
ID_6C72A24901,train
ID_6C74CBC193,train
ID_6C77939601,train
ID_6C78611A19,train
ID_6C7A18CF57,train
ID_6C7B9AD731,train
ID_6C7C23E647,final
ID_6C7C8903AC,validation
ID_6C7CA8CCCB,train
ID_6C7DC8F555,final
ID_6C7E4C109B,train
ID_6C7FD68D54,final
ID_6C7FE0F889,train
ID_6C80C7076F,train
ID_6C811D221F,final
ID_6C81F151AC,final
ID_6C8328D752,train
ID_6C834DDAB3,train
ID_6C84139532,final
ID_6C84AB4BE9,train
ID_6C85CF6E5D,train
ID_6C8619717C,validation
ID_6C8689B1B2,train
ID_6C875BE204,validation
ID_6C891DFE0F,train
ID_6C8A7C65D2,train
ID_6C8D162353,final
ID_6C8F22C150,train
ID_6C90B94CC3,final
ID_6C9288E32A,final
ID_6C9480EF0A,final
ID_6C951105AC,train
ID_6C98259765,validation
ID_6C9994CB36,validation
ID_6C9B44B025,final
ID_6C9D8A3BE5,train
ID_6C9E9A3E68,train
ID_6C9EFEBACC,train
ID_6C9F01521D,final
ID_6C9F6A7113,train
ID_6C9FAA1C55,validation
ID_6CA00E95E3,validation
ID_6CA07997EC,final
ID_6CA6F0CE64,train
ID_6CA85AB45D,train
ID_6CA8AE05C0,train
ID_6CAA62F5D7,train
ID_6CAEBE6AB5,validation
ID_6CB0DC9C62,validation
ID_6CB114CB01,final
ID_6CB18A863B,validation
ID_6CB2444725,train
ID_6CB3DDFBA1,validation
ID_6CB439C13A,final
ID_6CB4C2B949,train
ID_6CB5FC5EE3,final
ID_6CB70C645E,validation
ID_6CBA9A0970,train
ID_6CBB901F94,train
ID_6CBBE9CDDB,validation
ID_6CBC286FE1,train
ID_6CBE331BC6,train
ID_6CBECD4C9A,train
ID_6CBFE5A719,train
ID_6CC1A49C2A,train
ID_6CC2402C2F,train
ID_6CC266065A,final
ID_6CC378CBF4,validation
ID_6CC4893C01,final
ID_6CC4A53463,train
ID_6CCABECBB6,validation
ID_6CCF2DD477,final
ID_6CCF9C2D7D,validation
ID_6CCFFAD96F,train
ID_6CD264EAB8,train
ID_6CD475B69D,train
ID_6CD6F64169,train
ID_6CD6FF57DF,train
ID_6CD9871CBF,validation
ID_6CDD183A61,validation
ID_6CDDAC015E,train
ID_6CDED4339D,train
ID_6CE0B73220,train
ID_6CE1A22655,validation
ID_6CE356AD31,train
ID_6CE4CBED1F,train
ID_6CE845D8A3,train
ID_6CE8E7F92B,final
ID_6CE9737FC2,train
ID_6CEAE2235D,final
ID_6CEB28F4A1,train
ID_6CEE2FE1CD,train
ID_6CF3402FB0,validation
ID_6CF801EC13,final
ID_6CF8370D14,train
ID_6CF9AD7E79,train
ID_6CFAB992A7,validation
ID_6CFAD074FB,train
ID_6CFAED7B3E,final
ID_6CFD065662,final
ID_6CFEA4BA59,final
ID_6D034091A2,train
ID_6D0602AB3E,train
ID_6D0719B4C5,final
ID_6D07271D29,train
ID_6D097DB1E3,validation
ID_6D09CC3695,train
ID_6D0A72E106,train
ID_6D0ACDEB52,validation
ID_6D0AF75E59,train
ID_6D0C81E7C6,train
ID_6D0D7A522C,train
ID_6D1007C42D,train
ID_6D11757B3C,train
ID_6D138C0497,validation
ID_6D149A3F59,train
ID_6D15764CE0,validation
ID_6D19B15B36,train
ID_6D1A2C86DB,train
ID_6D1A39CAB1,final
ID_6D1E028B6B,validation
ID_6D215FADCC,final
ID_6D229C014D,validation
ID_6D23202E70,train
ID_6D238B6379,train
ID_6D246C881C,validation
ID_6D24C57128,final
ID_6D28EFC42C,train
ID_6D2F7AF27F,train
ID_6D2F915633,final
ID_6D38966EC5,validation
ID_6D38B1FAE7,train
ID_6D3B219FBE,train
ID_6D3C1FFC31,train
ID_6D3D1FC818,train
ID_6D40D46FBB,train
ID_6D40E805D8,train
ID_6D4122B5C1,train
ID_6D41CDCD98,validation
ID_6D479D5941,train
ID_6D47E20459,train
ID_6D4AAFAE14,train
ID_6D4E03E0B8,final
ID_6D51185B7E,final
ID_6D51B08096,final
ID_6D52F08E85,train
ID_6D53BECFD7,train
ID_6D54C5CA09,validation
ID_6D556B0FD8,train
ID_6D564E6114,train
ID_6D56B7D924,train
ID_6D56BFEB95,train
ID_6D58F94D2A,train
ID_6D59CC7819,validation
ID_6D5B6AE38C,final
ID_6D5DC29B88,train
ID_6D5EF833FD,train
ID_6D5FDF4B69,final
ID_6D6183FBAE,validation
ID_6D6235E04A,train
ID_6D631BAAA5,train
ID_6D67CA3F7C,final
ID_6D6C1390F0,train
ID_6D6E295267,train
ID_6D71FFCE74,train
ID_6D72B6B55F,train
ID_6D73291D71,train
ID_6D7426AB33,train
ID_6D7449B4CA,final
ID_6D75AC124B,validation
ID_6D75D5E8E7,train
ID_6D75EDE0C4,train
ID_6D7671CEC4,train
ID_6D76DA7BA2,train
ID_6D7772154B,validation
ID_6D77CCD837,final
ID_6D78C637FD,validation
ID_6D78DA753E,train
ID_6D79623156,train
ID_6D7A7EBBE7,train
ID_6D7AD95038,validation
ID_6D7C96DD37,final
ID_6D7E8F3ED2,train
ID_6D80E0ABAF,validation
ID_6D82A69B4B,validation
ID_6D83BB3BF0,validation
ID_6D848ECCA3,validation
ID_6D85ABC985,validation
ID_6D86B17661,validation
ID_6D86E44EAF,train
ID_6D882681CF,train
ID_6D88D3CA3D,train
ID_6D8A3DF4E3,validation
ID_6D8A755F51,validation
ID_6D8D4FF69B,train
ID_6D8DEB3968,train
ID_6D935CA1D1,final
ID_6D94F4A1B9,final
ID_6D98964BA3,train
ID_6D9A69898E,train
ID_6D9AE5F209,train
ID_6D9F1AFD5C,validation
ID_6DA20AC484,final
ID_6DA260D72C,train
ID_6DA3D5CCB3,train
ID_6DA47803E2,train
ID_6DA5C48EC1,train
ID_6DA68EE343,validation
ID_6DA7E7F0AD,train
ID_6DA91C55DA,train
ID_6DA9BD9B3B,final
ID_6DAAB43642,train
ID_6DACB3B68C,train
ID_6DAD49E51C,train
ID_6DAD9B0976,validation
ID_6DAF019FBB,train
ID_6DAF096B8B,train
ID_6DAFB35C6F,train
ID_6DB04E7D24,train
ID_6DB22AE90A,final
ID_6DB3CC8BE4,train
ID_6DB5A9D93B,train
ID_6DB67A9E2D,train
ID_6DB6BAB54E,train
ID_6DB8BE2D19,final
ID_6DBAC933D3,train
ID_6DBB7677FE,final
ID_6DBE6153AB,train
ID_6DBEC7EEE6,train
ID_6DC257E437,train
ID_6DC4459AC5,final
ID_6DC45BB47B,train
ID_6DC55F3955,train
ID_6DC5A8CFF4,train
ID_6DC67EF926,validation
ID_6DC9291A1B,train
ID_6DCB35D403,train
ID_6DD0F178B7,validation
ID_6DD1BFAE95,validation
ID_6DD2C36E51,train
ID_6DD38BC122,train
ID_6DD4EAA1D3,validation
ID_6DD641BDF3,train
ID_6DD7DF2FE9,train
ID_6DDB46FABA,train
ID_6DDBB29E32,final
ID_6DDBF57D7C,final
ID_6DDCED48FF,train
ID_6DDD093118,train
ID_6DDF122810,validation
ID_6DDF9E02C6,final
ID_6DDFE471AD,train
ID_6DE17FEB84,train
ID_6DE1CDE33C,train
ID_6DE350118B,validation
ID_6DE5C11B69,validation
ID_6DE712B3C3,train
ID_6DE9A19847,train
ID_6DEB11DF78,final
ID_6DEC773A25,train
ID_6DEC8FBB2C,train
ID_6DED8F0E8C,validation
ID_6DF0DABF58,train
ID_6DF13B8E2A,train
ID_6DF426CB2F,final
ID_6DF62B3D19,train
ID_6DF83E27FC,final
ID_6DFA6AD65A,validation
ID_6DFB0F166D,train
ID_6DFC837518,train
ID_6DFDC43D92,train
ID_6DFEC38CD3,final
ID_6E0010F0B4,final
ID_6E0140E97A,final
ID_6E01E8E1D9,train
ID_6E0251B40B,validation
ID_6E03F2EA4C,validation
ID_6E03FFC101,train
ID_6E04414AFA,validation
ID_6E05098A76,train
ID_6E0633309A,train
ID_6E063FF687,final
ID_6E0A7648E3,validation
ID_6E0C7B2CF3,train
ID_6E10017FEE,final
ID_6E1184AA50,train
ID_6E12F49C26,train
ID_6E1402402B,train
ID_6E1456653F,final
ID_6E164F7724,train
ID_6E166E7036,train
ID_6E175317C6,train
ID_6E1A07FED2,validation
ID_6E1AEF04BF,train
ID_6E1D7B5CDA,train
ID_6E1DC53426,validation
ID_6E1E1FDDE6,train
ID_6E1E4C0378,final
ID_6E1E9646A8,final
ID_6E1EB53E87,train
ID_6E2412D402,final
ID_6E24837734,train
ID_6E27004BEB,train
ID_6E27AD2B37,final
ID_6E29ADAF57,train
ID_6E2B154EF9,train
ID_6E2E05BA70,train
ID_6E31DFCB4E,train
ID_6E3322FAA4,final
ID_6E35736BA3,train
ID_6E36FB5971,validation
ID_6E3717B508,final
ID_6E37EF956E,final
ID_6E3B9F97DF,train
ID_6E3D62A27C,train
ID_6E404B5F2B,validation
ID_6E405BD88A,train
ID_6E441657A0,train
ID_6E483694F5,validation
ID_6E4BED91C7,train
ID_6E4D9A280D,train
ID_6E4E8182C9,validation
ID_6E52C7814D,train
ID_6E53A69E06,train
ID_6E53B7D1F9,train
ID_6E57A7B67C,final
ID_6E5854FB78,final
ID_6E5A4D5746,final
ID_6E5B19CB69,train
ID_6E5C6244CA,train
ID_6E5CD1EE9E,train
ID_6E5DB67370,train
ID_6E5E578A17,train
ID_6E5ECDEAA1,train
ID_6E600F6956,train
ID_6E602EC53D,validation
ID_6E6071CB33,train
ID_6E60A6D674,final
ID_6E611157E8,validation
ID_6E6187E376,train
ID_6E63705476,train
ID_6E668D6E19,train
ID_6E69215F57,train
ID_6E6C367127,validation
ID_6E71B66014,final
ID_6E7250124F,train
ID_6E72B5307B,validation
ID_6E73896AEE,validation
ID_6E73E7BBB5,final
ID_6E78536CDC,final
ID_6E78AD90A5,validation
ID_6E79B60CD7,final
ID_6E79CBF093,train
ID_6E7BF5D12F,train
ID_6E7C097087,train
ID_6E7CB4457E,train
ID_6E7D3EB774,validation
ID_6E7D9136AF,final
ID_6E7E058ED3,train
ID_6E8167B17A,validation
ID_6E835F9C68,train
ID_6E859673F5,train
ID_6E887A4E52,train
ID_6E89B44FD7,validation
ID_6E8A12C27A,train
ID_6E8AC2BC69,final
ID_6E8CCA10A8,validation
ID_6E8D358EE2,final
ID_6E8F8675AD,train
ID_6E90781600,final
ID_6E9155C108,train
ID_6E91A24692,train
ID_6E942B97E9,final
ID_6E955B0169,validation
ID_6E98B3A17C,validation
ID_6E9AB32EE8,train
ID_6E9CB44C6F,train
ID_6E9DB2289B,final
ID_6EA0ABC8E4,train
ID_6EA13E9D8B,train
ID_6EA19102B9,validation
ID_6EA4042A58,validation
ID_6EA54AD95B,train
ID_6EA74E3EBD,final
ID_6EA8DDB6BE,validation
ID_6EAA74D1D3,train
ID_6EAD860C61,final
ID_6EAE301022,final
ID_6EAED6BFCE,train
ID_6EB108B4FB,validation
ID_6EB18B9327,validation
ID_6EB209D3F1,train
ID_6EB3EC8A0C,validation
ID_6EB5FFF60F,train
ID_6EB6561712,validation
ID_6EB6AFAA94,train
ID_6EB7885DD0,validation
ID_6EB8337EF4,train
ID_6EB8AC64F4,train
ID_6EBBC4C7C8,validation
ID_6EBC470F01,validation
ID_6EC905F3B3,train
ID_6ECBBDD9BF,final
ID_6ED12E3267,train
ID_6ED1D1D458,validation
ID_6ED2BC7575,train
ID_6ED4920B18,train
ID_6ED8FFAB2B,validation
ID_6ED9256C6D,final
ID_6ED931DA61,train
ID_6EDA0E6567,validation
ID_6EDA47DF7B,train
ID_6EDA6751C8,final
ID_6EDBE78526,train
ID_6EDE8589CD,train
ID_6EDEA8D76B,final
ID_6EDF994B15,validation
ID_6EE1E8307F,train
ID_6EE37974A0,final
ID_6EE5047ED4,validation
ID_6EE7C6B927,train
ID_6EE7E56E0C,final
ID_6EE92B5644,final
ID_6EEB1EA911,train
ID_6EEBFE3CDF,train
ID_6EED65D609,final
ID_6EF0CD0991,train
ID_6EF1A503DA,train
ID_6EF1E453C2,train
ID_6EF2AABE18,train
ID_6EF401616E,final
ID_6EF65E4831,final
ID_6EF6610026,train
ID_6EFA556039,train
ID_6EFAFF5565,train
ID_6EFE562DB0,train
ID_6F02C3BC5A,final
ID_6F04810F63,train
ID_6F05A9246C,train
ID_6F05E0D6D0,train
ID_6F078CAC58,train
ID_6F08684501,train
ID_6F0AB120D9,train
ID_6F0AB8F7A5,train
ID_6F0AD6A4B4,validation
ID_6F0C5E0991,train
ID_6F0C6BFD23,train
ID_6F0F538524,train
ID_6F10FFF652,train
ID_6F13455F53,train
ID_6F13B27252,train
ID_6F1462AF1F,final
ID_6F14C426D8,train
ID_6F15475A5F,train
ID_6F17B3984D,train
ID_6F18F37FB0,validation
ID_6F1D4FCBE9,train
ID_6F1D7121C5,train
ID_6F1F7CACFF,train
ID_6F218AA9EB,train
ID_6F2392A9DC,final
ID_6F24B8F7B0,train
ID_6F2522F0F3,train
ID_6F274BB03D,final
ID_6F27AF5F65,final
ID_6F28900EE7,train
ID_6F28E85252,train
ID_6F2963C5AF,train
ID_6F2B633AAB,train
ID_6F2B666085,train
ID_6F2C303980,final
ID_6F2CFF17DF,train
ID_6F2D13B19D,final
ID_6F2F6E4A94,final
ID_6F3094D095,train
ID_6F34C93129,validation
ID_6F35A760FF,final
ID_6F38BF085D,train
ID_6F39D340F8,train
ID_6F3B692D7C,train
ID_6F3E38B2B7,train
ID_6F3EB2DFC2,train
ID_6F424D544F,train
ID_6F4376B2FD,train
ID_6F4476A77E,final
ID_6F4636F8DB,train
ID_6F4748EEA4,final
ID_6F4994559A,validation
ID_6F4A1D625D,validation
ID_6F4A450092,train
ID_6F4E95E050,validation
ID_6F4F8FD5A3,train
ID_6F4FAC1234,train
ID_6F511DD72E,train
ID_6F5419B418,train
ID_6F541DF331,validation
ID_6F54278CE2,validation
ID_6F555E90BE,train
ID_6F569B2DB3,train
ID_6F56A1B375,train
ID_6F58259E26,validation
ID_6F59F8EECE,train
ID_6F5A8C6C27,final
ID_6F5B8EE835,train
ID_6F5DF557F5,train
ID_6F5EE7F519,validation
ID_6F5F3696D3,validation
ID_6F61772098,final
ID_6F61C82A57,train
ID_6F6286CF83,final
ID_6F637ED337,final
ID_6F65878367,validation
ID_6F658C1315,train
ID_6F67239F88,final
ID_6F67592B2B,validation
ID_6F6787CC80,final
ID_6F6B1C16D8,train
ID_6F6B5C6D97,train
ID_6F6CAC9F56,train
ID_6F6DC8679C,final
ID_6F6E84C352,train
ID_6F6F481868,validation
ID_6F7082B32C,train
ID_6F7350DE5B,train
ID_6F7526742C,train
ID_6F784608C5,train
ID_6F7A0CB688,train
ID_6F7AF77C60,train
ID_6F7D45F571,train
ID_6F7D9F68F9,train
ID_6F7FFB67A9,train
ID_6F802DFE61,train
ID_6F84B6BE37,train
ID_6F84F6BA5C,validation
ID_6F88914218,train
ID_6F8BF673CD,train
ID_6F8D5E720D,train
ID_6F91485C18,train
ID_6F9411869F,train
ID_6F941AA1B0,train
ID_6F9458A576,validation
ID_6F94A673C5,train
ID_6F94BB1512,validation
ID_6F9AA9B5FB,final
ID_6F9B7BD8B3,train
ID_6F9BEC2E8E,train
ID_6F9C33050D,train
ID_6F9C502F9C,train
ID_6F9D6E81BA,validation
ID_6FA095CAEA,final
ID_6FA1BD0CB5,final
ID_6FA478547D,train
ID_6FA4A7886D,train
ID_6FA9D8010C,train
ID_6FAC085F4D,train
ID_6FADB3D505,train
ID_6FAF6033BF,train
ID_6FAFC9E5AB,train
ID_6FB109A3DC,final
ID_6FB196929D,validation
ID_6FB58741A3,train
ID_6FB875DFE9,train
ID_6FBD1F8F57,final
ID_6FBEE43B81,validation
ID_6FC1EFE131,train
ID_6FC220DAE0,train
ID_6FC225E539,train
ID_6FC2F2018F,train
ID_6FC6DA4426,train
ID_6FC74694DE,validation
ID_6FC8DC1023,validation
ID_6FCAA0A678,train
ID_6FCC93BABB,train
ID_6FCEBEFA56,final
ID_6FCED8E92D,validation
ID_6FCEDE3F47,train
ID_6FCF7A0B99,train
ID_6FD1FF3E6F,train
ID_6FD454B69B,final
ID_6FD4690323,train
ID_6FD655D0B9,train
ID_6FD72A416B,validation
ID_6FD824D56C,train
ID_6FD82C757E,train
ID_6FD8E591E6,train
ID_6FD910DBEB,train
ID_6FDB350B3A,train
ID_6FDBA592E9,train
ID_6FDD511F6E,train
ID_6FDFCD0CFB,validation
ID_6FE2154622,final
ID_6FE2CDBCD1,train
ID_6FE4B46822,train
ID_6FE5907D56,train
ID_6FE5BF424C,train
ID_6FE8278649,train
ID_6FE990514C,train
ID_6FEDC4BFBB,train
ID_6FEEBC2D67,final
ID_6FEF4FC932,train
ID_6FF146F4DC,final
ID_6FF20BA6F4,train
ID_6FF3EE951E,train
ID_6FF5526AEE,train
ID_6FF8B3B993,train
ID_6FFACA1D94,train
ID_6FFB29D0A8,validation
ID_6FFB37EF43,final
ID_6FFB7F815E,train
ID_6FFC05534B,validation
ID_6FFEB0C1B5,train
ID_70001FD3F2,validation
ID_7003DB36E3,train
ID_70058456D2,train
ID_7005A83A33,train
ID_700D482ABC,train
ID_700F712B1A,train
ID_7010110BAB,validation
ID_7010435592,validation
ID_70108E1BAC,train
ID_701187D3BB,validation
ID_70118C6484,final
ID_70127AF744,train
ID_7012952037,validation
ID_7012D98778,final
ID_7013401C54,train
ID_70137066C4,final
ID_70189B8F41,final
ID_7019521482,final
ID_70196042E4,train
ID_7019F1699D,validation
ID_701C01E9F2,final
ID_701E184FA9,final
ID_702116220B,train
ID_70211FBE5A,train
ID_7021B198A2,train
ID_7022CF9429,train
ID_7022ED6840,train
ID_7025B0659C,final
ID_702707C560,train
ID_70280BEE5D,train
ID_702A664C85,train
ID_702D31CE1E,final
ID_702EAFE2E9,train
ID_7036E878B4,final
ID_7036EEB3A7,train
ID_704312A55D,train
ID_70434CC4BF,train
ID_704402AF0C,final
ID_7045EA9110,validation
ID_70475EA1C4,final
ID_7047731DF6,train
ID_704829CAF8,train
ID_704A13DA22,train
ID_704A9272A9,final
ID_704AE32257,final
ID_704C028732,final
ID_704D0BE26B,train
ID_70519D5C7D,train
ID_70548C97E4,final
ID_7054B4012D,train
ID_70554A1208,train
ID_7058BCFE89,validation
ID_705B5800B5,train
ID_705E76633F,train
ID_70665E3262,final
ID_7066A61296,final
ID_7067CC98E0,final
ID_706897F9D6,validation
ID_7068CBE8C6,final
ID_706A4D9F9D,train
ID_706CBC57B3,train
ID_706DC21DCD,train
ID_706E6192CB,train
ID_7078CA6DEE,train
ID_707910E760,validation
ID_7079439CE5,train
ID_707B069943,train
ID_707B27AC15,validation
ID_707BDD972D,train
ID_707CA98A1D,validation
ID_707D6DD23F,validation
ID_707DF3723B,final
ID_707E4140A3,train
ID_707F8E1B96,train
ID_70806CE625,train
ID_7080D33B45,validation
ID_7082832BBF,validation
ID_7083EEEC8F,train
ID_7086067660,final
ID_7087DB00A4,train
ID_7088863BA3,train
ID_7088A33E7B,train
ID_708F0427B5,final
ID_708F2C7326,validation
ID_7096B7DFC0,train
ID_709B2C76A7,train
ID_709B591785,train
ID_709C9A154D,final
ID_70A0227EB4,final
ID_70A37BDA3A,final
ID_70A638E18E,train
ID_70A95E2346,train
ID_70A99F1380,train
ID_70AAFD3763,final
ID_70AF797EE5,train
ID_70AF7EA348,train
ID_70AFB9B66C,final
ID_70B1109398,train
ID_70B209F774,train
ID_70B40C7339,train
ID_70B43C974D,train
ID_70B48807DA,validation
ID_70B49C9013,train
ID_70B4A28F06,train
ID_70B551FFB0,validation
ID_70B6DFE6C8,final
ID_70BB2772D2,train
ID_70BCE96FEE,train
ID_70BCF3FBAD,train
ID_70C018E6F3,train
ID_70C73E7FAE,train
ID_70C8F2A41D,final
ID_70C94E069E,final
ID_70C98F8C70,final
ID_70CA0A328D,train
ID_70CAAD095B,train
ID_70CD972407,validation
ID_70CFAFF0A8,train
ID_70CFF22CFD,validation
ID_70D063BDE2,train
ID_70D12FE0FF,final
ID_70D65103DF,train
ID_70D67A552C,validation
ID_70D68108B1,train
ID_70D813DDB6,train
ID_70D96C1D4E,validation
ID_70DB039775,validation
ID_70DEE3595E,train
ID_70E17EA345,final
ID_70E1A8D1E6,train
ID_70E2AC72F9,validation
ID_70E394DF65,train
ID_70E6DE9E35,validation
ID_70E864075F,train
ID_70EA38F5B7,train
ID_70EA58BB21,train
ID_70EB34EB39,final
ID_70EEED95CF,train
ID_70EF865867,validation
ID_70F61AE2D7,final
ID_70F6DF4E91,final
ID_70F9B2236D,train
ID_70FE8C2768,train
ID_70FF784A12,final
ID_710503D14E,train
ID_7105486F45,train
ID_710AA3484D,validation
ID_7110CF6256,validation
ID_7110FF03AC,train
ID_71123587B5,final
ID_71125CAAD4,train
ID_71135BDE0F,validation
ID_7113E22E62,train
ID_711859A262,train
ID_71193CF0A3,final
ID_711947EA8F,final
ID_711A4486AE,validation
ID_711BE62441,train
ID_711ED0457E,train
ID_7120B87329,train
ID_7122FE8A41,train
ID_7123EDBE19,final
ID_7129F690B0,final
ID_712C267A5A,validation
ID_712D22CC06,validation
ID_712E9B3E24,train
ID_712EFEECCB,train
ID_71302E8C7A,final
ID_713393A0EA,final
ID_71362B00D0,validation
ID_7136CA9C71,train
ID_7137308ABF,final
ID_713853144D,train
ID_713BBCEF69,final
ID_713C7EB108,train
ID_713F9B64F2,train
ID_7140232839,train
ID_7142B8B81B,train
ID_714732E445,train
ID_71478772B0,validation
ID_7147A3B87E,train
ID_71498D8EC8,validation
ID_7149A4572E,final
ID_714B3C972D,final
ID_714B505352,final
ID_714BD12826,train
ID_714EDBA1CF,train
ID_7154325A49,final
ID_7154358968,final
ID_7156208700,final
ID_7157681A98,train
ID_7158229EBD,validation
ID_7158D97B36,train
ID_715A77DF5E,train
ID_715B6F3DFC,train
ID_715C52D3F7,train
ID_715DE25CE2,final
ID_715DE66DA4,final
ID_7161E26815,train
ID_716269E9CC,train
ID_7162E148A1,train
ID_71630B82F1,validation
ID_71650CB86B,final
ID_7165852C8B,train
ID_71659553C5,train
ID_7168768369,train
ID_716AC6C959,validation
ID_716B761EA7,train
ID_716DBBF8B3,train
ID_71709F5813,final
ID_717266FF56,final
ID_7176698DEF,train
ID_7176D819BE,train
ID_7177B586E4,train
ID_7178B8AC83,train
ID_7179E52FB6,train
ID_7179F086F6,train
ID_717A5D5FC2,train
ID_717BA6775B,final
ID_71824ACB55,train
ID_718439750D,validation
ID_7185740C34,train
ID_7186DBD03A,train
ID_718756FA0D,train
ID_7187A9C820,final
ID_7190EDD01A,train
ID_7191ECA5E5,train
ID_7194779088,validation
ID_7194A3B42D,train
ID_719BB9A02A,train
ID_719EC082AA,final
ID_719F7011F2,final
ID_71A157EB40,train
ID_71A3A9BA57,final
ID_71A6B40C9B,train
ID_71A76E91D0,train
ID_71AB376D58,train
ID_71ACF2EC5D,train
ID_71AD6D99A1,train
ID_71AD806E80,train
ID_71AD8C1839,train
ID_71B0C7830E,validation
ID_71B4CCF22F,train
ID_71B5B8FA01,final
ID_71B6419D07,validation
ID_71B6C6F181,validation
ID_71B85C975C,validation
ID_71B9A08A8D,train
ID_71BA379529,train
ID_71BB1799A4,train
ID_71BBA82D89,train
ID_71BC536E5F,train
ID_71BFDE0EA2,train
ID_71C170D4FA,final
ID_71C3B15F3F,train
ID_71C3E33326,validation
ID_71C6CD040B,validation
ID_71C85619D0,validation
ID_71CB883764,train
ID_71CC5AF288,validation
ID_71CE3766A4,train
ID_71CEA9FCCC,final
ID_71D2C68C11,train
ID_71D44366D6,train
ID_71D44AE516,train
ID_71D6CA7F4D,train
ID_71D86C8B38,train
ID_71D885426A,train
ID_71D92CB2A0,train
ID_71D9FAFFFD,train
ID_71DBAC8326,train
ID_71DC109943,train
ID_71DC5D5B9F,train
ID_71DC76892B,train
ID_71DDA4D974,validation
ID_71E257D428,train
ID_71EA7A7CEB,final
ID_71EC836A16,validation
ID_71EC8E415C,train
ID_71ECA335F8,validation
ID_71ECFEA1A7,train
ID_71EDCAAB6D,train
ID_71EE703FA1,train
ID_71EF09AF7E,train
ID_71EFEA811F,train
ID_71F0416987,train
ID_71F203D0F0,train
ID_71FB6588FA,validation
ID_71FE75298D,train
ID_71FFFE6F37,validation
ID_7201498829,train
ID_7201E8985C,train
ID_7205BD6A11,train
ID_7209442797,train
ID_7209C59408,train
ID_720E4518C7,train
ID_720E55BD5D,train
ID_720EEE57F7,validation
ID_720F6C04FC,validation
ID_721049C44F,final
ID_7215ECE1F0,validation
ID_7218BAE5C2,train
ID_721B5B9517,train
ID_721C174721,validation
ID_721E588C81,train
ID_721F5F14BC,train
ID_722044E2FB,final
ID_722089DDFD,train
ID_7223303538,train
ID_7225A8E436,validation
ID_7225E1F037,train
ID_722792356D,train
ID_7227EC35BA,train
ID_722B44E7B9,train
ID_722EC10078,final
ID_722F9884E0,train
ID_72315703CE,validation
ID_7234595524,train
ID_72351208EE,final
ID_7235AD08EB,final
ID_7236AC3FA6,final
ID_72383C6D57,validation
ID_723985E4E2,final
ID_723A7ECA81,final
ID_723AB3B116,train
ID_723AC5E202,validation
ID_723D0C39C5,validation
ID_723EF2F5F2,validation
ID_723FB69F77,validation
ID_723FC788D5,final
ID_7241DDC33B,train
ID_72428417D9,validation
ID_7242D3296D,train
ID_72448922F0,train
ID_72455BD2AB,train
ID_72461D0E3A,validation
ID_7249C22D79,train
ID_724C456589,train
ID_72520DD9A2,train
ID_725659AA55,train
ID_7259E98ACC,train
ID_725E45A8AC,train
ID_72615E288A,train
ID_7261E024DF,final
ID_726255D28C,validation
ID_726374C96E,train
ID_726587BC32,train
ID_726654ED61,train
ID_7269C83D03,train
ID_726A5525D2,train
ID_726B4AB710,validation
ID_726C04DAA9,final
ID_72715D4F6F,train
ID_7275F6EEF7,final
ID_7275F70073,train
ID_72763CD1C9,train
ID_7279FA6DC4,validation
ID_727ABB7021,train
ID_727B62B4D6,train
ID_727ED88C79,validation
ID_727F5C7214,final
ID_727F603E10,train
ID_727F7D476D,train
ID_727F9FE469,final
ID_7282BA61B7,train
ID_72835AAE50,train
ID_728706C459,train
ID_728766AC20,train
ID_7289C92AB9,train
ID_728D41544B,train
ID_728D52C6EB,train
ID_729076776F,train
ID_7291AFF57D,train
ID_72932B252B,train
ID_72960E2F35,train
ID_7296C13270,train
ID_7299281780,validation
ID_72995BDEA1,validation
ID_72998ADE0B,train
ID_72999F1E8E,final
ID_7299EBE57F,final
ID_729B131635,final
ID_729B814167,final
ID_729C4B0F25,train
ID_729E540F3C,validation
ID_72A0C0E2CD,train
ID_72A123EBBD,validation
ID_72A1DB0942,train
ID_72A33DA8ED,final
ID_72A61166EF,train
ID_72ACF2CA91,validation
ID_72AD798365,validation
ID_72AE1F576A,validation
ID_72AFF37B31,train
ID_72B2B9935C,final
ID_72B4F1131C,train
ID_72B97A8E0E,final
ID_72BD0C5B41,final
ID_72BDBBF8A5,final
ID_72BF9843E9,train
ID_72C061FC70,train
ID_72C1FF1431,train
ID_72C5325466,final
ID_72C6BF5241,validation
ID_72C9DEC77A,train
ID_72CAAFF028,train
ID_72CB669A2F,train
ID_72CEECE289,final
ID_72CF7DD634,train
ID_72CF9BE849,validation
ID_72D1BBE85D,train
ID_72D38CB132,train
ID_72D4F72344,train
ID_72D601A070,train
ID_72D643FC5D,validation
ID_72D887B446,final
ID_72DAD8D785,validation
ID_72DB05C052,train
ID_72DF335656,train
ID_72DF844B23,validation
ID_72E258F8B7,validation
ID_72E3956CC5,train
ID_72E5F03B97,final
ID_72E6537D14,final
ID_72E71E594A,train
ID_72E9632C9B,train
ID_72EB455FD2,train
ID_72EBB2CC6C,train
ID_72EE530EFE,final
ID_72EFDCFBA9,final
ID_72F02FEE54,train
ID_72F104F4E6,validation
ID_72F1393005,train
ID_72F2D90604,train
ID_72F6ACE5D9,train
ID_72F9AE673B,train
ID_72FB249DB2,train
ID_72FB3166EA,train
ID_72FC35E870,train
ID_72FEF065EE,train
ID_72FF9FAF59,train
ID_72FFBB3637,validation
ID_73016E791D,final
ID_730191451F,final
ID_73026F2B84,train
ID_730448B92D,validation
ID_7307E4EA16,train
ID_730E829F3E,final
ID_7312A31960,train
ID_73176E19C2,validation
ID_73179F83C5,train
ID_731831456E,train
ID_7318C716B8,final
ID_731A65565D,train
ID_731B0EBD45,train
ID_731E2C32B7,validation
ID_731E6850BF,validation
ID_731F6F78A7,final
ID_73222B5AC1,train
ID_7324A68198,final
ID_7325FF3115,train
ID_73264B7F2E,train
ID_7326C76A35,validation
ID_73278C212A,train
ID_732A0F3FE4,final
ID_732ADA6043,final
ID_732BEEE3D4,final
ID_732D59E504,train
ID_732DB22D1A,train
ID_733066EF6E,train
ID_73318AEB09,train
ID_7333597FFE,train
ID_73351B55EA,validation
ID_7336EC0CA4,train
ID_733812434D,train
ID_733822BB09,train
ID_733AB978F5,train
ID_733BACD36F,train
ID_733C0C1CE7,train
ID_733CA46F2F,validation
ID_733F2D7002,final
ID_734191AB0D,validation
ID_7345C30714,train
ID_7346C23F75,final
ID_7347058294,final
ID_7348DE2EBA,train
ID_734BB9550B,train
ID_734C61C402,validation
ID_734D0AB3F1,train
ID_734D5305BC,train
ID_734D6826E8,train
ID_73512E53C1,final
ID_7351DA62B3,final
ID_7351ED8840,validation
ID_7353AFC863,train
ID_73546CF010,validation
ID_7357F9A166,train
ID_7358BC5F6E,validation
ID_7358ECBE32,train
ID_7359307395,train
ID_7359C437A0,validation
ID_735B3A1934,train
ID_735C5D1720,validation
ID_735CBDBDED,final
ID_735D0A58B9,train
ID_735E656D6B,train
ID_735ECC4258,train
ID_735F62AA44,final
ID_73606919C5,train
ID_7362233058,train
ID_73624AFE10,train
ID_736341CF51,train
ID_73647884A4,train
ID_7364A83BB2,validation
ID_7367552C45,train
ID_7367879D68,train
ID_7368590044,validation
ID_73697E9ACE,train
ID_736CD9C15A,train
ID_736E1CC939,train
ID_73718575D7,validation
ID_73719BAA3B,train
ID_7372136FCB,train
ID_73753E94C7,final
ID_737B570BF7,train
ID_737D69E789,train
ID_738032854B,final
ID_7385AAD34C,train
ID_738B1A0460,final
ID_738B4EBD1D,validation
ID_738BB8A8BB,final
ID_738CFBE993,train
ID_7390972369,train
ID_73913D19DA,validation
ID_7393B83122,train
ID_73975B9BA5,train
ID_739781D8E2,train
ID_7397ED4C0A,final
ID_739943D92B,final
ID_739A4AA387,train
ID_739E155C56,train
ID_73A1FBD451,train
ID_73A379B26B,validation
ID_73A3EBC157,train
ID_73A45816B6,train
ID_73A48A6FC0,train
ID_73A610ADB2,validation
ID_73A6E9B8CD,final
ID_73A7114D87,validation
ID_73AC12DF4F,train
ID_73AEA9E3B6,train
ID_73AED6A1F4,final
ID_73B277AF8B,train
ID_73B40DFD66,train
ID_73B46BC1E6,train
ID_73B4A28B98,train
ID_73B4D3ADF2,train
ID_73B5033E5E,train
ID_73B51FF749,validation
ID_73B530D7BB,validation
ID_73BDFF2A5E,train
ID_73BE716015,train
ID_73BF543310,train
ID_73C0D188E9,train
ID_73C213371C,train
ID_73C37A39D6,train
ID_73C8944B86,train
ID_73C93E5182,train
ID_73CACA86DD,final
ID_73CB615112,train
ID_73CC1ED081,train
ID_73CC6F6600,final
ID_73D48AE249,train
ID_73D9DF8F87,train
ID_73DA0BBC9A,train
ID_73DAABA9EF,final
ID_73DB1F58B3,final
ID_73DE1DC380,validation
ID_73DF93E084,final
ID_73E0605F55,final
ID_73E5BBFD1C,train
ID_73E8B63CB1,train
ID_73EDD27FD2,final
ID_73EE361AD0,train
ID_73EE7735ED,train
ID_73EEB0FCEC,train
ID_73F00CBFD6,train
ID_73F6EB4380,final
ID_73F77B8808,train
ID_73F82D6653,train
ID_73F8EF5E5E,train
ID_73F960FAB2,train
ID_73FB25196A,final
ID_73FBB523E4,train
ID_73FC31F22A,train
ID_73FD512F5B,final
ID_740025608D,train
ID_7400F16790,validation
ID_740141B95E,train
ID_7404E4F033,final
ID_740841CF74,final
ID_7408A4B91B,train
ID_740963795E,final
ID_740BC39691,train
ID_740D5057A9,train
ID_740ECB1B96,train
ID_740F18503F,validation
ID_740FDC386C,train
ID_741272EB9D,validation
ID_7414239D7D,validation
ID_741468C077,train
ID_7414AB1D8B,train
ID_74153A6D3B,train
ID_7415554B23,train
ID_74158EED7A,train
ID_7415A94AB7,train
ID_74189140C1,train
ID_7419AA3BE4,train
ID_741CE9B59E,train
ID_741D259B59,validation
ID_741D7036F2,train
ID_74202C76FC,validation
ID_74229DA4D8,train
ID_742374AEAD,final
ID_742607EAB1,validation
ID_7426ED1AEF,final
ID_742901B02A,train
ID_742BE64C87,train
ID_742F0A196F,train
ID_742F36AEF6,train
ID_74317BC822,train
ID_743208EECA,final
ID_74320B0B9B,train
ID_743250A664,final
ID_7432C9F448,train
ID_7433003E65,validation
ID_743436C1E9,train
ID_743800AF71,train
ID_74382770B7,train
ID_74397F99F3,validation
ID_7439E224A1,train
ID_743C08116D,train
ID_743C08E32D,train
ID_743E009FD5,validation
ID_744218F243,train
ID_74467D3F3B,train
ID_7447E021B2,train
ID_74498CD551,train
ID_744AA45433,final
ID_744B81206B,train
ID_744C17714F,train
ID_745065CD84,train
ID_7451EE619B,train
ID_74524F9723,train
ID_74536518A7,train
ID_7456C1F1FA,final
ID_74582E96B4,train
ID_745B5B29E2,train
ID_745D8FEDA7,validation
ID_745DDB9BC9,validation
ID_7460E546F0,train
ID_74612FC3CD,train
ID_7462767C31,train
ID_74629FF96F,validation
ID_7464BE7381,validation
ID_74653FA825,train
ID_746929B852,train
ID_7469FC54FB,train
ID_746A7F100B,train
ID_746AC7CB29,validation
ID_746B2EC3EA,train
ID_746BA04308,validation
ID_746EF96A4C,final
ID_746FD42003,validation
ID_7471167930,validation
ID_7471C11DC1,train
ID_747412063A,train
ID_7474716F58,train
ID_747473B268,final
ID_7475747A11,train
ID_74793B53D9,final
ID_747AE80CDB,train
ID_747AF9D73C,final
ID_747B6B82FC,train
ID_747BC96242,final
ID_748072F37F,final
ID_74855CC521,validation
ID_7485CBED43,train
ID_74865053E0,validation
ID_74885D1C3E,train
ID_748948D762,train
ID_748A04CD2D,train
ID_748A9CC689,train
ID_748AE7CB91,train
ID_748B3F25BD,train
ID_7490D6B127,final
ID_7491225C19,validation
ID_7493090E7F,train
ID_7493D9BAEB,final
ID_74949FA141,train
ID_7496257994,final
ID_74971D7C17,train
ID_7498D7C946,final
ID_749BB16FD3,validation
ID_749E5C3F50,final
ID_749FA61EFF,final
ID_74A3BDB22E,final
ID_74A528F7A4,train
ID_74A545A2C3,validation
ID_74A6636F04,train
ID_74A6DAB180,train
ID_74A7EC75FD,train
ID_74A83EE9CE,train
ID_74AAAA398C,train
ID_74AAD24B65,final
ID_74AC50A809,train
ID_74AD695964,final
ID_74ADEBA2E6,train
ID_74AF0974D4,train
ID_74B04DF72D,train
ID_74B04E30F0,train
ID_74B4E60864,train
ID_74B52B6924,train
ID_74B6B01FBE,validation
ID_74B764EC51,train
ID_74B7F87B75,train
ID_74B87FF4ED,final
ID_74BACF2D93,train
ID_74BC0609E7,train
ID_74BC083D3C,train
ID_74BC7B9C1B,train
ID_74BE52805A,train
ID_74BE6DEA49,train
ID_74C3BF9056,train
ID_74C7301923,train
ID_74C948C0F6,final
ID_74CA29831D,final
ID_74CB749CC0,final
ID_74CD02FC29,train
ID_74CD219D2F,train
ID_74CD43DDB8,train
ID_74CE7FFC96,train
ID_74D296D4FC,train
ID_74D5EA7F97,train
ID_74D61EBDA7,train
ID_74D82C42ED,train
ID_74D89EB8E7,validation
ID_74DB356C50,train
ID_74DE811686,train
ID_74E0B9850E,train
ID_74E0C6FFAC,train
ID_74E1DF9699,final
ID_74E42DAFC2,validation
ID_74E4C77CE0,validation
ID_74E7558BE7,validation
ID_74EC7B8283,train
ID_74EC944A50,validation
ID_74ED023245,train
ID_74EE2CEA53,train
ID_74EE893DF5,final
ID_74EFA1E838,validation
ID_74F1A8D702,train
ID_74F2B9FF28,train
ID_74F2D36BB1,train
ID_74F95C6691,train
ID_74FA32AFE8,train
ID_74FD1CF7DB,train
ID_7500EB4B55,train
ID_7504A6FE1E,validation
ID_7504D1460E,final
ID_750936CB51,train
ID_750DA143F1,train
ID_750F219A80,final
ID_751055A1AF,validation
ID_7512895FCB,train
ID_75141F3ECF,train
ID_75158901B9,train
ID_7517FC5CBB,final
ID_7518FAECE8,validation
ID_751E26D83E,train
ID_751E82BFDC,validation
ID_7520E9C03C,final
ID_7528A328BF,train
ID_7528AE62A0,train
ID_752B7378B6,final
ID_752BF78C53,train
ID_752D1481C3,train
ID_752E1A31AE,train
ID_752EC79544,validation
ID_75302B2B82,final
ID_753060E27A,train
ID_75341BEDBD,train
ID_753499EC8A,validation
ID_7535383604,train
ID_7537C559F9,train
ID_753914CA28,validation
ID_753E586347,train
ID_7540E3A691,train
ID_75438AC37D,train
ID_7544151310,train
ID_7545417646,validation
ID_75466770AA,train
ID_7546790B27,train
ID_7546DED653,final
ID_7548129B2F,final
ID_7548728A6F,train
ID_75498EC581,train
ID_754C7E703B,final
ID_754D799E55,train
ID_754EF77850,train
ID_755025B6FC,final
ID_75556280D3,validation
ID_75575AE340,final
ID_755BA468C0,train
ID_755E209F7D,final
ID_75601CE94C,train
ID_75601DE622,train
ID_756324AA01,train
ID_75678171D9,train
ID_756C38C86B,train
ID_756E8314C0,train
ID_75730C0EDF,train
ID_757585B703,train
ID_75785AC97E,final
ID_7579289458,final
ID_757A5582E8,train
ID_757C8AFDEA,train
ID_757E581ADB,validation
ID_757F45FB3E,final
ID_75818EAAA7,train
ID_7581E73103,validation
ID_7583DD52A2,train
ID_758808086E,validation
ID_75889EC8BC,train
ID_758F490691,train
ID_758F800A8B,train
ID_75906AF493,final
ID_759249FA9E,final
ID_75930E455E,train
ID_759391C41D,train
ID_7599ACFFAE,final
ID_7599DAF7ED,final
ID_759A582583,validation
ID_759BD7386E,final
ID_759C8D0331,final
ID_759EBCF4DF,validation
ID_759F90EA62,train
ID_75A18D8B72,train
ID_75A56422A9,train
ID_75A60F8CD8,final
ID_75A7350E68,validation
ID_75A7F87508,train
ID_75A988E523,train
ID_75AC6CA8F3,final
ID_75ADC128F1,train
ID_75ADC4B109,train
ID_75B18DCC9B,train
ID_75B78ED618,train
ID_75B9C8D739,validation
ID_75BF3C7ADB,train
ID_75BF89EA46,train
ID_75C097277B,final
ID_75C2FD60AB,validation
ID_75C58140C7,train
ID_75C5D27986,train
ID_75C6BF978B,final
ID_75C726D505,final
ID_75C75B1C26,train
ID_75C8FF89B0,train
ID_75C905A357,train
ID_75C9C13F03,train
ID_75CA51C112,final
ID_75CA931DED,train
ID_75CD1C7D31,train
ID_75CFAA743F,train
ID_75D5724D67,train
ID_75D8EE6088,final
ID_75DACECF36,validation
ID_75DE29E9D4,validation
ID_75DE472C16,validation
ID_75DF7A8F11,train
ID_75E075F073,final
ID_75E23D3FBE,train
ID_75E503BD78,train
ID_75ECD2988A,train
ID_75ED247245,final
ID_75ED5D4ABD,train
ID_75EDA66599,final
ID_75EF1AAB58,train
ID_75F37E1F16,train
ID_75F48565F6,final
ID_75F4FCC239,train
ID_75F5A8474A,train
ID_75F691A66E,validation
ID_75F7BB8C37,train
ID_75FA21F222,train
ID_75FC6672CE,train
ID_75FE12CE88,validation
ID_75FE4E7AA5,final
ID_75FF319FB7,train
ID_75FF3E0ED3,train
ID_75FFB78864,train
ID_7600B9AF5A,validation
ID_760284074B,final
ID_7605469432,final
ID_760698AA31,train
ID_7608E8FDC7,train
ID_760902D6F2,final
ID_7609CEAA90,final
ID_760D4A985F,validation
ID_760D9861A5,train
ID_760E1F0676,train
ID_760EBF7E12,train
ID_760F9E42E4,train
ID_7613F35F43,validation
ID_761495B83B,train
ID_7615045AA1,final
ID_76163F3A29,train
ID_7616C10638,train
ID_7618CE8D3F,train
ID_7618D51F0D,train
ID_7619BE1154,train
ID_761A19A664,validation
ID_761A9532EE,final
ID_761F006825,train
ID_761F15F19B,train
ID_761FAD2B2F,train
ID_7620283ADC,train
ID_762201F320,train
ID_762417338F,train
ID_76257ECFFC,validation
ID_7627062BB0,validation
ID_76283F1963,train
ID_7628ECB29F,validation
ID_7629A43215,train
ID_762B1CDBAF,train
ID_762B38C7E9,validation
ID_762C8DA0CE,train
ID_7631F7C735,train
ID_76336BED8D,final
ID_76341C742C,train
ID_76351658CF,train
ID_7635C76F40,train
ID_7637032BE2,validation
ID_76393EE80D,final
ID_763AB8C111,train
ID_763AC194CC,train
ID_763AF61D1F,final
ID_763C909EEB,train
ID_763DFC3B0F,train
ID_763F540491,final
ID_763FD59A57,validation
ID_7642B3E045,train
ID_76433A33CA,validation
ID_7645232FB4,train
ID_764531AAF9,validation
ID_7646CF1FF7,train
ID_764717892B,final
ID_76496659C3,train
ID_764A722E52,train
ID_764B53B073,train
ID_764B63F7E3,train
ID_764D9BC19E,train
ID_7651AFA46D,train
ID_7651E345FD,validation
ID_76529F2AD8,train
ID_7652E4E110,train
ID_76537C8F60,train
ID_765701BE53,validation
ID_76571F4CC7,train
ID_765769BCC9,validation
ID_7659066E8D,final
ID_765B084955,validation
ID_766456B767,train
ID_76647682DA,train
ID_7667C427BB,final
ID_766867DA53,train
ID_7668AA04AB,validation
ID_766A78F531,final
ID_766C09DB68,train
ID_766E4BA99A,validation
ID_766E61C199,final
ID_766F814411,validation
ID_766FC4FA54,train
ID_7672763AD1,final
ID_76774B8C60,train
ID_7677D7BA87,train
ID_7678209A60,final
ID_76794FD699,validation
ID_767B4166D9,final
ID_767BEC06DC,train
ID_767DB557B7,train
ID_767EF09AD2,validation
ID_767F4DDA80,train
ID_76802322CD,train
ID_76834BEF5C,train
ID_76879C67EF,train
ID_768B3DC86E,train
ID_768CE7DCF6,train
ID_768D72091F,train
ID_768E57E531,train
ID_769305AD46,final
ID_769650E0AE,validation
ID_76978EF704,train
ID_769C188732,validation
ID_769C23DDB6,train
ID_769CF69B15,validation
ID_769E109739,train
ID_76A282FD7D,final
ID_76A2A2091B,train
ID_76A35F196C,final
ID_76A369CC73,train
ID_76A67C2BB1,validation
ID_76A6987FC2,train
ID_76A8E72BC5,final
ID_76AB962120,train
ID_76AD531C58,train
ID_76AEC7CF25,train
ID_76AFD10355,train
ID_76B0682201,train
ID_76B0AA32F7,validation
ID_76B29733D3,train
ID_76B4D3D4A8,validation
ID_76B5406392,train
ID_76B604259D,final
ID_76B772812A,train
ID_76B9334810,validation
ID_76BB8BB0DC,train
ID_76BC3F7F95,final
ID_76BC5878E3,train
ID_76C388CFC5,final
ID_76C4E5552F,train
ID_76C50CF871,train
ID_76C772D105,validation
ID_76C7F5B9D0,train
ID_76C941C908,validation
ID_76CC3B081D,validation
ID_76D54B3F19,train
ID_76D68450CB,train
ID_76DD2B1377,validation
ID_76DD43462A,train
ID_76DEE65A65,final
ID_76E17EE638,train
ID_76E3BAF62E,validation
ID_76E60C1CD0,validation
ID_76E62CC823,final
ID_76E75A1CC1,train
ID_76E7A448C8,final
ID_76EA380105,train
ID_76EA400852,final
ID_76EC4B3F09,train
ID_76EDB172BC,validation
ID_76EE6118EA,final
ID_76EFF879D5,validation
ID_76F1DA492E,final
ID_76F65A0F01,validation
ID_76F6C1B2B0,train
ID_76F74E9F49,validation
ID_76FA0FFE6B,train
ID_76FBB2573A,train
ID_76FD699612,train
ID_76FE505468,train
ID_76FE5B5241,validation
ID_770112BE1A,train
ID_7703337365,validation
ID_7705F16C8C,final
ID_7707E10B70,validation
ID_7707EB00F1,train
ID_77086A1C2B,train
ID_7708D3E3DD,train
ID_770A34FE5F,final
ID_770B02EADF,train
ID_770BDF12AD,train
ID_770EB4DDFD,train
ID_770FE384C3,train
ID_7712D56646,train
ID_7718CD6CC5,train
ID_771B174FD6,train
ID_771B195D27,train
ID_771EC44C1D,train
ID_771EFD6F65,final
ID_7720AB9F51,train
ID_7721235AD6,final
ID_77245B8D34,train
ID_7725757C7D,train
ID_772659949D,final
ID_77268473CA,validation
ID_7727B6D68B,train
ID_7727F628ED,validation
ID_7728CCC6A9,final
ID_772958D1A3,train
ID_7729D5B777,train
ID_772B4F5CF4,train
ID_772D2EADEE,final
ID_772E22BCC0,train
ID_772FDCF603,train
ID_7734F3EDF4,validation
ID_77356597D7,train
ID_773765EDAC,validation
ID_7738F571AA,train
ID_7739FE159A,validation
ID_773C4721FA,train
ID_773C528C3D,train
ID_773EF9D919,train
ID_773F9668F9,train
ID_7740677FD6,validation
ID_77426A25A1,final
ID_7743FF1780,train
ID_7745C790CF,train
ID_7746C2FA1A,train
ID_774956A8F2,train
ID_774A0058C9,train
ID_774A08B5EC,train
ID_774AEB7488,validation
ID_7753AB4E3E,train
ID_7759E70317,train
ID_775B3A7C86,train
ID_7761E86F00,final
ID_7763841640,train
ID_776469569F,final
ID_7769D270E1,validation
ID_776BAB8501,train
ID_776E227F47,train
ID_776EE5E436,validation
ID_77711C4580,final
ID_7771FC82F9,train
ID_77737A52B0,validation
ID_7778D14DC5,train
ID_7779DDCF5A,train
ID_777B5CAA3B,final
ID_777B672D62,train
ID_777C332DEA,validation
ID_777ECFFC14,final
ID_777FA5E176,train
ID_777FBBC926,train
ID_778229EDEE,train
ID_778622C6B2,validation
ID_77870CAB07,train
ID_77872806F1,train
ID_7789885D85,validation
ID_7789E7AE77,final
ID_778C013E5C,train
ID_778FCA2246,final
ID_7793289D4B,final
ID_779C97F34A,train
ID_779F31EEEC,final
ID_779F53C9F9,train
ID_779F991319,train
ID_77A0B43F14,final
ID_77A0EE6142,train
ID_77A29DE1A4,validation
ID_77A2F6CFA2,train
ID_77A5D26987,train
ID_77A7738FE2,train
ID_77A854CCFD,train
ID_77AB038091,train
ID_77ACBCB5E9,train
ID_77ACC81B05,train
ID_77AD21BBAB,train
ID_77AD46D874,train
ID_77ADD8CBC5,validation
ID_77AE11EC22,train
ID_77AFE927D5,train
ID_77B06AE665,validation
ID_77B10D7F46,final
ID_77B6F83B69,train
ID_77B7495652,validation
ID_77B81D4A40,train
ID_77BAF389B2,train
ID_77BCC773A3,final
ID_77BCEE451E,train
ID_77BDCFD8E6,train
ID_77BE608E62,train
ID_77C22E924E,train
ID_77C3A72078,train
ID_77C3B3DDB2,final
ID_77C46FDCA9,final
ID_77C5141F8D,final
ID_77C520C06D,final
ID_77C574022D,final
ID_77C58F8E18,train
ID_77C7051BE4,train
ID_77C8246757,train
ID_77CA48B62E,train
ID_77CAC08F69,train
ID_77D0564520,train
ID_77D1C775A7,train
ID_77D211F929,train
ID_77D4F965FB,train
ID_77D62B9695,train
ID_77D700BD75,validation
ID_77D7D69481,train
ID_77DAF5EA7A,final
ID_77DB66D65B,validation
ID_77DBA37054,train
ID_77E0364A61,final
ID_77E2A6BA2B,train
ID_77E465B50F,final
ID_77E6A5D0CE,train
ID_77EAD4D2B3,validation
ID_77EE2B2622,train
ID_77EE473C0A,final
ID_77F0BF70A0,train
ID_77F15390FB,train
ID_77F6711021,train
ID_77F87BBB82,train
ID_77F9052CC0,final
ID_77F91FF70D,train
ID_77FC28B903,train
ID_77FC2FDEC5,train
ID_77FE32268B,validation
ID_780064E5A1,train
ID_7801CB28D9,validation
ID_78043F8383,final
ID_7805E56225,final
ID_78060DB609,train
ID_78062AB8F0,train
ID_780A1D1A50,train
ID_780A992EBC,train
ID_780D5C2A31,validation
ID_780EB2714F,train
ID_7812DA3411,final
ID_781391380D,train
ID_781554BCC7,final
ID_78155D8F28,train
ID_7815EDE525,train
ID_78166805E6,validation
ID_7816AB40FF,train
ID_7816C6306C,train
ID_7817470482,train
ID_78174E46B5,train
ID_7819836374,train
ID_781A87B122,final
ID_781B62EA3A,train
ID_781CCB30D0,train
ID_781F937A55,final
ID_781FAEB15A,validation
ID_7821DE6255,validation
ID_78232C5FC5,train
ID_78278ECAFE,train
ID_7827F87C23,train
ID_78285ADEA3,train
ID_7828CA601F,validation
ID_7828F099D4,train
ID_782A403863,final
ID_782EDF0264,train
ID_78362FC4D2,validation
ID_783650975D,train
ID_783754AF54,final
ID_7838434B1A,train
ID_783A3D7032,train
ID_783BA83F38,final
ID_783C06ABCC,validation
ID_783E78ECE6,train
ID_7842637067,validation
ID_78450BB044,validation
ID_78453EADE5,final
ID_78471E40E6,train
ID_7847551547,validation
ID_784778285F,final
ID_7847B5145C,final
ID_784A303AE4,final
ID_784A395893,final
ID_784A66D500,train
ID_784B16B506,train
ID_7851784AFB,train
ID_785268F877,train
ID_78540A08A9,train
ID_78544F4495,train
ID_7854B5CD01,train
ID_7854FA6E13,train
ID_78550466F6,train
ID_7857E86BFD,train
ID_78606BDEBE,train
ID_78615CF66F,train
ID_7862627556,train
ID_786427F2F4,final
ID_7866BF13D9,train
ID_7869BCFD17,final
ID_7869CA01C8,final
ID_786DED884B,validation
ID_787016E36E,validation
ID_78710CC173,train
ID_7872ED9B53,validation
ID_7875C31E51,final
ID_7876226A54,train
ID_78767DEE76,train
ID_787967CF96,train
ID_78799EB929,train
ID_787D8DA226,validation
ID_787D96BFD7,train
ID_787EB1EE5B,final
ID_787EC2C6C4,final
ID_787F0BF92D,train
ID_7880BFEDFA,final
ID_78821E3840,validation
ID_78822ADC31,final
ID_7882A91D44,train
ID_78832EBDF9,train
ID_78852F6649,validation
ID_7886019CCC,final
ID_78860DFCC9,validation
ID_78863EDCD2,train
ID_788ABE0946,validation
ID_788B63DDFE,validation
ID_788EEA359D,validation
ID_788F963395,train
ID_789174DDD5,train
ID_789559CDC7,train
ID_7897C61E8A,validation
ID_78983AD877,train
ID_7899305520,validation
ID_7899EDBACB,validation
ID_789A5112A2,train
ID_789B9C540C,train
ID_789CA97F60,train
ID_78A0069FAA,train
ID_78A08A8867,train
ID_78A29C570B,final
ID_78A2A0DD2C,train
ID_78A2BD8C4E,validation
ID_78A2DF0450,train
ID_78A3C24DE9,validation
ID_78A4952663,final
ID_78A583D114,validation
ID_78A5A7E27C,final
ID_78ABB56F5E,validation
ID_78ACB7BD77,validation
ID_78AE37A2E1,validation
ID_78AE62BC71,train
ID_78AF7811FD,validation
ID_78B04E6EE1,train
ID_78B12A6599,validation
ID_78B1730970,train
ID_78B1EA9394,train
ID_78B4AAE33E,train
ID_78B675E2FB,validation
ID_78B972365D,train
ID_78BB51C307,validation
ID_78BC46001B,train
ID_78BCEBF850,validation
ID_78C0D4FB90,train
ID_78C22E8FFA,train
ID_78C376992F,train
ID_78C5AD75C1,final
ID_78C83AD1C2,final
ID_78CB83A48A,train
ID_78CD5C212B,train
ID_78CED43DDE,train
ID_78D482F8EF,train
ID_78D4D4C31F,validation
ID_78D54634AD,train
ID_78D6E09FCE,final
ID_78D76B0A69,validation
ID_78D8F443DF,validation
ID_78DC6796B0,final
ID_78DD029253,train
ID_78DDEB0DB0,final
ID_78E05E9EB5,final
ID_78E0648BA5,final
ID_78E084D4E9,train
ID_78E48B5799,train
ID_78E4FA1A64,train
ID_78E9063F44,final
ID_78E92CEB41,train
ID_78EA7E844E,train
ID_78EBF61BCF,final
ID_78EE5C21B8,train
ID_78EFECFDD7,train
ID_78F0609FCD,train
ID_78F25D9AB8,train
ID_78F6F4BEAA,train
ID_78F82D836D,train
ID_78FA689B03,validation
ID_78FCE08426,train
ID_78FF4FB25E,validation
ID_790140EAFD,train
ID_7904FB5195,train
ID_7907B33BF0,train
ID_7908205C61,final
ID_790B665615,final
ID_7911E7FCB0,train
ID_791AFC9274,train
ID_791CF1A2A5,validation
ID_791F0DEEC8,validation
ID_792334D041,train
ID_7926043B1A,train
ID_792673676B,train
ID_792A7AA830,validation
ID_792B294E86,train
ID_792CA1F1A6,train
ID_79303DF836,final
ID_7930F26678,train
ID_7932ACFDAA,train
ID_7934ED5234,train
ID_7936B59C2A,train
ID_79372D54E4,final
ID_79394EAF75,final
ID_7939C41D2F,train
ID_793A01F8E1,train
ID_793BE463DC,final
ID_793EF38463,final
ID_793F19A646,train
ID_793F86B35D,validation
ID_79411A70B9,final
ID_794255F263,final
ID_7942AD563B,train
ID_7945F67A75,validation
ID_794623FB95,final
ID_7946BEAC77,train
ID_7947A23D73,validation
ID_794A76A8BF,train
ID_794AF64A97,validation
ID_794AF9F7E4,validation
ID_794B1202A4,train
ID_794B43CE66,train
ID_794BF6B8EB,validation
ID_794C85AB15,train
ID_794CEC2E8A,train
ID_794FC9C31F,train
ID_79531542B4,train
ID_795440E06E,final
ID_7955310CB8,train
ID_795812F301,train
ID_7958B661AA,validation
ID_795BB516D1,final
ID_795E2FAAF4,final
ID_795FE40C6D,train
ID_7968E7DC16,final
ID_79692B50EF,train
ID_796A9ADEDD,train
ID_796C27FB66,train
ID_796F444E8F,train
ID_7970E8E6AD,train
ID_79710F0979,train
ID_797422A84C,train
ID_79745EE2AF,validation
ID_797631CFBE,train
ID_7979D73157,train
ID_797AC9B691,final
ID_797BDFB19B,train
ID_797DF4592A,final
ID_7983D16ACE,train
ID_7987B7BD4E,train
ID_798A612508,train
ID_798BF09864,train
ID_798F845B6B,final
ID_798FACE8D2,train
ID_799026924E,final
ID_79915C9004,validation
ID_799176F9DE,train
ID_79918B3FA3,train
ID_7991AC466E,train
ID_79958DBE5F,train
ID_7999159EA3,validation
ID_799957BBB0,final
ID_799D6936CE,final
ID_79A27D4713,train
ID_79A53395BC,train
ID_79A7CB2EA5,train
ID_79A8CB9223,train
ID_79A91F6E98,final
ID_79AC8B144F,train
ID_79AE66185E,train
ID_79AF4ED8FB,validation
ID_79AF77DB1C,final
ID_79B233CECB,train
ID_79B2A6208E,train
ID_79B6184639,train
ID_79B62EB094,train
ID_79B8F780FF,train
ID_79BE237FA8,train
ID_79C0832414,train
ID_79C0ED2924,final
ID_79C5D8315B,train
ID_79C7D9AA70,final
ID_79C7F50255,train
ID_79CC35C0D1,train
ID_79D063835D,train
ID_79D10DEFBC,train
ID_79D3CC5D83,validation
ID_79D6EB4B23,validation
ID_79D88D921C,validation
ID_79D9EBE8ED,validation
ID_79DA470F6A,validation
ID_79DB5A021E,train
ID_79DBEB22D6,validation
ID_79DD6C7CE3,train
ID_79E549EBAA,train
ID_79E86EFBEF,validation
ID_79E871B4E8,validation
ID_79E9CC083A,validation
ID_79EA4A1E33,validation
ID_79ED7CBAE8,final
ID_79EEBAFC4B,train
ID_79F2501372,train
ID_79F29D7A68,validation
ID_79F2F081CA,train
ID_79F2F722D7,validation
ID_79F4708B61,train
ID_79F7AC63DC,final
ID_79F852ADB9,train
ID_79F87385A3,validation
ID_79F9041BF0,train
ID_79F92B8678,train
ID_79FA83D8F1,train
ID_79FB53C3E8,train
ID_79FC9BDF18,train
ID_79FD4F2A1D,validation
ID_7A00804F17,train
ID_7A01139E81,train
ID_7A035258A4,train
ID_7A03B645CC,validation
ID_7A048EA7BC,validation
ID_7A0502C621,validation
ID_7A07B47104,train
ID_7A0B2B4418,train
ID_7A0B607BB7,validation
ID_7A0BE9AC76,final
ID_7A0E0F3B9D,validation
ID_7A1117C4C8,train
ID_7A1155FFB5,validation
ID_7A11616BAF,train
ID_7A120C71C4,validation
ID_7A1327557F,train
ID_7A1675739F,train
ID_7A192877D7,train
ID_7A1BB1481F,train
ID_7A1E3F8579,train
ID_7A216375D7,final
ID_7A225CFCB9,train
ID_7A26CBDFCC,validation
ID_7A2968F28C,validation
ID_7A29C26182,final
ID_7A2B5839C4,validation
ID_7A2EB01D81,train
ID_7A3059A9B7,train
ID_7A31602BFE,train
ID_7A31BCB18A,train
ID_7A3322F1B8,train
ID_7A35500A8B,train
ID_7A358F03C9,validation
ID_7A3675E4DF,train
ID_7A36C34385,validation
ID_7A3837E33E,train
ID_7A385DCB7A,validation
ID_7A38D1864C,final
ID_7A3BDCB0E0,train
ID_7A3C4F00CA,train
ID_7A3F899400,final
ID_7A447688C5,train
ID_7A453B2AF3,final
ID_7A48AB533A,train
ID_7A48D5ACAC,train
ID_7A49903D2A,train
ID_7A49F34B9E,train
ID_7A4AD7EE5A,train
ID_7A4B63BE59,train
ID_7A4E7EF401,train
ID_7A5011E200,train
ID_7A51D6595F,train
ID_7A51DA45D2,train
ID_7A52496883,validation
ID_7A526E3FC2,validation
ID_7A533203F1,train
ID_7A547EBEE3,train
ID_7A572243D2,train
ID_7A579F1F11,train
ID_7A58E151B1,validation
ID_7A598F0E2C,final
ID_7A59CC19E1,final
ID_7A5C1C1277,train
ID_7A5D1E77B3,train
ID_7A5EEF57FA,validation
ID_7A5F442358,final
ID_7A5F49F3D7,train
ID_7A60C011CB,train
ID_7A643E47C5,final
ID_7A647616CF,train
ID_7A6623AADD,final
ID_7A66D24835,final
ID_7A672AFDF7,validation
ID_7A680D10AF,validation
ID_7A6915D1E6,train
ID_7A69D6A226,final
ID_7A6A49B137,final
ID_7A6A56136B,train
ID_7A6B1326B1,final
ID_7A6D1D9DE6,validation
ID_7A6D76F259,train
ID_7A6E73A0FE,train
ID_7A6F866C68,train
ID_7A7440C055,train
ID_7A78219F0F,validation
ID_7A7954C44C,final
ID_7A7A466CF0,validation
ID_7A7AA46645,final
ID_7A7BF937B1,validation
ID_7A7C4BD5C0,final
ID_7A7FF7CAF8,final
ID_7A84935950,train
ID_7A89908A9D,final
ID_7A91746F38,train
ID_7A963619C9,train
ID_7A98CFE946,final
ID_7A9CCD4219,train
ID_7A9D09E6F6,train
ID_7AA1592843,final
ID_7AA20A115A,final
ID_7AA227DBBF,final
ID_7AA2F868FE,train
ID_7AA3B6A502,train
ID_7AA3E22601,train
ID_7AA605C474,train
ID_7AA6B024FB,train
ID_7AA7F629CC,validation
ID_7AA8E83089,validation
ID_7AAB891B86,train
ID_7AABB7D24A,train
ID_7AAEFB5945,validation
ID_7AAFF388B4,final
ID_7AB0009DFE,train
ID_7AB111111D,final
ID_7AB6BB1DCD,train
ID_7AB6FBC8A4,validation
ID_7AB79B558A,train
ID_7AB8575858,train
ID_7AB90FBE8B,train
ID_7ABAB37CF2,train
ID_7ABCFAE7C9,train
ID_7ABD20988B,train
ID_7AC327E93C,final
ID_7AC5317470,final
ID_7AC62FE713,train
ID_7AC74C27E7,train
ID_7AC95673B8,validation
ID_7AC9BD6CF9,train
ID_7ACA2C03DD,train
ID_7ACC9DC1C9,train
ID_7ACDC1805C,train
ID_7AD135427A,final
ID_7AD16C0999,train
ID_7AD384517A,validation
ID_7AD415BB9C,train
ID_7AD45222DB,train
ID_7AD4EE0AF4,validation
ID_7AD6C70F93,train
ID_7AD8BC6A7F,train
ID_7AD8F89026,train
ID_7ADADD9561,train
ID_7ADAE0E52A,train
ID_7AE1AB6CC2,train
ID_7AE3DFD96E,train
ID_7AE3EF47B9,train
ID_7AE44AA844,train
ID_7AE478B1DC,train
ID_7AE5736D4A,final
ID_7AE827A129,train
ID_7AE8A50F31,train
ID_7AE8E5AA72,train
ID_7AEA2286E3,validation
ID_7AEB2EA204,train
ID_7AEB53DFF9,train
ID_7AED47EC07,final
ID_7AEF9C8D0A,train
ID_7AFD5E8FEA,train
ID_7AFED31FB6,train
ID_7AFEF75BFF,train
ID_7AFF83DFFB,train
ID_7AFFCB3411,final
ID_7B0273A304,train
ID_7B02F11056,final
ID_7B03207E6F,train
ID_7B042905FE,train
ID_7B05EA8490,train
ID_7B06DDB7F5,train
ID_7B0782BF32,train
ID_7B081AC61B,train
ID_7B0AF60F4A,train
ID_7B0ED53E4F,validation
ID_7B147E3C08,final
ID_7B15D4253E,train
ID_7B1BE24253,final
ID_7B1CD7EAB8,train
ID_7B1EB42E91,train
ID_7B1F9708E5,train
ID_7B20001D66,train
ID_7B20B16F8A,final
ID_7B20B1C5FC,train
ID_7B2198F0A2,train
ID_7B224400E7,train
ID_7B231ABB54,validation
ID_7B267F8CF5,final
ID_7B268BF87A,final
ID_7B29277483,train
ID_7B2A8E1838,train
ID_7B2D6ACB7B,train
ID_7B3051ADBB,validation
ID_7B310D4F4A,final
ID_7B32BCAF73,validation
ID_7B373DD18A,train
ID_7B3A4D460D,final
ID_7B3D025397,validation
ID_7B3F7DDD0E,train
ID_7B41418A59,train
ID_7B41E55AA2,validation
ID_7B42FCB37F,train
ID_7B45B098AC,validation
ID_7B46DC21CB,train
ID_7B46E82E46,train
ID_7B49F47C25,train
ID_7B4A71C975,final
ID_7B4F431ADF,train
ID_7B50200284,train
ID_7B50460FBA,validation
ID_7B52234859,validation
ID_7B52F1AB4A,validation
ID_7B530CF588,train
ID_7B5334A1AC,validation
ID_7B550F589E,train
ID_7B5A403007,train
ID_7B5B1B34EA,train
ID_7B5C4CEC68,train
ID_7B6275F74C,final
ID_7B62F99E7C,final
ID_7B63E52C49,final
ID_7B66EA0EB7,train
ID_7B68A39AF5,train
ID_7B6E4330CD,validation
ID_7B6E6FA7D0,train
ID_7B6F344F8C,final
ID_7B70436253,train
ID_7B7198F923,final
ID_7B725BEE0F,train
ID_7B757CC21A,final
ID_7B75AF7DF8,train
ID_7B7949EC6F,train
ID_7B7C89FA34,final
ID_7B7CCBBB14,validation
ID_7B7D00214B,final
ID_7B7D94B057,train
ID_7B7E5389BB,train
ID_7B804D0C32,train
ID_7B84C6444D,final
ID_7B86CB0648,train
ID_7B88AC4155,train
ID_7B88FE496F,validation
ID_7B89DDB849,train
ID_7B8A0B549E,train
ID_7B8A9B8D3F,train
ID_7B8AF609F1,validation
ID_7B8FD77624,validation
ID_7B8FDC178F,train
ID_7B9050BACE,train
ID_7B909ADE69,validation
ID_7B917A6BFD,train
ID_7B9180E643,train
ID_7B91B55043,train
ID_7B9289D906,validation
ID_7B9378238D,train
ID_7B9516E3CB,train
ID_7B99A8515E,validation
ID_7B9A9BEFAB,validation
ID_7B9C821272,final
ID_7B9CE34E1E,validation
ID_7B9E4F0CBB,train
ID_7B9E886E34,final
ID_7B9E8C7812,final
ID_7B9F1DBDD4,train
ID_7B9F2D1DF9,train
ID_7BA0124DBE,train
ID_7BA31E4405,train
ID_7BA4C69E69,train
ID_7BA6E4FDD5,train
ID_7BA888FDD3,final
ID_7BA8EA072F,train
ID_7BAA9DC71A,validation
ID_7BAB26C0EB,train
ID_7BACAA0D5C,train
ID_7BACC096E7,train
ID_7BADBECB99,train
ID_7BB5D8EC2A,final
ID_7BB894C1ED,train
ID_7BBB01B471,train
ID_7BBBB998F8,validation
ID_7BBC060EF6,train
ID_7BBF581F2D,train
ID_7BC14952D7,validation
ID_7BC3C56935,train
ID_7BC5098BF2,train
ID_7BC841B964,validation
ID_7BCC002B21,validation
ID_7BCCE7A192,final
ID_7BCEAF4F43,validation
ID_7BCFAC3794,train
ID_7BD0951434,train
ID_7BD26A9FD2,final
ID_7BD291A2C1,train
ID_7BD4C19A13,train
ID_7BD80E0BF6,validation
ID_7BD8601DD1,final
ID_7BD8E3DB08,final
ID_7BDBE50B9F,validation
ID_7BE2077486,validation
ID_7BE5F7E0E4,train
ID_7BE62FF8C2,train
ID_7BE705503E,final
ID_7BE8E73BEB,train
ID_7BE96A7B7F,train
ID_7BEA85EC80,train
ID_7BEC600091,train
ID_7BECFB219B,final
ID_7BEFDA533A,validation
ID_7BF215B42C,validation
ID_7BF288DBAA,train
ID_7BF35E1366,validation
ID_7BF5702AEE,validation
ID_7BF5995B63,train
ID_7BF5B26588,validation
ID_7BF61AFB07,train
ID_7BF76E9843,train
ID_7BF7EE8C8E,validation
ID_7BFD413AB0,train
ID_7BFF72772D,validation
ID_7BFFD35FF4,train
ID_7C00AD611E,final
ID_7C01565CCE,train
ID_7C0338C743,train
ID_7C04E20687,train
ID_7C06E1972C,validation
ID_7C0B5710E3,train
ID_7C0DF46062,final
ID_7C10EA3498,train
ID_7C11D683F9,validation
ID_7C1396589C,final
ID_7C1434B882,final
ID_7C14D2BE5F,train
ID_7C15F92B9B,train
ID_7C173F9F77,train
ID_7C18688AF3,train
ID_7C1AAB7B31,train
ID_7C1B8994C6,validation
ID_7C1BB7BF07,validation
ID_7C1BC046B9,final
ID_7C1C979DD0,final
ID_7C1E324B94,train
ID_7C21F5F4DD,train
ID_7C22AD7FAA,train
ID_7C22F91104,train
ID_7C24FE272A,validation
ID_7C251E820B,train
ID_7C257D7008,train
ID_7C25ACE4B7,train
ID_7C273527FD,train
ID_7C29566DB2,train
ID_7C29B6CCCB,final
ID_7C2E1AF162,train
ID_7C2EB829A2,validation
ID_7C2F4FBE89,train
ID_7C2FAEB67B,train
ID_7C30C1CB80,train
ID_7C33264739,train
ID_7C3370DD4C,train
ID_7C363725B2,train
ID_7C36F4349A,train
ID_7C378B41EA,train
ID_7C39C727F7,train
ID_7C3C718200,train
ID_7C3E4613AF,train
ID_7C437C69F8,train
ID_7C4843C966,final
ID_7C48735BC3,final
ID_7C4899F6BC,final
ID_7C48C6D451,train
ID_7C4A5BD467,final
ID_7C4B5EBD84,final
ID_7C4B6A80A1,train
ID_7C50A30C11,validation
ID_7C5147D22C,final
ID_7C51DEACBC,final
ID_7C5672635B,final
ID_7C59BB8484,train
ID_7C59E59932,validation
ID_7C5C9CA53E,train
ID_7C5CD7C52A,train
ID_7C5D3C8294,final
ID_7C6053D6CF,train
ID_7C6101FF04,train
ID_7C610B6290,validation
ID_7C61A75EE6,train
ID_7C62DA17C4,final
ID_7C6AC24092,validation
ID_7C6B078BAB,train
ID_7C6CDDBC87,train
ID_7C6E63BAA0,final
ID_7C6ECF4F81,train
ID_7C71E61B4D,train
ID_7C72C9CD2B,train
ID_7C72E89FF5,train
ID_7C743F5298,validation
ID_7C756E4AA5,train
ID_7C780F8C5B,train
ID_7C785FED5E,train
ID_7C7D979DCD,train
ID_7C7F17DE2E,train
ID_7C7F431189,train
ID_7C7F7263CB,train
ID_7C81728A85,train
ID_7C81BA4098,train
ID_7C82D6B2F1,final
ID_7C89721B01,train
ID_7C898AAE22,train
ID_7C8CA3F99F,validation
ID_7C8E26B7D3,train
ID_7C8F0598D7,final
ID_7C8FD7568C,train
ID_7C90B7AB93,train
ID_7C91F33FC8,train
ID_7C922F83B2,train
ID_7C9266FB15,train
ID_7C934CFC9D,train
ID_7C94EC2A2B,train
ID_7C953647FA,train
ID_7C964A5B2F,train
ID_7C96D3F14F,final
ID_7C98968EFB,validation
ID_7C995FAD18,train
ID_7C9A539F68,final
ID_7C9B3A3CE8,train
ID_7C9B893BC6,train
ID_7C9B8FB941,train
ID_7C9C880D31,train
ID_7C9ED75A93,train
ID_7CA1961382,train
ID_7CA1E71235,train
ID_7CA3D4C0F4,train
ID_7CA601B08B,final
ID_7CA89FAEE2,train
ID_7CAAAD3F5C,validation
ID_7CABA0A74F,validation
ID_7CADBDAA66,train
ID_7CADC2781E,train
ID_7CAFC23BE4,validation
ID_7CB0227944,final
ID_7CB027B2E4,validation
ID_7CB0AD9FC9,final
ID_7CB5A05224,train
ID_7CBB8BA4A0,train
ID_7CBC0B2897,train
ID_7CBF0083AF,validation
ID_7CC0DDB0E2,final
ID_7CC51CBB4E,train
ID_7CC72850C7,validation
ID_7CC75A2598,validation
ID_7CC79A68E3,train
ID_7CC7DBAA6E,train
ID_7CCAB84A36,train
ID_7CCB08D34A,validation
ID_7CCD5336B8,final
ID_7CCD580E3A,train
ID_7CCEC044FC,validation
ID_7CD0DA079A,train
ID_7CD51AA4C3,train
ID_7CD523A271,validation
ID_7CD799AB0A,train
ID_7CD8FC5748,train
ID_7CD935BBB2,final
ID_7CDA35B868,train
ID_7CDAEEB419,train
ID_7CDE931DDB,final
ID_7CE15B4D39,validation
ID_7CE4B25926,train
ID_7CE5EA253D,train
ID_7CE64C0807,final
ID_7CE6A585FD,validation
ID_7CE8A8635D,validation
ID_7CEA989876,final
ID_7CEB6B1D12,train
ID_7CEB746539,train
ID_7CED69E0C7,final
ID_7CEE3B65CD,validation
ID_7CF0EAF050,train
ID_7CF7AC8E14,train
ID_7CF9FB937B,final
ID_7CFABD0E85,train
ID_7CFCC37201,train
ID_7CFDB74607,validation
ID_7CFE2CEB81,train
ID_7CFF0DBC50,train
ID_7CFF5846A0,train
ID_7CFFCA679A,train
ID_7D0244EF98,train
ID_7D0524DF43,final
ID_7D083220BB,train
ID_7D095AB52A,train
ID_7D0D56EB46,validation
ID_7D0EF90CDB,train
ID_7D11D9BF9E,train
ID_7D132FD35C,final
ID_7D136F9011,train
ID_7D13D546A8,train
ID_7D146639CA,final
ID_7D14666B0D,train
ID_7D1583AE4E,validation
ID_7D1827900F,train
ID_7D184DE616,final
ID_7D1937211F,train
ID_7D1A6AC8CD,validation
ID_7D2258C832,train
ID_7D235D57A8,train
ID_7D248F15E9,final
ID_7D259FE35D,train
ID_7D29CBA80F,train
ID_7D29CBDA87,train
ID_7D2A177A04,train
ID_7D2A93503D,train
ID_7D2ABD2EF3,train
ID_7D2B2170D6,train
ID_7D2DCD802F,train
ID_7D2DF636A1,validation
ID_7D2E88E5AE,validation
ID_7D31F57E84,validation
ID_7D36066F3A,train
ID_7D36965539,validation
ID_7D38DA5D05,train
ID_7D3BB84904,train
ID_7D3D4F9FBF,validation
ID_7D41085C15,validation
ID_7D4343453A,final
ID_7D45100F8A,train
ID_7D458C4448,train
ID_7D45A4D913,train
ID_7D49971514,validation
ID_7D4B66D05E,train
ID_7D4CBAEB92,train
ID_7D4D532696,train
ID_7D52146A99,validation
ID_7D53B9DCF2,final
ID_7D5453CBFF,train
ID_7D5499BF36,train
ID_7D551AC05F,train
ID_7D55590319,train
ID_7D55D2A5D6,validation
ID_7D5673033A,validation
ID_7D5843AE50,train
ID_7D58AB7E8B,train
ID_7D590B2FFE,train
ID_7D5A52F397,train
ID_7D5AAC7A4D,final
ID_7D5ADB4F9C,train
ID_7D5E1307F3,train
ID_7D5FE6A8EB,validation
ID_7D6034013E,train
ID_7D625A4BA8,train
ID_7D65FCD163,train
ID_7D6687CCE8,train
ID_7D66C192F5,validation
ID_7D6781E62A,train
ID_7D69CF5914,train
ID_7D788DDA36,train
ID_7D7AB84E55,validation
ID_7D7B967E8D,train
ID_7D7BA0BA7E,final
ID_7D7BDB201D,train
ID_7D7F87AE8D,train
ID_7D80DBD359,train
ID_7D8148E664,train
ID_7D82A37E6C,final
ID_7D89821977,final
ID_7D8B10D9F7,validation
ID_7D8CFDE59A,final
ID_7D8FF0F305,final
ID_7D93D1FC19,train
ID_7D95226835,validation
ID_7D955589DB,final
ID_7D9743D4B0,final
ID_7D99A07008,final
ID_7D9A8D3297,validation
ID_7D9B52F178,validation
ID_7D9B61C0FA,train
ID_7D9BC57E03,final
ID_7D9C533649,train
ID_7D9C961E5F,final
ID_7D9F13E947,train
ID_7D9FBC0E4C,train
ID_7DA8518173,final
ID_7DA8D19D46,train
ID_7DAA82793E,train
ID_7DAAEA6112,validation
ID_7DAB120C3B,final
ID_7DAC2A0F0A,final
ID_7DADA6FBDE,train
ID_7DAF5C388E,train
ID_7DB03705F3,train
ID_7DB15A3A14,train
ID_7DB1A06772,train
ID_7DB323F58D,train
ID_7DB73A02F2,validation
ID_7DB783FA91,train
ID_7DB7885547,validation
ID_7DB8364F84,validation
ID_7DBB0B132A,train
ID_7DBB50C435,final
ID_7DBC633D0A,train
ID_7DBDC77F66,final
ID_7DBFA0F6E3,train
ID_7DC017067C,final
ID_7DC1CFEB30,validation
ID_7DC36DF681,train
ID_7DC3D49D93,train
ID_7DC69C3D12,train
ID_7DC6B08E83,final
ID_7DC7E68907,train
ID_7DC864F44A,train
ID_7DCCF50A9F,train
ID_7DCE451C1A,train
ID_7DCF5D2348,train
ID_7DCFAE7C93,train
ID_7DD0288499,train
ID_7DD240589F,train
ID_7DD5C611CD,train
ID_7DD7037061,train
ID_7DD766BBCA,train
ID_7DD9D81E60,train
ID_7DDD6F6654,train
ID_7DE19178DE,train
ID_7DE45376CC,train
ID_7DE52CF239,final
ID_7DE5746ED8,train
ID_7DE5845495,train
ID_7DE67B5D2F,final
ID_7DE712B94C,final
ID_7DE7275519,train
ID_7DEAE71307,train
ID_7DEF425989,train
ID_7DF11FA275,validation
ID_7DF1983FF6,validation
ID_7DF4CE0771,final
ID_7DF697F741,validation
ID_7DF6FAD9ED,final
ID_7DFAACA9C6,train
ID_7DFB833BE0,train
ID_7DFBEE545F,train
ID_7DFFED1788,final
ID_7E02ABCA72,train
ID_7E0323084B,train
ID_7E0419C4FF,final
ID_7E04EE7E52,train
ID_7E05375C82,train
ID_7E0549D100,train
ID_7E05F7966B,final
ID_7E0614FCCF,train
ID_7E0764A29F,train
ID_7E07B2ED16,train
ID_7E07BAD715,train
ID_7E0D1D8452,train
ID_7E0F9A0A00,train
ID_7E11022794,train
ID_7E124EE51F,final
ID_7E12927B89,train
ID_7E1448F73D,train
ID_7E15134794,train
ID_7E175B0C8D,validation
ID_7E175C0360,validation
ID_7E17E79AB3,train
ID_7E1ABCD323,final
ID_7E2135D23A,final
ID_7E21FFC6AB,validation
ID_7E25D6A288,train
ID_7E29B944E3,train
ID_7E2AF1171B,validation
ID_7E2AF1CED2,train
ID_7E2E98F829,train
ID_7E2F19447A,validation
ID_7E303BE8F7,final
ID_7E325E2F48,train
ID_7E35FC508B,final
ID_7E3854292E,train
ID_7E38AA715F,train
ID_7E38D70F45,train
ID_7E39015AB3,validation
ID_7E393CBE95,validation
ID_7E3A4F42E0,train
ID_7E3B01BD0C,train
ID_7E3BBAD2DD,final
ID_7E3CFC7C3B,final
ID_7E3F87D8E5,train
ID_7E40C087B6,train
ID_7E41A1C1A0,validation
ID_7E432A16C2,train
ID_7E43D7180C,train
ID_7E4900915A,train
ID_7E493CCCCD,final
ID_7E4A8DEB92,final
ID_7E4AEB3CF4,train
ID_7E4AF1B732,train
ID_7E4CA72F75,train
ID_7E4FEE1D04,train
ID_7E52C517E7,final
ID_7E53F83B22,train
ID_7E56A86A17,train
ID_7E5825752C,train
ID_7E58B2952B,train
ID_7E5961DBB6,validation
ID_7E597A4C28,train
ID_7E59CB6894,train
ID_7E5AE9FF67,train
ID_7E5B656481,validation
ID_7E5C9B5FF7,validation
ID_7E5E3F0D3B,train
ID_7E5FBFDB6D,validation
ID_7E615E14DC,validation
ID_7E620E4392,train
ID_7E62460B0D,train
ID_7E643AB306,final
ID_7E651065B6,train
ID_7E66D03415,train
ID_7E6BFB7C3F,train
ID_7E6EAD846D,train
ID_7E6FE04A84,train
ID_7E7403F664,train
ID_7E77138AAF,validation
ID_7E7717BDA1,validation
ID_7E77EB87D9,validation
ID_7E79DE57DE,train
ID_7E7C7113E7,validation
ID_7E7DC2D322,train
ID_7E7EED6815,validation
ID_7E7FDE616C,train
ID_7E80F3D20B,train
ID_7E8698C28E,final
ID_7E89E470AF,train
ID_7E8AE4640A,validation
ID_7E8AF921B6,validation
ID_7E8C3C7177,final
ID_7E8CF24F28,train
ID_7E8D1224D1,validation
ID_7E8D3DAED3,train
ID_7E908EB5A5,validation
ID_7E95D6EDB4,train
ID_7E97DF7F53,train
ID_7E9A6D4BB7,train
ID_7E9BB43581,train
ID_7E9D7B9C01,final
ID_7EA05AEBDA,train
ID_7EA0712A9D,train
ID_7EA0FEF70C,train
ID_7EA350D4A9,train
ID_7EA5F6F98C,train
ID_7EA690588C,train
ID_7EA6925856,train
ID_7EA8231E4F,train
ID_7EA9294873,train
ID_7EABCC9129,train
ID_7EAE285A92,validation
ID_7EAF1A3E96,train
ID_7EAFE996BB,validation
ID_7EB488BDF0,validation
ID_7EB553F4CB,train
ID_7EB7D0DAFA,train
ID_7EBDE42BB9,train
ID_7EBDE6BC38,train
ID_7EBDEA79A2,validation
ID_7EBE2A20B2,final
ID_7EBECDFF3C,train
ID_7EBF45B63A,train
ID_7EC0134188,validation
ID_7EC05C52B4,train
ID_7EC0826C3A,train
ID_7EC0E4F8C1,train
ID_7EC2F9DA9D,train
ID_7EC6688BB5,train
ID_7EC997F872,validation
ID_7EC9B98104,train
ID_7ECA6A53CF,final
ID_7ED049AFB6,train
ID_7ED196A823,final
ID_7ED21C0300,final
ID_7ED40DF834,validation
ID_7ED4D3E6CA,train
ID_7ED5D58381,train
ID_7ED8AE9715,validation
ID_7EDA6CFE9B,train
ID_7EDB1068D1,validation
ID_7EDB23E04A,validation
ID_7EDB2A82AB,train
ID_7EDBD85D4D,train
ID_7EE0B71E34,train
ID_7EE3C00F0C,validation
ID_7EE525C066,train
ID_7EE53A03B3,train
ID_7EEA4D98D7,final
ID_7EEDED3DCD,validation
ID_7EEEF67874,final
ID_7EF177EC68,final
ID_7EF1B55FFE,validation
ID_7EF3283DCB,final
ID_7EF4B09A46,train
ID_7EF6DE47F1,train
ID_7EFB47F6A3,train
ID_7EFCD2DD6B,train
ID_7EFD6868E5,train
ID_7F0152F0AD,validation
ID_7F02D3688C,train
ID_7F03FB6701,train
ID_7F0B1010FE,train
ID_7F0BB3249A,final
ID_7F109A8F83,train
ID_7F11B2CC58,train
ID_7F11E9B319,train
ID_7F1334E4C1,train
ID_7F136771B0,validation
ID_7F14053F20,train
ID_7F14331FD1,train
ID_7F15552CA9,final
ID_7F1578A6AC,train
ID_7F1681505B,train
ID_7F16D8B7F0,final
ID_7F17C79DE4,validation
ID_7F18CB9949,validation
ID_7F1B4E8B77,train
ID_7F1C56026C,final
ID_7F1C6011A0,validation
ID_7F1E48712D,final
ID_7F1F359FDF,train
ID_7F20A6BB5B,train
ID_7F22ED620F,train
ID_7F23AE080A,train
ID_7F25BD5651,train
ID_7F26072CC8,train
ID_7F260E9B78,final
ID_7F287EE6D9,final
ID_7F2A7F7C54,train
ID_7F2DACE259,train
ID_7F2FC2BE8A,train
ID_7F300120A8,validation
ID_7F30F94C0F,train
ID_7F32310310,validation
ID_7F33A758CC,validation
ID_7F340FDCBE,final
ID_7F391641A9,train
ID_7F3AAEE632,final
ID_7F42FDA98C,validation
ID_7F461D982C,final
ID_7F4694BD39,train
ID_7F47207BD4,train
ID_7F47E5883E,train
ID_7F48092B5C,train
ID_7F4AC9EF81,train
ID_7F4B236EF8,validation
ID_7F4F534815,final
ID_7F50EB8D8C,train
ID_7F52A08F6F,final
ID_7F52EFAE6B,train
ID_7F5894F02F,train
ID_7F5BCE3C2F,train
ID_7F5D884E29,train
ID_7F60B295E5,train
ID_7F617A0CE4,train
ID_7F63F02CFD,validation
ID_7F65DCCDA8,train
ID_7F66574D9D,validation
ID_7F6968F8B2,final
ID_7F6C03031F,final
ID_7F724B6C71,final
ID_7F73E96510,train
ID_7F7649ADCB,train
ID_7F7659CEDA,train
ID_7F79147C96,final
ID_7F79DA302E,train
ID_7F7A1AB494,train
ID_7F7A2BB535,train
ID_7F7B1931D7,train
ID_7F7C6F15D7,train
ID_7F7CFFE184,train
ID_7F7FA4098A,train
ID_7F803A7EC0,validation
ID_7F82353B9D,train
ID_7F82F68144,train
ID_7F82FCE745,train
ID_7F86345A21,train
ID_7F8D0633D1,final
ID_7F8DF42FD2,final
ID_7F95329603,validation
ID_7F9671D905,train
ID_7F993A40B2,train
ID_7F9A4A19D4,validation
ID_7F9B9C806B,train
ID_7F9BFBE6C5,final
ID_7F9C266357,train
ID_7F9E206C83,validation
ID_7F9F0C239D,train
ID_7F9F6AA824,train
ID_7FA101F10C,train
ID_7FA1122E21,train
ID_7FA23D398F,train
ID_7FA37AB728,validation
ID_7FA60725A9,train
ID_7FA6EED9C1,train
ID_7FA760E2AD,final
ID_7FA7ECB743,final
ID_7FAC5C791B,final
ID_7FADDE70EA,train
ID_7FAE3F55B9,validation
ID_7FAE68C14B,train
ID_7FB086F3AB,train
ID_7FB1718442,train
ID_7FB3166CD7,validation
ID_7FB3F3BEDA,train
ID_7FB4FD0721,train
ID_7FB5CF676E,validation
ID_7FB85EC21A,validation
ID_7FB8638AC1,train
ID_7FB8A21043,train
ID_7FB9C271DA,train
ID_7FBB198786,final
ID_7FBEE94C69,train
ID_7FBF51B5DA,train
ID_7FC2256688,validation
ID_7FC429415C,final
ID_7FC638AF74,final
ID_7FC6A00C67,train
ID_7FC88795AF,final
ID_7FCBCF0EE6,validation
ID_7FCC156E90,train
ID_7FCDD5204D,train
ID_7FCFBD756F,train
ID_7FD053F6CC,final
ID_7FD5448513,final
ID_7FD57D8BC7,train
ID_7FD67BDB87,validation
ID_7FD74CF1E4,train
ID_7FD9020115,validation
ID_7FDAA7D62F,train
ID_7FDAE05B4C,validation
ID_7FDAE85ABD,train
ID_7FDBF6D868,train
ID_7FDCB3C724,validation
ID_7FDD40D48D,train
ID_7FDE88318A,train
ID_7FDFC3327D,train
ID_7FDFF55A06,validation
ID_7FE0A86EE1,train
ID_7FE1D86B08,train
ID_7FE2B8923C,validation
ID_7FE2C2B6AF,train
ID_7FE3ABD422,validation
ID_7FE53AE2F1,train
ID_7FE5762A8F,train
ID_7FE98E1192,train
ID_7FE9E2E18A,train
ID_7FEA716732,final
ID_7FEB3B9ABC,train
ID_7FF28792E6,final
ID_7FF40C25B1,train
ID_7FF439EACF,train
ID_7FF908CF69,train
ID_7FFFDF0E6F,train
ID_80014B37A1,final
ID_8001F8626D,final
ID_800343EC4A,final
ID_8009682F3F,validation
ID_8009E83A09,train
ID_8009E8CE41,validation
ID_800B14E26A,train
ID_800EDEDF4E,final
ID_80111C8BB9,validation
ID_8012D2F76C,validation
ID_8013F0B364,train
ID_801468D70B,train
ID_801983787C,final
ID_801AAC0209,train
ID_801ACC504C,final
ID_801C10F647,train
ID_801C2F780E,train
ID_801D3C551C,train
ID_801DDE1783,validation
ID_801E375C4D,train
ID_801E803923,final
ID_8021310B12,validation
ID_8022AF4778,train
ID_8022E4DC4D,train
ID_80252075A3,train
ID_802610C2C4,final
ID_8026D2BFFC,train
ID_8027A8BA48,train
ID_802828782E,train
ID_80288D498E,train
ID_802DD4C5D2,validation
ID_802F386681,train
ID_803126B508,validation
ID_8031E99C52,train
ID_803240ED47,train
ID_80326E26C8,train
ID_803315986E,train
ID_803C8EF631,final
ID_803D17BC49,validation
ID_803D2146ED,validation
ID_803F25E075,final
ID_8040A2CFC2,final
ID_8042223FC8,train
ID_804391E93D,validation
ID_80449B9F6F,final
ID_8045C60723,train
ID_80470E4E91,train
ID_804AF1A66D,train
ID_804E316CC1,train
ID_804EB96B76,validation
ID_8054AB2169,train
ID_80562C1992,validation
ID_805928D039,train
ID_8059861E9D,train
ID_80600DB081,train
ID_8061592E11,train
ID_8065AB2BA5,final
ID_8065D06973,final
ID_806609C41E,train
ID_806683F505,validation
ID_806824009F,validation
ID_80690C9586,validation
ID_806A45751C,train
ID_806D20E5F6,train
ID_806DC3FA02,train
ID_807197410E,train
ID_8071EEFCED,final
ID_8072DB2209,validation
ID_80741BF902,validation
ID_807438B232,train
ID_80753267BE,train
ID_8077A84EB5,final
ID_80787166A6,train
ID_8078CF6599,validation
ID_807CD8E485,final
ID_807DF69924,train
ID_807FF49490,validation
ID_80826C8070,train
ID_8083E797F5,train
ID_80849458CC,train
ID_8084D572B8,train
ID_80854A4CD1,validation
ID_80864A79A1,final
ID_80879ED3BC,train
ID_80888B56EE,train
ID_808902948F,final
ID_808C66B260,train
ID_808D125054,final
ID_808D53CF57,train
ID_808DDD7B79,train
ID_8090552AC6,train
ID_80926D99E3,train
ID_8093DA1669,train
ID_8095A7D837,train
ID_809834738D,train
ID_8098C444B0,train
ID_809A18E916,final
ID_809AF6F947,final
ID_809F26FB41,train
ID_809FAFDAD9,validation
ID_80A48F7188,train
ID_80A4DB652B,train
ID_80AC5AAD13,train
ID_80AE5340D5,validation
ID_80AE584572,train
ID_80B0BF6B95,final
ID_80B1B097D0,validation
ID_80B1F54D4F,train
ID_80B55DA4E7,train
ID_80B5C79091,train
ID_80B74FE990,train
ID_80BA275FC9,train
ID_80BAE908F3,train
ID_80BAF8F584,validation
ID_80BB1BC242,train
ID_80BBBF923A,train
ID_80BC1546F0,train
ID_80BC2212F2,validation
ID_80C232D8C6,final
ID_80C2A97C67,train
ID_80C2BC603F,final
ID_80C4E4C0AF,final
ID_80C5A0D2DD,validation
ID_80C5BE5F06,validation
ID_80C7B47E96,validation
ID_80C880B248,final
ID_80CE526198,train
ID_80D147F368,train
ID_80D18E121B,final
ID_80D232F7E9,train
ID_80D3A26FED,validation
ID_80D5715C1E,train
ID_80D752DF67,train
ID_80D7BCBC2D,final
ID_80D830A25F,train
ID_80DA627403,train
ID_80DC5A32E1,train
ID_80DDDF3C26,validation
ID_80DED8107F,train
ID_80DF222E61,validation
ID_80E0C3FD2E,final
ID_80E1A4046E,train
ID_80E4AF3F42,final
ID_80E833C574,train
ID_80EB2255D3,final
ID_80EC2F8DA3,train
ID_80EC8EB538,train
ID_80ED5431BA,final
ID_80F075A700,validation
ID_80F10FE2B0,validation
ID_80F11CF479,train
ID_80F17D0711,validation
ID_80F464CE3F,train
ID_80F5182561,train
ID_80F56360F2,train
ID_80F586C05F,final
ID_80F6CD6F05,train
ID_80F7385834,train
ID_80F9012C82,train
ID_80FA49D644,validation
ID_80FB4DBC37,train
ID_80FBBE6DBD,validation
ID_80FD4B36C5,train
ID_80FE76099C,validation
ID_80FF241296,train
ID_81005C400D,validation
ID_81019B61C4,final
ID_81019FA1D6,final
ID_8101A8DD1A,final
ID_8101FB5F3F,validation
ID_8102E1FD57,final
ID_81030C95F3,train
ID_8104815CAE,train
ID_8104B02542,train
ID_81051F1BE9,train
ID_81066DFB4A,final
ID_81077EC516,train
ID_8107B5D520,final
ID_8108078B75,validation
ID_810C0A7410,train
ID_810FD73617,train
ID_811191C335,train
ID_811197D750,train
ID_8111EF9B89,train
ID_8114CEB8E2,train
ID_8117307F40,train
ID_81186593F0,train
ID_8118FC7177,final
ID_8119994A8F,validation
ID_811D0A3557,final
ID_811E49D1FA,train
ID_81238C09C5,train
ID_812480456F,validation
ID_8126A2FEDA,train
ID_812931CCBF,final
ID_812944AF0C,train
ID_8129656E3F,train
ID_8129AE52D4,final
ID_812D43E0F2,validation
ID_813072A962,train
ID_8133CEDEA3,final
ID_8134704927,validation
ID_8137DF6034,train
ID_813931BBEB,train
ID_813C7126AF,train
ID_813E0318AB,final
ID_814A71D96C,final
ID_814A80C50E,train
ID_814B80AA90,train
ID_814C2417AE,validation
ID_814F663B9F,train
ID_81500058CF,validation
ID_8152D2E38B,validation
ID_81531F58C2,validation
ID_815322E5CF,train
ID_8154FDB5F8,train
ID_815652763A,train
ID_815715F1AD,train
ID_815776E1FC,train
ID_815788146A,train
ID_8158FC678B,train
ID_815B4CFDC4,train
ID_815C7F4BF7,final
ID_815CE9A4BB,train
ID_815D50A6C5,final
ID_815E78B9AA,train
ID_815F0B8166,final
ID_8161CBAE84,validation
ID_8165038242,train
ID_816536E7EB,validation
ID_8167F3585F,train
ID_81680734CC,validation
ID_816917B7E7,train
ID_8169A87E78,train
ID_816B235976,validation
ID_816D87530E,train
ID_8173A05033,final
ID_8175944E10,train
ID_81774EA145,train
ID_817AD197CC,validation
ID_8183A75426,validation
ID_8185743648,train
ID_8185B12C35,train
ID_8186D965C1,train
ID_818A40E020,validation
ID_818AF54F27,train
ID_818DDE1740,train
ID_8190995C47,train
ID_81938121E6,final
ID_8199080745,train
ID_819A85B770,train
ID_819D95149A,train
ID_819DFFB6A8,train
ID_819F15E83A,train
ID_819F878153,train
ID_81A463EC74,train
ID_81A9120C67,final
ID_81AB019EF3,final
ID_81AB835D61,train
ID_81AE195A3E,train
ID_81B1360450,train
ID_81B149722F,train
ID_81B1A064EF,train
ID_81B3C2413D,train
ID_81B4CE8DA6,train
ID_81B5360597,train
ID_81B779E0EA,train
ID_81B77BC90E,train
ID_81B8A79184,final
ID_81B9EDA7B5,train
ID_81BB985E41,train
ID_81BD5A6F9B,final
ID_81BFFC8A29,validation
ID_81C0F021B5,validation
ID_81C124BCFB,validation
ID_81C2CF5E75,train
ID_81C4C9D8D8,train
ID_81C7AE8D99,train
ID_81C8F2B1B9,train
ID_81C9EA9345,train
ID_81CA11FE32,final
ID_81CAA62F2F,final
ID_81CB70FB53,train
ID_81D193071F,validation
ID_81D23A2214,train
ID_81D31BFE55,validation
ID_81D365EF02,train
ID_81D3FAF659,validation
ID_81D4969181,train
ID_81D4C341F0,validation
ID_81D53F1891,train
ID_81D54F061F,validation
ID_81D569FF41,train
ID_81D91980DC,final
ID_81D9273720,train
ID_81DB46100C,train
ID_81DBBA9FB7,final
ID_81DF67B060,train
ID_81DFC22B4B,final
ID_81DFFEE870,train
ID_81E0A3D370,train
ID_81E2FE6C8E,train
ID_81E36D5A42,final
ID_81E48BB4E4,train
ID_81E835C803,validation
ID_81EA3B82EF,train
ID_81EB83A1EC,train
ID_81ECF3A6F8,validation
ID_81EE788B83,train
ID_81F0CF03E7,train
ID_81F1388569,train
ID_81F4066950,validation
ID_81F6AE5675,train
ID_81F890C7D4,validation
ID_81F90EBD95,train
ID_81F98D1E7E,train
ID_81F9B16BAA,train
ID_81FCC606ED,train
ID_8202B46134,train
ID_82034D6E66,final
ID_820462666F,final
ID_8206E034B4,train
ID_820823BB35,train
ID_82093D1C3A,final
ID_820A0268C0,train
ID_820CF08DA6,validation
ID_820D6924F1,validation
ID_820F4BBCC8,final
ID_82122503F9,train
ID_821315B467,train
ID_8216284F24,train
ID_82179D0A93,final
ID_8218D0EA4D,train
ID_821D269AC6,train
ID_821DEC31ED,train
ID_821E4450CD,train
ID_821E88C5C8,train
ID_821EF1E016,final
ID_8220E64567,train
ID_82239DEBD0,train
ID_8225CC999C,validation
ID_82271BD96D,train
ID_8227308173,train
ID_822B78159A,train
ID_822C1A1ABB,final
ID_822CFF3CBE,validation
ID_822E7F140C,final
ID_822EFE34AA,final
ID_82326590BF,train
ID_8232D4C03C,train
ID_82337B28EC,train
ID_823445D613,train
ID_82346388FB,train
ID_8235AF562C,validation
ID_823BA5F451,train
ID_823D52B0C0,train
ID_8240E3F192,validation
ID_82412DED4B,train
ID_82448884FB,train
ID_82457FA709,final
ID_824D5B76CB,train
ID_824DE76A48,validation
ID_8252FCD07B,final
ID_82566109B9,validation
ID_825892D4B5,train
ID_825A062D88,final
ID_825A6B1963,final
ID_825BDE478B,train
ID_825CD9947C,train
ID_825D6E2553,final
ID_825F9C8A58,train
ID_826205EE3A,final
ID_8262851A74,train
ID_8263FFD7D2,validation
ID_826478CEE7,train
ID_82658105A2,train
ID_82684793D8,final
ID_82689E0E69,train
ID_826A6E87D0,train
ID_826B94A0BA,train
ID_826E4B4787,final
ID_8270485C5A,train
ID_8270E2C942,final
ID_82712CA2E4,train
ID_82724CC600,train
ID_8273835319,validation
ID_827477066A,train
ID_82753D8CB6,train
ID_82754E96F1,validation
ID_8278529FD5,final
ID_8278927696,train
ID_827D461066,train
ID_827DEEB4C9,train
ID_828041CF7F,final
ID_8280828006,validation
ID_8286DE09B4,final
ID_8287A7F4B4,final
ID_82885FD50F,final
ID_8289127792,train
ID_8289BA217B,train
ID_828C4A7D67,train
ID_828C916903,train
ID_828DC16C2C,train
ID_829233D112,train
ID_8293C66350,validation
ID_8294327885,train
ID_8294872153,validation
ID_8294FCADA8,train
ID_82961D0661,validation
ID_8298F17F5A,validation
ID_829BCF9334,train
ID_829BD02A2B,final
ID_829DFFCC10,final
ID_829E64A484,validation
ID_82A0780EA2,train
ID_82A226C5F0,final
ID_82A232C7F3,validation
ID_82A63AAC93,validation
ID_82A64564D5,final
ID_82A7B754C5,train
ID_82AC149943,validation
ID_82AE4CC2B9,train
ID_82AEF03BF0,final
ID_82B25BB95D,validation
ID_82B4947DF5,train
ID_82B626945E,train
ID_82B739D105,train
ID_82B9DAF48C,train
ID_82BA6BEF9B,final
ID_82BC51EC18,validation
ID_82BD6CC589,validation
ID_82BDFD8356,final
ID_82BF790ACD,train
ID_82BF83E82D,validation
ID_82C4400521,train
ID_82C4B3B1F7,validation
ID_82C71D46E9,final
ID_82C7348519,train
ID_82C860D735,train
ID_82C93D2D6B,train
ID_82CB401420,train
ID_82CCA1FF0F,final
ID_82CD172B93,validation
ID_82CE15AD5C,train
ID_82D0522D89,validation
ID_82D35B6ED0,train
ID_82D3689A68,final
ID_82D3769A3B,train
ID_82D4C06308,train
ID_82D5CC011A,validation
ID_82D5D7BADA,train
ID_82D602E481,train
ID_82D814E88A,train
ID_82D9142CD7,train
ID_82DCCB15B6,train
ID_82DEC2802F,validation
ID_82DF51EE9F,train
ID_82DF5D653A,train
ID_82E4D7F20F,train
ID_82E6BC0CE2,train
ID_82E748F8CA,train
ID_82E7C0B1AA,train
ID_82E80095E4,train
ID_82E8D96E4B,train
ID_82EA9617BA,train
ID_82EB72E1EE,train
ID_82EC66D9AD,train
ID_82EF2358E8,final
ID_82F1BF80B4,train
ID_82F4F11014,final
ID_82F6659079,validation
ID_82F6A8764F,train
ID_82F8D37EAC,final
ID_82FAEF5BE4,train
ID_83002DAA9C,train
ID_8301B8EB27,train
ID_830543FCE5,train
ID_83084D4AB8,final
ID_830881D8B0,validation
ID_830B1F58EE,train
ID_830F937522,final
ID_8310321BCF,validation
ID_8311099658,train
ID_831D2E9FB4,final
ID_831D996B7C,train
ID_831F2D6663,validation
ID_831FD9C8F4,final
ID_832613CDA2,train
ID_832786A2EF,train
ID_8327CCFABC,validation
ID_8329309EC1,final
ID_8329459A4C,train
ID_832B5FA907,train
ID_832DCAF887,final
ID_832E261283,train
ID_83311605AA,train
ID_83325D2943,train
ID_83366A2E3E,train
ID_8337390A76,train
ID_833AC1A2E2,final
ID_833B3D9CAD,train
ID_833D48E936,train
ID_833DB06662,train
ID_833DEEBA95,validation
ID_8340979E9E,train
ID_8342247083,train
ID_83479E5FBC,final
ID_8349B85C00,train
ID_834D5D2B3B,train
ID_834EBF5267,final
ID_834FC5477B,train
ID_8351554A30,train
ID_8351DA2490,validation
ID_83529D2AF8,train
ID_83548F131F,train
ID_835720DC3F,train
ID_835781EAB4,train
ID_83578210A3,train
ID_835C24F265,final
ID_8361573288,train
ID_836175D268,final
ID_836734106E,train
ID_836A348AC2,train
ID_836B7650D5,final
ID_836BD03499,validation
ID_836C6790F1,validation
ID_836F53715A,train
ID_8376D57A68,train
ID_83799FD748,final
ID_8379A7159F,train
ID_837ABC6BD0,train
ID_837AF708EB,train
ID_837ED53529,final
ID_837EFD68D0,train
ID_83811F8DE9,train
ID_83816A68A0,train
ID_8384B2BEE5,train
ID_83875417A6,train
ID_838B165FF0,train
ID_838C2998E6,train
ID_838E2CA09E,train
ID_838F276E2B,train
ID_839507E191,train
ID_8397941200,final
ID_839A6C18BC,train
ID_839AD3F5DD,train
ID_839CD847F8,final
ID_839D071A57,validation
ID_839DC9EBB7,final
ID_839E3B0691,train
ID_839E68B34E,train
ID_839E8DD7D7,train
ID_839F42A267,train
ID_83A110AB6B,train
ID_83A2F7F32D,final
ID_83A558E076,final
ID_83A830FBFC,train
ID_83A8C6FA90,train
ID_83AB602BFD,validation
ID_83AC222792,final
ID_83AD17E250,final
ID_83AE257B2B,train
ID_83AE75FD82,train
ID_83AEB6961D,train
ID_83B31A7100,train
ID_83B641114F,train
ID_83B7ECD9D4,train
ID_83BAE644B6,final
ID_83BD63EDE3,final
ID_83BE068060,validation
ID_83C2227993,train
ID_83C4340162,train
ID_83C5376040,validation
ID_83C5381AE1,train
ID_83C8195CC5,train
ID_83CDA847D1,train
ID_83D22CC39F,validation
ID_83D549EE5A,train
ID_83D9801089,train
ID_83DD9371A3,train
ID_83DF01FF76,train
ID_83E0383047,validation
ID_83E12A5D29,validation
ID_83E23F2449,final
ID_83E4B9E159,train
ID_83E639DDC0,train
ID_83E644731C,train
ID_83E6D98E37,train
ID_83E8C559A7,validation
ID_83EA20845F,train
ID_83EAD9C1BF,train
ID_83EB184039,final
ID_83EC308CE0,validation
ID_83EC6E963D,train
ID_83ED8FDF3A,train
ID_83EE3AA1F3,train
ID_83F1D5BB74,train
ID_83F470A604,final
ID_83F5D5B9BA,validation
ID_83F69C0760,train
ID_83F7774182,final
ID_83F813830C,validation
ID_83F88098FA,train
ID_83F9736A28,validation
ID_83FB6F5A66,train
ID_83FC6BD916,train
ID_83FD9C3201,train
ID_83FEED9910,train
ID_83FFDD913A,train
ID_840046EE50,train
ID_84013A155E,train
ID_8402CE6477,train
ID_840379F3D8,train
ID_8405EB06AC,train
ID_84072A7CFC,validation
ID_8408FEB98D,final
ID_840962D367,train
ID_840B7F526B,final
ID_840DE0988B,validation
ID_84130F3FFC,train
ID_8413922847,validation
ID_8413FC9F29,train
ID_8416EE0145,validation
ID_8417D40CC8,train
ID_841841851E,validation
ID_841D684480,train
ID_841E3C61DF,train
ID_8421ACD9A0,train
ID_84234769C9,train
ID_84246C4768,train
ID_84253220D4,validation
ID_8427D99C63,train
ID_842839233E,validation
ID_842889331E,train
ID_84291DCBE0,train
ID_842985B7B4,final
ID_842BEE9E70,train
ID_842BFFB88B,final
ID_842C9AB4B2,final
ID_842E0C19DA,train
ID_842F0056D1,train
ID_84313D8F4D,train
ID_84327A4F81,train
ID_84331D8BD6,validation
ID_8435060ADB,train
ID_8435C092B0,train
ID_8438C9D707,train
ID_843978524B,train
ID_8439D3357B,train
ID_8439E7564B,final
ID_843A33DF7D,final
ID_843AFBFED7,final
ID_843C87E977,train
ID_843CF7BF6A,train
ID_843DB6F131,final
ID_8446F79CDF,train
ID_844B8B766C,final
ID_844C3FE770,validation
ID_844D5CB723,train
ID_844D78A646,final
ID_844DDBB0E2,train
ID_84530B652B,validation
ID_84550CF0C7,final
ID_8456E68987,final
ID_8456E73B07,final
ID_84596B4ACA,train
ID_84597487E5,final
ID_845C587BC9,train
ID_845D83FA42,validation
ID_845ECF03E1,train
ID_84605F0666,train
ID_8461B9FCA0,validation
ID_84650C128B,final
ID_8465455C77,final
ID_8465A24E6F,validation
ID_8466F26D0F,validation
ID_8467AD4BFF,final
ID_84692812F4,train
ID_846973662F,final
ID_846B577962,train
ID_846B846B49,train
ID_846BCE9E4E,train
ID_8470187108,train
ID_84704C393F,train
ID_8470EA41A1,train
ID_84735D6F06,train
ID_8476E55928,final
ID_847894137B,train
ID_8478FC3E0A,train
ID_847A19E670,train
ID_847DAD9AE0,validation
ID_847E415213,final
ID_84824D6663,train
ID_84847B5ACB,train
ID_84858A591A,validation
ID_8485C13BB3,final
ID_8485E43E5B,train
ID_84867F2D6B,validation
ID_84883FB7B8,train
ID_8488E9DB0B,final
ID_848BA59C21,validation
ID_848BAC561C,train
ID_848C036344,final
ID_848DD2A8C5,validation
ID_849141C08A,validation
ID_849180DB42,train
ID_849201F753,train
ID_84948D8CB9,validation
ID_84993F8E70,train
ID_849ABA464A,train
ID_849AEE0EC4,validation
ID_84A0115132,train
ID_84A04DBC33,train
ID_84A130723F,train
ID_84A6B953EB,final
ID_84AA61E5E4,train
ID_84AB585E5D,validation
ID_84ABEDA8D2,validation
ID_84AE25D0D7,train
ID_84AE5A0CF5,train
ID_84AE86BE95,train
ID_84B0725405,validation
ID_84B199CD4A,final
ID_84B3006956,train
ID_84B49A46DC,train
ID_84B6286D27,validation
ID_84B8B4602B,train
ID_84BB9FBDCE,train
ID_84BE1D9CE6,train
ID_84C1A2FD81,validation
ID_84C1F92C40,train
ID_84C35D704C,train
ID_84C4445E7B,train
ID_84C55AF827,final
ID_84C5AFD911,final
ID_84C6F59DF2,final
ID_84C7296397,train
ID_84C8B8D446,validation
ID_84CA81B56C,train
ID_84CB1AAE84,train
ID_84CD9EB323,train
ID_84CDFFE2D1,train
ID_84CE0A3314,train
ID_84CF91F083,final
ID_84D05318FA,final
ID_84D07DFB73,final
ID_84D0D622DE,validation
ID_84D26069B2,final
ID_84D4EB019F,validation
ID_84D5722248,train
ID_84D9A41E7E,final
ID_84DAEC8564,train
ID_84DCB5557E,validation
ID_84DE599CA1,train
ID_84DE689644,validation
ID_84DEBFF405,validation
ID_84DF063430,train
ID_84DF4FD081,train
ID_84E02C0FA9,train
ID_84E0EBD67C,train
ID_84E173F0A8,validation
ID_84E41A200B,train
ID_84E5DCDDEE,validation
ID_84E610110B,train
ID_84EAB8AA7A,train
ID_84EABE9411,train
ID_84EC563B10,train
ID_84ECE992DE,train
ID_84F129725C,final
ID_84F6AF5145,final
ID_84F8E970B5,train
ID_84F918D074,final
ID_84FC3F97BC,train
ID_84FD3F1C43,validation
ID_84FEDE1093,train
ID_84FF781CBE,validation
ID_850158B753,final
ID_85033A62EB,validation
ID_85039EE649,final
ID_85048EABEC,final
ID_8508CA903C,train
ID_8509222570,final
ID_85097FAC18,final
ID_8509AFDA65,validation
ID_850C6BD896,train
ID_850C7A285A,train
ID_850C85DDFB,train
ID_850E86F26C,train
ID_850F9E4A84,final
ID_85110E0851,train
ID_8514E546E5,final
ID_85152C25BD,final
ID_85179298C2,validation
ID_851B1BD251,train
ID_851D4E6506,train
ID_851D70C25D,final
ID_851E52B964,final
ID_85206AC0E4,validation
ID_8520C75E6D,train
ID_85210B7CC2,train
ID_8523D4BD62,train
ID_8524D73DE1,final
ID_852672A6B8,train
ID_85292ED50C,train
ID_852951DDDB,train
ID_852AE38C7E,train
ID_8530E86CF0,validation
ID_85335663B2,train
ID_8534620926,train
ID_853A31B0B5,validation
ID_853AA7936C,train
ID_853CA0CDB6,validation
ID_853D9E65FA,final
ID_853EB64027,train
ID_854092AB4B,train
ID_8541E35BFE,train
ID_8545F312A1,final
ID_8547D419FE,validation
ID_854932FA5D,validation
ID_854C14E38A,train
ID_854D50A2A7,final
ID_854DCD9DD9,train
ID_8551353DBF,train
ID_855222AC08,final
ID_855310BE6B,train
ID_8555C81881,train
ID_85568CCDD0,train
ID_855881E0B5,train
ID_8558AB46F6,train
ID_8559169020,train
ID_855C827059,train
ID_855E3D6865,train
ID_8560AE7D52,train
ID_8562477CCB,train
ID_8562D2AF04,train
ID_8566D4C3C1,train
ID_8567313D7B,train
ID_8569CE5371,validation
ID_856BA5A9C3,train
ID_856BCC438F,final
ID_856CF8A1E2,train
ID_856E66BB81,validation
ID_857005CE79,train
ID_85720C23A7,final
ID_8573611E3B,validation
ID_85742C6D29,train
ID_857813C5CA,train
ID_8578BBBD88,train
ID_857A5F4A72,validation
ID_857B7B3BBA,train
ID_857C2F41B5,final
ID_857CCD683F,train
ID_857F59E922,final
ID_85813A3B71,final
ID_8584516CB0,train
ID_85872EF5D2,train
ID_858748C32A,validation
ID_858A6562A0,train
ID_858C4215B0,final
ID_858E1FC58D,final
ID_858E5C46F7,train
ID_858E7B9FD9,final
ID_8592F9505D,train
ID_85943A243D,train
ID_8595CC402B,validation
ID_85965321F0,validation
ID_85988652C5,train
ID_8599AA72AC,validation
ID_859B6EAFDF,validation
ID_859DF05066,train
ID_85A04F77EC,validation
ID_85A0938C3F,train
ID_85A5BF6EEC,train
ID_85A987D44A,train
ID_85A9AD576E,final
ID_85AB9D6AD9,validation
ID_85ACB0C9DA,final
ID_85ADA13BDF,train
ID_85AFB3EF3D,train
ID_85B04C86CD,final
ID_85B1FB72AB,validation
ID_85B3F488F6,final
ID_85B6BDAE81,final
ID_85B815E5D3,validation
ID_85B836FCE6,final
ID_85B94D0480,validation
ID_85C0FDF388,train
ID_85C1A4BF24,validation
ID_85C4B0DCEA,train
ID_85C50F9852,train
ID_85C5E4CE50,final
ID_85C6279572,final
ID_85C758A0E6,validation
ID_85C8234F8E,train
ID_85CDF1599C,train
ID_85D568996A,train
ID_85D6F654DD,train
ID_85DBD2BE6A,validation
ID_85DEF32645,train
ID_85DF6AE0D3,train
ID_85E03B4E1F,train
ID_85E126A58E,final
ID_85E59B75AD,final
ID_85E5AD3564,train
ID_85E5F8D684,validation
ID_85E6165A32,train
ID_85EBF3DD8C,train
ID_85ECF576FE,train
ID_85ED24F904,validation
ID_85F02C80E3,train
ID_85F47D6C8C,train
ID_85F542C9AD,validation
ID_85F8477E89,train
ID_85FC93644C,train
ID_85FD24980D,validation
ID_8600D01595,validation
ID_8601520E86,train
ID_860494B1D7,train
ID_86090A10D3,validation
ID_86095E876C,train
ID_860EEA90BC,train
ID_8611A69F96,train
ID_86121BABFD,validation
ID_861754F9E5,final
ID_8617EA1908,train
ID_8617ECC4C6,train
ID_861884A474,final
ID_8618E6D711,final
ID_8619A9E75B,train
ID_861C33920A,final
ID_861DB3775D,train
ID_86215C897C,final
ID_86219EBC6E,train
ID_862A71277E,final
ID_862B4400CE,train
ID_862BCFDF47,train
ID_862D88BA9D,train
ID_862F7D7E7B,train
ID_863402EE95,train
ID_8636414595,train
ID_8636B4C37B,train
ID_8638188F71,validation
ID_86394864A9,train
ID_8640643AA7,train
ID_8641DF0013,train
ID_8642096FC4,train
ID_86425DCA6D,train
ID_8642A6016F,final
ID_86431B554F,train
ID_86438BAF73,train
ID_864643E1B2,train
ID_864724BFD3,train
ID_8647469239,validation
ID_864904FBCE,train
ID_8649710796,train
ID_864A44344D,validation
ID_864A81BFFE,train
ID_864B6C0358,train
ID_864CB72221,validation
ID_864D785AE8,train
ID_864DD09FED,validation
ID_8652B52AD3,train
ID_86565B127D,final
ID_8657348C97,train
ID_8658C77387,train
ID_86597822DB,train
ID_86599FC70E,final
ID_865B01158D,train
ID_865B84C790,final
ID_865E54B534,train
ID_865F1E9D7E,train
ID_866049CA6E,train
ID_8661D3C330,train
ID_86623D2605,validation
ID_86628B36A4,train
ID_8665F9C524,train
ID_8666D78FBB,train
ID_86681608C9,train
ID_8668D9B47A,train
ID_866A55B15A,final
ID_866B6FFC00,final
ID_866BE952DC,train
ID_866DA620E1,validation
ID_866DFA4880,train
ID_866EFECB3E,train
ID_867054708D,validation
ID_86712BB350,final
ID_8675B8EE7E,train
ID_8676BF74E0,validation
ID_8678229EAF,train
ID_8678D3E37E,train
ID_8679EE92D7,train
ID_867CAA8530,final
ID_867F994485,validation
ID_8681264B09,train
ID_868265E78A,train
ID_8684FEC1DF,train
ID_8685B1A955,train
ID_86862AEDCD,train
ID_86888A9977,final
ID_86889F1F36,validation
ID_8688C25B73,train
ID_8688CFFDCA,validation
ID_8688FFE45C,train
ID_868C6795E4,final
ID_868E7EA887,final
ID_868E8552E9,final
ID_8693FA813A,train
ID_86948695B9,train
ID_869496BE9E,train
ID_869524D6AA,validation
ID_86952EBE37,train
ID_86958EC176,final
ID_8695C18553,validation
ID_869669284D,train
ID_8698581DCA,train
ID_86995A1F69,train
ID_86997267B0,final
ID_869ADFB7A3,train
ID_869B59CEA6,train
ID_869D168A28,final
ID_869D60D6F5,final
ID_86A327773D,train
ID_86A358D6A2,train
ID_86A49ABD5A,train
ID_86A566C30B,train
ID_86A582F427,train
ID_86A58975FC,train
ID_86A77A3628,final
ID_86A8C07243,validation
ID_86A960169C,final
ID_86ABFA1759,train
ID_86ADD377C8,train
ID_86B38F4934,final
ID_86B3C42A61,validation
ID_86B8332684,final
ID_86BB434247,final
ID_86BC21E648,train
ID_86BD94D14E,validation
ID_86BE9BD355,train
ID_86BFC7D2FD,validation
ID_86C0173675,train
ID_86C0CD8F2A,final
ID_86C14E48FA,train
ID_86C1E12103,train
ID_86C2097069,validation
ID_86C4D7B318,train
ID_86C6AA8151,train
ID_86C6CD1497,train
ID_86C72292E4,train
ID_86C9133E30,train
ID_86CA487F82,train
ID_86CC2BA628,final
ID_86CCA9A25F,final
ID_86CD703424,validation
ID_86CEC28F3E,validation
ID_86CED11016,train
ID_86CEFCC244,train
ID_86CFA37762,train
ID_86D028A367,validation
ID_86D044C019,final
ID_86D1E34BA0,validation
ID_86D634E7C5,final
ID_86D6D3C0EB,validation
ID_86DA4B8458,train
ID_86DD16B5C6,train
ID_86DD43B09F,train
ID_86E0C8DB62,train
ID_86E2D63958,final
ID_86E34A2F32,train
ID_86E5743C51,validation
ID_86E5FEE7B9,validation
ID_86E6E0811F,validation
ID_86E7B3666A,validation
ID_86E8A14BE9,train
ID_86EC009451,train
ID_86EF5A47B2,train
ID_86EF98FEBE,train
ID_86F5B3BB9D,validation
ID_86F7B7999B,final
ID_86F9CECA2C,train
ID_86FB16E05A,train
ID_86FB813913,validation
ID_86FC1C43EC,train
ID_86FC249A81,final
ID_86FC80E552,train
ID_86FD35DA90,train
ID_86FEE3A88E,train
ID_87000314F3,train
ID_870159356F,train
ID_8701A48D90,train
ID_8703307749,train
ID_8703376774,final
ID_870809BA87,train
ID_8708E8746F,train
ID_870940EAAC,final
ID_870B641370,validation
ID_870B712E30,validation
ID_870D076C02,validation
ID_870D21FC1E,train
ID_871176C197,validation
ID_8711DA1C19,train
ID_8714650085,final
ID_871526D1F9,train
ID_8715FE8D9B,train
ID_8716348A5E,train
ID_871A77B5E9,train
ID_871BD5FF6C,validation
ID_8723F88A5A,final
ID_87240D477F,validation
ID_8727C718E3,train
ID_8727D050E0,train
ID_8728D200F4,train
ID_872A09C3B8,final
ID_872A5EAA72,final
ID_872E018EF1,final
ID_872E9BF471,train
ID_8730834BDC,train
ID_87370D9756,final
ID_8738A24EFB,train
ID_873984A00F,validation
ID_873BB1C29C,final
ID_873E01F300,train
ID_873E50CC9C,train
ID_873F8B3558,train
ID_87457F824E,train
ID_874880AD69,train
ID_87498D9EFC,validation
ID_874C27D59D,train
ID_874C91CF3D,train
ID_874CFAD5C8,final
ID_8750ADF13E,train
ID_875199B855,train
ID_875460B2EE,train
ID_875539A314,train
ID_8755914A21,final
ID_875AEBD904,validation
ID_875C7852A8,train
ID_875DCD452A,final
ID_875DF8B25E,validation
ID_8762071338,validation
ID_87625646A5,train
ID_8762DD7C76,train
ID_8763FA2ACD,train
ID_8764A56B6A,train
ID_8765007D17,train
ID_876526604F,train
ID_876A76A4C2,validation
ID_876F03E081,train
ID_8770B3FE3E,train
ID_877287FD4A,final
ID_87737EEB63,validation
ID_877414990A,train
ID_877666ED02,train
ID_8778895B9B,train
ID_877900599D,train
ID_877A17E4F3,train
ID_877AE85FB9,train
ID_877B855042,train
ID_877C34486D,validation
ID_877E70ABB6,train
ID_8781C0336B,train
ID_878276B188,train
ID_8784FD5A95,validation
ID_8786295B3A,train
ID_8786F364F6,train
ID_878891FD93,train
ID_878954517C,train
ID_878BB2F2E2,train
ID_878CC485D7,final
ID_878D6C1D32,train
ID_87916DD402,train
ID_879472D63B,final
ID_8794F4D0C2,train
ID_879601E0AE,train
ID_87987AB7F6,final
ID_87990C1556,train
ID_879A649C76,train
ID_879E13ED92,train
ID_879EBB75B5,validation
ID_87A0CC73D1,validation
ID_87A5C00BCF,train
ID_87A6FB736A,train
ID_87A7674EEC,train
ID_87A8FEF44A,train
ID_87A986C69D,train
ID_87AAD852A1,train
ID_87ABD5D5EF,train
ID_87AC1C852B,final
ID_87AC7F1B1C,train
ID_87B00AF23A,train
ID_87B4B2A1E2,final
ID_87B790EC44,final
ID_87B861341C,validation
ID_87B8D02BD7,train
ID_87B99ACEE4,train
ID_87B9BD1B1F,train
ID_87BBE5F022,train
ID_87C0A68A57,train
ID_87C0AF1614,train
ID_87C39D2899,validation
ID_87C3BA1840,final
ID_87C7DBF80C,train
ID_87CA571C21,train
ID_87CBAD3648,final
ID_87CCB32C03,validation
ID_87CE3964C9,train
ID_87CF8312F7,train
ID_87D0E60CFE,final
ID_87D4CDDE80,validation
ID_87D5B48C7D,train
ID_87D9FBFCAE,train
ID_87DA3A27AE,train
ID_87DABC3FAE,train
ID_87DBDCB0E9,train
ID_87DC90B53B,train
ID_87DE8EDCBF,validation
ID_87DECD1EF1,final
ID_87DFD6C141,train
ID_87DFE2E0DA,train
ID_87E01055B1,train
ID_87E01755F3,train
ID_87E0326BCF,train
ID_87E0BB4A99,train
ID_87E0F34816,final
ID_87E419D127,train
ID_87E6B27251,validation
ID_87E83E1472,train
ID_87E8CB1029,validation
ID_87EC6D7D8D,train
ID_87ED21357E,train
ID_87F2DA9B98,final
ID_87F3E7B454,final
ID_87F47D807D,validation
ID_87F517C151,train
ID_87F52C4C3C,train
ID_87F6FB800B,final
ID_87FC2B8885,train
ID_87FE45B534,train
ID_87FF77CBEB,train
ID_88029631BD,train
ID_8802B371D9,train
ID_8804E6EAAA,train
ID_8805399013,train
ID_880644607A,final
ID_8806552944,train
ID_8809152D72,train
ID_880D4DEE9B,validation
ID_880EC07BD3,train
ID_8811255D77,train
ID_881373DD84,train
ID_881384FA4E,train
ID_8813F8FFAD,train
ID_8816F344F0,train
ID_88185C54D2,train
ID_8818FAAEFD,validation
ID_881CF2C744,train
ID_88292E5BC4,train
ID_8829ADEF1A,final
ID_882C58ACB5,train
ID_88302550BB,train
ID_8830AFB974,train
ID_8830D35345,final
ID_8831684519,final
ID_88318D2F53,train
ID_8834033B1A,final
ID_883447E519,train
ID_8835EB2A7C,train
ID_8835ECC1C7,validation
ID_8837512C77,final
ID_883B467281,validation
ID_883BD847DB,train
ID_883CC28FD2,train
ID_883FBAE96B,final
ID_8840F7E585,train
ID_8841962F4E,train
ID_8844523445,final
ID_88447EC0AD,train
ID_8845C65C3F,train
ID_884616FDD0,train
ID_884646EACA,validation
ID_8846E6E7AA,validation
ID_8848E0097D,train
ID_884A742BA4,final
ID_884A9B353B,train
ID_884AF790F6,train
ID_884DD9BC69,train
ID_884F6BA6AD,train
ID_88510F5A6D,train
ID_88512AA80C,train
ID_8852A1BF33,train
ID_8852C364E3,train
ID_8855A43F6D,train
ID_8856F6DA16,final
ID_8857A1FB37,train
ID_885D3E7E60,validation
ID_885FE06874,train
ID_88601503CF,train
ID_886025B55B,train
ID_88610154E0,train
ID_8863ECD808,train
ID_8865D1D224,train
ID_8866BB44E5,final
ID_8867AA4236,train
ID_886A4CAFFE,final
ID_886B3CF511,train
ID_886C0046DF,final
ID_886DD3CF70,train
ID_886E666E9E,train
ID_886F72DA76,train
ID_8870525C6B,train
ID_88705A1101,validation
ID_8871BF4829,train
ID_88724832E5,train
ID_887284658B,train
ID_8873DBCF0A,final
ID_8874C98BEB,train
ID_887C2A8CC4,train
ID_887EB5692F,train
ID_887F73BFE0,validation
ID_887FFD97F4,validation
ID_88820DE495,train
ID_8886751EB6,train
ID_8887EF7326,train
ID_888AFFA7F8,final
ID_888B60073C,train
ID_888C81474C,train
ID_888C96B669,train
ID_888CF7E786,validation
ID_888CFCB2F6,train
ID_888D1C52D4,train
ID_888D49DBF8,validation
ID_888D818C64,train
ID_888E51AE5D,train
ID_888E9D8392,train
ID_888F827FE8,validation
ID_889023B11D,validation
ID_8893C68D49,final
ID_889A24E882,final
ID_889AEE9FAF,train
ID_889D1C1424,train
ID_889F34AF8F,train
ID_889FC3C3F5,train
ID_889FEEE6D1,train
ID_88A1559726,validation
ID_88A1A370AB,train
ID_88A1E742A0,train
ID_88A349A3B6,final
ID_88A38B2ECC,train
ID_88A6155930,validation
ID_88A6B6D828,train
ID_88AA49B7DA,train
ID_88AE967F50,train
ID_88B5284C83,validation
ID_88B5384B6A,train
ID_88B5616F7C,train
ID_88B56CA318,final
ID_88B5AB8373,train
ID_88BA66D179,train
ID_88BA94BD6C,train
ID_88BAF45B3A,validation
ID_88BAFE906A,validation
ID_88BBA65429,train
ID_88BBD03525,validation
ID_88BCC8201D,train
ID_88BF42FB9A,train
ID_88C1730EDD,validation
ID_88C22B2DEF,validation
ID_88C262AA98,train
ID_88C4F11539,validation
ID_88C6D41AF5,validation
ID_88C6DE849B,validation
ID_88C6E7D1C0,train
ID_88C7FFCD1A,train
ID_88C88D6B14,final
ID_88C8EC9811,validation
ID_88C9A9EE4B,train
ID_88CAB454A2,train
ID_88CC63BE6A,final
ID_88CDB6DFCE,train
ID_88CF0D3C42,train
ID_88D07D5398,validation
ID_88D0FEB140,final
ID_88D11C235B,validation
ID_88D23E26C9,train
ID_88D39AAE78,final
ID_88D3D4AEF8,train
ID_88D62B9909,train
ID_88D648FB73,train
ID_88D7B80AFE,validation
ID_88DA8AA731,train
ID_88DC6D7DD9,train
ID_88DC8C276E,train
ID_88DDAA42F7,validation
ID_88DDF6AFD4,train
ID_88E28B48A2,train
ID_88E61DC125,final
ID_88EA81874F,train
ID_88EBA3EFDD,train
ID_88EDBB237A,train
ID_88EFFFDA16,validation
ID_88FD54806E,train
ID_88FE23B914,train
ID_8901A87203,train
ID_8902662A83,final
ID_8902963022,final
ID_8905190491,final
ID_8906A0E7EA,train
ID_8907420315,validation
ID_8907934112,train
ID_89085D9CF4,final
ID_8909927443,final
ID_890A2890A4,train
ID_890A6418CD,train
ID_890BA54B9B,validation
ID_890C96ADC9,validation
ID_890CDDED39,validation
ID_890E62EB57,validation
ID_8913760AA6,train
ID_891492909B,train
ID_8916A2E7B9,final
ID_89176E4D3C,train
ID_8917FF56C9,train
ID_89185C6B04,final
ID_891AA5BA99,train
ID_891B8FBA05,final
ID_891C34F3AC,final
ID_8923D1A964,train
ID_8928EB0F85,train
ID_8929AB974E,train
ID_8929C0CA2B,final
ID_892A63855D,final
ID_892B6F64C8,train
ID_892EFC449D,train
ID_892F110FDF,validation
ID_892FD140FE,train
ID_8933EC06C1,final
ID_8937715690,train
ID_893BE52FA5,validation
ID_893E3B5642,train
ID_89427BA61B,validation
ID_8942825105,validation
ID_8942DD96FA,train
ID_8944F9D661,train
ID_89450083BA,train
ID_894A1152A7,train
ID_894C1D1D8A,train
ID_894DB436C2,train
ID_894DBF6F73,validation
ID_894E273547,validation
ID_894E559C12,final
ID_894F5909B0,train
ID_894FF3807C,train
ID_89502087C0,final
ID_8950F6597F,train
ID_8951D1AE95,train
ID_8952AA4CB8,train
ID_89548C921C,train
ID_8957186187,train
ID_89594A3F0F,train
ID_895C9DF22D,train
ID_895D000B66,train
ID_895D66B605,train
ID_895DD26A08,train
ID_896150A678,validation
ID_8961A1F9F1,final
ID_8962CF6CDA,train
ID_896459E2AC,validation
ID_8964E1C28C,final
ID_8965544820,train
ID_8965D7E4D0,train
ID_8967FC7B79,train
ID_8969A46FB4,train
ID_8969E137C1,train
ID_8969EDC090,final
ID_896AA994D6,train
ID_8970212C01,final
ID_8970515CEA,final
ID_8976273B12,validation
ID_8976BE4582,train
ID_897AD7FC8F,train
ID_897C73632D,train
ID_898029D264,final
ID_898087C371,final
ID_898147B399,validation
ID_8981741416,train
ID_89819B7A71,validation
ID_8984C0AFE9,final
ID_898A20AB94,train
ID_898BB5BCB4,validation
ID_898CA921B5,train
ID_898E375BE2,train
ID_899023D0E7,validation
ID_899307519F,validation
ID_899850F1DE,train
ID_8998F32B3F,final
ID_8999F0E8DA,validation
ID_899ACFBD0C,train
ID_899CA0EAB8,validation
ID_899D031E23,train
ID_89A0C1B916,train
ID_89A1303680,train
ID_89A3832173,validation
ID_89A551483C,final
ID_89AA09B46A,train
ID_89AD1D37DD,validation
ID_89AE9F8F4A,train
ID_89AF94FAC9,final
ID_89B36D7675,final
ID_89B721EEF8,final
ID_89B7B80428,train
ID_89B9BED01D,validation
ID_89BD521B37,train
ID_89BD92C59A,train
ID_89BF357EB5,train
ID_89C2229FCA,validation
ID_89C29F7448,train
ID_89C36ADF60,train
ID_89C8B81924,validation
ID_89CAA24996,train
ID_89CAFAC127,train
ID_89CD7FAF8E,final
ID_89D0651D28,train
ID_89D0B981FC,train
ID_89D36B56D9,validation
ID_89D5AB3AC9,final
ID_89D847E891,train
ID_89D8C0757B,validation
ID_89D8D827D7,final
ID_89D914AF75,validation
ID_89D9978091,validation
ID_89DAF50770,train
ID_89DB3FF14C,train
ID_89DD3B08AC,validation
ID_89E22BE507,final
ID_89E2936184,train
ID_89E2C42DE7,train
ID_89E2E972F6,train
ID_89EAAD64B3,final
ID_89ED2F2760,final
ID_89EEE95EAB,train
ID_89EF9BBF0E,train
ID_89F5E36733,train
ID_89F600EE58,final
ID_89F6E620DE,final
ID_89FE52D3CE,validation
ID_89FFA7B6C3,train
ID_8A028E30DA,validation
ID_8A06EB8093,train
ID_8A0798A22E,train
ID_8A0E2DA8B1,train
ID_8A10F1EECF,validation
ID_8A12204607,train
ID_8A15A05540,train
ID_8A17500B63,train
ID_8A17C75EEB,train
ID_8A18C96A7C,train
ID_8A1AC5B13F,validation
ID_8A1ACB3101,final
ID_8A1E300B92,train
ID_8A1E7F21FE,train
ID_8A21D43D38,validation
ID_8A22CB7A35,final
ID_8A23E105F3,validation
ID_8A2795EE4B,train
ID_8A2B3AFB3B,train
ID_8A2B4328DA,train
ID_8A2FEDAC0F,train
ID_8A305561AB,train
ID_8A33350996,final
ID_8A36D8F0C5,final
ID_8A39A93D02,train
ID_8A39D7D81B,train
ID_8A39FE3541,train
ID_8A4280398C,train
ID_8A43598663,final
ID_8A45183A25,final
ID_8A4616A237,validation
ID_8A49710378,train
ID_8A4F7F1B08,final
ID_8A4FDB3FC5,train
ID_8A537CC64F,train
ID_8A539619B1,train
ID_8A5586D657,train
ID_8A573B55DF,final
ID_8A57F5E768,train
ID_8A5947113F,validation
ID_8A5AF8A105,final
ID_8A5BD15D87,train
ID_8A5D7D41B3,final
ID_8A5DCB7828,train
ID_8A5EF713DE,train
ID_8A603733EF,final
ID_8A641231E0,train
ID_8A657BE580,train
ID_8A690B6945,train
ID_8A69B9D136,train
ID_8A6D12D02D,final
ID_8A6D2386D8,train
ID_8A6EDA97CA,train
ID_8A724FA7C9,train
ID_8A7305E521,train
ID_8A731DDB10,train
ID_8A7A86C0C2,train
ID_8A7D1EF25C,train
ID_8A7D65F51B,train
ID_8A7DA63B39,train
ID_8A7FDFB0A7,train
ID_8A8090240F,train
ID_8A83A13A58,final
ID_8A842F9553,train
ID_8A85A0AED3,validation
ID_8A85B29B4F,train
ID_8A87B59D1C,train
ID_8A88E447BB,train
ID_8A89176E3E,train
ID_8A8967B1B3,train
ID_8A89D4BD7C,validation
ID_8A8BDB11BA,train
ID_8A8C3D9B82,train
ID_8A8FA198DA,final
ID_8A90F706CC,train
ID_8A95174185,train
ID_8A99082D0F,train
ID_8A9F83864C,final
ID_8AA257CF52,train
ID_8AA9D36D62,validation
ID_8AACAA3381,train
ID_8AACF2DAE0,train
ID_8AAF4112E3,validation
ID_8AB013CC17,train
ID_8AB063DA3A,train
ID_8AB11A4F9B,train
ID_8AB150936C,validation
ID_8AB2AB3232,train
ID_8AB3F824EC,final
ID_8ABE0E3F29,train
ID_8ABE235F8A,train
ID_8ABE955EEC,train
ID_8ABEB75E04,validation
ID_8ABEF966F4,validation
ID_8AC09DD605,final
ID_8AC1EBA883,train
ID_8AC3FA9665,train
ID_8AC46A904B,validation
ID_8AC472EBBE,train
ID_8AC6C63B80,final
ID_8AC6CADA81,train
ID_8AC7025564,validation
ID_8AC8E3443D,train
ID_8ACBD9D96A,validation
ID_8AD0FEEAAA,final
ID_8AD2671B12,train
ID_8AD8519E67,final
ID_8AD98C6BDD,validation
ID_8ADA25B978,train
ID_8ADD8912CB,train
ID_8ADD8A7AE9,validation
ID_8ADF8BABC8,train
ID_8AE2619FBA,validation
ID_8AE2A868F4,validation
ID_8AE2D16676,train
ID_8AE40395E8,train
ID_8AE4659C0D,train
ID_8AE57AD112,final
ID_8AEA25F1F1,final
ID_8AEA37081C,train
ID_8AEA3D39FA,final
ID_8AEE5D9B0A,final
ID_8AF3763EB8,train
ID_8AF55D6865,train
ID_8AF5D8BBE3,train
ID_8AF75B5043,train
ID_8AF7A26654,train
ID_8AF8157CB9,train
ID_8AF90C4FED,train
ID_8AFAB72535,validation
ID_8AFCF790B6,train
ID_8AFD7596BF,train
ID_8AFFFFB3E6,train
ID_8B003B88A1,train
ID_8B024F48B2,train
ID_8B039F9837,train
ID_8B0611345A,train
ID_8B06667FCB,train
ID_8B076265E1,train
ID_8B095BD1B3,train
ID_8B0ADC7730,final
ID_8B0B995655,train
ID_8B0D4810CA,final
ID_8B0F5C8845,train
ID_8B0FE895E1,train
ID_8B13DADC30,train
ID_8B147402AF,final
ID_8B15771BDF,train
ID_8B17851672,train
ID_8B1A0BA7CD,train
ID_8B2160EFE4,final
ID_8B22041A0C,final
ID_8B2406C147,train
ID_8B24EB2CF7,final
ID_8B25855EEF,final
ID_8B2719F32C,final
ID_8B2AE4BD18,train
ID_8B2BBBB73B,train
ID_8B2BF92412,train
ID_8B2C3D200A,train
ID_8B2E17E3D7,train
ID_8B30A62909,train
ID_8B3141BAE5,validation
ID_8B333FC510,train
ID_8B39EA1853,validation
ID_8B3C7FBC8E,final
ID_8B3DC3ECCA,train
ID_8B3EE95CA8,validation
ID_8B4169FA86,train
ID_8B44FC51EB,train
ID_8B457B9946,train
ID_8B465FD8F2,final
ID_8B470E9792,train
ID_8B47522407,validation
ID_8B47E14055,train
ID_8B4CAB0272,train
ID_8B4EEBC3C4,train
ID_8B5041C879,train
ID_8B58216BB0,validation
ID_8B59308A83,train
ID_8B5A310E5E,validation
ID_8B5AD3EF4C,final
ID_8B5F560B78,train
ID_8B60DD5034,validation
ID_8B655BA2E6,train
ID_8B670E26D8,train
ID_8B673E2D48,train
ID_8B6A270A47,train
ID_8B6B9FAD67,final
ID_8B6E93DA40,train
ID_8B6F02DE3E,train
ID_8B6FFE9345,validation
ID_8B72C42774,train
ID_8B72C657D5,train
ID_8B73D717BE,final
ID_8B73ECDA08,train
ID_8B75A978DF,train
ID_8B76C99326,final
ID_8B7726682C,train
ID_8B7782EBA1,train
ID_8B784E67EC,final
ID_8B793D8762,final
ID_8B7A8A2639,validation
ID_8B7F7B50AF,train
ID_8B7FF88BE1,final
ID_8B84C3C024,final
ID_8B8544BB80,final
ID_8B8A850203,validation
ID_8B8AC4A82F,final
ID_8B8EDF641E,train
ID_8B8FD545D4,validation
ID_8B917D8611,train
ID_8B932F35C1,train
ID_8B9633EFF1,validation
ID_8B9742A2DA,train
ID_8B975689DC,train
ID_8B97C2ED24,train
ID_8B9888DAE7,validation
ID_8B98C64EAD,train
ID_8B9A30059B,train
ID_8B9AE35D5C,train
ID_8B9B92F57C,train
ID_8B9C3E67AD,train
ID_8B9DFA03A6,final
ID_8B9E00CFFB,train
ID_8B9EC9B701,final
ID_8B9FA5355E,train
ID_8BA07E8719,final
ID_8BA0990040,train
ID_8BA0FB34FE,validation
ID_8BA13E9154,train
ID_8BA2FD9636,final
ID_8BA3500567,train
ID_8BA4739D70,train
ID_8BA4A83D59,train
ID_8BA6B237D0,final
ID_8BA771A1B1,train
ID_8BAA386442,validation
ID_8BAF04ACCA,final
ID_8BB1E54AF1,train
ID_8BB2AD6DF7,train
ID_8BB2CFC1FB,final
ID_8BB31BCF94,train
ID_8BB327A83C,train
ID_8BB3F4C9BE,train
ID_8BB3FE5C15,train
ID_8BB6C4F4D7,final
ID_8BBB60D876,train
ID_8BBBE0331A,train
ID_8BBCBB1567,validation
ID_8BBDF8114F,final
ID_8BBE82B449,final
ID_8BC3F9A9B4,train
ID_8BC46E411D,train
ID_8BC4881F55,validation
ID_8BC6CF8377,train
ID_8BC6E8635D,train
ID_8BC6F51EC5,train
ID_8BC7B10CFB,train
ID_8BC91EA4D8,train
ID_8BCBF1D655,train
ID_8BCC071632,train
ID_8BCE6BD0B8,validation
ID_8BD079A91B,train
ID_8BD17BFA18,train
ID_8BD2818F2D,train
ID_8BD31A2CDD,train
ID_8BD34816FA,train
ID_8BD85F4518,train
ID_8BD8D2B0FA,train
ID_8BD8EFA7F0,train
ID_8BDB6C18DE,train
ID_8BDFEC03C0,final
ID_8BE1D30234,validation
ID_8BE411262B,validation
ID_8BE4697407,final
ID_8BE916DC50,train
ID_8BEB7010BA,train
ID_8BEBBE041E,train
ID_8BEDAC6450,train
ID_8BF11CF692,train
ID_8BF23210CE,train
ID_8BF35D9996,train
ID_8BF55115A5,train
ID_8BF564DC1D,validation
ID_8BF65D6D59,validation
ID_8BF8755426,validation
ID_8BF8FC7498,train
ID_8BF951DA36,validation
ID_8BFB1B5256,train
ID_8BFB7672EA,validation
ID_8BFDB69DFA,final
ID_8BFE19E891,train
ID_8C00255D5D,train
ID_8C00D5E26A,train
ID_8C01F44DD3,final
ID_8C030E3501,train
ID_8C042EF568,train
ID_8C053EC9E4,train
ID_8C0643CCAD,train
ID_8C0763ED42,train
ID_8C0A1C3575,validation
ID_8C0B2C43CA,train
ID_8C0BA566B7,train
ID_8C124F4DB2,final
ID_8C12A24B15,validation
ID_8C12DB0A51,final
ID_8C17D65A70,train
ID_8C17FB8242,train
ID_8C1962CA51,validation
ID_8C19B0E028,validation
ID_8C1FBD1AED,train
ID_8C206F2053,train
ID_8C2251D1F9,final
ID_8C23483DB7,final
ID_8C27462806,train
ID_8C28BE0CAD,final
ID_8C29B7D43D,train
ID_8C29B9F167,train
ID_8C2A303068,validation
ID_8C2AABCCFB,train
ID_8C2E3CF3EB,train
ID_8C2F6ED8C0,final
ID_8C2FE605A1,final
ID_8C32CBF52D,train
ID_8C357C76DA,validation
ID_8C36E53A4D,validation
ID_8C38993D06,final
ID_8C38A6970B,train
ID_8C3AAA408A,train
ID_8C3B29CFC2,final
ID_8C3E02F5F6,train
ID_8C439F2D83,final
ID_8C46FC5E72,final
ID_8C4ABE2C82,train
ID_8C4DB8AC43,validation
ID_8C4E31EFC5,train
ID_8C4EBF3586,train
ID_8C5012CCA1,final
ID_8C509BB33D,validation
ID_8C522AAC23,train
ID_8C52C4F553,train
ID_8C539840C6,train
ID_8C54596826,train
ID_8C58EADCDB,train
ID_8C5AC9B566,train
ID_8C5B3CB18D,train
ID_8C5EF7D341,train
ID_8C5FEF02C3,train
ID_8C62D64211,train
ID_8C63417840,train
ID_8C6778A033,train
ID_8C68B44ECD,train
ID_8C68D50C3D,final
ID_8C69631AF4,final
ID_8C69B17874,validation
ID_8C6A0A53E4,validation
ID_8C6AB28953,validation
ID_8C6CFE4E87,train
ID_8C6E654AE5,final
ID_8C6ED50769,validation
ID_8C6FA88DE1,train
ID_8C73587083,train
ID_8C735CBF78,train
ID_8C73D7FAFA,train
ID_8C74EE70C9,final
ID_8C77913FF8,final
ID_8C77920873,final
ID_8C7810213D,validation
ID_8C7A061B07,final
ID_8C7A43696E,train
ID_8C7C6AE0F3,train
ID_8C7DC50BAD,final
ID_8C80866BA8,train
ID_8C8175A6EC,train
ID_8C819504A2,train
ID_8C840573E8,train
ID_8C844F8DE3,final
ID_8C873275F3,final
ID_8C883E6A97,train
ID_8C88C9D930,validation
ID_8C8C49D8A4,validation
ID_8C8DAC9A78,validation
ID_8C8DE6F875,final
ID_8C8E683941,train
ID_8C8F193F90,final
ID_8C8FA3A612,train
ID_8C905C25F5,train
ID_8C9205E898,train
ID_8C94ACB6BD,train
ID_8C9650CCEA,final
ID_8C98A128AF,final
ID_8C9B638F3F,train
ID_8CA039BF5C,train
ID_8CA1B4BB38,train
ID_8CA4150CBE,train
ID_8CA4C60D96,train
ID_8CA7FDAC77,validation
ID_8CA90E3DC2,validation
ID_8CACF87108,train
ID_8CAD9B75DC,train
ID_8CAE103D5E,train
ID_8CB01B86EB,train
ID_8CB05847E7,train
ID_8CB49E3174,train
ID_8CB5109AF5,train
ID_8CB7913A7F,final
ID_8CB7DB8529,validation
ID_8CB83F7928,train
ID_8CB8A81DCD,final
ID_8CB8CE9F3A,train
ID_8CB927FD70,train
ID_8CBAECC223,train
ID_8CBD36CF86,validation
ID_8CBD444CAF,final
ID_8CC127C283,train
ID_8CC215F6B9,train
ID_8CC2C027EE,final
ID_8CC2CC0F10,train
ID_8CC308177E,train
ID_8CC5738FF3,train
ID_8CC60BBE29,train
ID_8CC66E6518,validation
ID_8CCE52F453,validation
ID_8CCF0E4D6C,train
ID_8CCF855B31,train
ID_8CD689CAC7,train
ID_8CD785E947,validation
ID_8CD7DA93E8,validation
ID_8CDA3A2D77,train
ID_8CDA88F2C8,train
ID_8CDB65230A,train
ID_8CDBF1702F,train
ID_8CDE3E1AD8,train
ID_8CDE9DF9A3,train
ID_8CDFAFBD57,validation
ID_8CE0237FDA,train
ID_8CE1842615,train
ID_8CE450F919,train
ID_8CE5F56AF4,train
ID_8CE6FE4DCB,train
ID_8CE7E30E28,train
ID_8CE90956D9,final
ID_8CE9D557DE,train
ID_8CEBC6A13E,train
ID_8CEF5349B3,train
ID_8CF073B819,validation
ID_8CF42442E6,train
ID_8CF9CB15AA,train
ID_8CFB2D0A1E,train
ID_8CFB2EF265,validation
ID_8CFB34BD8B,train
ID_8CFCFBE3B6,validation
ID_8CFDC9C56B,final
ID_8CFE5269D6,train
ID_8CFFCC4F81,train
ID_8D032BE22D,train
ID_8D04683E82,final
ID_8D076534B6,train
ID_8D078289A8,final
ID_8D08599C92,train
ID_8D09AEDE1F,train
ID_8D0A632DCF,validation
ID_8D0C29A188,train
ID_8D0D91F0BE,final
ID_8D0F2C031D,train
ID_8D0F941678,train
ID_8D116B5809,validation
ID_8D11925F04,train
ID_8D14876D95,train
ID_8D14D06804,train
ID_8D15ECF228,final
ID_8D192EE80D,train
ID_8D1D3AD404,train
ID_8D20C3BFDE,validation
ID_8D211BEA07,train
ID_8D2431CCB4,train
ID_8D24D4318E,train
ID_8D2664524B,final
ID_8D29D24469,train
ID_8D2B0B839D,validation
ID_8D2F2AF37D,train
ID_8D3087B6F6,final
ID_8D337A7DD6,validation
ID_8D3474CF88,train
ID_8D34B89F53,train
ID_8D354B60CF,final
ID_8D3785BC49,final
ID_8D38BDF3D8,train
ID_8D3A95E915,final
ID_8D3AB117CA,train
ID_8D3B2C3F8C,validation
ID_8D3C4C36A5,train
ID_8D41509A03,validation
ID_8D416E1E81,train
ID_8D41CBF1B4,train
ID_8D428BF873,validation
ID_8D44876596,train
ID_8D44CE4428,train
ID_8D4F92705A,train
ID_8D4FB18601,final
ID_8D5177DCA5,train
ID_8D51A2088F,train
ID_8D54C75B32,train
ID_8D54F99C0A,validation
ID_8D55C718E9,final
ID_8D57D0153C,train
ID_8D5AFBFEAA,train
ID_8D5FBB2F64,train
ID_8D607B614D,validation
ID_8D6158D51F,validation
ID_8D63441C53,validation
ID_8D63E61E00,train
ID_8D641669DD,train
ID_8D648C3D4B,final
ID_8D66ECF5EC,train
ID_8D6B7DF5F7,final
ID_8D6BD2B488,train
ID_8D6D5B06CE,train
ID_8D6D73ED51,train
ID_8D6FD1EBE1,final
ID_8D701EC3A8,train
ID_8D702FC357,validation
ID_8D70F3A630,validation
ID_8D744D0538,validation
ID_8D7476EA96,validation
ID_8D74840AD2,train
ID_8D78BBBE22,train
ID_8D79408746,train
ID_8D7C984D0E,validation
ID_8D7EB08209,train
ID_8D7F22D9E7,validation
ID_8D86442A20,train
ID_8D89CA1F80,validation
ID_8D8AB92EF2,train
ID_8D8D203ED5,train
ID_8D91567FEB,final
ID_8D937DD6CC,validation
ID_8D977D2806,train
ID_8D9C107FE7,train
ID_8D9CB62BF1,final
ID_8D9D62403B,train
ID_8D9DB1B89B,train
ID_8D9E50E787,train
ID_8DA1C9D88C,train
ID_8DA2D51D82,validation
ID_8DA34F347D,final
ID_8DA4C39E64,train
ID_8DA5B242F4,train
ID_8DA630EB8A,train
ID_8DA7DA20BF,validation
ID_8DA7F72D92,train
ID_8DA8A23EF9,train
ID_8DA8E3FFD4,validation
ID_8DA9EE1DE7,validation
ID_8DAB401955,final
ID_8DAB61E070,final
ID_8DAC31E047,final
ID_8DAD57E8F7,train
ID_8DAEF47D7F,train
ID_8DAF0E5019,train
ID_8DAFBB124E,train
ID_8DB012A1BC,train
ID_8DB02F3E2F,validation
ID_8DB3987262,final
ID_8DB416CFC9,final
ID_8DB4276FBB,train
ID_8DB5B3C03E,train
ID_8DB8FFB755,train
ID_8DB9B9F76F,train
ID_8DB9EB8F32,train
ID_8DBB033157,train
ID_8DBB5A0986,train
ID_8DBB989888,train
ID_8DBDCA8FE2,train
ID_8DBF4043C3,train
ID_8DBF51AF92,train
ID_8DC030FBD3,train
ID_8DC098DD3F,train
ID_8DC0E5F679,train
ID_8DC21CC106,validation
ID_8DC25D7998,train
ID_8DC546FE10,train
ID_8DC61E3386,validation
ID_8DC7543D08,train
ID_8DC943E8E0,train
ID_8DCC1BE20A,train
ID_8DCC80275B,train
ID_8DCCE7CA64,train
ID_8DCDCB57A0,final
ID_8DCF3EB253,train
ID_8DD0B89567,train
ID_8DD4B4A5C1,validation
ID_8DD4D4D657,train
ID_8DD4F84045,validation
ID_8DD5DDB9A3,validation
ID_8DD63FA144,validation
ID_8DDE5591EB,train
ID_8DE191B46C,train
ID_8DE2B07EDA,validation
ID_8DE3BC9A86,validation
ID_8DE6AFB613,train
ID_8DE732D5CE,train
ID_8DE79E7EFA,final
ID_8DE93DE6DC,train
ID_8DEA1CCADC,train
ID_8DEA46C1F1,train
ID_8DEC0E2113,train
ID_8DEC4EB85D,validation
ID_8DEF8653A1,validation
ID_8DEF921ACA,final
ID_8DF0E72B52,train
ID_8DF5EE56B2,final
ID_8DF5F956C6,validation
ID_8DF8594B2A,validation
ID_8DFBC90556,final
ID_8DFCE1D7C5,train
ID_8DFDC6FB50,train
ID_8DFEAA3876,validation
ID_8DFF364E16,train
ID_8E01208901,final
ID_8E01B527E2,train
ID_8E02143AAF,train
ID_8E027A277E,final
ID_8E05598692,validation
ID_8E0780839C,train
ID_8E07A931C7,train
ID_8E0B0872B6,train
ID_8E0B4700F7,train
ID_8E0F628413,train
ID_8E14B5AD22,final
ID_8E15AEFA01,train
ID_8E167AA85A,final
ID_8E1955B47A,final
ID_8E1A28FBC6,train
ID_8E1C315527,train
ID_8E21996548,train
ID_8E21BDAD1D,train
ID_8E23795B45,final
ID_8E24240834,final
ID_8E24B41357,final
ID_8E29BD325D,final
ID_8E2AAF3DB2,train
ID_8E2C8E1223,train
ID_8E311D5D24,train
ID_8E3135B57A,train
ID_8E315E66FA,train
ID_8E349AC22E,final
ID_8E35462585,final
ID_8E355C3FDD,train
ID_8E37662B00,train
ID_8E37B73C71,train
ID_8E37D510B0,train
ID_8E381FF721,validation
ID_8E38A253D3,train
ID_8E38E0CECE,validation
ID_8E3B7A8EA4,train
ID_8E3D74CAD5,final
ID_8E3DFC1D7A,final
ID_8E3E3D0A0C,validation
ID_8E3F42B08F,train
ID_8E4275AA0A,final
ID_8E475D19EC,train
ID_8E492EEA4A,validation
ID_8E4952D5E2,final
ID_8E496236B7,train
ID_8E4CBF17FE,train
ID_8E4CFA1A87,train
ID_8E4D94EDC1,train
ID_8E52FD9E79,train
ID_8E530E0289,validation
ID_8E55A63CCA,validation
ID_8E55C41460,train
ID_8E561F3592,final
ID_8E56B61F4F,final
ID_8E57C61162,train
ID_8E58D6FE75,train
ID_8E59265932,train
ID_8E5A6DC55B,train
ID_8E5C463B8C,validation
ID_8E5C4B5040,final
ID_8E5D49F213,validation
ID_8E5D80585C,final
ID_8E61497B22,validation
ID_8E625AD439,validation
ID_8E62E724DF,validation
ID_8E69AEA12F,validation
ID_8E6AA7FB77,train
ID_8E6B47A846,train
ID_8E723CC54C,train
ID_8E7426ECBC,train
ID_8E744729D0,validation
ID_8E760D7869,validation
ID_8E76945279,train
ID_8E77F4874A,final
ID_8E78DD8EFD,train
ID_8E7B7227A5,validation
ID_8E7C8528A7,train
ID_8E8119784C,train
ID_8E84DF91AA,train
ID_8E8778E950,validation
ID_8E87F08542,train
ID_8E89E2894D,train
ID_8E8CAE86C4,train
ID_8E8F034CAF,train
ID_8E919009A7,train
ID_8E93129D62,train
ID_8E935BEBD6,train
ID_8E9424753E,train
ID_8E943947D7,train
ID_8E96362535,train
ID_8E9A7A826E,final
ID_8E9BCC8744,train
ID_8E9E8373C6,validation
ID_8E9FE9572C,train
ID_8EA0A9B340,validation
ID_8EA92DE343,train
ID_8EAA22CC13,final
ID_8EAA3F8358,final
ID_8EAC977C4C,train
ID_8EAE832167,train
ID_8EB15F1A9D,train
ID_8EB2D378A3,train
ID_8EB3874C0C,train
ID_8EB451D0E2,validation
ID_8EB61188CF,train
ID_8EB7E43E97,train
ID_8EB8203A97,final
ID_8EBAF8BBD3,final
ID_8EBC7E5729,final
ID_8EBE078B9D,train
ID_8EBE224480,train
ID_8EBE798DA5,train
ID_8EBEAA8332,train
ID_8EBF1CA5E3,final
ID_8EBF927F24,train
ID_8EC0E4948C,validation
ID_8EC2746563,train
ID_8EC555FA0F,validation
ID_8EC586F4C4,train
ID_8EC80362B3,train
ID_8EC8138764,train
ID_8EC8EB0F85,validation
ID_8EC9C4C8C2,final
ID_8ECA5DDA79,train
ID_8ECAB100E6,validation
ID_8ECAF96857,final
ID_8ECC5F835B,train
ID_8ECF44C028,final
ID_8ED27D8DAF,validation
ID_8ED42AB608,train
ID_8ED44C8B12,validation
ID_8EDE64AF3F,train
ID_8EDEA5C814,train
ID_8EDFD0A763,validation
ID_8EDFEE5DE9,train
ID_8EE1A172AF,train
ID_8EE5E81E3D,validation
ID_8EE8B9DEAC,validation
ID_8EEE6ABB63,validation
ID_8EF16ADC6B,train
ID_8EF3466667,train
ID_8EF3AC0067,train
ID_8EF3D3807F,train
ID_8EF607F90C,final
ID_8EF7B2F508,train
ID_8EF9460865,train
ID_8EF97FFC4C,final
ID_8EF9A63FF5,final
ID_8EFA0DBFCC,validation
ID_8EFA80466D,final
ID_8EFB1843BA,train
ID_8EFEB990C6,train
ID_8F012FF794,train
ID_8F02B286C9,validation
ID_8F03E35C08,train
ID_8F0537B413,train
ID_8F062A6C61,train
ID_8F064543CB,train
ID_8F090B2826,train
ID_8F09264D1A,train
ID_8F09773767,train
ID_8F0D943F72,train
ID_8F0FAD8226,train
ID_8F0FE30521,train
ID_8F1023E180,final
ID_8F10880D41,final
ID_8F12A306D2,train
ID_8F151B6AD3,train
ID_8F162C80C4,validation
ID_8F189A7C16,train
ID_8F1985CFBD,train
ID_8F1B13E9ED,train
ID_8F1B6023A9,validation
ID_8F1C66F104,train
ID_8F1F9D5BC8,validation
ID_8F23438F78,validation
ID_8F23B2BCC6,final
ID_8F23CDC181,train
ID_8F25D943EB,train
ID_8F2626F6AC,train
ID_8F28581D51,train
ID_8F2864295A,train
ID_8F28F54CD1,final
ID_8F2EE725A5,train
ID_8F2F153D90,validation
ID_8F309D29EA,train
ID_8F314866A8,train
ID_8F317D5BF0,train
ID_8F34DA05AE,train
ID_8F351BB271,final
ID_8F362A955F,train
ID_8F36369EC5,train
ID_8F3723B37B,validation
ID_8F375218F5,train
ID_8F37D870BE,validation
ID_8F382D2D8B,train
ID_8F38B01808,validation
ID_8F3C663162,train
ID_8F3DF3D5F6,train
ID_8F406D3BB1,train
ID_8F40A366B4,train
ID_8F4286B8D1,validation
ID_8F42D12354,final
ID_8F42E6D5ED,validation
ID_8F4533227E,validation
ID_8F4D33F8E1,final
ID_8F4E6C63C0,train
ID_8F513577FD,train
ID_8F537F068C,train
ID_8F5380C564,final
ID_8F5416DDE1,final
ID_8F54A9C17E,train
ID_8F55C3C297,final
ID_8F55CA2C1C,final
ID_8F569373B4,train
ID_8F56A51DD8,final
ID_8F56AF987C,train
ID_8F57931EEF,validation
ID_8F5813FF99,final
ID_8F5C58BAFD,train
ID_8F5F116DBE,final
ID_8F5F491554,train
ID_8F61A9BF2C,final
ID_8F63F6113A,train
ID_8F64D3F12F,train
ID_8F68F8F754,validation
ID_8F69E8606C,train
ID_8F6BD5B0C1,train
ID_8F6CD806A8,train
ID_8F6DB2BE51,final
ID_8F6F6D21BE,final
ID_8F7355A79C,final
ID_8F738CBD34,train
ID_8F73D23417,train
ID_8F746EF595,train
ID_8F74A28B8F,final
ID_8F760E96DA,train
ID_8F778CD93D,train
ID_8F7B08C710,final
ID_8F7B979527,train
ID_8F7EB1BAC6,validation
ID_8F7EBD78F5,final
ID_8F804290C8,train
ID_8F820E1EDC,train
ID_8F84891979,train
ID_8F8671947C,final
ID_8F8C61F9A3,train
ID_8F8C778DEF,validation
ID_8F915AEE21,validation
ID_8F93700A14,final
ID_8F942BD25C,train
ID_8F96D39E5B,validation
ID_8F98D81A24,train
ID_8F99CB3341,final
ID_8F9CE38766,train
ID_8F9EE7AD78,train
ID_8F9F959214,train
ID_8F9FA42646,validation
ID_8FA199916F,train
ID_8FA2A5B0DA,train
ID_8FA3168145,train
ID_8FA94A4D76,final
ID_8FAA96CE5B,final
ID_8FAB35829A,train
ID_8FADED3CD3,train
ID_8FAFCBDEA4,final
ID_8FB0198ED7,train
ID_8FB41A63F5,train
ID_8FB448884A,train
ID_8FB4962CD5,train
ID_8FB6AA4FEE,train
ID_8FB78B1F3E,train
ID_8FB983C0C3,final
ID_8FBA1A929A,final
ID_8FBF55A934,train
ID_8FBF6607F0,train
ID_8FBF7B944D,train
ID_8FBFBE430E,train
ID_8FC0609C56,train
ID_8FC254AD91,train
ID_8FC33D9620,train
ID_8FC3B85863,final
ID_8FC79A50B6,train
ID_8FC8474670,validation
ID_8FC91FA004,train
ID_8FC961B28F,validation
ID_8FCC134295,train
ID_8FCC1C38A9,train
ID_8FCD6F1AA8,train
ID_8FCE311A49,train
ID_8FD11EB078,train
ID_8FD2DBD5DE,final
ID_8FD305F6DF,train
ID_8FD561EE09,train
ID_8FD56CBFEE,validation
ID_8FD5D82D59,train
ID_8FD65A895D,train
ID_8FD9968E31,train
ID_8FDA989867,train
ID_8FDBA24B6F,validation
ID_8FDC77D4D4,train
ID_8FDD8D11D2,validation
ID_8FDE22EBF5,train
ID_8FDEFDB4DF,final
ID_8FE03E8D40,train
ID_8FE26AF1BD,train
ID_8FE3724FCF,validation
ID_8FE4E2EEA9,train
ID_8FE593CCAC,train
ID_8FE747857C,train
ID_8FE8312682,train
ID_8FEAF4EE45,final
ID_8FF16923B3,train
ID_8FF18858F5,validation
ID_8FF1BAFF8C,validation
ID_8FF32DC970,train
ID_8FF340EED6,train
ID_8FF3577447,validation
ID_8FF3FF006B,train
ID_8FF5F8933D,final
ID_8FF99FC314,train
ID_8FFA0782D1,final
ID_8FFD25BE1F,validation
ID_8FFDBC41C7,validation
ID_90001E2A18,validation
ID_900170C6FD,train
ID_90022548F8,train
ID_9007945BB9,train
ID_900839E03B,validation
ID_900AB1DBB9,final
ID_900D1D4F24,final
ID_900DDE3544,final
ID_90140EA508,validation
ID_9015EE2466,train
ID_9017C8088B,train
ID_901CD0BA5D,validation
ID_901DA40EC4,train
ID_901FD90BE0,validation
ID_9022907220,train
ID_90256E49BD,train
ID_9025C0310F,validation
ID_9027300A50,validation
ID_9027935EDD,train
ID_9027946CE7,train
ID_902854F806,train
ID_9028951A38,train
ID_9028BFFF99,final
ID_9028E90ECD,train
ID_9029C7831C,train
ID_902E0AC97B,final
ID_9032B64E70,train
ID_9034D6030D,train
ID_9036D385D6,train
ID_9038110142,train
ID_90382EDB79,final
ID_90385600D8,train
ID_903C0C2147,validation
ID_903D04C256,train
ID_9040AE1F81,train
ID_9042866168,train
ID_9043609C7A,train
ID_9047AD9A4B,train
ID_90486ED7BB,train
ID_9048F1A2D1,train
ID_9049B6BF6A,final
ID_904B344129,train
ID_904C3F3575,train
ID_904C47A268,validation
ID_904DF8ACB2,train
ID_904E2B30C3,final
ID_904FF1DEDA,final
ID_905143B04E,final
ID_90521AD364,train
ID_905311BBF8,train
ID_90536294E4,train
ID_90540687A0,final
ID_90549A560B,train
ID_9056FC8340,train
ID_9057384B62,train
ID_905795715D,train
ID_905AFF27D7,train
ID_905BD4F2BE,validation
ID_905CB0F120,validation
ID_905CEC2EB8,train
ID_905CF1D23F,train
ID_905D7CCEA7,final
ID_905FDB3E3C,train
ID_90609241BE,final
ID_90609D5ADD,validation
ID_906332E904,train
ID_9064C66BE8,validation
ID_90660F1FB2,train
ID_906633B94B,final
ID_90695A5DC1,train
ID_906B9FB300,train
ID_906E9813A8,train
ID_9071524ACE,train
ID_9071EDC338,validation
ID_9078E624DC,train
ID_90792AB8F8,train
ID_90794FEB7C,train
ID_907A5372A4,validation
ID_907B772554,train
ID_907BCBEB2B,validation
ID_907C41FAA6,validation
ID_907E3B73F7,train
ID_907E526669,validation
ID_9082077432,final
ID_9082746435,validation
ID_9083067071,validation
ID_90834E3A8C,train
ID_9083A68D99,train
ID_9083B36BE1,train
ID_9084127E18,final
ID_9084C639A5,validation
ID_9085B2B452,train
ID_90877218DE,validation
ID_9087BF89A5,train
ID_908A8798CF,train
ID_908C0DB793,train
ID_908FB1D50C,final
ID_908FF3E1C5,validation
ID_9091057048,final
ID_909264E3C9,train
ID_90957BB8BB,train
ID_9095BA1298,final
ID_9096DE86DE,validation
ID_90976B030E,train
ID_9097AF04A7,validation
ID_9097C7B119,train
ID_90986430A8,validation
ID_9099777749,train
ID_909A8EBE26,train
ID_909B62EAA8,train
ID_909BCB36A1,train
ID_90A1C892E9,validation
ID_90A4B84BE3,train
ID_90AC416C05,validation
ID_90AD9C7B93,final
ID_90AF2CCB73,final
ID_90AF4B12A1,final
ID_90AFCC1517,final
ID_90B35C1613,train
ID_90B55533FB,train
ID_90B6F04562,validation
ID_90B6F95F8C,train
ID_90BA0D18B6,train
ID_90BA21E360,validation
ID_90BBCC0837,validation
ID_90BC0E4CE8,train
ID_90C13E2BB1,train
ID_90C299F197,train
ID_90C353DE55,final
ID_90C3FFD31E,train
ID_90C58DBC1F,train
ID_90C7026883,train
ID_90C81A0602,validation
ID_90CA9D6305,final
ID_90CADAF35A,train
ID_90CBB8E6B2,train
ID_90CF83E2A5,train
ID_90D1B78561,validation
ID_90D1EA8021,validation
ID_90D5380EAA,validation
ID_90D559DC91,train
ID_90D62C81AF,train
ID_90D6A20B30,validation
ID_90D83968CD,train
ID_90D89FF648,validation
ID_90D8EB1AF2,train
ID_90DE84C9B0,train
ID_90E0D78838,train
ID_90E12E93DA,final
ID_90E4284EC3,train
ID_90E4689471,train
ID_90E58414C4,final
ID_90E5F78520,train
ID_90E626A5FD,train
ID_90E8ADC02E,final
ID_90E92A1D0E,train
ID_90EBC3B404,train
ID_90EF729617,train
ID_90F1635D4B,train
ID_90FA69DE25,train
ID_90FB98DA3B,train
ID_90FC1318B0,train
ID_90FCC5882A,train
ID_90FEA20109,train
ID_90FF186FFF,train
ID_90FFD969B6,train
ID_910062B6CE,train
ID_9103BEA0FD,validation
ID_910495FF1F,train
ID_910783BE51,train
ID_91085E43CE,final
ID_9108D0C795,train
ID_910C6A58E6,final
ID_910D2249C0,train
ID_910EC47040,train
ID_910ED58F6C,validation
ID_910F69DD49,train
ID_910FEE25ED,train
ID_91100B533B,final
ID_91101AAEF4,train
ID_9111C95531,train
ID_9114228FC4,validation
ID_91159F25DF,validation
ID_91159F2EE4,final
ID_911652CBA9,validation
ID_91177EF8EB,final
ID_9118D96A59,train
ID_911998BF49,final
ID_911C74D462,final
ID_911F812A5C,train
ID_9123A97F86,train
ID_912433D739,final
ID_9124EBDAE2,train
ID_912663C2EA,train
ID_9126835F95,train
ID_91294BF480,train
ID_9133B46543,train
ID_91343EF5E2,validation
ID_91362CBDFB,train
ID_9136ED2120,validation
ID_91393B7899,train
ID_913EEF662E,validation
ID_913F198178,train
ID_9141CAC9AB,train
ID_9143B79DA6,validation
ID_9143DB0CDD,train
ID_9147B781E3,train
ID_914A034A23,final
ID_914B151011,train
ID_914EADC530,final
ID_915212B0A6,final
ID_9154892C4E,train
ID_915B673B8A,train
ID_9161708C53,final
ID_916175ECFD,validation
ID_916194A714,final
ID_916380F156,train
ID_9163BDD61D,train
ID_916490D0D8,train
ID_91658CA369,train
ID_91659F753E,train
ID_916A12231A,train
ID_916A2491CD,validation
ID_916E4AB666,validation
ID_916F14FED8,train
ID_91722F5962,train
ID_9172AD7C45,validation
ID_9175364EF8,validation
ID_917B6A14BF,validation
ID_917B7FBE7C,train
ID_917BF9F42D,train
ID_917C56CAF9,train
ID_917D35AF02,train
ID_917FC17B30,train
ID_9180292831,final
ID_918742D687,train
ID_918776D9FF,train
ID_91890091F4,train
ID_918BC84950,validation
ID_918BF36415,validation
ID_918C7F2892,validation
ID_918E24B5A9,final
ID_918E27D5B6,train
ID_918E48D23E,train
ID_918FB7C0D0,train
ID_9191DA4EB9,train
ID_9192CBA37E,train
ID_919449EFA9,train
ID_9195279007,train
ID_919581FD6E,validation
ID_9197E02E1B,train
ID_919952EBEF,train
ID_9199D465C3,final
ID_919B556DBD,train
ID_919C83AEBC,train
ID_919D94F187,train
ID_91A007D4F4,train
ID_91A2C1827A,train
ID_91A2E7CEFF,train
ID_91A3562C50,train
ID_91A75EBBDA,train
ID_91A7807BCB,final
ID_91A95A5A8D,train
ID_91AA39DBEE,validation
ID_91AA7E7ED6,train
ID_91AC61F159,train
ID_91AD50685B,final
ID_91B405C3D4,train
ID_91B47A81A1,train
ID_91B5EB13DD,train
ID_91B7D22EAB,train
ID_91B881C58C,validation
ID_91BBCB532C,train
ID_91BFA4F018,validation
ID_91BFEC867C,final
ID_91C0FBD122,final
ID_91C334B098,final
ID_91C83136F0,final
ID_91C87FA8F1,train
ID_91C980EE55,final
ID_91C9FDBD7F,train
ID_91CAD6E5F0,final
ID_91CD283808,final
ID_91D0038E77,train
ID_91D02E4078,final
ID_91D04E57E8,train
ID_91D2986EF4,train
ID_91D59C912E,validation
ID_91D84F3643,final
ID_91E2FE0018,final
ID_91E8B008B9,validation
ID_91EADE2E21,train
ID_91EBE6414D,final
ID_91ECE231B0,train
ID_91EDB95957,train
ID_91EE41F63E,final
ID_91F2800DE4,validation
ID_91F379C7C9,train
ID_91F5BC8599,train
ID_91F5EC3128,final
ID_91F6886D43,validation
ID_91F6A4BC13,final
ID_91F70D7823,validation
ID_91F7F93842,train
ID_91F896A78B,train
ID_9202BC72B3,train
ID_920358299B,train
ID_9203A54C9C,train
ID_9204169BF7,train
ID_920466896B,validation
ID_92081BAC97,train
ID_920915441F,train
ID_920C26585F,train
ID_920CF69F2D,final
ID_920D0EF95C,train
ID_920D307114,final
ID_920D43F672,train
ID_920E7587CE,train
ID_920EDA02F5,train
ID_920FF41EEE,validation
ID_921251868F,train
ID_92152AA9FA,final
ID_92206D8090,train
ID_9223320D24,final
ID_922347C1EE,train
ID_922A597ECA,final
ID_922AF4F872,train
ID_922CC21C70,train
ID_922D79CED3,validation
ID_922DD0DEBA,final
ID_922E8409A6,train
ID_9231A10DDA,train
ID_9233BD47F4,validation
ID_923880DD62,train
ID_923897A52D,train
ID_923BA948F9,train
ID_923BB9FB07,train
ID_923DA32701,train
ID_923E51087F,train
ID_9243ED97F4,train
ID_9244DC8CE4,final
ID_924620BD52,train
ID_924731EAFA,train
ID_92483C7D5B,train
ID_924AD7FD45,final
ID_924BA95EF7,validation
ID_924F20B336,train
ID_925424CAA0,final
ID_9254FBD135,validation
ID_9256104C96,train
ID_925619A95D,train
ID_9257E433D8,train
ID_925E7BB96E,train
ID_925EF6D2B0,final
ID_926C2A43E7,final
ID_926C8CC914,train
ID_926DB97E9A,final
ID_926DC3FEA7,validation
ID_926E1D9C0D,train
ID_926FE3D81E,train
ID_92722529F1,train
ID_9272BFC605,train
ID_9273A520ED,train
ID_92767729A8,final
ID_927783FB16,validation
ID_9279CE8252,train
ID_927B8B310D,train
ID_927E68FB01,train
ID_927E7BEB35,final
ID_927FEC0D2F,final
ID_9281720FF8,final
ID_9281C0D2EF,train
ID_9285A88D67,train
ID_9286D3BC17,train
ID_92891B5F36,train
ID_9289C89282,train
ID_928B7CFCD5,train
ID_928C4E8DEF,train
ID_928C8CECE6,train
ID_928CEC015A,validation
ID_928F20B287,train
ID_928F7BD3CB,train
ID_92936E99D0,validation
ID_9294416513,final
ID_9295898D60,train
ID_9297C28677,final
ID_92995EBD0B,train
ID_929B102D77,train
ID_929BA72D88,final
ID_929E6990B6,train
ID_929F0ADF7D,train
ID_92A0C46880,train
ID_92A30B667B,validation
ID_92A3D5CC65,train
ID_92A7113509,final
ID_92A78DF1A0,train
ID_92A7C90833,train
ID_92A9D53EC3,train
ID_92AED32A02,train
ID_92B14D9011,final
ID_92B419D09E,train
ID_92B59F3703,train
ID_92B5C1B2CC,train
ID_92B6B6191A,train
ID_92B87C7EE2,validation
ID_92B9AF2D2B,validation
ID_92BBAB71B7,train
ID_92BBAD06EE,train
ID_92C0B7CB05,final
ID_92C25BDF0A,train
ID_92C503EB04,train
ID_92C7379715,train
ID_92C848428F,train
ID_92CC5C8ECD,final
ID_92D1814D34,validation
ID_92D21936CB,final
ID_92D3505061,train
ID_92D6403D03,train
ID_92D72B0C58,train
ID_92D8669549,train
ID_92D9333445,final
ID_92D9FBB700,train
ID_92DAE6DAE1,train
ID_92DC7BA648,final
ID_92DD7B065C,validation
ID_92DDB79A8C,train
ID_92DF7AAB90,train
ID_92DF851939,final
ID_92DFC2F175,train
ID_92E0EE6370,train
ID_92E1162DB8,final
ID_92E135A724,train
ID_92E338B5AF,train
ID_92E3DE8012,train
ID_92E3E793DE,validation
ID_92E52F4CB3,train
ID_92E635C13F,train
ID_92E73E69B4,validation
ID_92E768182D,train
ID_92E793A634,train
ID_92E82BB4CC,train
ID_92E9F0BD29,train
ID_92EA2477B9,final
ID_92EC6397B6,final
ID_92EDF08D44,train
ID_92EF10FAA2,train
ID_92F2F58BD9,train
ID_92F58DE0C0,final
ID_92FB525A7F,train
ID_92FF204086,final
ID_9303F12482,train
ID_9306012B12,train
ID_93093CE59F,validation
ID_930B34EDE3,final
ID_930BF46E7A,train
ID_9310ED37F2,final
ID_9312A9D5E9,train
ID_9314B7B037,train
ID_931530FA71,train
ID_93166AB8B3,final
ID_9317194973,validation
ID_9317363256,validation
ID_93197EEB73,train
ID_931A744B67,train
ID_931AC0EFED,train
ID_931AD7BD1E,train
ID_931D45FEF1,validation
ID_931D9A738D,train
ID_931E42B67A,train
ID_931EE9F292,train
ID_931F021A81,train
ID_931F0779E7,train
ID_932018BD66,train
ID_9320CC5BA1,train
ID_93220A028E,train
ID_9322CD523D,validation
ID_932305217A,train
ID_9324931AC5,train
ID_9324D47A1E,validation
ID_932502E773,validation
ID_93269BF729,train
ID_9326BAC948,validation
ID_932799EA0A,train
ID_9328E335B6,final
ID_932B7D5E8E,final
ID_932B9C8457,train
ID_932F1558A1,train
ID_932FB6C338,validation
ID_9335FC4E03,train
ID_9338905C06,final
ID_933A926A84,train
ID_933ACB3297,train
ID_933B481D66,train
ID_933BBCA47F,train
ID_933BEC87FC,train
ID_933C8691AA,train
ID_933DA52BA6,train
ID_933EE039DC,train
ID_93408C204E,train
ID_93415BE557,train
ID_9342B287EE,final
ID_934354FF77,train
ID_93475FE986,train
ID_934A5BB6FC,final
ID_934E9D5EDC,train
ID_9351EF06DE,train
ID_93566966EA,train
ID_9358271F6B,final
ID_93588D9588,validation
ID_935A90B629,train
ID_935C64563F,final
ID_935F3AEAA7,train
ID_935FE094E0,train
ID_9360073FEC,train
ID_936194E41D,train
ID_93634920A7,train
ID_93635B7102,train
ID_936488A4CB,train
ID_93663B958B,final
ID_936A9B358C,validation
ID_936BA3F972,final
ID_936D78F217,train
ID_9371590F49,validation
ID_93729C4F6A,validation
ID_93744D11E1,final
ID_9376339DB5,train
ID_93764C7EC7,validation
ID_93772C7797,train
ID_9378FF53DA,train
ID_937A0702A7,final
ID_937C2B2EB9,final
ID_9380D1D838,final
ID_938121686E,final
ID_93819B4A52,final
ID_9382DC806A,train
ID_9383FA32DE,validation
ID_93853611E0,train
ID_938911AAAE,final
ID_938915C3E4,train
ID_938935189B,train
ID_938A06B66D,train
ID_938B752C88,train
ID_938C856E2E,train
ID_938CC697B2,final
ID_938D1D9BCC,validation
ID_938D393B02,train
ID_938D9BA3A0,validation
ID_938DAE026B,train
ID_938E708A6C,train
ID_938FEB98A7,final
ID_938FF9DD82,final
ID_9392101D1F,train
ID_9392D5A204,validation
ID_9392EFE28E,final
ID_9394010CCA,final
ID_93947603CB,train
ID_939501B7E2,train
ID_93953091F3,final
ID_939557BA34,final
ID_9398013088,validation
ID_9399960C03,final
ID_939EA2E1ED,train
ID_939ED519BB,final
ID_939F3D8113,train
ID_939FE91D4C,train
ID_93A0F962AF,train
ID_93A3CF6911,final
ID_93AA191CCF,train
ID_93ACDCFE36,validation
ID_93ADA4C159,train
ID_93ADB5535F,final
ID_93AEC82A2B,train
ID_93B0171637,train
ID_93B175B4CE,train
ID_93B1CFE20F,validation
ID_93B2579848,train
ID_93B26C02A1,train
ID_93B2913116,train
ID_93B2DFA5BE,train
ID_93B391ADE2,train
ID_93BC026441,train
ID_93BC8604AA,train
ID_93BD936A74,train
ID_93C1D2E0FD,train
ID_93C2C598EF,validation
ID_93C88A8CA8,final
ID_93C94CAD84,validation
ID_93C9DCDDA5,train
ID_93CA9E750D,validation
ID_93D01AF001,validation
ID_93D0757DBD,train
ID_93D27A7F67,final
ID_93D27AC721,validation
ID_93D8631478,validation
ID_93D9FAFB99,train
ID_93DB9DE67C,final
ID_93DC58186F,validation
ID_93DD235B4E,final
ID_93DDEA47CE,final
ID_93DF13E30D,validation
ID_93E165169C,train
ID_93E4C2E1EE,train
ID_93E54A930F,validation
ID_93E5734963,train
ID_93E77FFE3E,train
ID_93E85777E4,validation
ID_93E8A69335,train
ID_93EA960560,train
ID_93EAC9710B,validation
ID_93EB57CDD1,train
ID_93EB888898,train
ID_93ECFED7E0,train
ID_93F272715D,train
ID_93F2B81AD8,final
ID_93F59C1527,train
ID_93F6712E5C,train
ID_93F716F558,train
ID_93FACC341E,train
ID_93FC88DC51,train
ID_93FEB0397C,train
ID_93FFA53E98,train
ID_93FFB07B2F,train
ID_9403B90FA0,validation
ID_94065402A6,train
ID_940A55ED31,final
ID_940FAB21CE,validation
ID_94108F7436,train
ID_941553D003,validation
ID_9415EC82E8,validation
ID_941895BC5F,train
ID_94197FCEF5,train
ID_9419E13D7D,train
ID_9420B223DB,train
ID_9420E1323E,validation
ID_9421688A0F,validation
ID_9422B4D060,train
ID_9422BA16F6,train
ID_94230138EF,train
ID_9424C64348,train
ID_9426173FE5,final
ID_9426480550,train
ID_94274556CB,final
ID_9427AD20E1,train
ID_94281F8B38,final
ID_942939CE26,train
ID_942C8DF44E,validation
ID_942FC0308A,final
ID_9430D49479,train
ID_943406FA85,train
ID_9434099AAA,train
ID_943678CD3E,validation
ID_9436B15740,train
ID_9436FB90A0,validation
ID_9437A64B1F,train
ID_943C216630,train
ID_943C8E95A1,validation
ID_943D740B1E,validation
ID_94447DA1F0,train
ID_94458771B1,train
ID_94462FD6A2,train
ID_9446BDFDC4,final
ID_944804BB26,train
ID_944B2E5CCA,train
ID_944C6F43CA,validation
ID_944C6F9552,validation
ID_944D1D8BA2,final
ID_944D8B1306,train
ID_944E0FCDC3,validation
ID_944EF76884,train
ID_944F435816,train
ID_9454DBE653,train
ID_9454EA6A22,train
ID_945686B9FA,final
ID_945A659553,validation
ID_945B70CED5,validation
ID_945B83957F,train
ID_945DDA665E,train
ID_945EDD146E,train
ID_945F066243,train
ID_94614DD2AA,train
ID_946173CC29,train
ID_9462049230,train
ID_9462BD079D,train
ID_946561AFA3,train
ID_9467F37792,train
ID_946BD6D2AF,train
ID_946DFB3269,validation
ID_947214F9EF,final
ID_94729AF5CF,train
ID_94741067EA,train
ID_947A13D438,train
ID_947DE4BA50,train
ID_947E3CF8DB,train
ID_9481D268F6,validation
ID_9482163AC4,train
ID_9483034A98,train
ID_94831AC62D,train
ID_948579E400,train
ID_9486E166A8,validation
ID_9487306F45,final
ID_9487DD471C,train
ID_9488D48700,validation
ID_94899E4C6E,train
ID_948A83CBD4,train
ID_948BE80AA4,validation
ID_948C0EBDE9,train
ID_948EE9639C,final
ID_9491364E5C,final
ID_9491F4728A,train
ID_9494337FB1,train
ID_9495744E03,train
ID_94998BCCF2,train
ID_949A96634F,train
ID_949AEEEF79,train
ID_949BCAE073,final
ID_949EA93962,final
ID_949EB99990,train
ID_949FC30FD6,train
ID_94A21F5988,train
ID_94A5617799,validation
ID_94A9FD124A,final
ID_94AC0569E4,final
ID_94AE054156,validation
ID_94AECAAEFC,validation
ID_94B233D2CE,train
ID_94B2C493AD,validation
ID_94B31FE9DB,validation
ID_94B364082E,train
ID_94B447E8EF,final
ID_94B50A59A4,train
ID_94B54538F3,train
ID_94B5584674,final
ID_94B569344E,train
ID_94B72FD15F,train
ID_94B8AE13E4,train
ID_94B95FA6E3,final
ID_94C0912D4B,train
ID_94C31083D2,train
ID_94C3B342CB,train
ID_94C48789A4,final
ID_94C83124F5,validation
ID_94C87FD63C,train
ID_94CB2B0F88,train
ID_94CC25FD0F,train
ID_94CD32120D,train
ID_94CDF63122,train
ID_94CF30F2DC,train
ID_94D3B9EA90,train
ID_94D415BB9D,final
ID_94D4A012DC,train
ID_94D960204C,final
ID_94DA6B2B92,train
ID_94DBD5967D,validation
ID_94DC46D4FF,train
ID_94DDB4D3D1,validation
ID_94DEE61C61,train
ID_94DF10EEFD,train
ID_94E0D848DE,train
ID_94E30C4EB3,validation
ID_94E31ADDE0,final
ID_94E36B74CF,train
ID_94E749B898,final
ID_94E8EBBFF2,train
ID_94EAA7D535,train
ID_94ECC3A571,final
ID_94EE0B9C07,train
ID_94EE8E99CF,train
ID_94EFCC71F6,train
ID_94F09D2346,final
ID_94F0BD4FD4,validation
ID_94F27FF0DA,train
ID_94F300A6EB,train
ID_94F35BEBEC,train
ID_94F373D909,train
ID_94F3C6F8DA,train
ID_94F3DF0F31,final
ID_94F44F9910,train
ID_94F658D076,train
ID_94F66113B8,train
ID_94F66AB518,train
ID_94F71F96FE,train
ID_94F8604B32,validation
ID_94F935D63C,train
ID_94F9DDD083,final
ID_94F9E515CC,train
ID_94FAA1B731,final
ID_94FADFF226,train
ID_94FB3FA6D0,train
ID_94FF6EA87F,validation
ID_94FFCB308D,train
ID_95004309C1,train
ID_950231B237,train
ID_950A611625,train
ID_950B6EFF39,validation
ID_950B999D66,final
ID_950BCAB146,train
ID_950C34E39E,train
ID_950CBDC0B1,train
ID_9510352918,validation
ID_951AD13631,train
ID_951CD992ED,validation
ID_951E69B6B0,final
ID_951FB16E12,train
ID_952048E1B7,train
ID_95254F6817,final
ID_9527B0E5B5,train
ID_95285DCD8F,train
ID_9528683B13,final
ID_95298092E1,validation
ID_952A109EF0,train
ID_952B370039,train
ID_952D6ADE1C,final
ID_952EE63F45,final
ID_952FC29332,final
ID_9530FEAF2D,train
ID_9533643EDA,validation
ID_9537963A1B,train
ID_9538D45953,train
ID_9538FA5286,train
ID_9539B7BA47,train
ID_953B9118E6,train
ID_953B9F8B15,train
ID_953CC2D56B,train
ID_953DA63EA0,train
ID_953E402897,train
ID_9544249218,final
ID_9544DAF1A1,validation
ID_9546435734,train
ID_9547E0633C,train
ID_9548594019,validation
ID_954922EB0B,train
ID_9549C0FFF7,train
ID_954C722FE9,validation
ID_954DE3DEAA,train
ID_95535F2D88,train
ID_955979716D,train
ID_9559A82D00,train
ID_955A52F89B,train
ID_955A700833,train
ID_955D076E5D,final
ID_955E16B526,train
ID_955F24AF1E,train
ID_9560778015,train
ID_9560CC4B88,train
ID_9565CC46A2,train
ID_9569954FFC,train
ID_956AD06CD8,train
ID_956DE82000,final
ID_956E56DC16,validation
ID_956F964F54,validation
ID_9570139244,train
ID_9570B4B8F7,validation
ID_9571A2BE57,final
ID_95720E146B,validation
ID_957270FC17,train
ID_95736E537A,train
ID_95737103AE,train
ID_957487880B,validation
ID_957580C0B3,validation
ID_957F386382,train
ID_9580F6FD9E,validation
ID_95817E37D2,train
ID_95818426E6,train
ID_95831811DE,final
ID_958391754C,validation
ID_95860373AB,train
ID_95869090EC,final
ID_9586920044,validation
ID_95881BC753,final
ID_9588EFD837,validation
ID_95978D46EF,train
ID_9598CA329F,validation
ID_95997785FF,train
ID_9599CE6115,train
ID_9599D15B5E,final
ID_9599F96C7D,train
ID_959B005380,final
ID_959BE3F58D,validation
ID_959C8ECEE9,train
ID_95A018746D,train
ID_95A1B6EB0F,final
ID_95A1BD77B1,train
ID_95A211E381,final
ID_95A39D35B2,train
ID_95A41384AB,train
ID_95A544C876,train
ID_95A5ADE560,train
ID_95A740D27F,final
ID_95A93708AA,train
ID_95AE6EE506,train
ID_95B0E4A3BC,validation
ID_95B28168D1,final
ID_95B3673EE6,train
ID_95B3E01059,validation
ID_95B60599F5,train
ID_95B6509EE5,train
ID_95B97FB526,train
ID_95B9AC8C47,final
ID_95B9FEAB2C,final
ID_95BB5A8C98,train
ID_95BC8D4AAF,final
ID_95BEB67FCA,train
ID_95BFA4CBB3,final
ID_95C2295D23,final
ID_95C29A55CA,train
ID_95C33CFDC2,validation
ID_95C3FB6239,final
ID_95C641A3CD,train
ID_95C740413B,train
ID_95C776372C,final
ID_95C79CA60B,validation
ID_95C8BC61EC,final
ID_95C9EAE27A,train
ID_95CB978415,train
ID_95CBE78DE2,final
ID_95CBF68435,train
ID_95CE18BAF0,final
ID_95D3027EF0,final
ID_95D68EB912,final
ID_95D7195A99,train
ID_95D7F4EF88,validation
ID_95DAE4B066,train
ID_95DDDC9C43,train
ID_95E1169BF1,validation
ID_95E14CD7C5,train
ID_95E3E2C3F1,validation
ID_95E4F2627F,train
ID_95E671E9EB,final
ID_95E7107FB4,train
ID_95E731B9BF,validation
ID_95E825B734,train
ID_95EB22CB0E,train
ID_95ED0E1BA4,validation
ID_95ED6AA67A,train
ID_95EE8D7730,train
ID_95F50DD1C3,validation
ID_95F5A0ACA5,train
ID_95F63FA375,train
ID_95F6F4AAC1,final
ID_95F85C8041,train
ID_95FB280671,validation
ID_95FB9DE7B0,train
ID_95FBC6B894,train
ID_95FCCFD35D,train
ID_95FD04D978,validation
ID_95FF7B5E2B,train
ID_96001ADC7D,train
ID_9601DB09EC,validation
ID_9602D8EF33,validation
ID_960A052B32,train
ID_960DBAA0C4,train
ID_960FAD6500,train
ID_960FB404F2,final
ID_960FE9B469,final
ID_9611A41E7E,validation
ID_9613508BE8,final
ID_9613AD05AE,train
ID_96160EC830,train
ID_96179E5A01,validation
ID_961925A993,train
ID_961ABB7877,final
ID_961ADFF725,train
ID_961B1ECA9D,final
ID_961D2201BE,train
ID_961D808239,train
ID_961F4BA078,train
ID_961F99A20F,train
ID_961FADEEC0,validation
ID_96228ACD25,train
ID_96254D768E,train
ID_96293074EA,train
ID_9629FA996D,train
ID_962C1086CA,validation
ID_9631717FC8,train
ID_9634EEC4DC,train
ID_96356E04F3,train
ID_96360E6F4B,train
ID_9636426868,train
ID_9639062718,train
ID_963920EC73,validation
ID_9639EB406B,train
ID_9639EE0B0E,train
ID_963A3061AC,final
ID_963B0AB629,train
ID_963B2226A1,final
ID_963B913428,final
ID_963C9ED4DA,train
ID_963DBE24E0,final
ID_963E5A2455,final
ID_963EC1E0F6,train
ID_9641A37A19,train
ID_964329E033,train
ID_96434F8D7B,train
ID_96446CF503,train
ID_9645EAEC96,train
ID_96463BA0DB,validation
ID_96495665C3,train
ID_9649EEAA1B,train
ID_964A880C8C,train
ID_964B617C6E,train
ID_964CF5253A,final
ID_965024EEDB,final
ID_96517BFC05,validation
ID_9652864EA2,validation
ID_9654FAB6AD,final
ID_96554914FB,train
ID_965754DDE5,train
ID_965993CA00,validation
ID_965ACB08B2,train
ID_965B555A52,train
ID_965B5C09CE,final
ID_965C70F7EE,train
ID_965EA3AFF0,train
ID_965FADC36D,validation
ID_965FB872D5,train
ID_966152BE82,train
ID_966431C22E,train
ID_9666FA3103,train
ID_966B9834F3,train
ID_966FB1F22F,validation
ID_96702D1EF1,train
ID_967076BF63,train
ID_9670DC73E3,train
ID_967212CE23,train
ID_96725998DD,train
ID_9672EFFDD8,train
ID_96739E02F9,train
ID_9674640F0D,train
ID_9677FB0128,validation
ID_9679D60C89,train
ID_967A4166AA,validation
ID_967D6611C6,train
ID_967DD2086C,validation
ID_967DEEDF1C,train
ID_967F852C2D,validation
ID_9683210180,train
ID_96835EFB72,train
ID_96862B7AFA,final
ID_968738F5EA,train
ID_968B584DBD,final
ID_968D112E84,validation
ID_968DEF3C7E,train
ID_968E687FD3,train
ID_968F23ACED,train
ID_96924FFC76,validation
ID_96978488BB,final
ID_969AB5D296,train
ID_969C08F368,final
ID_969C3D244D,train
ID_969D956242,train
ID_969FF724AE,train
ID_96A0F440F4,validation
ID_96A6B35BAA,validation
ID_96A77E09D8,final
ID_96A9460488,final
ID_96AFFD9BB4,train
ID_96B150ADE8,final
ID_96B1CE7F88,final
ID_96B46C2F4D,validation
ID_96B541860A,train
ID_96B59F9FAA,final
ID_96B716E6DE,train
ID_96B8E9FA67,validation
ID_96BB71DB15,final
ID_96BC22FE37,final
ID_96BD8537CB,train
ID_96BE770EF3,train
ID_96BED0071F,validation
ID_96BF841CAC,final
ID_96C2E14288,validation
ID_96C8E1D3C1,train
ID_96C90CDD8D,validation
ID_96CA6D0079,train
ID_96CA8E2448,train
ID_96CAFBF42E,train
ID_96CD1C25BD,train
ID_96CD4CD136,train
ID_96CD5908B2,train
ID_96CE16A7DD,train
ID_96D177B769,final
ID_96D1EAE37E,final
ID_96D680D2A2,final
ID_96DBF6E4B2,final
ID_96DC478E26,train
ID_96DCF0BCE1,train
ID_96DD5CC5F8,train
ID_96DD9B908D,train
ID_96DE885328,validation
ID_96E0B8B286,validation
ID_96E2044B10,train
ID_96E25C6EE2,validation
ID_96E60190DC,train
ID_96E87E1D4C,train
ID_96E91AA593,final
ID_96EAA662EC,train
ID_96ED1AEB33,train
ID_96EE5DE98C,final
ID_96F16399D7,validation
ID_96F22594AD,train
ID_96F3FA48CC,train
ID_96F642A395,train
ID_96F642DD31,final
ID_96F6921557,train
ID_96F9011B38,train
ID_96F9689A72,validation
ID_96FA4B45C2,train
ID_96FAE51D6B,validation
ID_96FAED54CE,validation
ID_96FC6F9BD0,train
ID_96FC78732C,train
ID_96FDF2AF2E,train
ID_96FEDCC1EC,final
ID_970044BC68,final
ID_9705E1C3A2,train
ID_97068C1CF5,final
ID_9707112F9C,final
ID_970A416886,train
ID_970E9C72BA,train
ID_970F878709,train
ID_9710019DCF,train
ID_97100A9DA0,final
ID_9710C5DB18,train
ID_971255C449,train
ID_971488F653,validation
ID_97165CD19B,validation
ID_9716926BF7,train
ID_97179087B6,final
ID_971A86C3C6,validation
ID_971BE00699,train
ID_971D8E8880,train
ID_971DBF22FC,final
ID_971E924366,train
ID_9723BA8421,validation
ID_9725106E98,validation
ID_972A0CBD53,validation
ID_972B04635B,train
ID_972B51FF7A,validation
ID_972C0F84AD,train
ID_972D88399F,train
ID_972E3714CF,train
ID_973174B0F1,train
ID_9731E23762,validation
ID_973364B885,train
ID_9734AF2716,train
ID_97355DFCE2,validation
ID_9735C12C2B,train
ID_97380AC3CF,validation
ID_97394E1F80,validation
ID_9739ED222F,train
ID_973D0A8AA4,train
ID_97403B18C5,final
ID_974116C238,final
ID_9741DFDEDC,train
ID_9745B90949,train
ID_974D8D43FB,train
ID_974E2713AC,final
ID_974E8A08F1,final
ID_974F424779,train
ID_974F8BDAB4,validation
ID_9750A9B664,validation
ID_9751275634,train
ID_97559A90F0,final
ID_975B061321,final
ID_975D788BDB,train
ID_975DBFCD2C,validation
ID_97637952AC,train
ID_9763FA7047,final
ID_9769649612,validation
ID_976A6C5D78,train
ID_976C0B1C9E,train
ID_976C6E6A5B,train
ID_976D6EC0D7,train
ID_976F2A16AB,train
ID_97708AA790,train
ID_97740399A8,train
ID_977713F611,train
ID_9777F8B863,train
ID_97783531D0,train
ID_977C64C6B6,train
ID_977D6CBADE,train
ID_977DAE38CE,train
ID_977DF25ED6,train
ID_977F10B01B,train
ID_9780AF31B0,final
ID_9780D49A34,validation
ID_9783293406,validation
ID_9786102014,train
ID_978629D112,validation
ID_97879795DF,train
ID_9787F2F8EF,train
ID_9788F50894,validation
ID_978ABF807B,validation
ID_978BC64D6B,final
ID_978C4DC918,final
ID_978D5A9C9C,train
ID_978FDC464B,train
ID_9791119564,validation
ID_9793667E35,train
ID_97941C4CE4,train
ID_9794331185,validation
ID_9795763E47,train
ID_979681262B,train
ID_97990EA78A,final
ID_9799DBB2C0,final
ID_979A0152B7,train
ID_979B22BC50,validation
ID_97A0072805,train
ID_97A058969A,validation
ID_97A31BCCCF,validation
ID_97A6ECE6A5,train
ID_97A8BD89EA,validation
ID_97AAB9FD93,validation
ID_97AC01BBBC,final
ID_97AD7DD8D2,train
ID_97AEE26F60,final
ID_97B06AAE46,train
ID_97B3DB20E3,train
ID_97B4A0A9F2,train
ID_97B6B176D7,train
ID_97B74B35CF,train
ID_97B7AE3EC3,validation
ID_97B8C78900,train
ID_97B969FE29,train
ID_97BA140478,train
ID_97BC5AFFB2,train
ID_97C1057D91,train
ID_97C5555064,validation
ID_97CBCD8729,final
ID_97CC17AB6F,train
ID_97CD1C0B13,train
ID_97CD756C03,train
ID_97CE54170E,train
ID_97D236F845,train
ID_97D23C6402,final
ID_97D3495314,final
ID_97D385E257,train
ID_97D38BF71F,final
ID_97D3E9BAEE,final
ID_97D3F4E09B,train
ID_97D4626C8C,train
ID_97D51FC022,train
ID_97D589F2E7,validation
ID_97D6B73E82,validation
ID_97DB1B0459,train
ID_97DB4F280B,validation
ID_97DB633624,train
ID_97DC82A0F4,train
ID_97DF53AC0E,final
ID_97DFAB154A,train
ID_97E0074C77,final
ID_97E1097C8C,train
ID_97E120C9CD,train
ID_97E231A9E9,train
ID_97E34BC867,train
ID_97E35C8D23,train
ID_97E4339B7C,train
ID_97E49821F8,train
ID_97E5D2CA7F,train
ID_97E67592F2,final
ID_97E9B539DB,train
ID_97EB943E1A,train
ID_97ED48FD18,train
ID_97EE71840B,final
ID_97F8E6F344,validation
ID_97F8F60DBB,train
ID_97F8F7B550,train
ID_97FD20FE6C,train
ID_97FD3714F7,train
ID_97FE6A181D,train
ID_97FF7DB28E,validation
ID_98003BAA7A,train
ID_98013ABA8D,final
ID_980362D312,validation
ID_9805968539,train
ID_9808988754,train
ID_980B54443E,train
ID_980C9DA6F8,train
ID_980DC7DCBF,final
ID_980F135D3B,train
ID_981010562A,validation
ID_98109AAC9D,train
ID_9810BDAEF9,train
ID_9811A2DBA5,train
ID_98131D93C8,validation
ID_98145C2371,validation
ID_9814CE7638,train
ID_9814F65030,train
ID_98178157F9,train
ID_981BC124A3,train
ID_981E452F30,train
ID_982127077C,train
ID_98251F929E,final
ID_9826A6EFD8,train
ID_982D1B2412,train
ID_9830F18ADD,train
ID_98327A8B81,final
ID_983367D3FE,train
ID_98366944C8,train
ID_983802FBFB,train
ID_9838A98826,train
ID_983CB64AA7,validation
ID_983E444F24,validation
ID_983EB799A5,train
ID_9842AF67B0,train
ID_9845772FB2,train
ID_98466ABDF4,train
ID_9847A92752,train
ID_9848595D47,train
ID_984A60B7D6,train
ID_984C1DEC5E,final
ID_984E41145C,final
ID_984F2CFB2C,train
ID_984F30336B,train
ID_984F5F4C32,validation
ID_98506D2EA4,train
ID_9852033D04,train
ID_9853982F67,final
ID_9853EAB5A1,final
ID_9855107DFA,train
ID_9856226329,final
ID_9857F490F8,train
ID_985A0772EC,train
ID_985B2F0255,validation
ID_985C040838,train
ID_985D806FE9,validation
ID_98626273C9,train
ID_9863167382,validation
ID_986439BEAD,train
ID_9868FC0B9E,final
ID_98694276C8,validation
ID_986B8825A3,train
ID_98710E548D,train
ID_98719C55DC,train
ID_987279B38F,train
ID_98729DD108,validation
ID_98747B555A,train
ID_98756985E4,train
ID_9875CEB2B4,final
ID_9875E0081B,validation
ID_9878A57CF7,final
ID_98798BBB6C,validation
ID_987B341F46,train
ID_987D52C1AD,final
ID_987E03F681,final
ID_987E3D39E9,final
ID_987EB05E07,train
ID_9882E6D211,train
ID_9884B4897C,final
ID_9885721D3E,final
ID_9885ACE288,train
ID_98865C8016,train
ID_98888310D7,train
ID_988A73E76A,train
ID_988BB76340,train
ID_988C97399C,train
ID_989251FBCC,train
ID_98925CDD09,train
ID_989328D17A,train
ID_9894719C3C,train
ID_9894F4A82A,final
ID_9895B311A6,train
ID_9895D83DC7,final
ID_9896B85D85,train
ID_9896C1A866,train
ID_9897825618,train
ID_989831A809,train
ID_9899D56730,validation
ID_989AE42169,validation
ID_989B89876C,final
ID_989C175A3E,validation
ID_989CB9AF3F,validation
ID_989E8177B3,train
ID_98A067198D,train
ID_98A2EC6D49,train
ID_98A38BD50B,train
ID_98A497BC82,train
ID_98A8036E9C,train
ID_98A828CC25,train
ID_98AA66E409,train
ID_98AFCD97DF,final
ID_98AFDF962B,validation
ID_98B76C270D,train
ID_98B8E0F9EC,final
ID_98BCEC6A9B,final
ID_98BCF7A427,train
ID_98BE59E730,validation
ID_98BED565D2,train
ID_98BFE64E98,final
ID_98C1CDAEF3,train
ID_98C2A6DF71,validation
ID_98C4EAA78E,final
ID_98C539FE00,train
ID_98C6A3A48E,final
ID_98CA7337D2,train
ID_98CB88B040,train
ID_98CE49C123,validation
ID_98CE9A710F,train
ID_98D00768DA,final
ID_98D0F595D6,final
ID_98D24CE15D,final
ID_98D29B8524,train
ID_98D461E7AD,train
ID_98D66F4D11,final
ID_98D8F068E1,train
ID_98DA3B5AC9,final
ID_98DAD78508,train
ID_98DB0CD638,train
ID_98DC9F7D1B,final
ID_98DCF721B7,validation
ID_98DDAC9F52,train
ID_98DE032F28,train
ID_98DF8E53AB,train
ID_98E2E6C9CC,train
ID_98E38980FA,validation
ID_98E50A1E90,train
ID_98E5BAC8ED,final
ID_98EAFD87B2,train
ID_98EBAFC670,validation
ID_98ECE43B30,train
ID_98ED5E5E80,validation
ID_98F0CE57A7,validation
ID_98F0E8C4EF,final
ID_98F25BF33B,train
ID_98F2D7E481,train
ID_98F467B4F4,final
ID_98FAD6E596,final
ID_98FC7DEF52,train
ID_98FEC7D1CF,train
ID_9900A91333,train
ID_9900B95823,validation
ID_9901A59792,final
ID_9902F53C80,train
ID_9903B02C41,train
ID_99055F0010,train
ID_9908D01FF0,validation
ID_9909DEFFF0,final
ID_990A991E2D,train
ID_990CCA6A0F,validation
ID_990D291A41,final
ID_990D2975D7,train
ID_990D6C5E96,train
ID_990DBBAFAC,validation
ID_990DE0D7F2,final
ID_9911F13DD4,final
ID_9918270485,train
ID_991BFDFB67,train
ID_991D692143,validation
ID_991F10812B,validation
ID_991F7B3808,train
ID_992508DBAE,train
ID_9925AC1BC2,validation
ID_9925D93C13,train
ID_99266BD099,train
ID_9927B2815D,train
ID_9929010312,train
ID_9929695002,final
ID_992AEAA76A,final
ID_992B4096C5,train
ID_992EAEF16A,train
ID_99309C68E9,train
ID_9932478765,final
ID_9932851804,train
ID_9933B15C2A,train
ID_9935900878,validation
ID_9937EDEADF,train
ID_993943BA32,validation
ID_9939B57D43,train
ID_993B879179,train
ID_993C8A3231,validation
ID_993E12A0EA,final
ID_993E2961A7,final
ID_9941DD92A0,final
ID_9941DDCCA5,validation
ID_9942353F34,train
ID_9942C52884,final
ID_9945877CEB,train
ID_99461BB6F4,validation
ID_9946CD9AD5,final
ID_994714EDA0,train
ID_9947F0897D,validation
ID_9948634235,final
ID_994BF6D08A,train
ID_994F7A892E,train
ID_99511AFB72,train
ID_99516CEC63,final
ID_99523CF6D7,train
ID_9952DF8714,final
ID_995422093C,validation
ID_99542F362F,validation
ID_995511C269,train
ID_9955CA66F7,final
ID_9956730A02,validation
ID_9958B94D2C,final
ID_9958DDE302,final
ID_9959D7DF5C,validation
ID_995A17712D,train
ID_995BD37B28,train
ID_995BEBE322,validation
ID_995CC8508E,validation
ID_995F9A49C3,train
ID_9961CA097C,train
ID_9964DD31B6,train
ID_99664E53BF,train
ID_99675D5B59,train
ID_996855009E,final
ID_996D300D15,final
ID_996E1254D5,final
ID_99708CD9D4,train
ID_9972D20693,final
ID_9973B9956D,final
ID_997405367F,train
ID_9975AABD12,train
ID_9976B7007B,validation
ID_9976D1AE46,train
ID_9977A8ECDE,validation
ID_997BC0ADB4,train
ID_997EF0CD5C,validation
ID_998062C976,train
ID_99816A46AF,train
ID_998300D3F6,train
ID_998371CF4E,validation
ID_99842186FC,train
ID_998A50E88B,train
ID_998C888217,train
ID_998CF9E99D,validation
ID_998E2216A4,final
ID_998FCB0CC8,train
ID_9990897C08,final
ID_9991311F84,train
ID_999132545D,train
ID_9991433301,validation
ID_9992418B2A,train
ID_9996FBEEC4,validation
ID_9997C5707C,train
ID_9997FD6F19,validation
ID_999827B320,validation
ID_9998A645D3,validation
ID_999BF7F57D,train
ID_999D81F8F1,validation
ID_999D8EE356,validation
ID_999E21F700,train
ID_999F3FE76D,final
ID_99A1ED585F,train
ID_99A49738F3,final
ID_99A590E15F,validation
ID_99A8ACF5BD,train
ID_99AAEB14D2,train
ID_99AB7CFA07,train
ID_99ACD5F2AF,train
ID_99AD73328D,train
ID_99ADF5FAC0,train
ID_99AFBF3574,train
ID_99B2699484,final
ID_99B3F4F7BC,train
ID_99B499F1E0,train
ID_99B51E1F9B,train
ID_99B5FCACCD,train
ID_99B9F5F1D6,train
ID_99BDCAA023,train
ID_99BE18F8BC,train
ID_99BE7DDECD,train
ID_99BF24E881,train
ID_99BF65B24B,validation
ID_99C22DE193,train
ID_99C2CCF7BC,train
ID_99C3BA9CAD,train
ID_99C3CCF96A,train
ID_99C5DCF1A3,validation
ID_99C7E5AC09,train
ID_99C84B4EA9,train
ID_99C970C4F7,train
ID_99CAF8ECED,train
ID_99D167BC4C,train
ID_99D33B3777,final
ID_99D7ABF5D0,validation
ID_99DC2C6C4C,train
ID_99DD75CF07,final
ID_99DF53275D,final
ID_99DF9FEC2C,final
ID_99DFB4C2A8,train
ID_99E159B663,validation
ID_99E50A4DBD,train
ID_99E552D5BE,validation
ID_99E853C9A5,final
ID_99E858BB19,final
ID_99EB8E448E,train
ID_99ED2E1200,train
ID_99ED47CFE9,train
ID_99EFA41204,train
ID_99F2A6F8EA,validation
ID_99F3BB9BD9,train
ID_99F3E9D580,train
ID_99F48DDE29,validation
ID_99F6CFFBA4,train
ID_99FA5FA425,final
ID_99FB3A9B39,train
ID_99FC63C540,train
ID_99FC94021B,final
ID_99FE04AB91,validation
ID_99FF42BED0,train
ID_99FFB46D45,train
ID_9A00746E5E,train
ID_9A0219AE9F,validation
ID_9A03961424,validation
ID_9A07BB93BE,final
ID_9A08B30385,train
ID_9A0D6D9814,train
ID_9A0EB568CF,train
ID_9A101588A0,validation
ID_9A110A87D0,train
ID_9A145D2A34,final
ID_9A164919F9,train
ID_9A1951FCF7,train
ID_9A199481A4,final
ID_9A1A8972A1,validation
ID_9A1ABE8FDB,validation
ID_9A1B9BC9B4,validation
ID_9A1C91A6E9,train
ID_9A1D32BD1F,validation
ID_9A1DC1765E,final
ID_9A1E62EFEC,train
ID_9A1F007E67,train
ID_9A214EE33F,train
ID_9A22C14A41,validation
ID_9A2373AC8A,validation
ID_9A23990539,train
ID_9A2494F2CD,train
ID_9A2504A46F,train
ID_9A26558C8D,train
ID_9A26FB88E8,validation
ID_9A28B8E0D0,train
ID_9A294EDDED,validation
ID_9A2AA7BBB5,train
ID_9A2D83A7D2,final
ID_9A2D84B7F3,final
ID_9A2D9F9F56,train
ID_9A2EA6E46F,train
ID_9A2EB06EA9,train
ID_9A2F0DB392,train
ID_9A3399CCBC,final
ID_9A35ADEA68,train
ID_9A35E2F1A6,validation
ID_9A361ECE8A,train
ID_9A38DAE921,train
ID_9A3A21FD02,train
ID_9A3A926D3B,validation
ID_9A3ABBC823,train
ID_9A3B132A76,train
ID_9A3D89A4E3,train
ID_9A3F71C5AB,train
ID_9A3FE13446,train
ID_9A42F63345,validation
ID_9A430EA265,train
ID_9A4A93887F,train
ID_9A4DF8651D,final
ID_9A4EAC80A2,train
ID_9A4F82B62C,validation
ID_9A4F9FFE27,validation
ID_9A514EC533,train
ID_9A53CF120B,final
ID_9A55242460,train
ID_9A555E2E65,validation
ID_9A575EDEE5,train
ID_9A5807C1B4,final
ID_9A5B9F72E5,validation
ID_9A5C374185,validation
ID_9A5CF4A180,train
ID_9A5E122397,train
ID_9A5F1E938E,final
ID_9A5F8C4B22,final
ID_9A62A05BFC,train
ID_9A64166D16,validation
ID_9A644319BF,train
ID_9A65D74247,train
ID_9A65E063CB,train
ID_9A664AB2BA,validation
ID_9A67020D5E,validation
ID_9A69C89FB6,train
ID_9A6A3E2FAE,train
ID_9A6CE8457D,validation
ID_9A71A944CB,validation
ID_9A7338149D,final
ID_9A743360DF,validation
ID_9A75991750,validation
ID_9A79D4D20F,train
ID_9A7DBF09CD,validation
ID_9A7EC77E28,train
ID_9A802DB9D6,train
ID_9A81E7D5CD,final
ID_9A825A3B0F,final
ID_9A83D99534,train
ID_9A8B9999B7,final
ID_9A8D60877C,validation
ID_9A8F414DF9,train
ID_9A8F7970D0,final
ID_9A90AC435C,train
ID_9A91EE9078,validation
ID_9A930296BE,final
ID_9A931428C5,validation
ID_9A93549CC2,train
ID_9A94216476,final
ID_9A943C52AC,train
ID_9A95F8D05B,train
ID_9A96F5BACE,train
ID_9A972FCC18,train
ID_9A9A155133,validation
ID_9A9AA625CA,train
ID_9A9C603AFB,train
ID_9A9EC9970D,train
ID_9AA3397FB6,train
ID_9AA77023C1,train
ID_9AAAF3A602,train
ID_9AAD0B89B7,train
ID_9AB50DF9F5,train
ID_9AB82C52BB,train
ID_9AB964C0BB,final
ID_9AB9AA794B,train
ID_9ABAFBEC12,train
ID_9ABCADA55E,train
ID_9ABE89491B,train
ID_9ABF20F0DF,final
ID_9ABFFCD65A,train
ID_9AC091FF00,validation
ID_9AC438159D,validation
ID_9ACB340806,validation
ID_9ACF3BC225,train
ID_9ACFFC461A,train
ID_9AD3E96777,train
ID_9AD4EF5945,train
ID_9AD5468CA7,train
ID_9AD6A531EB,train
ID_9AD73EAB65,validation
ID_9AD8685047,validation
ID_9ADB6CA682,validation
ID_9ADB7B3443,train
ID_9AE047151D,train
ID_9AE3C0CA88,train
ID_9AE760D6AE,validation
ID_9AE7F6F826,train
ID_9AE8607761,final
ID_9AE965705D,final
ID_9AE9BECD2C,train
ID_9AEAC66423,train
ID_9AEBC26088,train
ID_9AEC8A890A,train
ID_9AEDD546FF,validation
ID_9AEFE83BF4,validation
ID_9AF0FC77A4,train
ID_9AF3805358,validation
ID_9AF92C40AE,train
ID_9AFA857615,train
ID_9AFBA29093,final
ID_9AFDE56C0A,train
ID_9AFE2F518D,final
ID_9AFEC2205A,final
ID_9B01D5729D,validation
ID_9B0223F729,train
ID_9B027CCEFF,train
ID_9B04079065,validation
ID_9B051C8C8A,train
ID_9B057897A2,train
ID_9B06059D65,train
ID_9B0C11F6B5,train
ID_9B0DBE2522,train
ID_9B0F2A8626,train
ID_9B0F379728,train
ID_9B102B9E14,final
ID_9B15AA7A64,validation
ID_9B17D797BE,validation
ID_9B19EA52E6,train
ID_9B1ACA2917,final
ID_9B1D804682,train
ID_9B1E5FB178,final
ID_9B21B1914F,train
ID_9B24C29585,train
ID_9B261257C6,validation
ID_9B271E1C9E,train
ID_9B2787BC26,train
ID_9B291C8943,train
ID_9B2EA37B5D,validation
ID_9B2F10AD75,train
ID_9B32CB0110,final
ID_9B36C31EA2,train
ID_9B3C6DBDD2,validation
ID_9B3C912011,validation
ID_9B3FB6CF1A,train
ID_9B3FFC2097,final
ID_9B404D011B,train
ID_9B40D3CDE4,train
ID_9B41049498,validation
ID_9B474D6759,validation
ID_9B48DBF0BA,train
ID_9B4AA0EFD9,train
ID_9B4BE10FD2,validation
ID_9B4C87F451,final
ID_9B4DCCC0CE,train
ID_9B5061D9DD,validation
ID_9B5185EA42,train
ID_9B5308AC4F,validation
ID_9B5730A802,train
ID_9B5A54D200,final
ID_9B5FE132B3,train
ID_9B60B4758B,final
ID_9B61E972E8,train
ID_9B63A3D733,validation
ID_9B66891BEA,train
ID_9B6910332A,train
ID_9B6C24622D,train
ID_9B6EC92B1D,final
ID_9B6F7D2C33,train
ID_9B75688E8C,train
ID_9B77EF3E63,validation
ID_9B78B5FBD3,train
ID_9B818DFA70,train
ID_9B82CDAB37,train
ID_9B834141D0,final
ID_9B835B5AFE,validation
ID_9B864F2B57,validation
ID_9B89CF7864,train
ID_9B8B047010,final
ID_9B8BC86EBC,final
ID_9B8FF45DE5,final
ID_9B9043D2E2,final
ID_9B910A0DB5,validation
ID_9B91C8D3F2,train
ID_9B924995BF,validation
ID_9B94E9EF55,validation
ID_9B956253D1,final
ID_9B97CCC642,train
ID_9B98298143,train
ID_9B9B7780FB,train
ID_9B9D49D4F1,train
ID_9B9E407907,train
ID_9B9F318F00,validation
ID_9BA10B366D,train
ID_9BA1C3DF91,train
ID_9BA5077A22,validation
ID_9BA981788C,final
ID_9BAA559725,train
ID_9BAB0D6255,final
ID_9BAD5AF54D,train
ID_9BAE3CC7A4,final
ID_9BAEB62B14,train
ID_9BAF59A43F,validation
ID_9BB46A39E2,validation
ID_9BBB2ECD63,final
ID_9BBD7FB3C6,train
ID_9BBF121EEC,train
ID_9BC60A8340,train
ID_9BC69D1BA1,train
ID_9BC89AECAF,train
ID_9BC8DFC073,train
ID_9BC9A63D78,train
ID_9BC9E0D587,train
ID_9BC9EFBFEE,final
ID_9BCAF0388F,train
ID_9BCC30C6F3,train
ID_9BCC7CB4FB,train
ID_9BCD278B49,train
ID_9BCE683228,train
ID_9BCF313756,train
ID_9BD2230E4A,final
ID_9BD2CC49C4,final
ID_9BD5A31AFF,validation
ID_9BD70F7252,train
ID_9BDBF9D2D2,train
ID_9BE089736A,train
ID_9BE0FF6791,train
ID_9BE1077149,final
ID_9BE115B34B,final
ID_9BE28A7570,train
ID_9BE4830DD4,final
ID_9BE70AAA72,final
ID_9BE8705899,final
ID_9BEA708336,train
ID_9BEC9FEB22,final
ID_9BEE27FC42,train
ID_9BEF5AB5D5,final
ID_9BF133CC2C,train
ID_9BF266EC43,train
ID_9BF46AC2B2,train
ID_9BF4BEFBB2,train
ID_9BF5C488BD,final
ID_9BF60855C8,train
ID_9BF7753405,final
ID_9BF7D6489F,final
ID_9BFCAB3CB1,train
ID_9BFD0E7E94,train
ID_9BFEDC5110,train
ID_9C0062D7D2,train
ID_9C026B8141,final
ID_9C0445FA9A,validation
ID_9C0EE258E1,train
ID_9C112EE896,validation
ID_9C12815D74,train
ID_9C1392259B,validation
ID_9C17225B2A,train
ID_9C1ACB1A6A,validation
ID_9C1AF0798B,final
ID_9C1BD5E4DD,train
ID_9C1E6F85B6,train
ID_9C1FF272F4,final
ID_9C2230A9A2,final
ID_9C23E5CE4C,final
ID_9C265A0B37,train
ID_9C267BCA50,final
ID_9C26BF28FF,final
ID_9C29158A43,train
ID_9C29807A87,train
ID_9C298A96B0,train
ID_9C29AEC42A,train
ID_9C2AC23A1D,final
ID_9C2AE4DD3E,final
ID_9C31E8356C,train
ID_9C342796F7,train
ID_9C37EC87E4,final
ID_9C381E4798,train
ID_9C3A3972FE,final
ID_9C3A95EE11,validation
ID_9C3D3845A4,train
ID_9C3F2F4519,validation
ID_9C40A44C8F,train
ID_9C40D332B3,validation
ID_9C40E9A5AB,validation
ID_9C4142D3D8,train
ID_9C41D32823,validation
ID_9C4275C119,train
ID_9C42FB390F,train
ID_9C438C8450,train
ID_9C446C7D82,final
ID_9C45FD940F,train
ID_9C464844B4,final
ID_9C480CF016,final
ID_9C49A31DA9,final
ID_9C4B92100C,validation
ID_9C4BD82A2D,train
ID_9C4D26FCF4,final
ID_9C4D66747E,train
ID_9C4ECF3A56,train
ID_9C4F023896,train
ID_9C5136DC5B,validation
ID_9C524466EE,train
ID_9C52B600CD,train
ID_9C52F11BE1,train
ID_9C5359AE46,final
ID_9C53F60E45,train
ID_9C543BA239,train
ID_9C5672006A,train
ID_9C56A2F3D9,train
ID_9C56F8961E,final
ID_9C56FB1D92,train
ID_9C5D119E0A,validation
ID_9C5D17CF48,final
ID_9C5D5607DD,final
ID_9C5FBC0100,train
ID_9C631D3102,validation
ID_9C6385AED6,validation
ID_9C657D8AA8,train
ID_9C695E57D8,train
ID_9C6AECC4D1,train
ID_9C6B4C200B,train
ID_9C6DC99081,validation
ID_9C70E0452E,validation
ID_9C71B5D911,final
ID_9C71E63E63,train
ID_9C73FA715A,train
ID_9C76947807,train
ID_9C781822C4,final
ID_9C78D868EE,final
ID_9C78E186D7,validation
ID_9C7B7CCFC7,train
ID_9C7C19AFD4,final
ID_9C7C50C6BE,train
ID_9C7D258164,train
ID_9C80994ED6,validation
ID_9C81679A71,train
ID_9C837CE104,validation
ID_9C855EF42E,validation
ID_9C86167099,train
ID_9C91656A29,validation
ID_9C992D8D55,validation
ID_9C9D5BB0CF,train
ID_9CA2F24B15,train
ID_9CA72F599D,train
ID_9CA8C6E5B5,train
ID_9CA906B72F,train
ID_9CA915067E,final
ID_9CA987170D,train
ID_9CA9C294B5,train
ID_9CAAA05715,final
ID_9CAC871092,train
ID_9CACDC92CC,train
ID_9CAE2BD4BB,train
ID_9CAE8CCE26,validation
ID_9CAF7B4E8F,validation
ID_9CAFD80848,train
ID_9CB0577A3E,train
ID_9CB06FF970,validation
ID_9CB1EB6F75,train
ID_9CB23E9D95,train
ID_9CB2404979,train
ID_9CB324F1C7,validation
ID_9CB3C34BAE,train
ID_9CB3C5AAC4,validation
ID_9CB8DA47AE,train
ID_9CBA47752F,train
ID_9CBAB73B23,train
ID_9CBDB63382,train
ID_9CBEBA3F47,validation
ID_9CBF985488,validation
ID_9CBFACC2CC,validation
ID_9CC028FC7D,train
ID_9CC0D8B565,final
ID_9CC1710BDC,train
ID_9CC230447B,train
ID_9CC3896F19,validation
ID_9CC48512A3,train
ID_9CC7496BB0,train
ID_9CC8AACADF,validation
ID_9CC8DA9BAE,train
ID_9CC9681383,final
ID_9CD1BAC436,validation
ID_9CD2198D26,train
ID_9CD2DB2847,train
ID_9CD4D677C4,train
ID_9CD69565D4,validation
ID_9CD746EE49,train
ID_9CD84BF7F4,train
ID_9CDA6D97EE,validation
ID_9CDAE81D32,validation
ID_9CDC025E0D,train
ID_9CDC21D4DD,train
ID_9CDECD8227,train
ID_9CE1515C56,train
ID_9CE1937A06,validation
ID_9CE2BFE2F3,validation
ID_9CE497DC2F,train
ID_9CE52C75E9,train
ID_9CE596457F,final
ID_9CE68C998F,train
ID_9CE87C83CE,train
ID_9CEA95BB28,train
ID_9CEBE52CDB,validation
ID_9CEC5560EB,train
ID_9CF07703E5,train
ID_9CF1982D78,train
ID_9CF34E527B,train
ID_9CF3665E8B,validation
ID_9CF866E336,validation
ID_9CFED5E437,train
ID_9CFFAF2673,final
ID_9D023E279E,train
ID_9D028E8E74,train
ID_9D02D0E783,train
ID_9D0ACFA62F,train
ID_9D0CF72868,train
ID_9D0DA1674A,final
ID_9D0E1D922D,train
ID_9D0ED9469F,train
ID_9D1139B5D2,final
ID_9D11B40A41,validation
ID_9D11F65810,validation
ID_9D12A60ADE,final
ID_9D15D4B9B1,final
ID_9D179CCB0B,train
ID_9D19C1F964,train
ID_9D19F0747C,train
ID_9D1CAE910C,train
ID_9D1D3C36CB,validation
ID_9D1D9D852C,train
ID_9D1DB7AA24,final
ID_9D1F9EC0D6,final
ID_9D1FE894CC,validation
ID_9D2078E405,train
ID_9D21E91002,train
ID_9D220ED61D,final
ID_9D24C2D431,final
ID_9D2600A879,final
ID_9D264D09FD,train
ID_9D281BCDB3,final
ID_9D288226A7,train
ID_9D296222FB,train
ID_9D2A1078B5,train
ID_9D2CD6F81C,final
ID_9D2EE0DD2C,train
ID_9D2F0372CC,train
ID_9D2FF54966,validation
ID_9D3003A78D,final
ID_9D3359BECB,final
ID_9D34144165,validation
ID_9D362BA2FD,final
ID_9D3815AFC8,train
ID_9D389182D0,train
ID_9D3910E3F3,train
ID_9D394F206B,train
ID_9D39B9226A,validation
ID_9D3BAAA4ED,final
ID_9D3C347A3B,train
ID_9D3DF5F983,train
ID_9D438C0E78,train
ID_9D441F2C83,train
ID_9D46DCE38C,validation
ID_9D47269910,validation
ID_9D47897B0C,train
ID_9D483C00B3,final
ID_9D494FA263,validation
ID_9D4998FDCB,train
ID_9D49FA3B5A,train
ID_9D4B0ABEBF,train
ID_9D4B46B1ED,train
ID_9D4B6CDA94,train
ID_9D4C7171ED,final
ID_9D4F06A2FD,validation
ID_9D4F4B38D3,final
ID_9D4F5C00E7,train
ID_9D50176BD1,final
ID_9D538F1D83,final
ID_9D53AF6310,validation
ID_9D542608AC,validation
ID_9D55D1F8FC,validation
ID_9D574BB12F,train
ID_9D5B224769,train
ID_9D5D07F51B,train
ID_9D5EB75D8A,final
ID_9D5FB0D326,final
ID_9D60B18F3D,train
ID_9D656883A3,train
ID_9D668FF221,train
ID_9D66C7AB05,train
ID_9D66DAE8A3,train
ID_9D66E23713,validation
ID_9D684E9C28,train
ID_9D68E4849B,train
ID_9D69D089DE,train
ID_9D6B24AB20,train
ID_9D6BA451FB,final
ID_9D7116A924,train
ID_9D71BF22B2,train
ID_9D73695FC2,validation
ID_9D75664320,train
ID_9D77EE5B96,final
ID_9D78EC4202,train
ID_9D7DFD708C,train
ID_9D80375283,train
ID_9D80A3C1D2,validation
ID_9D8194483E,train
ID_9D8277C32D,final
ID_9D83BC1EE9,train
ID_9D8759C6CE,train
ID_9D88205B4C,final
ID_9D89F18481,train
ID_9D8C5F5A7D,validation
ID_9D8CCF3D66,validation
ID_9D8E6933A1,train
ID_9D91D356B4,final
ID_9D91DF8926,train
ID_9D94151867,final
ID_9D94EB081A,train
ID_9D9838D1AC,final
ID_9D98E71C82,train
ID_9D99AC7DF7,train
ID_9D9BE53BFB,train
ID_9D9C0C6092,train
ID_9D9E661650,final
ID_9DA14BC3AB,validation
ID_9DA35E3A8F,final
ID_9DA39478CB,train
ID_9DA4A2CFC1,train
ID_9DA4D663FF,train
ID_9DA8B9B57D,train
ID_9DAB3941D2,train
ID_9DAEBDC3AC,final
ID_9DB001D70C,train
ID_9DB25F8420,train
ID_9DB325857F,train
ID_9DB520DD7A,final
ID_9DB56047F3,final
ID_9DBA14B228,train
ID_9DBA17C1EC,final
ID_9DBA5ECF3B,validation
ID_9DBC925ADA,train
ID_9DBF6EAB8D,validation
ID_9DC1B800B7,validation
ID_9DC3CDC6AD,validation
ID_9DC402F9F6,validation
ID_9DCC1D7D74,train
ID_9DCFC21867,validation
ID_9DD203A038,final
ID_9DD22229C7,validation
ID_9DD2F0E6D0,train
ID_9DD32092FE,final
ID_9DD4F852A7,train
ID_9DD6034104,train
ID_9DDA77FE61,final
ID_9DDD58D0C9,train
ID_9DE0558195,train
ID_9DE163AD54,train
ID_9DE2BFAF8E,train
ID_9DE3128DD7,final
ID_9DE40826C3,final
ID_9DE52085B5,train
ID_9DE5D66437,train
ID_9DE7A1FE92,train
ID_9DE8538ED4,train
ID_9DE9031A5F,train
ID_9DEA70148B,train
ID_9DEA81C59D,train
ID_9DEB6151E1,train
ID_9DEE31C7D2,train
ID_9DF136937C,train
ID_9DF7892778,train
ID_9DF8115524,train
ID_9DFC9FBE71,validation
ID_9DFDB2FEEA,final
ID_9DFFDD32C9,validation
ID_9E00054513,final
ID_9E003E3562,final
ID_9E009E3702,train
ID_9E0196B072,validation
ID_9E02299B52,train
ID_9E02D38836,train
ID_9E03D92455,train
ID_9E05330A95,train
ID_9E0577BE5E,validation
ID_9E07014906,validation
ID_9E075A026E,final
ID_9E0774DE33,train
ID_9E077F2095,final
ID_9E07A24206,train
ID_9E0A8E4118,train
ID_9E0C29BFCE,validation
ID_9E11489EAB,train
ID_9E11D8BB5C,train
ID_9E13CA0AC4,final
ID_9E142A1174,train
ID_9E18A2FA55,train
ID_9E19283FB1,final
ID_9E1B8BE16B,final
ID_9E1BC582FA,final
ID_9E1D425183,train
ID_9E1DFD87FD,validation
ID_9E1E409CA6,train
ID_9E1E5D577B,final
ID_9E1FF87B86,train
ID_9E2139449B,train
ID_9E21A8D49A,train
ID_9E22982C2F,train
ID_9E2313BA67,final
ID_9E23B49F59,train
ID_9E26362393,final
ID_9E27CAE547,train
ID_9E29624E96,validation
ID_9E2A15FD3A,train
ID_9E2AA83224,final
ID_9E2B793BBA,train
ID_9E2C6D05E7,train
ID_9E2D1215E3,validation
ID_9E2DFE84DD,train
ID_9E2F92B83B,train
ID_9E31B52B4C,validation
ID_9E32AA25C2,train
ID_9E346B88BA,train
ID_9E35F55F92,final
ID_9E36102F98,train
ID_9E3645CFA5,train
ID_9E38552773,train
ID_9E3890EE92,train
ID_9E3924A18C,train
ID_9E39B52D5C,train
ID_9E3B81C06F,final
ID_9E3BB319E5,validation
ID_9E3BBECBB1,train
ID_9E3CEEDC41,train
ID_9E3D438F2E,validation
ID_9E3EC07B45,final
ID_9E3F9BF50E,train
ID_9E42194CFC,train
ID_9E4408EDBC,train
ID_9E4441645F,validation
ID_9E44483B6B,validation
ID_9E4C1DDA91,train
ID_9E4C6006ED,final
ID_9E51514EDE,final
ID_9E536EC702,validation
ID_9E550E8840,train
ID_9E58E0790F,train
ID_9E5AD29290,final
ID_9E5C8A8CEF,train
ID_9E5EE3823A,final
ID_9E62B57873,train
ID_9E635E4BE7,validation
ID_9E649B3E2A,train
ID_9E653BCBBB,train
ID_9E6867883E,final
ID_9E68CA7478,final
ID_9E6C457888,validation
ID_9E6C80FCB1,validation
ID_9E6CADD5E4,train
ID_9E70224258,train
ID_9E70958AD6,train
ID_9E713D21C9,train
ID_9E734A58EC,train
ID_9E737CC6B1,train
ID_9E7435422F,train
ID_9E751E3741,validation
ID_9E75EA7A31,train
ID_9E7A8ECA28,validation
ID_9E7D971134,train
ID_9E850AA831,train
ID_9E857F8D74,train
ID_9E858CA848,final
ID_9E86CEE659,train
ID_9E8837BCCB,train
ID_9E894BD156,validation
ID_9E8B7EC656,train
ID_9E8EB16A26,train
ID_9E906E8837,train
ID_9E931F607E,train
ID_9E937BF6B1,train
ID_9E97A08786,train
ID_9E993A8A37,train
ID_9E9A68EA34,train
ID_9EA0743204,validation
ID_9EA1274922,validation
ID_9EA4386DE1,validation
ID_9EA7397BBD,train
ID_9EAC49859C,validation
ID_9EAD56B4C2,train
ID_9EAD5D2450,train
ID_9EAF659459,train
ID_9EB169952B,train
ID_9EB6747FC0,final
ID_9EB987DDAE,train
ID_9EBC224C7A,final
ID_9EBD3E10BB,train
ID_9EBDA724C5,train
ID_9EBE6F62E4,final
ID_9EBEEFA5BF,train
ID_9EC1D2B760,train
ID_9EC23AD5CB,train
ID_9EC447CE46,final
ID_9EC4688CE8,train
ID_9EC6F2957D,validation
ID_9EC85FE06B,train
ID_9ECA679D44,train
ID_9ED073246B,train
ID_9ED1B01442,train
ID_9ED320D036,final
ID_9ED3ED1316,train
ID_9ED54A59C7,train
ID_9ED56EED50,train
ID_9ED631776E,train
ID_9ED723548D,train
ID_9ED76C87E8,train
ID_9ED81501F6,train
ID_9ED93C3761,final
ID_9ED9CE13FF,validation
ID_9EDABD62DF,validation
ID_9EDB784419,final
ID_9EDE44BD11,final
ID_9EDFAAD4F4,train
ID_9EDFD23DE8,train
ID_9EE0E79ABD,train
ID_9EE1C35C96,final
ID_9EE2D8059E,validation
ID_9EE5564B27,validation
ID_9EE5E8168E,train
ID_9EE62D397F,final
ID_9EE6445CAE,validation
ID_9EE7E576AA,train
ID_9EE8BF6105,train
ID_9EECE2143F,train
ID_9EED0D5B6F,train
ID_9EED5C1BCE,final
ID_9EEEBB44C7,train
ID_9EF26719AC,train
ID_9EF433C094,train
ID_9EF4D6BF2E,validation
ID_9EF8B687F1,train
ID_9EF95A879C,train
ID_9EFCE21602,final
ID_9EFD97DCB8,train
ID_9EFE3E3361,final
ID_9EFEF7B131,train
ID_9EFF307917,final
ID_9F01AC69B5,final
ID_9F02377FE6,train
ID_9F02E52D95,train
ID_9F04A51408,train
ID_9F08299772,train
ID_9F09FD8A7F,train
ID_9F0BAEABA5,train
ID_9F0EA3D978,train
ID_9F0F2076CF,train
ID_9F1154F30E,train
ID_9F12EDCA04,final
ID_9F189DDB3F,train
ID_9F1987BE9B,train
ID_9F1D803642,train
ID_9F1E261DFA,train
ID_9F1EBA5C76,train
ID_9F2140535F,train
ID_9F2262436B,train
ID_9F23211B73,train
ID_9F23677459,train
ID_9F23B9753D,train
ID_9F24CD21C6,train
ID_9F26F7B417,validation
ID_9F2A4670C7,validation
ID_9F2C992570,train
ID_9F2E612A4A,train
ID_9F2EF7B2BE,validation
ID_9F2F3CB0ED,train
ID_9F2FDDAB3D,validation
ID_9F32D5341C,final
ID_9F347BE58F,validation
ID_9F34CA68DB,train
ID_9F35962B06,validation
ID_9F36064314,validation
ID_9F3803B19C,final
ID_9F38C3F887,train
ID_9F399768B7,final
ID_9F3D764827,train
ID_9F3DDD1BEC,validation
ID_9F3DEFA555,validation
ID_9F3F6EC347,train
ID_9F41D9E5EF,validation
ID_9F42F19D53,final
ID_9F45EE21CE,train
ID_9F47EAC52A,final
ID_9F49C122E1,train
ID_9F49DCEE5E,train
ID_9F49FDFDA1,train
ID_9F4A0CEDD8,train
ID_9F4AA851F9,train
ID_9F4C5774D5,train
ID_9F4DEAB9CB,train
ID_9F4E621DD1,train
ID_9F4F5CFA71,validation
ID_9F510D2AE6,train
ID_9F565ABD25,train
ID_9F592A0D46,train
ID_9F5A88A39F,train
ID_9F5DC4E318,final
ID_9F5E2E5DD7,final
ID_9F5F6EFFEE,train
ID_9F6086B898,train
ID_9F612F8151,train
ID_9F664F3597,train
ID_9F67DA1474,train
ID_9F6A03E672,validation
ID_9F6A5980FC,train
ID_9F6B1124A1,final
ID_9F6EBA8126,train
ID_9F7032DB11,validation
ID_9F75567066,final
ID_9F767FD28C,train
ID_9F76E0E712,train
ID_9F779CE9EC,train
ID_9F781A5A6D,final
ID_9F782525E9,train
ID_9F7B0E4DCF,final
ID_9F7DCDD606,validation
ID_9F7E9A84A0,final
ID_9F7EF553D4,train
ID_9F80BE6FB8,validation
ID_9F81E59507,train
ID_9F8392DB15,validation
ID_9F86EDADDD,final
ID_9F889A2A84,final
ID_9F8A2CC06A,train
ID_9F8AC1277C,final
ID_9F8CE30541,train
ID_9F8F9AF8E5,final
ID_9F907DC1C6,train
ID_9F920FDFB1,train
ID_9F925889A8,train
ID_9F92BE10B6,final
ID_9F93450C52,train
ID_9F9B84D24B,train
ID_9F9E598AF4,validation
ID_9FA1C2B376,train
ID_9FA1E11176,final
ID_9FA1F6DDEA,train
ID_9FA25E4BDC,train
ID_9FA260E6A8,train
ID_9FA3CD4DA9,train
ID_9FA74F9B11,train
ID_9FA7A59855,final
ID_9FA8DC793F,train
ID_9FA900D648,train
ID_9FAA16FDCD,train
ID_9FAD649F23,train
ID_9FAD7FA948,train
ID_9FAEF341D4,train
ID_9FAEF98B14,final
ID_9FAEFEB27C,train
ID_9FB33EEEF6,train
ID_9FB36E26A0,final
ID_9FB5B69646,train
ID_9FB99D7A5A,validation
ID_9FBA85F103,validation
ID_9FBB41BA7B,validation
ID_9FBB86CC39,train
ID_9FBC44D6EC,train
ID_9FBD036305,train
ID_9FBF6D93FA,train
ID_9FBFBBD999,train
ID_9FC0B90B91,validation
ID_9FC17DC363,final
ID_9FC3CE9C85,train
ID_9FC6CFF2A7,train
ID_9FC7D067B8,train
ID_9FC86305EF,validation
ID_9FC86A3C09,train
ID_9FC9A50661,validation
ID_9FCC28472F,validation
ID_9FCD772D98,train
ID_9FCDB1F34E,train
ID_9FD2026FC2,final
ID_9FD28076C4,final
ID_9FD60DAE7F,train
ID_9FD73B0922,validation
ID_9FD8AE3DD5,train
ID_9FDA154835,final
ID_9FDB11DAB8,train
ID_9FDB4986E5,train
ID_9FDC7FFC50,train
ID_9FDD5C82D1,validation
ID_9FDEE9FA78,final
ID_9FDF8E666F,train
ID_9FE096D5F7,train
ID_9FE3153CAE,train
ID_9FE366C3FC,validation
ID_9FE39A9ED4,train
ID_9FE3B7C41F,train
ID_9FE4676E9E,train
ID_9FE5E17A4C,train
ID_9FE5E8AB63,validation
ID_9FE9C4FAED,train
ID_9FEB2131B5,train
ID_9FEE832F69,train
ID_9FEFC0FCC0,train
ID_9FF0AAA64F,final
ID_9FF18E0276,train
ID_9FF2DF6146,train
ID_9FF396BC2F,validation
ID_9FF4B1AB58,validation
ID_9FF56306D6,train
ID_9FF78E123F,train
ID_9FFA490FEE,final
ID_9FFEE283BD,validation
ID_A000049C33,train
ID_A000DDE872,train
ID_A0013AD0B0,final
ID_A0036A7872,train
ID_A004A2311B,train
ID_A0068F94AE,validation
ID_A006BD4733,train
ID_A009A8EEB4,train
ID_A00A8CE511,final
ID_A00BEB2818,train
ID_A00D4DDB12,train
ID_A0122A85B3,train
ID_A013BCC394,final
ID_A016154D06,validation
ID_A016320839,train
ID_A0173F21C3,train
ID_A01B15CA96,train
ID_A01BD525E2,train
ID_A0200B7B13,train
ID_A0241DA121,train
ID_A0257F7D48,validation
ID_A025D73D36,final
ID_A0279C34B1,validation
ID_A028A9F672,train
ID_A02D14DA40,train
ID_A02D61F2D2,validation
ID_A0325DEB51,final
ID_A033CEE0EC,train
ID_A0347EDEC7,validation
ID_A03869C88F,validation
ID_A039854258,train
ID_A03B9F8A9B,train
ID_A03FAACB2F,train
ID_A0448412A2,train
ID_A04484C05F,final
ID_A044ACBFC5,final
ID_A04632C116,train
ID_A04636D46C,validation
ID_A047EECFE1,final
ID_A048BE15CA,final
ID_A04EEA6799,final
ID_A04EF051F0,validation
ID_A0517999D3,train
ID_A0525AFB27,train
ID_A0533E0F1A,train
ID_A054C41FEF,final
ID_A055C0A8B0,train
ID_A0576CB44F,train
ID_A057997031,train
ID_A0580B5FEF,validation
ID_A058E9073B,validation
ID_A059A7C74D,train
ID_A05A6DFDB8,train
ID_A05A7739B8,train
ID_A05B31FAD8,train
ID_A05C5D087A,train
ID_A0625915C2,train
ID_A068721BA6,train
ID_A06A12F178,train
ID_A06D08E368,final
ID_A06E7B1B56,train
ID_A06F43A5A5,train
ID_A071B4D457,validation
ID_A0766E225F,train
ID_A0772E16E0,train
ID_A077CF392E,train
ID_A07C1F3822,validation
ID_A07F0B061B,train
ID_A08028F4C0,validation
ID_A0814AF8C4,final
ID_A08645B10E,validation
ID_A0879F0A17,train
ID_A089D23CB7,train
ID_A08AD7FCDD,validation
ID_A08C716005,train
ID_A08CBE1A2D,train
ID_A08CC6DD1A,train
ID_A0922F9D69,validation
ID_A092EA3770,train
ID_A0933D257D,validation
ID_A09A2AAD2E,train
ID_A09BA57064,final
ID_A09C874591,train
ID_A09D71A76E,train
ID_A0A4097DCF,train
ID_A0A4B0B500,train
ID_A0A5D32E03,validation
ID_A0A680E480,train
ID_A0A7086537,validation
ID_A0A8CEEDD7,train
ID_A0A9B78B3C,validation
ID_A0AAF6D89E,validation
ID_A0ABCD13A2,final
ID_A0AD399F47,train
ID_A0AF1334EB,train
ID_A0AF6BE8B3,final
ID_A0AF768A95,train
ID_A0AFA1D4F8,train
ID_A0B0F7D48C,validation
ID_A0B34C6DA1,train
ID_A0B48872D1,train
ID_A0B61B6040,train
ID_A0B6238B3C,validation
ID_A0B683135F,train
ID_A0B77F3330,final
ID_A0B8B969D6,validation
ID_A0BA419B98,train
ID_A0BB621DDC,final
ID_A0BB7D615F,validation
ID_A0BE738132,train
ID_A0BF4CC60A,train
ID_A0BF92D04E,validation
ID_A0C20D3A28,train
ID_A0C2F95D2B,validation
ID_A0C6D460E4,train
ID_A0CA3E2E62,final
ID_A0CC0C959B,validation
ID_A0CC138CA2,validation
ID_A0CCA00BB8,train
ID_A0CCD9EAF7,train
ID_A0CD849ECE,final
ID_A0CF1F3004,train
ID_A0CF53D7A1,train
ID_A0D1A70B32,train
ID_A0D1ABE1BD,final
ID_A0D2573028,train
ID_A0D7FEBA50,train
ID_A0D9F1BD01,train
ID_A0DA18C279,train
ID_A0DD8223F3,train
ID_A0E1226F54,final
ID_A0E13E5F6F,train
ID_A0E162DFFF,train
ID_A0E17FD6A2,train
ID_A0E36A2D65,train
ID_A0E3922852,train
ID_A0E6ADAA08,final
ID_A0E756B165,final
ID_A0E9003F04,train
ID_A0EA5AF49C,validation
ID_A0EA8EF28A,train
ID_A0EAE5630E,train
ID_A0EBFEBA4D,train
ID_A0ED42B8F6,validation
ID_A0EFB08C37,train
ID_A0F331F540,train
ID_A0F4E12A9A,final
ID_A0F87127E4,train
ID_A0F8B773EB,final
ID_A0F979F2F3,train
ID_A0F9C74BD1,train
ID_A0FF376306,train
ID_A0FFBFF131,train
ID_A100BCD7C5,train
ID_A101BF38A0,final
ID_A10C43531E,train
ID_A10C72D000,validation
ID_A10CB400E5,final
ID_A10DF7D1FA,train
ID_A1115B0F27,train
ID_A1129A5262,train
ID_A11452CCFB,final
ID_A115397AB1,validation
ID_A1160405B3,train
ID_A1160C763C,train
ID_A116897AC2,final
ID_A1172FF220,final
ID_A119DACAA3,train
ID_A11B09D851,train
ID_A11BE749D8,validation
ID_A11C4B9783,train
ID_A11C63E766,train
ID_A11C80C1B4,train
ID_A11CA5573E,validation
ID_A11D39D6F6,train
ID_A11FC6ABCE,validation
ID_A12082795B,final
ID_A123D4AFAF,train
ID_A1259D3E91,train
ID_A125CC39E7,final
ID_A125E1C2BF,validation
ID_A126E1E3DB,train
ID_A128625FA2,final
ID_A12B0752AE,validation
ID_A12D4AA966,train
ID_A12FD80849,validation
ID_A1331F9188,final
ID_A134C8E915,train
ID_A13538CD3D,train
ID_A1368701B3,train
ID_A13B56AA27,train
ID_A13BBEABCB,train
ID_A13DE190C9,final
ID_A13DFA4494,validation
ID_A13EBB2F7E,train
ID_A1450D348C,final
ID_A149E2A479,train
ID_A14AA6F81A,final
ID_A14AD67C50,train
ID_A14E2D17CC,final
ID_A150B93E95,final
ID_A1510070AC,final
ID_A151BC5E3C,train
ID_A15212B5C6,final
ID_A15611D44F,final
ID_A156A5E1BC,final
ID_A156ECDA32,train
ID_A157F1E173,final
ID_A15ADFF4F4,final
ID_A15FE1E79F,validation
ID_A1603C7783,final
ID_A1606BEE35,train
ID_A1614343A3,train
ID_A16667C23D,train
ID_A16C22B8E7,validation
ID_A16CEB017A,train
ID_A16DD405AD,final
ID_A174994E6A,validation
ID_A177531599,train
ID_A1786708AC,train
ID_A178D71FCF,final
ID_A17E300F38,validation
ID_A18144383D,train
ID_A181D4C809,validation
ID_A183811F72,train
ID_A1842349A4,train
ID_A187E058D9,validation
ID_A1888D95E4,final
ID_A18945E778,train
ID_A18A67592F,train
ID_A18AAB387F,train
ID_A18BB72D9B,validation
ID_A18EADE7EF,train
ID_A190C28C95,train
ID_A19193F81B,train
ID_A1920CDFC0,train
ID_A196D52347,validation
ID_A19725B81C,final
ID_A19741CE16,validation
ID_A198B1DDA5,train
ID_A1993C64A8,validation
ID_A19A78363B,train
ID_A19AB9A90C,train
ID_A19AF4B4B3,train
ID_A19C4A3581,train
ID_A19D065C6C,train
ID_A1A30638AA,final
ID_A1A48ECAB3,final
ID_A1A5A3DAE7,train
ID_A1A8DC9115,validation
ID_A1ABAD11EC,train
ID_A1AE08D9F3,train
ID_A1AEF43F42,train
ID_A1AF3459FB,train
ID_A1B4212B58,train
ID_A1B440A2DB,train
ID_A1B7B7C53B,validation
ID_A1B7CF2AFF,final
ID_A1BAAAA742,train
ID_A1BCAF9198,final
ID_A1BCCDFC55,train
ID_A1BCEF6C29,train
ID_A1BD3CA39F,train
ID_A1BDDB1B6C,train
ID_A1BDF2C900,train
ID_A1BE58EDFA,train
ID_A1BF680767,train
ID_A1BFCB4AE7,train
ID_A1C1E386F0,train
ID_A1C5990710,final
ID_A1C608DAE3,train
ID_A1C898B875,train
ID_A1CBAD46A4,validation
ID_A1CE289EF7,validation
ID_A1CE510168,validation
ID_A1D13B7903,train
ID_A1D17DDF68,train
ID_A1D25A9917,train
ID_A1D69CC834,train
ID_A1D823B830,train
ID_A1D9782B41,final
ID_A1D98C0ACD,train
ID_A1DC610A1E,train
ID_A1DDFE4058,train
ID_A1DE021CA3,train
ID_A1DEBF472D,validation
ID_A1DF474C80,train
ID_A1DF5024EF,validation
ID_A1E1F4BE67,train
ID_A1E28AEE12,validation
ID_A1E38DB75E,train
ID_A1E474E1E7,train
ID_A1E57DB417,train
ID_A1E64E0BD6,final
ID_A1E6609D9E,train
ID_A1E68D6495,validation
ID_A1E6DCFF58,train
ID_A1E72DB872,validation
ID_A1EAE5F6AA,final
ID_A1ECB6DA74,validation
ID_A1ECEB53C6,train
ID_A1EDCB8B21,train
ID_A1F0BE3182,train
ID_A1F192D57E,train
ID_A1F21DB592,train
ID_A1F3278C3E,train
ID_A1F5D8C120,train
ID_A1F7A2A9F0,train
ID_A1F8AF04A0,train
ID_A1FA98D160,train
ID_A2015BAB8E,validation
ID_A202427DC8,train
ID_A203E0C8CB,train
ID_A20403A7A0,train
ID_A205EE76FC,train
ID_A20E8235C4,train
ID_A2114D449A,train
ID_A212FD98DF,validation
ID_A217507111,train
ID_A21C6642D5,final
ID_A21DD1DA5E,train
ID_A21EC51ABA,train
ID_A21F43ACB0,final
ID_A21F46F15E,final
ID_A22061AF49,train
ID_A220E7B50A,train
ID_A2214E5C34,validation
ID_A222B04535,final
ID_A22320BF15,validation
ID_A22384A0DF,train
ID_A22453C490,final
ID_A225E2C323,final
ID_A22659BEE4,final
ID_A229439572,train
ID_A22AF9C439,train
ID_A22E4148AB,train
ID_A22F73523B,validation
ID_A232AC0732,validation
ID_A232E772B2,train
ID_A2331FE2BA,validation
ID_A233C1ED36,final
ID_A234C6E8FD,validation
ID_A2359C7229,final
ID_A237D22BA4,train
ID_A237DA46C6,train
ID_A23AA1323D,train
ID_A23C9D1E5C,train
ID_A24396D042,train
ID_A244EF39C3,train
ID_A247A91C7F,validation
ID_A24A549C8E,validation
ID_A24B27E679,validation
ID_A24B4A6990,train
ID_A24BE2F4AA,validation
ID_A24BE4440E,train
ID_A24EF71F25,train
ID_A24F04D8E1,validation
ID_A24FB268EE,train
ID_A250E044A7,final
ID_A252941CF4,train
ID_A254724B8A,validation
ID_A25497AADC,train
ID_A2549A5680,validation
ID_A255306426,validation
ID_A25576D577,train
ID_A258C9D801,final
ID_A2598BDC85,train
ID_A259D27D14,validation
ID_A25C7A5DBE,train
ID_A25E9D5B2B,train
ID_A25EEBCB8C,validation
ID_A25F8A47BC,train
ID_A261580258,train
ID_A262638F5E,validation
ID_A264773A88,train
ID_A2647E5508,train
ID_A26747B810,validation
ID_A267FBC302,train
ID_A268CC3CC2,train
ID_A2697174ED,train
ID_A26B04C529,train
ID_A26B2725BB,train
ID_A26C9321DE,train
ID_A27028C643,final
ID_A270776CB3,validation
ID_A270E9E561,final
ID_A270EDE72F,train
ID_A275C355DA,train
ID_A27649B17E,validation
ID_A27661280B,train
ID_A276F084F8,final
ID_A2770850A2,train
ID_A27949E626,validation
ID_A27A458EA0,validation
ID_A27B8C8E8F,train
ID_A280E5B62F,final
ID_A283201119,validation
ID_A2837EA836,train
ID_A284640FC4,train
ID_A287761A96,validation
ID_A28799A894,train
ID_A28986416E,validation
ID_A28ACD15E6,train
ID_A28BF346ED,final
ID_A28C0DDD21,train
ID_A2903E864A,validation
ID_A2928AA422,train
ID_A294247C8D,train
ID_A2947FD53E,train
ID_A29564D450,train
ID_A296D6F0CE,train
ID_A29847E1D1,train
ID_A2988CD335,train
ID_A299FA2F66,final
ID_A29BC134C7,train
ID_A29C0E1A8C,train
ID_A29CA10F55,validation
ID_A29EE0F146,train
ID_A2A0DBE35C,train
ID_A2A188CE84,train
ID_A2A342DD0F,train
ID_A2A603A266,train
ID_A2A6F44464,train
ID_A2A7EB2273,final
ID_A2AE10774D,train
ID_A2AED7BC96,train
ID_A2AFA0D653,validation
ID_A2B0674448,train
ID_A2B2F87D3F,train
ID_A2B7BE63BF,validation
ID_A2B7C06747,validation
ID_A2B9D5CA37,final
ID_A2BCE29371,train
ID_A2BE75B6CC,train
ID_A2BF699092,final
ID_A2C16E823A,train
ID_A2C284E3AD,validation
ID_A2C5C057D8,train
ID_A2C7150E37,train
ID_A2C9137DA9,validation
ID_A2CD59E12D,train
ID_A2CE043597,train
ID_A2D65A15C4,train
ID_A2DB727B59,final
ID_A2DBB34CE4,validation
ID_A2DEDDA8A2,train
ID_A2DF01AB39,validation
ID_A2E05A16AE,final
ID_A2E16958C6,train
ID_A2E3AE15FC,train
ID_A2E6C15205,train
ID_A2E8AB6E05,validation
ID_A2E9A2D563,final
ID_A2EA453DA3,train
ID_A2EB319D1C,final
ID_A2EFF46990,train
ID_A2F1214689,train
ID_A2F1D774DA,final
ID_A2F3839C4D,final
ID_A2F6CA4BE0,train
ID_A2F8793E94,train
ID_A2F93C370D,validation
ID_A2F9BC2DF6,train
ID_A2FA003796,final
ID_A2FA3C1353,train
ID_A2FD5762BA,train
ID_A2FDAEBE2F,train
ID_A2FE177BA5,validation
ID_A2FF277244,train
ID_A3019CBFC6,final
ID_A306F92F00,train
ID_A3078533C4,train
ID_A307D58ABA,final
ID_A3096A0154,validation
ID_A30C09696A,train
ID_A30DD7227D,validation
ID_A30DF79D99,train
ID_A30ED26A56,train
ID_A30ED7E7DD,train
ID_A30F13EB39,final
ID_A310A633FE,validation
ID_A311513201,train
ID_A31307A75C,train
ID_A3157A7B1F,final
ID_A315FF08FF,train
ID_A316FEEA34,train
ID_A31A4EEFEC,train
ID_A31E9B49B7,train
ID_A3243B76CB,validation
ID_A3250D5830,validation
ID_A3279A14C1,train
ID_A32872C96A,train
ID_A3293594B0,final
ID_A32E15D76F,train
ID_A32FA3516D,train
ID_A33AE951B0,train
ID_A33D736EF4,final
ID_A33F5D48EA,final
ID_A33F68EF7D,train
ID_A340335947,final
ID_A340EC31B4,train
ID_A3416FC641,final
ID_A342E18F26,train
ID_A342E2A01B,train
ID_A345F6536A,validation
ID_A346296DF6,final
ID_A3480377EE,train
ID_A348065412,validation
ID_A348FCDD8D,train
ID_A349864F40,final
ID_A34CFC2BF2,train
ID_A3503A9714,final
ID_A350472D87,validation
ID_A350C2C568,final
ID_A351A00646,train
ID_A352397F25,train
ID_A3539A4507,train
ID_A3548B887E,train
ID_A35518DBD1,train
ID_A35C5B70FF,train
ID_A35CACB64C,train
ID_A35CC9B00B,train
ID_A35F12F971,final
ID_A3634B8B64,train
ID_A36A445840,train
ID_A36A76A69D,final
ID_A36C37C18E,train
ID_A36C53DDEE,train
ID_A36CD09E94,final
ID_A36D2C28D2,train
ID_A36D324701,final
ID_A36E0B329B,validation
ID_A36E6C9A35,final
ID_A36F22EDBF,final
ID_A36F62BF68,train
ID_A3720AE652,train
ID_A372D4FE79,validation
ID_A3744587FA,train
ID_A37604167C,train
ID_A3766104B9,final
ID_A377926BEC,train
ID_A379360211,final
ID_A3793AF236,train
ID_A37A59EE1E,train
ID_A37B3DD328,validation
ID_A37B935B49,final
ID_A37F398053,train
ID_A381460734,train
ID_A384751FF7,validation
ID_A389B6D94B,train
ID_A38A3A41B4,train
ID_A38CB72EFC,train
ID_A39266E9F6,train
ID_A393BC9488,train
ID_A394349442,train
ID_A394CF08F6,train
ID_A3956165BB,train
ID_A395B4E3A2,validation
ID_A395BE16D7,train
ID_A39891FE93,train
ID_A3990FC906,train
ID_A39C22F3A3,train
ID_A39C4CF188,final
ID_A39FF6322D,train
ID_A3A1E84973,validation
ID_A3A266CFB2,train
ID_A3A305BE5E,train
ID_A3A3E00721,final
ID_A3A5AA2445,validation
ID_A3A6968FDF,train
ID_A3A88FAA36,train
ID_A3AA15E045,train
ID_A3AA8AE4B2,train
ID_A3ABF3985D,train
ID_A3AC41D3E9,validation
ID_A3AD8FA192,train
ID_A3AF85F899,validation
ID_A3B1A77AF8,train
ID_A3B2CB57B7,validation
ID_A3B2FCC98F,validation
ID_A3B69AED68,validation
ID_A3B6CF675C,validation
ID_A3B7EA83E6,validation
ID_A3B7EE34B4,train
ID_A3B8C3E2AF,validation
ID_A3B9A0199D,train
ID_A3BA5EA288,train
ID_A3BC088375,validation
ID_A3BCB66F9C,train
ID_A3BE284675,train
ID_A3C2C481CA,train
ID_A3C3833673,train
ID_A3C4B5C831,final
ID_A3C55632C5,train
ID_A3C5D503DE,validation
ID_A3C64F5170,validation
ID_A3C6696436,train
ID_A3C8D7D8A6,train
ID_A3CFF49A49,train
ID_A3D8B0BBFA,train
ID_A3D93CDF79,train
ID_A3D9734299,validation
ID_A3D9752F97,train
ID_A3DB3535BD,validation
ID_A3DCF1C00F,train
ID_A3DE0B347A,train
ID_A3DF6A38C8,train
ID_A3E028110E,validation
ID_A3E488FE3A,train
ID_A3E50DEDE3,train
ID_A3E57D129D,train
ID_A3EE01D9D5,final
ID_A3EF059BC4,train
ID_A3EFA02E26,validation
ID_A3F1B028C3,train
ID_A3F21FEEB3,train
ID_A3F3D0EEDA,train
ID_A3F75D11F9,train
ID_A3F9795206,train
ID_A3F9DED2A8,train
ID_A3FA707BD3,train
ID_A3FB724666,train
ID_A4002F63B8,validation
ID_A405BC65AB,final
ID_A407BCC081,final
ID_A40A5A0332,train
ID_A40E586615,train
ID_A40F625CF1,final
ID_A4102B1536,validation
ID_A41030B602,validation
ID_A4105DF98E,validation
ID_A412742C43,train
ID_A412C0215A,train
ID_A413C65291,train
ID_A414B47F29,train
ID_A414B60DFC,final
ID_A4155739D7,train
ID_A415C6CDB4,train
ID_A416904D9C,train
ID_A41910776B,train
ID_A41A8D31C7,train
ID_A41EED1DEA,validation
ID_A41EF24A87,train
ID_A41FB64A93,final
ID_A41FC01D80,train
ID_A421BFD2B9,validation
ID_A42274068E,train
ID_A422969BC0,train
ID_A424FFEA3C,validation
ID_A42BDBB3DD,train
ID_A42C48819E,train
ID_A42D407AD2,train
ID_A42E0DBF5C,validation
ID_A42E759321,validation
ID_A430CE12E9,train
ID_A432041215,validation
ID_A4329C148B,final
ID_A433A4D04E,train
ID_A433D446B1,train
ID_A433D5469B,train
ID_A434201A66,train
ID_A4346B0396,train
ID_A43A41596B,final
ID_A43A991418,train
ID_A43C7B96C0,train
ID_A43F7A8A9E,final
ID_A44450FA6B,validation
ID_A44EFABBCB,train
ID_A4501E169A,train
ID_A450E5D19A,final
ID_A451D0DDC0,train
ID_A452CAFC6A,train
ID_A4541BD114,train
ID_A454DE49D5,validation
ID_A4551DC024,train
ID_A4566D460B,final
ID_A4589FAB0A,train
ID_A45CA9B03B,train
ID_A45E37BCD5,train
ID_A4625DEDDD,final
ID_A464F599F8,train
ID_A46551BFB4,validation
ID_A465C63339,final
ID_A466BC2439,final
ID_A46707DFAD,validation
ID_A4684FDA0C,validation
ID_A4687E532C,validation
ID_A46E63DFFB,train
ID_A4713AEDF6,train
ID_A4716D0E1B,train
ID_A4724BE084,final
ID_A475B44189,train
ID_A475B8644B,train
ID_A478E084D8,train
ID_A482249EB2,train
ID_A485084BCE,train
ID_A4850DA37F,train
ID_A4897EEC74,train
ID_A48BA17372,final
ID_A48E4A2A73,final
ID_A48FDA839F,train
ID_A490922FB9,validation
ID_A4938F1150,train
ID_A495D43FE0,train
ID_A4993EDE2E,train
ID_A499FEB287,final
ID_A49D38749F,train
ID_A49F5A15FA,train
ID_A49FE07685,final
ID_A4A0BE26B2,train
ID_A4A1646ED4,train
ID_A4A35D1343,train
ID_A4A9449C48,train
ID_A4AA76DFCB,final
ID_A4AC0DEBC2,train
ID_A4ACE6B1D4,final
ID_A4ADC8C86E,train
ID_A4AE2179BA,train
ID_A4AEF08DE8,train
ID_A4AFD83901,validation
ID_A4B07BEC9B,train
ID_A4B0925FED,train
ID_A4B1AAAF33,final
ID_A4B1BCBC46,validation
ID_A4B4358144,final
ID_A4B625D9DA,train
ID_A4B7968768,train
ID_A4B836D4EA,train
ID_A4B88F04CD,final
ID_A4BA70EA11,validation
ID_A4BB2A243C,train
ID_A4BBCE5BBD,final
ID_A4BBF5E5A4,train
ID_A4BC2BCC8A,train
ID_A4BF471E23,validation
ID_A4BF7DADBE,validation
ID_A4C054B560,train
ID_A4C16876A7,final
ID_A4C56E2C97,final
ID_A4C6170A6F,final
ID_A4C670A6D8,train
ID_A4C73E7DA6,train
ID_A4C912EFB5,final
ID_A4CB58608B,train
ID_A4CCFE7B63,validation
ID_A4CD9A4EBD,validation
ID_A4CF171ABA,train
ID_A4CF63ACA0,validation
ID_A4D02C7689,train
ID_A4D0611B41,validation
ID_A4D33FF5C2,train
ID_A4D8B60E46,train
ID_A4D8FED54E,train
ID_A4DA31C293,train
ID_A4DC446A49,train
ID_A4DC76BD14,validation
ID_A4DECDABC4,train
ID_A4E023AEEC,train
ID_A4EC8EA302,train
ID_A4ED886D82,final
ID_A4EE9AEFEF,train
ID_A4F073A00B,train
ID_A4F2440C15,train
ID_A4F2CB356A,train
ID_A4F4FD977A,train
ID_A4F57C40F3,train
ID_A4F85B6979,final
ID_A4F8A77865,train
ID_A4F96B63F3,train
ID_A4FA63D60D,final
ID_A4FB170920,train
ID_A4FCA35B2C,train
ID_A4FD0FABB5,final
ID_A4FEB72625,train
ID_A50041CFA3,validation
ID_A50090D9C9,train
ID_A501764165,train
ID_A501DBE302,train
ID_A502AAECFB,train
ID_A502B1DFBE,final
ID_A506F835AE,final
ID_A507B7E211,train
ID_A509FE317F,final
ID_A50EC18AE1,train
ID_A50F629126,final
ID_A50F884CC8,train
ID_A51055E085,train
ID_A51156619D,train
ID_A51252A43F,train
ID_A513646FF5,train
ID_A51AD72F61,train
ID_A51FFF30A7,final
ID_A5209A6F7F,train
ID_A521B78CC3,train
ID_A5222BE2DA,train
ID_A52422EA3C,final
ID_A5245DF480,train
ID_A52524965A,train
ID_A525CC973E,train
ID_A529ACDCA1,final
ID_A52F041097,train
ID_A53493520C,train
ID_A5386DE3DC,validation
ID_A53A300DF2,train
ID_A53A73E7AD,train
ID_A53CC8ABCA,train
ID_A53D62F508,train
ID_A53FBC5D48,train
ID_A5437EF015,train
ID_A5450BD00A,final
ID_A545EA44AD,train
ID_A546C002D9,train
ID_A5478A80B8,validation
ID_A54A172A48,final
ID_A54AF4C40B,train
ID_A54DA5349A,train
ID_A54F907B56,train
ID_A55367199F,validation
ID_A556E5C50E,final
ID_A559AD7B83,train
ID_A55AB401F3,validation
ID_A55F044ED8,final
ID_A55F0EE0E1,validation
ID_A564222FA2,validation
ID_A568666D47,validation
ID_A56CC482EB,train
ID_A56DDA0BA5,train
ID_A56E73C64D,final
ID_A56E993A65,train
ID_A56EB4416B,final
ID_A57181DE42,final
ID_A571CAF0AD,train
ID_A571E055AF,train
ID_A57594B53A,train
ID_A578D53290,train
ID_A57A93007B,final
ID_A57B3BE52C,train
ID_A57B724AB6,final
ID_A57EC85ADE,final
ID_A57F36035D,train
ID_A580E28F9C,train
ID_A582225FBE,train
ID_A584485ACC,validation
ID_A585F167FF,train
ID_A5870FAF9A,final
ID_A58A675DAA,validation
ID_A58AF2878E,final
ID_A58B4A944E,validation
ID_A58BD38593,train
ID_A58C1DE6FC,final
ID_A58D4FB6CC,train
ID_A58E49D354,final
ID_A58F055669,train
ID_A590BE6492,train
ID_A590FE4CBA,final
ID_A5932F00F1,final
ID_A594083ED2,final
ID_A5970FF025,train
ID_A598154217,train
ID_A598A315FD,train
ID_A59B850646,train
ID_A59C24DD69,final
ID_A59ED7B620,train
ID_A5A0BA00C3,train
ID_A5A0D68538,train
ID_A5A1C27FD7,train
ID_A5A3586FE9,train
ID_A5A41BBD63,final
ID_A5A566FF9F,train
ID_A5A7CCC377,train
ID_A5AA1FA75B,train
ID_A5ABE7EBA1,train
ID_A5ACBC136D,validation
ID_A5AF478928,validation
ID_A5AFF04681,train
ID_A5B00D645D,train
ID_A5B0A47F3F,train
ID_A5B26865AA,train
ID_A5B3345BD6,train
ID_A5B7398A75,train
ID_A5B8988D87,final
ID_A5B8CD0AE3,validation
ID_A5BC27E221,train
ID_A5BCB1514C,train
ID_A5BE6143B3,train
ID_A5BF071226,validation
ID_A5BFB6DF5F,train
ID_A5C0095728,validation
ID_A5C13FB771,final
ID_A5C19B9996,validation
ID_A5C1D354A4,train
ID_A5C2B1FF4F,final
ID_A5C813897E,final
ID_A5CCDCD8E9,train
ID_A5D148CE23,final
ID_A5D24B4CA0,validation
ID_A5D2D5BCDD,train
ID_A5D4DA72EE,train
ID_A5D4E5656D,validation
ID_A5D56A3578,train
ID_A5D676B66C,train
ID_A5D7BD0F13,train
ID_A5D7F3F524,train
ID_A5D88A26AB,train
ID_A5DAB3F314,train
ID_A5DEB0E3FB,final
ID_A5DF9E096A,train
ID_A5DFF5E71C,final
ID_A5E0EDC3A8,train
ID_A5E0FD78DA,train
ID_A5E4224504,validation
ID_A5E4A147CB,train
ID_A5E611DC1A,final
ID_A5E868108D,train
ID_A5EB781882,validation
ID_A5EEDDA165,validation
ID_A5F2044225,train
ID_A5F32B4E88,train
ID_A5F3A78B7B,train
ID_A5F5EFBBF9,final
ID_A5F6B948A8,train
ID_A5F9FD935C,validation
ID_A5FDA6F706,train
ID_A5FE1E10D9,final
ID_A60170BC1F,validation
ID_A60259CA1B,final
ID_A60350A688,final
ID_A6044B5B71,train
ID_A604AF7A9C,final
ID_A605C07327,validation
ID_A605D5DE98,train
ID_A606E88EDE,train
ID_A60780EAB9,train
ID_A60861973B,train
ID_A60B0AB216,final
ID_A610B3287F,train
ID_A61169B708,train
ID_A611A0907F,final
ID_A613815803,train
ID_A613F6F3D9,train
ID_A614CD4522,train
ID_A61585827E,train
ID_A619C7A36C,train
ID_A61A97644B,validation
ID_A61B6F8270,train
ID_A61B92EFFF,validation
ID_A61C09BAF7,train
ID_A61D03AB9A,train
ID_A61D3C664C,validation
ID_A61FD07551,final
ID_A621DB6BC9,validation
ID_A622983151,validation
ID_A6240CF994,train
ID_A6243A1BAB,train
ID_A625C2EBAE,validation
ID_A625FA4453,train
ID_A6268DCA67,train
ID_A62AC2C04F,train
ID_A62C040798,final
ID_A62D507E36,train
ID_A632A207C0,train
ID_A6351271B4,train
ID_A63565CE82,validation
ID_A6358D5C9C,validation
ID_A637888CD4,train
ID_A637B0D8B3,validation
ID_A638DAC32E,final
ID_A63A829513,train
ID_A63D32D1D6,validation
ID_A63ECE13EC,validation
ID_A63F1B3A1E,train
ID_A64073C0DA,train
ID_A643DC05E1,final
ID_A643E14FE7,final
ID_A644E583A8,train
ID_A6486966CA,train
ID_A6496EE224,train
ID_A649B17D33,train
ID_A65042E802,train
ID_A652904634,train
ID_A65300CFAD,validation
ID_A654239BA3,validation
ID_A6546B678C,train
ID_A658316422,train
ID_A65A790B76,train
ID_A65EA6C9BE,validation
ID_A65F3EA324,train
ID_A663017B9A,train
ID_A664C98C24,train
ID_A66516E8A1,validation
ID_A665E0FB43,validation
ID_A66662313E,train
ID_A669391C6F,final
ID_A66E731221,validation
ID_A66FD52924,validation
ID_A670851E29,train
ID_A6712867AD,train
ID_A6751E515D,train
ID_A677D87539,train
ID_A678B84949,final
ID_A6793C0F93,train
ID_A679DF4FAF,train
ID_A67B0E34CA,validation
ID_A67C6E433A,train
ID_A67CF773BA,train
ID_A67E5E5751,final
ID_A67EA135F8,train
ID_A68090F74F,validation
ID_A6819D6979,train
ID_A6849AB457,train
ID_A68615401B,train
ID_A6869857A8,train
ID_A687756E7B,validation
ID_A68ADC077D,train
ID_A68FE5E41C,validation
ID_A6901A4B0E,final
ID_A6913A33BF,train
ID_A6917227BC,train
ID_A692963941,final
ID_A6985D0256,train
ID_A69A1AA037,train
ID_A69DE4B920,train
ID_A6A5B9ED0C,train
ID_A6A9FFAFDF,train
ID_A6AB2735A1,final
ID_A6AB68599D,validation
ID_A6ABF54024,final
ID_A6AC5E1B3D,final
ID_A6ADF97165,train
ID_A6B214D686,train
ID_A6B4CEA7E4,train
ID_A6B5787872,train
ID_A6B597D5AD,train
ID_A6B751FB3C,train
ID_A6B8BF27DF,validation
ID_A6BB71E25F,final
ID_A6BBAF709D,validation
ID_A6BBC45D25,train
ID_A6BFBC8B82,final
ID_A6C09F8CC8,train
ID_A6C2841671,train
ID_A6C7E83FFB,train
ID_A6CA780FBC,validation
ID_A6CA963BF1,validation
ID_A6CAA79106,final
ID_A6CBB33078,final
ID_A6CC599B20,final
ID_A6CDD65348,final
ID_A6CFBAC71E,train
ID_A6D3D72672,final
ID_A6D5EEF086,train
ID_A6D725109D,validation
ID_A6D774EA9A,train
ID_A6D87332AF,final
ID_A6DC2ADD6B,train
ID_A6DEC0D718,train
ID_A6DEC10EFC,train
ID_A6DEF28AA4,train
ID_A6DEFFA8AC,validation
ID_A6DF290B7B,validation
ID_A6E3FE4229,train
ID_A6E43379F7,train
ID_A6E4B154DE,validation
ID_A6E4CC824F,final
ID_A6E6BA5ADB,train
ID_A6E94FADFB,train
ID_A6EA26DC45,train
ID_A6EE562DC1,train
ID_A6EFDC138F,validation
ID_A6F0C4FFA5,validation
ID_A6F2FDCD0B,final
ID_A6F53D7357,validation
ID_A6F5CFEBE6,train
ID_A6F9091199,final
ID_A6FBF61552,validation
ID_A7009E26BC,train
ID_A702E762F0,train
ID_A7044306C0,train
ID_A70570A137,validation
ID_A707A3E6B1,train
ID_A70D407DAB,train
ID_A710C3C5E8,train
ID_A7194E9C06,train
ID_A7199FAD72,validation
ID_A71B191CDE,validation
ID_A71BF88246,final
ID_A71CDD33DE,train
ID_A71F2E0652,train
ID_A721DFBBC7,train
ID_A722EC5852,train
ID_A7247CA7D6,final
ID_A725000823,train
ID_A72505FDFE,train
ID_A72527D5CB,final
ID_A726453A53,train
ID_A7275C7629,final
ID_A72B2C3BB6,validation
ID_A72C9A5D4B,validation
ID_A72D266B72,train
ID_A72D503CF2,train
ID_A72D9AFB91,final
ID_A7317009D2,train
ID_A7340EB7BB,final
ID_A736084923,final
ID_A737259741,validation
ID_A737596B85,train
ID_A737C8B84A,final
ID_A73A09FF12,train
ID_A73B5F4CB7,final
ID_A73DD27279,train
ID_A73E51AD26,final
ID_A73E6932C6,train
ID_A73F38477B,final
ID_A73F76D20B,final
ID_A73FB99C85,train
ID_A73FE7E302,train
ID_A741CEFD69,train
ID_A743CACB81,validation
ID_A7448973A2,train
ID_A745E796D6,validation
ID_A7475E82B2,train
ID_A747D66318,train
ID_A74928E3EE,validation
ID_A74AB51BFB,train
ID_A74CF2DE60,train
ID_A74D31683A,train
ID_A74D5A629D,final
ID_A74E20447F,train
ID_A75398DBD0,train
ID_A75481F3F3,final
ID_A756790F93,train
ID_A75AB708DB,train
ID_A75B50788D,train
ID_A75B640178,final
ID_A75E5BF54F,train
ID_A75F2E9969,train
ID_A75FC23091,train
ID_A7602A4D2F,final
ID_A761A5C091,train
ID_A762C1285F,final
ID_A76335D95A,train
ID_A76464597F,validation
ID_A764B34688,final
ID_A76A8AEE94,final
ID_A76CA10329,train
ID_A76D584A01,validation
ID_A76EF3D014,train
ID_A76F135E43,final
ID_A76F5980B7,final
ID_A7718EDB3F,final
ID_A771927405,train
ID_A771DB956F,train
ID_A773ED7396,final
ID_A7752D8483,train
ID_A7755DA3BD,final
ID_A77588C139,train
ID_A775E9EAC3,final
ID_A7761AAD04,validation
ID_A777EDFDCA,final
ID_A778A5FDED,train
ID_A77E9279EE,train
ID_A77F3E12DD,train
ID_A77FC3CE0C,validation
ID_A77FE20BB6,train
ID_A77FE70411,train
ID_A7805CFE5B,validation
ID_A781391D6F,final
ID_A7815A42CC,train
ID_A78168AF05,train
ID_A786B0ED7E,final
ID_A789630CB9,train
ID_A78A604D77,validation
ID_A78A7D1101,train
ID_A78E50FF70,train
ID_A78FAEE141,final
ID_A790A10C7C,train
ID_A792D92030,final
ID_A793BA9C36,train
ID_A79414844C,final
ID_A794450397,train
ID_A795172B98,final
ID_A7956EC50C,final
ID_A7957F9EAD,validation
ID_A797D351F2,train
ID_A79AE68718,train
ID_A79C5862DF,train
ID_A79EB79BAF,validation
ID_A7A71E2841,validation
ID_A7A84C5E40,final
ID_A7A9F867C8,train
ID_A7AB83C09A,train
ID_A7AC55FF45,train
ID_A7ACD87CEF,final
ID_A7AD87B96B,validation
ID_A7AEB2EE5D,train
ID_A7B10005DB,final
ID_A7B40466E0,final
ID_A7B5A93D3E,final
ID_A7BA40A771,final
ID_A7BA8A4E02,train
ID_A7BEEF0020,train
ID_A7BF21AEE0,train
ID_A7C350F36D,train
ID_A7C3A94FE2,final
ID_A7C5442366,validation
ID_A7C55F6AC8,train
ID_A7C600E73B,train
ID_A7C64F3279,train
ID_A7C6CD0F0D,train
ID_A7C8A0E8C4,train
ID_A7C9EC3F15,validation
ID_A7CB711EB9,train
ID_A7CEFB3942,train
ID_A7CF003335,train
ID_A7CF6E55F0,final
ID_A7D15DAAB3,train
ID_A7D41178BB,train
ID_A7D4B0BDB3,train
ID_A7D62ADDD6,train
ID_A7D8315F49,validation
ID_A7D9D8452A,validation
ID_A7DB530BE8,validation
ID_A7DD1AD0A1,validation
ID_A7DDEE5AF2,validation
ID_A7DE0B9D41,validation
ID_A7DFDDF03C,validation
ID_A7E3124228,validation
ID_A7E5E0FBF1,final
ID_A7E76EE537,final
ID_A7E9388FCE,validation
ID_A7EBDFB0D3,validation
ID_A7EC4B0AA7,train
ID_A7ECCD3297,validation
ID_A7EE563024,train
ID_A7EFACB55C,train
ID_A7F049F451,train
ID_A7F3E4C7B5,train
ID_A7F3E7EA9D,validation
ID_A7F4D76647,train
ID_A7F6C80F37,train
ID_A7F8369E5A,final
ID_A7F8ED0348,validation
ID_A7FB3298AB,final
ID_A7FC907B0E,train
ID_A7FD46D720,validation
ID_A7FDBBD685,final
ID_A7FDFDDD42,train
ID_A7FF1A02CB,train
ID_A8020E1B7E,train
ID_A803C86F0E,final
ID_A80727BD18,validation
ID_A807FF7655,train
ID_A80AF2D243,train
ID_A80C2DF5AA,validation
ID_A80CAD6C48,train
ID_A80D88C3FE,validation
ID_A80FA56A05,train
ID_A81207FA87,train
ID_A8135FEA8E,final
ID_A8147D31D1,train
ID_A817DF0C9D,train
ID_A8187362C5,final
ID_A818B06A21,train
ID_A81A32AD03,train
ID_A81E74B292,final
ID_A81FAD2D17,train
ID_A825AC4193,train
ID_A829651730,validation
ID_A829726204,validation
ID_A82A03028D,train
ID_A82A5C9B41,train
ID_A82B2A5530,validation
ID_A82E0096D4,train
ID_A832D65607,train
ID_A8339A2A20,train
ID_A838291565,validation
ID_A8406584CC,train
ID_A843AED267,train
ID_A845055108,final
ID_A8451DBB65,train
ID_A84ADD9E01,train
ID_A84BBC61CC,train
ID_A84BF020A5,train
ID_A84C8804A6,train
ID_A84D4D5286,train
ID_A8503E4043,final
ID_A858AD0CF8,train
ID_A85A1FCC47,train
ID_A85A4E8363,train
ID_A86088B860,train
ID_A86141C186,validation
ID_A864AD7B76,final
ID_A865581FF9,final
ID_A8657EED0E,validation
ID_A867B15CFB,train
ID_A8690F3459,train
ID_A86D19076F,train
ID_A86DBBE9EA,train
ID_A86E0F3F7B,train
ID_A86E881561,train
ID_A86F88F73C,final
ID_A86FB4A181,validation
ID_A87126D7F0,final
ID_A871DE1F93,final
ID_A874C466D5,validation
ID_A874D88461,validation
ID_A876D5D8DB,validation
ID_A879583B07,train
ID_A879DB28B7,train
ID_A87C399BE6,train
ID_A87CAAD9BB,train
ID_A87F385CAE,train
ID_A87FAE0979,final
ID_A88674B646,validation
ID_A886A2E5A5,final
ID_A88861DC1B,train
ID_A8898B5D53,train
ID_A88AAF5E7A,validation
ID_A88FD71B19,validation
ID_A89111813D,validation
ID_A8915AB8F4,final
ID_A894B75F51,final
ID_A895452DAD,train
ID_A898C60527,train
ID_A89A133399,validation
ID_A89A4840B7,validation
ID_A89ACE455C,final
ID_A89B92CDD6,validation
ID_A89BBD227D,train
ID_A89D6BE691,train
ID_A89D6D461E,final
ID_A89E501C83,validation
ID_A89E69F1F4,final
ID_A8A33087E5,train
ID_A8A39BD38E,train
ID_A8A61D5839,train
ID_A8A6B9FFB6,final
ID_A8A6C63A4F,final
ID_A8A89A0194,train
ID_A8A92EF551,train
ID_A8AB0660E2,final
ID_A8AB565329,validation
ID_A8AE7E15AE,train
ID_A8B17F1B09,final
ID_A8B434DCA9,train
ID_A8B466F597,final
ID_A8B59059CE,train
ID_A8B5C0CBE5,train
ID_A8BF9D4715,train
ID_A8BFC5E7C8,train
ID_A8C0765F35,final
ID_A8C1A41DBD,final
ID_A8C314F9E4,train
ID_A8C3FAF1EA,train
ID_A8C457ADFE,train
ID_A8C89C2440,validation
ID_A8C91A1EAB,train
ID_A8CA863D2F,train
ID_A8CBA9566F,train
ID_A8CD641884,validation
ID_A8CDA5B0D0,validation
ID_A8CF28A470,train
ID_A8D1E301F5,validation
ID_A8D258B8AF,train
ID_A8D2B7C487,validation
ID_A8D5A7342F,final
ID_A8D6257AEE,train
ID_A8D81D42CF,final
ID_A8D89DE2A2,validation
ID_A8DA3D94F9,final
ID_A8DB84688B,train
ID_A8DC48AC90,validation
ID_A8DFF6C017,train
ID_A8E0C21080,train
ID_A8E78A6CA7,train
ID_A8E802ABB0,train
ID_A8E9E729FD,train
ID_A8EF05DF61,final
ID_A8F124EBD9,train
ID_A8F20C7BE2,train
ID_A8F23FA6DE,validation
ID_A8F3F4E3EE,validation
ID_A8F573A4E5,train
ID_A8F5A4D38C,train
ID_A8FAF79FCC,validation
ID_A8FEC25B68,final
ID_A900DCB797,final
ID_A901568F7A,train
ID_A9039A303E,train
ID_A904B57923,train
ID_A907443A9D,final
ID_A9077A2571,train
ID_A90A7B10E9,validation
ID_A90C783910,train
ID_A90CC4B5B5,train
ID_A90E91C88F,final
ID_A9112B090E,train
ID_A914EE7136,validation
ID_A916C10C54,train
ID_A918AFA39D,final
ID_A91B14FB20,validation
ID_A91CD0BEF3,train
ID_A91DCB0EDC,train
ID_A91DFCB011,train
ID_A91ED4620F,train
ID_A92098E256,validation
ID_A920C44896,validation
ID_A92135EE6D,train
ID_A9252E4ECC,train
ID_A92C91D109,train
ID_A92F370072,train
ID_A9309090EC,validation
ID_A931CBA621,train
ID_A9328D92F2,final
ID_A933853F6E,final
ID_A93398FD70,train
ID_A934AA89AA,final
ID_A934B34AB1,final
ID_A934E2E59F,validation
ID_A937470B50,validation
ID_A937540035,train
ID_A937551D17,train
ID_A9375A83B5,final
ID_A937F8A959,final
ID_A939FBAA98,final
ID_A93ABF85F7,train
ID_A93BBE5CB1,final
ID_A93C33E859,train
ID_A93F587F6C,validation
ID_A94064AC2E,validation
ID_A94743245E,final
ID_A9483AE288,train
ID_A94C1D9635,train
ID_A94C36EBA3,final
ID_A94C51E291,validation
ID_A94C70A3B7,train
ID_A94CE3CD97,train
ID_A94E948CEE,train
ID_A94F0E5FB5,final
ID_A95658B71B,train
ID_A956C19248,final
ID_A957504D45,final
ID_A95D2F91E2,validation
ID_A95E274ABA,train
ID_A95F2712CC,train
ID_A961238762,train
ID_A961CC8E25,train
ID_A9620A7474,train
ID_A96221AC27,train
ID_A964C5F4E5,train
ID_A969B59FD7,train
ID_A96AEBB932,final
ID_A96CC44EB3,validation
ID_A9705FF0E8,validation
ID_A9706A8118,final
ID_A97236D143,final
ID_A9723B38FD,validation
ID_A97489B600,train
ID_A97520D8AF,train
ID_A976A28383,validation
ID_A978C0E9CD,validation
ID_A979BC13A3,final
ID_A97AC053CC,train
ID_A97C32A3CF,train
ID_A97DD3105A,final
ID_A97F749765,train
ID_A97F9A6770,train
ID_A98771910A,final
ID_A9887FF14E,train
ID_A988AED1BD,train
ID_A9896461B9,final
ID_A98B640D3C,train
ID_A98B899D27,train
ID_A98B9075F3,train
ID_A98CAC82E5,train
ID_A98CDB1FF8,final
ID_A98F08D5E5,train
ID_A990515B41,validation
ID_A9908C8ADF,train
ID_A9919B4B37,train
ID_A994E04982,final
ID_A9976EA9AC,train
ID_A997FAF0A6,train
ID_A9980A5D9B,validation
ID_A998D51669,train
ID_A99E0F8E86,validation
ID_A9A94D2E13,train
ID_A9AC102887,train
ID_A9AEBE2D88,train
ID_A9B00CBD5C,train
ID_A9B0D7FB75,train
ID_A9B1E4EB1F,final
ID_A9B27B727A,validation
ID_A9B2D6888D,train
ID_A9B429B177,validation
ID_A9B4D3B9BD,train
ID_A9B591C73D,train
ID_A9B60FFBB3,train
ID_A9B6EA6B99,train
ID_A9B76DA101,train
ID_A9B8BBF3DB,train
ID_A9B99769E9,train
ID_A9BAE024A5,final
ID_A9BC0EB99F,train
ID_A9BD6AB577,train
ID_A9C12DF75D,train
ID_A9C2A6C406,train
ID_A9C51D1894,final
ID_A9C7E293E6,train
ID_A9C884B9C5,train
ID_A9C8E58478,train
ID_A9C8F24523,train
ID_A9CA1726D3,train
ID_A9CB63E158,train
ID_A9CC679EF8,train
ID_A9CC829DD2,final
ID_A9CCA87560,validation
ID_A9D365A1D2,train
ID_A9D4408F17,final
ID_A9D529297F,validation
ID_A9D560C0AD,validation
ID_A9D9ED5947,final
ID_A9DA2D8414,train
ID_A9DB711F13,final
ID_A9DC04E237,train
ID_A9DC2D3EB5,train
ID_A9DEA57F8A,validation
ID_A9E0BEE511,validation
ID_A9E16C5F20,final
ID_A9E1712137,train
ID_A9E34366EA,train
ID_A9E5E41168,train
ID_A9ED25ED8E,train
ID_A9ED60A630,train
ID_A9EFFD61B2,final
ID_A9F2B76A8F,validation
ID_A9F377E4F6,train
ID_A9F472EC17,final
ID_A9F6B0E66C,final
ID_A9F74AAE02,validation
ID_A9F98D9CE6,final
ID_A9FA6C2269,train
ID_A9FC1260B1,train
ID_A9FCA5B105,train
ID_A9FCB2B02C,train
ID_A9FF940959,train
ID_AA01D165C7,train
ID_AA02C8EE5B,final
ID_AA032892E9,train
ID_AA03F6D134,validation
ID_AA0625606B,final
ID_AA0690633A,train
ID_AA07CBCAA6,train
ID_AA08B7A0F4,final
ID_AA08CF5935,final
ID_AA10954EE1,train
ID_AA111F567D,final
ID_AA116750A2,train
ID_AA11BEE06F,train
ID_AA13D54A64,train
ID_AA17B216AE,train
ID_AA182F4844,train
ID_AA187DA139,validation
ID_AA18BFDEFE,train
ID_AA1AE050B0,train
ID_AA1F45AFEB,final
ID_AA24D8310C,train
ID_AA26FF3F08,train
ID_AA2AA97E38,train
ID_AA2B781D90,train
ID_AA2BCDADE1,train
ID_AA2E2545D4,train
ID_AA2F31F361,train
ID_AA30A96558,train
ID_AA329BDF98,final
ID_AA337F2750,validation
ID_AA37CAF858,validation
ID_AA3BADE218,train
ID_AA3BD3E639,train
ID_AA3C4506F2,final
ID_AA3D23F8F6,final
ID_AA42CCBDE6,final
ID_AA437D737E,train
ID_AA44E1F82B,train
ID_AA483D04D9,train
ID_AA48BBFAB8,final
ID_AA49FF5FC0,final
ID_AA4ACF34D7,train
ID_AA4F5D2C54,train
ID_AA5038DF49,train
ID_AA520449CC,validation
ID_AA54A866B2,train
ID_AA557D7C41,final
ID_AA56A6105A,train
ID_AA589D9A83,train
ID_AA5BD196E7,train
ID_AA5D033963,train
ID_AA5E076CCF,validation
ID_AA5F051AB6,final
ID_AA6189A384,train
ID_AA61921D9E,validation
ID_AA61E34386,train
ID_AA6316050B,train
ID_AA66C9399B,validation
ID_AA67860EE0,train
ID_AA68BCD3F8,train
ID_AA6C775540,validation
ID_AA6EE931B4,validation
ID_AA70C2B067,final
ID_AA7611846B,final
ID_AA76466907,validation
ID_AA7D39FA44,validation
ID_AA7F17DAD8,train
ID_AA801F70AC,train
ID_AA809F4E4F,final
ID_AA817A57DA,train
ID_AA820C9798,final
ID_AA85B7C10E,final
ID_AA891E0154,final
ID_AA8B0477FB,validation
ID_AA8B4F5EDA,train
ID_AA8BA5B70D,validation
ID_AA8C68EDEF,train
ID_AA8E9DBCA0,train
ID_AA8E9F0EA5,train
ID_AA8FAEA5EC,train
ID_AA8FB3999B,final
ID_AA903D03CA,final
ID_AA944A88D7,final
ID_AA97D64026,validation
ID_AA97F6C49A,final
ID_AA99565B78,final
ID_AA9CCA2E99,train
ID_AA9D802036,train
ID_AA9DAF54BF,validation
ID_AA9DBBA7BB,validation
ID_AA9F238654,train
ID_AAA0113D48,final
ID_AAA0B917DB,train
ID_AAA19C5C65,train
ID_AAA35C60C4,train
ID_AAA3723DD0,train
ID_AAA54BE61D,final
ID_AAA55E396D,train
ID_AAA5A08C09,train
ID_AAA6BF9717,validation
ID_AAA8DC15AF,train
ID_AAA9E5B7F0,train
ID_AAABAA0228,validation
ID_AAAD57C9C9,validation
ID_AAAE35B790,final
ID_AAAFCE9D27,validation
ID_AAAFD80425,train
ID_AAAFF78ABA,validation
ID_AAB03C15E6,train
ID_AAB05787C0,train
ID_AAB1D98216,train
ID_AAB35CE607,validation
ID_AAB48E6987,train
ID_AAB83CACA6,train
ID_AAB9522633,train
ID_AABB8F9E7C,train
ID_AABC5E5C15,validation
ID_AABEED12BC,train
ID_AAC0BEC5AE,validation
ID_AAC198D59C,train
ID_AAC1C0A1A3,train
ID_AAC296D8CB,train
ID_AAC4890262,validation
ID_AAC999DF36,train
ID_AACA27A979,final
ID_AACA6C0059,train
ID_AACA767864,train
ID_AACD4F26FD,train
ID_AAD0705333,train
ID_AAD20A0407,validation
ID_AAD42736B3,final
ID_AAD759BCA4,final
ID_AAD790F123,validation
ID_AAD82B819B,final
ID_AAD9338EC7,final
ID_AADC15FEB4,final
ID_AADC63B635,validation
ID_AADC6D6FB0,final
ID_AADD01DAEF,train
ID_AADD49F672,final
ID_AAE0FE0F75,train
ID_AAE1BCF7FB,train
ID_AAE241A75E,validation
ID_AAE4AF5B12,train
ID_AAE5A555AB,train
ID_AAE5B47AFC,validation
ID_AAE8325578,final
ID_AAEAAF390E,final
ID_AAEB142E31,validation
ID_AAED43DD2C,train
ID_AAEDB6B383,validation
ID_AAF00F3CFE,final
ID_AAF0DF8BC8,train
ID_AAF18C7B6D,final
ID_AAF2409504,final
ID_AAF54FC2C0,train
ID_AAF9D73170,train
ID_AAFB155B3F,train
ID_AAFE727E98,validation
ID_AB02FC2EEC,validation
ID_AB03478187,train
ID_AB0474E6AD,train
ID_AB04FC7EA5,train
ID_AB0A20A192,validation
ID_AB0C271DDC,final
ID_AB12B113D0,train
ID_AB12CFEE81,train
ID_AB17B1B091,train
ID_AB1897B67C,train
ID_AB18A0498C,train
ID_AB18FAB0E8,final
ID_AB193BE19C,final
ID_AB1A340610,final
ID_AB1A6C899B,train
ID_AB1EDC5F8D,train
ID_AB2179DF47,validation
ID_AB237365D9,train
ID_AB26C9EFA8,train
ID_AB2864AE4C,final
ID_AB28A8CCB7,validation
ID_AB2B200A2F,train
ID_AB2E1EA442,train
ID_AB2FF42D90,train
ID_AB3092CDC0,validation
ID_AB31409144,validation
ID_AB336FEF84,final
ID_AB34AFE88C,validation
ID_AB35AD1244,train
ID_AB363616B7,train
ID_AB3773F0D5,train
ID_AB37976492,train
ID_AB39365919,final
ID_AB3A5580F0,train
ID_AB3AFDD8CE,train
ID_AB3D7492C7,train
ID_AB42C63676,train
ID_AB437E80ED,validation
ID_AB43C06E3D,final
ID_AB46E92516,validation
ID_AB470BE4C3,validation
ID_AB4756AD0B,train
ID_AB4C2F4C9C,final
ID_AB4C6E36D3,train
ID_AB4D315E13,train
ID_AB52A71FC3,train
ID_AB59021F9A,train
ID_AB59F166F9,train
ID_AB5DAAF30D,validation
ID_AB60E17575,validation
ID_AB62F16332,train
ID_AB646DA176,train
ID_AB65B6FC29,train
ID_AB65E7AF11,validation
ID_AB66C0F1BB,train
ID_AB66F6D782,train
ID_AB67E6A055,final
ID_AB67F7C5C9,train
ID_AB68D6A9D1,train
ID_AB6A6F2C8B,final
ID_AB6AA2F7BD,train
ID_AB6D80660E,final
ID_AB6D9D3A37,validation
ID_AB6FBBF144,validation
ID_AB70EF91F9,validation
ID_AB72EFF2EF,final
ID_AB73F51853,train
ID_AB7751F584,train
ID_AB7810072C,train
ID_AB784AE160,train
ID_AB787C7300,train
ID_AB7A7F4F03,validation
ID_AB7AEDF529,train
ID_AB805AA623,train
ID_AB81B0CFAD,final
ID_AB81B5453B,train
ID_AB81E00FA8,train
ID_AB84235524,train
ID_AB85CD42EC,train
ID_AB8649E585,train
ID_AB88ED3FB5,final
ID_AB897334C9,train
ID_AB8A839C9D,train
ID_AB8F5C3015,validation
ID_AB916E408C,train
ID_AB91945938,train
ID_AB920E71A7,train
ID_AB9432FE33,train
ID_AB95146B02,train
ID_AB95DC2955,train
ID_AB96E1E467,train
ID_AB970758E4,train
ID_AB97AFA258,train
ID_AB9AD9D420,train
ID_AB9BBBAA36,validation
ID_AB9CA2177F,train
ID_AB9CE68D9D,train
ID_ABA151605A,train
ID_ABA3B9C886,validation
ID_ABA829DF2A,train
ID_ABAB1D0C36,train
ID_ABAFC6C117,train
ID_ABB0CDA66B,validation
ID_ABB10EEC02,train
ID_ABB32E00F6,train
ID_ABB77EF5DF,train
ID_ABB8083A7E,validation
ID_ABBAAD2098,final
ID_ABBACA2DE4,train
ID_ABBF0AA620,validation
ID_ABC3B10209,validation
ID_ABC934C910,train
ID_ABC94F7BE6,train
ID_ABC9B4A7F5,validation
ID_ABCA7C9060,validation
ID_ABCB2F2BA2,train
ID_ABCB658270,validation
ID_ABCD05094E,final
ID_ABCF98460B,train
ID_ABD3758B0C,train
ID_ABD588C1A0,validation
ID_ABD79A7471,train
ID_ABDA3E07BC,train
ID_ABDAC351D7,train
ID_ABDCD9BC8C,final
ID_ABDD24DAD9,train
ID_ABDDD183E4,validation
ID_ABDE3B6B1F,final
ID_ABDE6F8E2B,train
ID_ABE081785F,train
ID_ABE0BC48A4,final
ID_ABE37B6F19,train
ID_ABE41EE910,train
ID_ABE536D80C,train
ID_ABE71E75D2,validation
ID_ABE8F1175D,train
ID_ABE97EFBC4,validation
ID_ABEA9174AA,train
ID_ABED7477A0,validation
ID_ABEF2C3187,train
ID_ABEF78D37B,train
ID_ABF0189D44,train
ID_ABF096C77F,train
ID_ABF4372A3B,validation
ID_ABF7B0C8F4,train
ID_ABFA118930,train
ID_ABFD09EF3A,validation
ID_ABFF030BEF,final
ID_AC008099E9,train
ID_AC0092C59D,final
ID_AC01BE5886,train
ID_AC034D2AD1,train
ID_AC035BE3A2,train
ID_AC0433EE69,train
ID_AC05E43153,train
ID_AC061D1203,train
ID_AC08FAB969,train
ID_AC09B9CF06,train
ID_AC0B0C401C,train
ID_AC0B77FC33,train
ID_AC0D093F53,final
ID_AC0D552099,train
ID_AC1057FEF0,train
ID_AC10C85B98,train
ID_AC13B6BE98,train
ID_AC14364E7B,train
ID_AC143E9B5F,train
ID_AC16B2BB4F,train
ID_AC16ECFBFF,train
ID_AC17517286,train
ID_AC18CEB769,train
ID_AC1986C9CA,train
ID_AC1A369A28,train
ID_AC1BFE325F,train
ID_AC1D207F38,train
ID_AC1E49BA92,train
ID_AC1FDE90CD,final
ID_AC2112C054,train
ID_AC22E6982E,validation
ID_AC232AAB69,train
ID_AC260FD4B0,validation
ID_AC268A7A9A,train
ID_AC27B574B8,validation
ID_AC280E1966,train
ID_AC293A360D,train
ID_AC2BF57B27,train
ID_AC2DFFE020,train
ID_AC2E4B035F,train
ID_AC2EC93DB2,train
ID_AC304E986D,train
ID_AC32296F90,final
ID_AC3254B2C9,validation
ID_AC332E6320,train
ID_AC333135B1,final
ID_AC34D3214E,train
ID_AC35851841,train
ID_AC35E7649F,validation
ID_AC3844C7D2,train
ID_AC43C3FAF6,final
ID_AC43CBB1E7,train
ID_AC457B41D1,train
ID_AC46BF1C12,train
ID_AC48519C04,train
ID_AC495690FC,final
ID_AC4F1EEA0A,final
ID_AC50EF8745,final
ID_AC51E3183F,train
ID_AC52DCE2F9,train
ID_AC5333DC5D,train
ID_AC561B4525,validation
ID_AC574063F5,train
ID_AC58DF0AB8,validation
ID_AC5C6A2A9F,final
ID_AC5CAA455B,train
ID_AC5D444C9C,train
ID_AC6319D0E5,final
ID_AC6823DF43,validation
ID_AC68FBE822,validation
ID_AC6C6757CD,train
ID_AC6E6C37D5,train
ID_AC6F6864A7,train
ID_AC71ACCB7C,train
ID_AC72964C24,train
ID_AC757A5C37,final
ID_AC7B81F132,train
ID_AC7B838B65,train
ID_AC7C709A21,train
ID_AC7D7CD697,final
ID_AC8102BF1B,train
ID_AC8115AB15,final
ID_AC83D75AE6,train
ID_AC84100F6E,final
ID_AC85A752D4,validation
ID_AC85CB0DBA,train
ID_AC86EEFF06,train
ID_AC884159E8,final
ID_AC887EF95A,train
ID_AC88A6ED2F,train
ID_AC8B898FDE,validation
ID_AC8E6EADD6,train
ID_AC92DCFB5D,validation
ID_AC94A9A935,train
ID_AC97CF42A0,train
ID_AC99931A41,validation
ID_AC999DD79F,final
ID_AC9CB76CBF,train
ID_AC9DFC1C0F,validation
ID_AC9E3200BD,train
ID_ACA1009560,validation
ID_ACA2B22F3A,validation
ID_ACA7A47957,train
ID_ACA8115537,final
ID_ACA90C4B47,train
ID_ACAB28ED43,train
ID_ACAB5FF30B,validation
ID_ACAB70E794,validation
ID_ACAE8675CD,train
ID_ACAFA3BFBA,train
ID_ACB8F247A2,train
ID_ACBB31082A,final
ID_ACBD0C5F1D,validation
ID_ACBD4D8E1E,final
ID_ACBD7D1DD2,train
ID_ACBF0E3014,train
ID_ACBFF67465,train
ID_ACC3A579D0,train
ID_ACC67B20B7,validation
ID_ACC8E7979B,train
ID_ACCB7A7AFB,final
ID_ACCD7C7796,train
ID_ACCFDD9C56,validation
ID_ACD01AFD57,validation
ID_ACD068B853,validation
ID_ACD28186A7,train
ID_ACD3005A1B,train
ID_ACD4AFE360,train
ID_ACD8B06C3F,train
ID_ACDBDE9406,final
ID_ACDF28504C,train
ID_ACDFC5C5CD,train
ID_ACE0150C8D,train
ID_ACE20ABCC4,train
ID_ACE47BAEA2,train
ID_ACE65D88D9,train
ID_ACE8A03163,validation
ID_ACE8E7AAB8,train
ID_ACECFFEBCD,train
ID_ACED5C9FB8,train
ID_ACED687966,train
ID_ACEDBD84ED,train
ID_ACEEB095DB,train
ID_ACEF3320D3,train
ID_ACEF4FB76A,train
ID_ACF0020C34,train
ID_ACF14452EF,train
ID_ACF15630BF,validation
ID_ACF4099CB2,train
ID_ACF5AAD94A,final
ID_ACF606B2EC,train
ID_ACF635E30F,train
ID_ACF6371310,train
ID_ACF7992F8A,train
ID_ACF86AA0E2,train
ID_ACFDEA1338,final
ID_ACFE2C3E17,final
ID_ACFED5D876,train
ID_AD012EE50E,train
ID_AD01B00051,train
ID_AD027FA9CB,validation
ID_AD031FE8F5,validation
ID_AD033E22C6,final
ID_AD07C2EDB7,train
ID_AD087ADB3A,validation
ID_AD08E493E9,train
ID_AD0C029DC6,validation
ID_AD104D9507,train
ID_AD107F126D,final
ID_AD1317A06E,train
ID_AD1365CA29,validation
ID_AD165AF73B,validation
ID_AD1704F833,final
ID_AD184B1560,train
ID_AD18AE3FC2,validation
ID_AD1977F37C,validation
ID_AD1B2A584E,final
ID_AD1B3B11A6,final
ID_AD1E3706D8,final
ID_AD20B47817,final
ID_AD241BEAB0,train
ID_AD243163CA,train
ID_AD24FBE685,validation
ID_AD25756454,validation
ID_AD263AACC2,final
ID_AD26A0A83E,train
ID_AD2E916CEB,validation
ID_AD2F7EB5BD,final
ID_AD30DA28DC,validation
ID_AD31A29C35,train
ID_AD33B95841,train
ID_AD380D261D,final
ID_AD3A77C1FF,train
ID_AD40D42E37,validation
ID_AD41D87D17,train
ID_AD431DB8D9,validation
ID_AD43E0B914,validation
ID_AD44C967A9,train
ID_AD45BF6A0C,train
ID_AD48983D9F,train
ID_AD493FF6F5,final
ID_AD4943C449,train
ID_AD4BE1D40C,train
ID_AD4CB374AE,train
ID_AD4E7111BC,train
ID_AD4FDD5C3B,final
ID_AD5078A1ED,train
ID_AD50944C7B,train
ID_AD52C1725E,train
ID_AD56800169,train
ID_AD56AF9EFE,train
ID_AD5B68BAC0,train
ID_AD5B7745B6,train
ID_AD5BA8975C,validation
ID_AD5CE5005B,train
ID_AD5D3A1CC2,validation
ID_AD5D456598,train
ID_AD5F3B316B,final
ID_AD5FE12B5C,train
ID_AD608F6114,train
ID_AD62584C68,validation
ID_AD628B9172,validation
ID_AD677592A4,final
ID_AD68BD63BC,train
ID_AD69986B06,final
ID_AD6B75E42D,validation
ID_AD6E73C6D4,final
ID_AD71D7892D,validation
ID_AD72C34511,train
ID_AD72D44FC2,train
ID_AD72F1ABD7,train
ID_AD763468C6,train
ID_AD7724B705,train
ID_AD795F17D7,final
ID_AD7A0020B2,train
ID_AD7F45AE65,train
ID_AD80887258,final
ID_AD828B3779,final
ID_AD83506083,validation
ID_AD855297D9,train
ID_AD86559997,final
ID_AD866787CC,train
ID_AD86B6A0A4,final
ID_AD88DE69A8,train
ID_AD91B90897,final
ID_AD939E9CF0,validation
ID_AD93B48C32,train
ID_AD95142E2E,train
ID_AD97D823B8,validation
ID_AD98A761D8,train
ID_AD99D6C77A,train
ID_AD9DF9B879,train
ID_AD9E2EC6ED,train
ID_AD9FF90A66,validation
ID_AD9FF9B794,validation
ID_ADA4200786,train
ID_ADA4E10566,final
ID_ADA5B99518,final
ID_ADA9D8B80B,train
ID_ADAEB50A8A,train
ID_ADAF0981BA,train
ID_ADAFA16145,validation
ID_ADB02C0460,final
ID_ADB0E35806,train
ID_ADB15DAF04,train
ID_ADB170764F,train
ID_ADB28CE582,train
ID_ADB3DB16FF,train
ID_ADB552D29A,train
ID_ADB5C7CFD2,validation
ID_ADB914A327,validation
ID_ADBA76BF73,validation
ID_ADBCB5572E,train
ID_ADBCBD9584,train
ID_ADC13443B8,train
ID_ADC16A0778,train
ID_ADC18F2D61,validation
ID_ADC4494066,train
ID_ADC46ECEA4,train
ID_ADC582CF5B,train
ID_ADC74E3CCF,train
ID_ADC77BC148,final
ID_ADC7C74D59,validation
ID_ADCA3D8756,train
ID_ADCB5A16A3,final
ID_ADCC47D7D1,train
ID_ADCD635AE0,train
ID_ADCE1036D5,validation
ID_ADCE3D8623,train
ID_ADD088ECFB,train
ID_ADD0907CF1,train
ID_ADD3634075,train
ID_ADD65075CB,train
ID_ADD8961B1F,train
ID_ADDA474C54,train
ID_ADDBBC0034,train
ID_ADDE4AD25F,train
ID_ADE01279D2,validation
ID_ADE01CCBAE,validation
ID_ADE28B6821,validation
ID_ADE82AF8FD,final
ID_ADE99E5799,train
ID_ADF0384F45,train
ID_ADF04919CD,final
ID_ADF171DD79,train
ID_ADF1D2FF39,train
ID_ADF4FA09C3,validation
ID_ADF588CEB9,train
ID_ADF9F8D3DE,validation
ID_ADFBE5540C,final
ID_ADFC39851A,validation
ID_ADFD98B9C9,train
ID_ADFFFCA289,train
ID_AE00873DA5,train
ID_AE018ADFE6,final
ID_AE02E61D72,validation
ID_AE0355D3FF,final
ID_AE03A51D8E,train
ID_AE0481327B,train
ID_AE05F76FE1,final
ID_AE07576E78,train
ID_AE07CCDC65,train
ID_AE09B2A5FD,train
ID_AE0CB8A510,train
ID_AE0EB09F21,train
ID_AE1170CA2A,train
ID_AE1174DE50,train
ID_AE11A36848,train
ID_AE1333BBEB,train
ID_AE1400379A,train
ID_AE15B081F6,train
ID_AE1800F432,train
ID_AE183A1A88,final
ID_AE19184759,train
ID_AE194C687F,train
ID_AE1AB32DDF,validation
ID_AE1FF32BED,train
ID_AE221F7CA1,final
ID_AE229ABDF9,train
ID_AE2763CDE2,validation
ID_AE2C2E4CA4,train
ID_AE2C55BA78,train
ID_AE2EFC3A86,train
ID_AE2F06E58B,train
ID_AE312ACD83,train
ID_AE368A6004,validation
ID_AE39EFDBC8,train
ID_AE3B940F3D,train
ID_AE3CAA7C17,train
ID_AE3ED88E4C,train
ID_AE40C600D5,train
ID_AE42FB7801,train
ID_AE4BDCE3A8,validation
ID_AE4F4738A4,train
ID_AE54615074,train
ID_AE570ED74A,final
ID_AE571CBC79,train
ID_AE58292F7A,final
ID_AE59EA9F19,validation
ID_AE5AC5533F,final
ID_AE5C0C63A3,train
ID_AE5E16087C,train
ID_AE5E4302E6,train
ID_AE5F79E14E,train
ID_AE62C725E9,train
ID_AE62EF2578,validation
ID_AE631B9474,final
ID_AE63212633,validation
ID_AE63422F4A,final
ID_AE63C4ABBA,train
ID_AE65D3F388,train
ID_AE6612A6C3,validation
ID_AE668A977F,train
ID_AE6A73B7BE,train
ID_AE6D7024B5,final
ID_AE6E1A486F,validation
ID_AE6EC7477A,train
ID_AE6FA71139,validation
ID_AE7155CB6A,train
ID_AE71BBEDCB,train
ID_AE7382EDEF,validation
ID_AE79F3B4E9,train
ID_AE7AF10979,validation
ID_AE7BB90338,train
ID_AE7D1547AD,train
ID_AE7ED0F562,validation
ID_AE7F7D28F6,final
ID_AE8642D988,validation
ID_AE87D54B9D,final
ID_AE881601D5,final
ID_AE89265768,validation
ID_AE8995BE0F,train
ID_AE89B32C5E,final
ID_AE8ACDC320,final
ID_AE8E065598,validation
ID_AE8EFFCAAC,train
ID_AE8F11EB54,train
ID_AE90504C4C,train
ID_AE91DE518E,train
ID_AE91F6B339,validation
ID_AE92DC7D75,train
ID_AE959C456F,final
ID_AE97723198,train
ID_AE97BFA4AE,final
ID_AE9A1B5B9B,final
ID_AE9E8AF407,train
ID_AEA1B21746,train
ID_AEA57A1B23,train
ID_AEA5D46E05,train
ID_AEA77A60E9,validation
ID_AEAAD886AA,final
ID_AEAB6F35FA,final
ID_AEABD72A21,final
ID_AEAC6E1BC3,train
ID_AEACDF98A1,validation
ID_AEAE9B5673,train
ID_AEAFE06B91,train
ID_AEB014C9E9,validation
ID_AEB1618A56,final
ID_AEB344E07B,train
ID_AEB3B55839,validation
ID_AEB468AC12,validation
ID_AEB51C2644,train
ID_AEB7801107,final
ID_AEB7B3CDC2,final
ID_AEB8A14F6A,final
ID_AEB9769D95,final
ID_AEB9CBCF90,validation
ID_AEBDA3C12B,final
ID_AEBE7FA4F6,validation
ID_AEC003C860,train
ID_AEC10170EC,train
ID_AEC2FD1E70,train
ID_AEC36FD4EF,train
ID_AEC3AEE5A6,train
ID_AEC90798F9,train
ID_AEC97752A7,final
ID_AECF33E41A,validation
ID_AECFD8E5A3,final
ID_AED040C0E7,final
ID_AED2999EB7,train
ID_AED40679CB,train
ID_AED5E7AB34,validation
ID_AED766A3FA,validation
ID_AED89CFA3C,train
ID_AEDC303435,final
ID_AEDD6D86A5,train
ID_AEDF10D041,validation
ID_AEE0777785,train
ID_AEE0B8A04A,train
ID_AEE1827BE2,final
ID_AEE3E34C78,validation
ID_AEE57298E4,final
ID_AEE64A8DCC,train
ID_AEE81A1B1C,final
ID_AEE83094C8,train
ID_AEE873734E,final
ID_AEEC5BF4E7,train
ID_AEED721FAA,validation
ID_AEEDB3B6F4,validation
ID_AEEF14F442,validation
ID_AEEFF3B9EB,train
ID_AEF0BDF665,train
ID_AEF26FCC01,validation
ID_AEF35D481A,train
ID_AEF7C527CD,train
ID_AEF8489D15,validation
ID_AEFE010B34,train
ID_AEFE103DDD,train
ID_AEFFB5BC46,train
ID_AF017BB44E,train
ID_AF03DDAD70,final
ID_AF05DC386A,final
ID_AF062CBB8C,train
ID_AF095860C3,train
ID_AF0D63E0C8,train
ID_AF0DDA2DF3,train
ID_AF0E840CE4,validation
ID_AF0E975C9B,train
ID_AF1058BD27,train
ID_AF112F79B7,train
ID_AF122C8231,train
ID_AF138F8C68,validation
ID_AF1964A24A,train
ID_AF19676C62,train
ID_AF19D24772,validation
ID_AF1A7D4535,validation
ID_AF1B71BCD3,train
ID_AF1BB1E9B8,train
ID_AF1C295D0A,train
ID_AF1D9296E7,train
ID_AF1EC0D388,final
ID_AF1FB01F99,train
ID_AF1FDA7CAF,final
ID_AF24A7D5DD,train
ID_AF24AFB983,train
ID_AF2557D68E,train
ID_AF280FB603,validation
ID_AF29B7E6E4,validation
ID_AF2B870243,train
ID_AF2BCAE0CA,train
ID_AF2BF39CAA,train
ID_AF2D20D20D,final
ID_AF2F4B4A7A,train
ID_AF31198624,train
ID_AF31639A91,final
ID_AF34372FB7,validation
ID_AF34A25312,train
ID_AF34FC2AB4,train
ID_AF378E4495,train
ID_AF3999F339,train
ID_AF39B76ACE,validation
ID_AF39B802A0,train
ID_AF3A881AD1,train
ID_AF3CA58E61,train
ID_AF3ECE6318,validation
ID_AF405736B6,train
ID_AF40753B90,validation
ID_AF40DF8757,final
ID_AF4209F2D5,final
ID_AF44CC96F7,train
ID_AF49289469,validation
ID_AF49E192AD,train
ID_AF4A3D603F,train
ID_AF4B620386,validation
ID_AF4B896550,train
ID_AF50BE5C0B,final
ID_AF5276CE43,train
ID_AF55DC7C7E,final
ID_AF56D4915E,validation
ID_AF58BFBFB1,train
ID_AF5964FAE1,train
ID_AF5A5187B0,train
ID_AF5E5672C6,validation
ID_AF5FC83636,train
ID_AF6264CDD3,validation
ID_AF632C186A,validation
ID_AF65CCCBD2,train
ID_AF68DB84FB,final
ID_AF6BAC8753,final
ID_AF6BC42E1C,validation
ID_AF7587FE00,train
ID_AF7A78E5FA,train
ID_AF7D9EE9E2,train
ID_AF7DD707F6,validation
ID_AF7E91CD55,final
ID_AF83C92B65,train
ID_AF852869FF,validation
ID_AF852B2858,train
ID_AF8B70D1F4,train
ID_AF8C1457CD,train
ID_AF8D61E988,train
ID_AF8F2DE8EA,train
ID_AF908CA527,final
ID_AF912EBFC2,train
ID_AF938F1AF5,validation
ID_AF941ABB8A,train
ID_AF98F53161,final
ID_AF9C2CB1F4,train
ID_AF9D23D356,final
ID_AFA10A2CFC,train
ID_AFAA0D72B4,train
ID_AFACE3879D,train
ID_AFACFF0B44,final
ID_AFAE58F91B,train
ID_AFAF69451C,train
ID_AFAFB5B6F0,validation
ID_AFAFD5A545,validation
ID_AFB0070AA4,train
ID_AFB0A15085,validation
ID_AFB2AB9595,train
ID_AFB4E70CCA,train
ID_AFB5AB6C97,train
ID_AFB7160424,train
ID_AFB896D45B,train
ID_AFBA6664C8,final
ID_AFBAA462FC,validation
ID_AFBB8FCC4E,final
ID_AFBC03DD64,train
ID_AFBC72E6B2,train
ID_AFBECF1B1E,final
ID_AFBED41173,validation
ID_AFBFE44928,train
ID_AFC3D0EC1A,train
ID_AFC3F84690,train
ID_AFC432DD85,train
ID_AFC44B20DE,final
ID_AFC8BD59C2,train
ID_AFCC08C4FB,validation
ID_AFCCEC9BE5,train
ID_AFD30FFF27,validation
ID_AFD4EBEE7C,train
ID_AFD5369B6B,train
ID_AFD7A15C78,train
ID_AFD7B2281B,train
ID_AFD825E277,train
ID_AFDD5AB47F,train
ID_AFDF18F37F,validation
ID_AFDF1B20D3,train
ID_AFDF433004,train
ID_AFDFDE1617,train
ID_AFE023283D,train
ID_AFE0843FB2,train
ID_AFE301E21A,train
ID_AFE524FB24,train
ID_AFE6DB0713,train
ID_AFE883102C,train
ID_AFE9E80068,final
ID_AFEAE13AF2,train
ID_AFEB1DD007,train
ID_AFEB73F6B0,train
ID_AFEC6153DC,train
ID_AFEFAC271E,train
ID_AFF0053C4B,train
ID_AFF37483C4,train
ID_AFF37E5FDF,train
ID_AFF5C5AD36,validation
ID_AFF5FB91FB,train
ID_AFF62F5AD5,train
ID_AFF6E9B3E7,train
ID_AFF7578E92,final
ID_AFFCB4A9F1,final
ID_AFFD750E4B,validation
ID_AFFE20674B,final
ID_B000897D78,train
ID_B0032C4A88,validation
ID_B00371AA32,final
ID_B004557CCE,final
ID_B0047C2F7D,validation
ID_B0051D82D0,validation
ID_B006726398,train
ID_B00AC015E4,train
ID_B00E2CBCD8,validation
ID_B00EAF8476,final
ID_B00FD3D48B,final
ID_B011ACB1B9,train
ID_B011F69B56,train
ID_B013A1F4B5,train
ID_B013EC4455,train
ID_B01780EF56,final
ID_B017B84635,final
ID_B0183616A0,final
ID_B019C792C8,train
ID_B01A176D2D,validation
ID_B01D95A98F,train
ID_B01F87CA66,validation
ID_B0210ED853,train
ID_B022A05499,final
ID_B02584BDA2,final
ID_B025A043D5,final
ID_B0269ABB2A,final
ID_B02880C859,validation
ID_B028E83524,train
ID_B029508A73,train
ID_B02C5A3E4F,validation
ID_B02D24BE63,train
ID_B02DCF0639,train
ID_B0301B4E1E,train
ID_B037092956,train
ID_B038718F8A,validation
ID_B038AD2C48,train
ID_B03E14BEAA,train
ID_B03F4819A5,train
ID_B03F782ED7,final
ID_B03FE1BC11,train
ID_B03FE69FBE,train
ID_B0426BB1B5,train
ID_B042D0DD6D,train
ID_B042E8625C,validation
ID_B04319AF56,train
ID_B043DCCE3E,validation
ID_B044363F1C,train
ID_B046CB8CCE,train
ID_B04A17DF2A,validation
ID_B04AF72881,final
ID_B04D1C82DF,validation
ID_B04D9EAA9E,validation
ID_B04DE3E840,validation
ID_B04E9610BC,train
ID_B04EE083C8,validation
ID_B04F576A51,validation
ID_B0565718CC,validation
ID_B056694898,final
ID_B0591006ED,validation
ID_B05A52CF11,train
ID_B05AE802E5,train
ID_B05BE35B76,final
ID_B05CAABA46,train
ID_B05D263A1E,train
ID_B060553332,validation
ID_B060CCED6A,final
ID_B0610D865E,train
ID_B061AA621A,train
ID_B061EDBE3C,train
ID_B06662E8B0,train
ID_B067224744,train
ID_B0680D0615,validation
ID_B068D2E67C,train
ID_B069B96B18,validation
ID_B06ADC3A16,train
ID_B06B8846B4,train
ID_B06C63F12E,final
ID_B06CC6FA65,validation
ID_B06F7A5F50,train
ID_B06FF75F93,train
ID_B070076B00,validation
ID_B0717039A4,validation
ID_B072E06A4A,train
ID_B073A19089,final
ID_B074BFC410,validation
ID_B07636BFAA,final
ID_B07795DACB,final
ID_B0783A3B42,train
ID_B07A2FF76D,train
ID_B07B61D6E5,train
ID_B07D6B8736,train
ID_B080690DF9,train
ID_B080A9CB2A,final
ID_B08203E9EF,train
ID_B08236ED28,validation
ID_B08363470A,final
ID_B0840113DE,validation
ID_B084F65A74,train
ID_B0855DCCC6,train
ID_B0859E2EE3,train
ID_B0863DFE9A,validation
ID_B086F449ED,train
ID_B08AEBA570,final
ID_B08C996E36,validation
ID_B08E55D510,train
ID_B090B8D462,train
ID_B09163AFE4,train
ID_B0922576D7,validation
ID_B093DF0869,final
ID_B096A4CE61,train
ID_B099CA4CC1,train
ID_B09A4B8CDC,train
ID_B09A9328C2,train
ID_B09B476864,validation
ID_B09CC962BC,train
ID_B09DC41F74,train
ID_B09EC760A9,final
ID_B09F4705C9,final
ID_B0A0E5C014,train
ID_B0A25F1800,train
ID_B0A3715FAE,final
ID_B0A52585AF,train
ID_B0A56E85CC,train
ID_B0A58CC76B,validation
ID_B0A5A04E75,train
ID_B0A6D59034,final
ID_B0A8092AB6,validation
ID_B0A83D6F55,validation
ID_B0A90C4235,train
ID_B0A958F417,final
ID_B0A97BB287,train
ID_B0A9823930,train
ID_B0AB0673BC,final
ID_B0AB1DABCB,train
ID_B0AC5969F6,train
ID_B0ACF9EBA2,train
ID_B0AE8E1AF8,validation
ID_B0AF487838,train
ID_B0AFE270FE,train
ID_B0AFF4B2CE,validation
ID_B0B1FFAC7A,final
ID_B0B283842C,final
ID_B0B598EC0D,final
ID_B0B6CCAE87,final
ID_B0B7FB79F3,validation
ID_B0BB501DF9,train
ID_B0BE0A60C9,final
ID_B0BF0A798F,train
ID_B0C18C5D43,train
ID_B0C1C9327C,final
ID_B0C31301AB,train
ID_B0C8244C42,final
ID_B0CBC84595,train
ID_B0CCFF56A4,train
ID_B0CD23A7BA,final
ID_B0CD562A74,train
ID_B0D0C769FC,validation
ID_B0D211C4C6,train
ID_B0DA823870,validation
ID_B0DC281C33,train
ID_B0DCE88C3A,train
ID_B0DDB17498,train
ID_B0DF032E00,train
ID_B0E06D5B17,train
ID_B0E0DEEBF5,train
ID_B0E1307372,final
ID_B0E2C07105,train
ID_B0E30542FF,train
ID_B0E3A16CDF,final
ID_B0E6319CEA,validation
ID_B0E6ABD02E,validation
ID_B0E6F23B5F,final
ID_B0E8203E3D,validation
ID_B0E8C3EC0A,train
ID_B0E97CD142,final
ID_B0E9CCA6CA,validation
ID_B0EC575B38,train
ID_B0EC79A73A,train
ID_B0ED3F7E16,train
ID_B0ED7EA9E7,train
ID_B0EE002581,final
ID_B0F1794098,train
ID_B0F1FCA421,validation
ID_B0F4242D74,train
ID_B0F6850EE6,train
ID_B0F8284545,train
ID_B0F8F277C5,train
ID_B0F923A040,final
ID_B0FA062256,train
ID_B0FA0D21B9,train
ID_B0FA2DA0ED,final
ID_B0FE9FB35D,train
ID_B0FEB819E0,train
ID_B101CE2D1C,train
ID_B102267A51,final
ID_B1027771A3,train
ID_B104711650,validation
ID_B10670EF04,train
ID_B1069C5C04,train
ID_B108380C17,train
ID_B10C4DF370,final
ID_B10CA84318,final
ID_B10CFDE554,validation
ID_B10DC66604,train
ID_B111B5BCA6,validation
ID_B11230CE8D,validation
ID_B11506B920,final
ID_B115CF7BA4,final
ID_B11744D266,train
ID_B11B66A552,train
ID_B11E40D686,validation
ID_B126C42E22,validation
ID_B127C402C0,validation
ID_B12F0ABB9E,train
ID_B130908CEC,validation
ID_B13107497E,validation
ID_B136EA2922,train
ID_B13DC9F178,final
ID_B13FABDC38,train
ID_B1434AB6C2,final
ID_B1441DB6CC,train
ID_B144284C39,train
ID_B146822D0E,train
ID_B148672D08,train
ID_B14D1C9A15,final
ID_B14FD966FC,train
ID_B150C4FC35,train
ID_B1520CFA5D,train
ID_B152C9C22D,train
ID_B156BEEA58,final
ID_B157E1CBF1,train
ID_B15A1136F3,validation
ID_B15A792634,train
ID_B15E806C39,train
ID_B16133E74B,train
ID_B1646B5939,train
ID_B1648C50FA,validation
ID_B164FB712C,train
ID_B167C463EA,validation
ID_B168A1A1C9,train
ID_B1696933E9,validation
ID_B16A0F207F,train
ID_B16A51DCD2,validation
ID_B16AB56D59,validation
ID_B16ABFF6EE,train
ID_B16B41F630,validation
ID_B17176B30C,train
ID_B172B46D78,train
ID_B172BD15E9,train
ID_B17303AA02,validation
ID_B173381B06,train
ID_B175683B5A,train
ID_B178E53536,train
ID_B179196278,validation
ID_B17A3014C9,train
ID_B17A5A006A,final
ID_B17F83ACEE,final
ID_B181CC6455,train
ID_B184C6BA40,train
ID_B1854ACCF0,train
ID_B18568CD05,train
ID_B185BD0882,train
ID_B185F5522B,train
ID_B1872BB8B8,validation
ID_B18858E402,train
ID_B1885DC537,validation
ID_B1887BF568,train
ID_B1888A43BB,final
ID_B188C201C9,validation
ID_B189805464,train
ID_B18A6B1425,final
ID_B18B1594C3,validation
ID_B18ED2739D,final
ID_B18EF8C625,train
ID_B190EFE8E5,final
ID_B192C5AEA7,final
ID_B1932C829D,train
ID_B1935B0DE4,final
ID_B194C166A3,train
ID_B19580EACD,validation
ID_B1959E18AC,train
ID_B197724E23,train
ID_B1988A1685,train
ID_B19ABAE10A,final
ID_B19B4FA908,train
ID_B19B8C6E16,train
ID_B19C26AA8E,final
ID_B19C598535,validation
ID_B19C6EE2E7,final
ID_B1A3C1D181,final
ID_B1A6345451,final
ID_B1A73C9BFD,train
ID_B1A7422D7E,final
ID_B1A874E5FE,validation
ID_B1AC918955,train
ID_B1AF5819D0,train
ID_B1AF83FF1A,final
ID_B1AFBDE80E,validation
ID_B1B2392B4D,train
ID_B1B529D639,validation
ID_B1B5770E62,train
ID_B1B6664A8F,train
ID_B1B728EA97,train
ID_B1B7F53CEB,train
ID_B1B87F2186,train
ID_B1BA54AC3D,train
ID_B1BADD37A5,train
ID_B1BE9B5975,train
ID_B1C02A3AAA,final
ID_B1C287B9AB,train
ID_B1C9DB873D,train
ID_B1CBC20D60,train
ID_B1CDFCE30E,final
ID_B1D2DD7AEE,train
ID_B1D3A49318,final
ID_B1D41C7457,train
ID_B1D621227A,validation
ID_B1D9BFF55F,validation
ID_B1DA700DBD,validation
ID_B1DA95CF9F,final
ID_B1DB17E749,final
ID_B1DD38D271,validation
ID_B1DEC1BBE9,train
ID_B1E06EA210,train
ID_B1E0B20D3B,validation
ID_B1E3E15BA3,validation
ID_B1E406B5DE,train
ID_B1E72E577B,train
ID_B1E8E28CA1,train
ID_B1F24364FA,train
ID_B1F309C619,train
ID_B1F5E4BCFA,train
ID_B1F6352FB7,validation
ID_B1F8D0ADCA,train
ID_B1FB253B9B,train
ID_B1FB4C52D4,train
ID_B1FC7D1EC9,final
ID_B1FE3D9479,final
ID_B1FF17D2D8,train
ID_B20213A5F6,final
ID_B2051C1753,final
ID_B207776386,train
ID_B207790443,train
ID_B208FE1E6D,train
ID_B20C9C3F23,final
ID_B20EB5737D,train
ID_B20ED28E51,train
ID_B210034CCD,train
ID_B2104EAF2B,final
ID_B210A44E86,train
ID_B213F9EEBD,final
ID_B215372B83,train
ID_B215EA443E,train
ID_B2178A1050,final
ID_B219F091DA,train
ID_B21BC232A4,final
ID_B21D975013,train
ID_B21DD213DB,train
ID_B21E0D2C9D,train
ID_B21EC25088,final
ID_B21F658E71,validation
ID_B21FB6D475,train
ID_B222663435,validation
ID_B222A846B0,train
ID_B22494C69E,train
ID_B2271DD0F2,train
ID_B229CC1040,final
ID_B22ED6D8EB,final
ID_B22F46E887,train
ID_B22FE519DF,validation
ID_B232451E91,train
ID_B232CC9237,validation
ID_B236E8FAA8,validation
ID_B239CA3349,final
ID_B23A928F24,train
ID_B2401C2B47,validation
ID_B2409B4A71,train
ID_B240F6706E,train
ID_B241EA4AF7,validation
ID_B24BA30943,train
ID_B24CD9DCA6,validation
ID_B24DAD282C,final
ID_B24FEDD500,train
ID_B250E9EA1C,final
ID_B2544CA99B,final
ID_B25496E3F7,train
ID_B257621BBB,validation
ID_B25840A62D,validation
ID_B259F57338,validation
ID_B25A4CE0D3,final
ID_B25B62E84F,train
ID_B25B6583DC,train
ID_B25F541935,train
ID_B2614E6113,validation
ID_B261A2C2A6,final
ID_B262ACE959,train
ID_B26304B1C2,train
ID_B266FE7E4D,validation
ID_B267A878DE,train
ID_B26878DB30,final
ID_B26E930D6E,validation
ID_B2724B6D50,train
ID_B2728BF76B,train
ID_B274E2E3FD,validation
ID_B2753738B9,train
ID_B276394D13,final
ID_B276E6A572,train
ID_B2784255EF,final
ID_B27891AEB8,final
ID_B2793E8AC8,validation
ID_B27B6B7FF6,train
ID_B27BC638D2,train
ID_B27C0652BE,train
ID_B27C43F55C,train
ID_B27C902258,final
ID_B28046DEC3,final
ID_B28278803C,final
ID_B28375B4DB,train
ID_B2881F0FE6,validation
ID_B289CF4E61,final
ID_B28CB75979,train
ID_B28D2172E5,train
ID_B28E342DE4,train
ID_B28E648C4F,train
ID_B29019B72C,train
ID_B290F10D19,train
ID_B292AC0120,final
ID_B29741AF08,train
ID_B299C6AE79,final
ID_B29A9F3C5B,train
ID_B29BDD0B0D,train
ID_B29C16F106,train
ID_B29D0DA471,train
ID_B2A00AA1FC,validation
ID_B2A7F674C6,train
ID_B2A8A625C7,train
ID_B2AA4FCE88,train
ID_B2ACE10485,validation
ID_B2B189E6CC,train
ID_B2B244A03A,train
ID_B2B539C77B,train
ID_B2B908BB24,train
ID_B2B9F0DF20,final
ID_B2BC22438B,train
ID_B2BC82E86D,train
ID_B2BD65D764,train
ID_B2BFF797A3,validation
ID_B2C0D6B0FC,validation
ID_B2C1EAA87E,validation
ID_B2C4C15A47,train
ID_B2C613E6D4,train
ID_B2C62F2060,train
ID_B2C658E593,final
ID_B2C7C6729D,train
ID_B2C8751FC5,train
ID_B2CB9D2EE3,train
ID_B2CC99D789,validation
ID_B2CD39BFCC,final
ID_B2CE933F73,final
ID_B2D1A8C32B,train
ID_B2D28F4FB5,final
ID_B2D32D00D3,train
ID_B2D3B3B787,train
ID_B2D898FE20,validation
ID_B2DB750B74,train
ID_B2DD50D817,validation
ID_B2DF4A2726,train
ID_B2E262B6C9,train
ID_B2E308C490,train
ID_B2E45C4F12,validation
ID_B2E52B30E4,final
ID_B2E5468C44,train
ID_B2E69A60CF,train
ID_B2E6E70362,train
ID_B2E82CFFA1,train
ID_B2EC8C1592,train
ID_B2EE351B5C,train
ID_B2F193117A,final
ID_B2F5CB5118,final
ID_B2F67DCA92,train
ID_B2F896FA3C,train
ID_B2F94CDC41,train
ID_B2FA22EA35,final
ID_B2FB67A378,validation
ID_B2FD11C582,validation
ID_B2FDD5A8B4,final
ID_B30044547C,train
ID_B300C2F860,train
ID_B30121B21E,train
ID_B302717C4C,train
ID_B30286A3D5,train
ID_B305DC97F7,final
ID_B30684F444,final
ID_B306BB8026,train
ID_B307E108CD,validation
ID_B30847CF40,final
ID_B309E90DA7,train
ID_B30A4611FF,validation
ID_B30B37B6B5,train
ID_B30B4C62B2,train
ID_B30BD07FA3,validation
ID_B30D16585D,final
ID_B311C1DBB0,train
ID_B31BA7AD9A,train
ID_B31F0529D4,final
ID_B32141C06D,validation
ID_B322363136,train
ID_B32734F0E0,train
ID_B3292DEC3B,train
ID_B32D122A13,train
ID_B32D6BD8D2,train
ID_B32F64A77C,train
ID_B330CE4EC5,train
ID_B331AE0B24,train
ID_B3328FC540,train
ID_B334748AED,train
ID_B3387675C1,final
ID_B338C62B20,validation
ID_B33C6BCDAB,final
ID_B33F410367,validation
ID_B33FC95DBB,final
ID_B341607EC9,validation
ID_B3459AF8C4,train
ID_B345E8C3F6,train
ID_B3495A80F3,train
ID_B34A24462B,validation
ID_B34A70C0DA,final
ID_B34C19FF65,validation
ID_B34C30DC53,final
ID_B34CC010F4,final
ID_B34FE41CD0,train
ID_B351A8FD57,train
ID_B3530F4886,final
ID_B35357D6BC,train
ID_B354CDFC6B,train
ID_B357CFE024,final
ID_B359A63F70,train
ID_B35A9E6018,final
ID_B35BC409A8,final
ID_B35D0FB1C1,final
ID_B35D1654EB,train
ID_B3604D36B6,train
ID_B360925BAE,train
ID_B361142CB1,final
ID_B361F62AC8,train
ID_B363A82E79,train
ID_B365E8A05F,final
ID_B36F14DDB3,train
ID_B36FD37917,validation
ID_B370207613,train
ID_B370335758,train
ID_B370FED57A,train
ID_B37175FA7B,train
ID_B374A1E6C4,train
ID_B37653A685,train
ID_B378EEC4F9,train
ID_B379F03189,train
ID_B37A0F00C4,final
ID_B37B2BC4D6,train
ID_B37CBA99C7,train
ID_B37D775102,train
ID_B37E9CC2E2,final
ID_B381C0D5A7,train
ID_B38372512E,train
ID_B386ACE330,train
ID_B386F3EA3D,final
ID_B38729086E,train
ID_B3891D43C5,train
ID_B389A19309,train
ID_B38B2EE906,final
ID_B38BA008D1,train
ID_B38BCAF12D,train
ID_B393A7B1F0,train
ID_B39E394DA4,validation
ID_B39F81D892,validation
ID_B3A00A4794,final
ID_B3A1B44DA0,train
ID_B3A227A1D7,train
ID_B3A612DD16,train
ID_B3A65521C4,final
ID_B3A8705CB2,validation
ID_B3A8BAEF1C,train
ID_B3A8D44D5B,final
ID_B3AACE29AB,train
ID_B3AAE7F93B,train
ID_B3ACC8E729,train
ID_B3B0289969,final
ID_B3B1A07694,train
ID_B3B322427A,train
ID_B3B50D3901,train
ID_B3B5221DE3,validation
ID_B3B689D008,train
ID_B3B7898B40,train
ID_B3B7EE9FC1,validation
ID_B3B805B337,validation
ID_B3B8AC9D0C,validation
ID_B3B9B35699,validation
ID_B3BCCD4D01,validation
ID_B3BDB567A0,train
ID_B3BE548E46,train
ID_B3BED74AD2,final
ID_B3BEE0AFF4,train
ID_B3BFB3CE73,validation
ID_B3C3197139,train
ID_B3C31B7DB9,train
ID_B3C33238EA,train
ID_B3C3760229,train
ID_B3C5C466ED,train
ID_B3C5DCC507,train
ID_B3C5FCAF85,final
ID_B3C8F589BF,train
ID_B3C9F2BEB4,train
ID_B3CA6201C1,train
ID_B3CBD72099,train
ID_B3CD3F3A65,final
ID_B3CD7EDE94,final
ID_B3CD7FC8D0,train
ID_B3CE0C64CA,train
ID_B3CE45459B,train
ID_B3D0318CF0,validation
ID_B3D0B34548,final
ID_B3D558B570,validation
ID_B3D630FC59,final
ID_B3D960C55D,train
ID_B3DA86874E,train
ID_B3DC87D423,validation
ID_B3DD95BBCC,validation
ID_B3DE7B9324,validation
ID_B3DE804977,train
ID_B3E1CC6321,train
ID_B3E66BE643,train
ID_B3E6AF95B4,train
ID_B3E9D28805,train
ID_B3EC05C818,train
ID_B3ECB79A1F,train
ID_B3EEAD5833,train
ID_B3F052B8EE,train
ID_B3F4AAF44F,train
ID_B3F66E295B,train
ID_B3F7F0E2DF,train
ID_B3F80A1FCE,train
ID_B3FA9BBC0E,train
ID_B3FE3F729A,train
ID_B3FF6D5B58,train
ID_B4005D4443,validation
ID_B4013A2C73,train
ID_B40160C82A,train
ID_B40260FD57,train
ID_B402889A56,train
ID_B404826AC8,final
ID_B407C5AD9D,train
ID_B40900361E,train
ID_B4090F69CE,final
ID_B4095A9C89,train
ID_B40A873BBB,final
ID_B40ABD89BF,train
ID_B40AFFD205,final
ID_B40C7375FB,train
ID_B40CFA4DBB,validation
ID_B40F268D5C,validation
ID_B40F382192,train
ID_B4102C0FC9,final
ID_B4118A04DD,final
ID_B411C14F64,train
ID_B413053E9C,validation
ID_B413B8EC50,final
ID_B41563FC8F,train
ID_B4179FE598,validation
ID_B41ADB41FF,train
ID_B41B915999,final
ID_B41B9B823A,train
ID_B42078A02B,train
ID_B42223C5C0,train
ID_B4223355E1,final
ID_B422EF1F97,train
ID_B423FA2596,final
ID_B4263A5066,train
ID_B4263F9765,train
ID_B427C7A2DA,train
ID_B42A808734,train
ID_B42D40D95E,validation
ID_B42E5CFE27,validation
ID_B42FE76168,final
ID_B431EF2C79,train
ID_B432162D63,train
ID_B43441B379,train
ID_B434C5E57A,validation
ID_B43A1426C5,train
ID_B43E2669C6,train
ID_B43FBAFC33,validation
ID_B443CAC4E5,train
ID_B443D8A955,final
ID_B444E3E36D,validation
ID_B4462BC9C1,train
ID_B4473361E5,train
ID_B448D7E79F,train
ID_B44CC95546,final
ID_B44E43BD98,validation
ID_B454C16565,final
ID_B455DACAF0,final
ID_B45913C8DC,validation
ID_B45AACB0BD,train
ID_B45AF76E6D,train
ID_B45ECCC1EC,train
ID_B4606D58A2,validation
ID_B464528192,final
ID_B4662F3607,validation
ID_B46921BCFC,train
ID_B46C4F6D05,train
ID_B46D676DF8,final
ID_B4706B6EC3,train
ID_B471675A9C,final
ID_B471F20F5B,final
ID_B477BB5DF5,train
ID_B478163D20,final
ID_B478FA471A,final
ID_B479672ABF,final
ID_B479E0986E,validation
ID_B47D72798E,train
ID_B47DA1EE5A,validation
ID_B4818382D0,validation
ID_B48232AB3B,train
ID_B4832F75C0,train
ID_B4853C2854,validation
ID_B4890D242C,validation
ID_B4897E6FD1,final
ID_B48A32B416,train
ID_B48A7458FC,train
ID_B48AD22939,train
ID_B48CA78DB8,train
ID_B48DBDC63E,train
ID_B48EB4107E,validation
ID_B48FBDE6B7,train
ID_B48FCAAEE1,train
ID_B491BD5C6B,train
ID_B498EC5DC6,train
ID_B499129D59,train
ID_B499B91501,train
ID_B49B281942,validation
ID_B49C232804,train
ID_B49F379495,final
ID_B49F7F3B5D,final
ID_B49FBB7F99,train
ID_B4A1522134,train
ID_B4A62A5271,validation
ID_B4A9C99CA6,train
ID_B4A9DD64F3,train
ID_B4ACA7F307,validation
ID_B4ACABADF3,validation
ID_B4AD587D03,train
ID_B4AE4FF372,train
ID_B4AFDBE366,final
ID_B4B07DA8BC,final
ID_B4B3C00ED1,train
ID_B4B3C4CA6B,train
ID_B4B5BDE1C7,train
ID_B4B75DAEA7,train
ID_B4B7DE0F89,train
ID_B4B8747519,final
ID_B4B880EF33,train
ID_B4B9A0E8C9,validation
ID_B4BAC8D17C,train
ID_B4BC2087D2,validation
ID_B4BDA811DF,train
ID_B4BDB78123,final
ID_B4C1E3F175,validation
ID_B4C2C265E3,validation
ID_B4C35A41A4,train
ID_B4C3EEA7A7,train
ID_B4C4A63498,train
ID_B4C4EF8A61,validation
ID_B4C63194BF,validation
ID_B4C6F5AC8B,train
ID_B4C93B203C,validation
ID_B4C9E4590F,final
ID_B4CA5528CB,train
ID_B4CA7DF17C,final
ID_B4CA9FE035,validation
ID_B4CB810564,final
ID_B4CCF64570,validation
ID_B4CE2B79EB,validation
ID_B4D0178716,final
ID_B4D345FBC1,train
ID_B4D36757CF,train
ID_B4D3A7DBEB,train
ID_B4D5F1B6E6,train
ID_B4D61FC3A8,train
ID_B4D662B965,validation
ID_B4D6FD96BA,train
ID_B4D72ECFA8,train
ID_B4D8809D07,train
ID_B4D9597CD5,final
ID_B4DB422073,train
ID_B4DB6CCDFA,train
ID_B4DC566A8D,train
ID_B4DC5A0F5F,final
ID_B4DE98BE49,final
ID_B4DFC8EEAF,train
ID_B4E03C9BE5,final
ID_B4E925E011,train
ID_B4EAD71795,validation
ID_B4EB0987FC,validation
ID_B4ED0BEEED,train
ID_B4F013499B,train
ID_B4F13B254F,final
ID_B4F27C6820,train
ID_B4F2E6381E,final
ID_B4F41900F8,train
ID_B4F4246B7C,final
ID_B4F73AEE15,train
ID_B4F94DE032,train
ID_B4FEA879E6,final
ID_B5005A82AC,final
ID_B50067A5C2,train
ID_B501116A94,train
ID_B5012BEB41,train
ID_B50149E30C,train
ID_B501C7E6E7,final
ID_B502858C4D,train
ID_B502E88107,final
ID_B503EF5C6D,validation
ID_B504A55D2E,validation
ID_B505896255,final
ID_B50724E72F,train
ID_B5084CF25B,final
ID_B50A823246,validation
ID_B50C490673,train
ID_B50CA53015,train
ID_B50E98091A,train
ID_B50FDC0E5A,train
ID_B514BAAB6B,train
ID_B514D11718,validation
ID_B5154D9DF6,final
ID_B515E84A10,train
ID_B518A7AB1C,train
ID_B519B128F4,train
ID_B519B43149,validation
ID_B519D64EC3,validation
ID_B51A86C1D7,train
ID_B51B6E7A51,train
ID_B51BC67896,validation
ID_B51C504A85,train
ID_B51E080353,train
ID_B51EB53068,train
ID_B520A1FAC8,train
ID_B521347ABC,final
ID_B522DB3941,final
ID_B527397089,validation
ID_B527916891,train
ID_B52BA37903,train
ID_B52E28947C,train
ID_B530219F73,train
ID_B5303119C2,validation
ID_B5310FD7E1,final
ID_B5312F7A2C,final
ID_B53190D045,validation
ID_B53360C31A,train
ID_B535AA0B9F,train
ID_B535C51FEC,validation
ID_B539A05D52,train
ID_B53A942B57,train
ID_B53B2F3A0C,final
ID_B53E4B43A8,train
ID_B540779DB9,train
ID_B541227EF8,final
ID_B542C076D1,train
ID_B5437074B7,train
ID_B546899388,validation
ID_B547A8497E,train
ID_B549A339D1,train
ID_B549A9784D,train
ID_B54D3A2A75,final
ID_B54DC6C368,train
ID_B54DEDAB68,train
ID_B54E4D1431,train
ID_B54F1D3465,validation
ID_B54F732BA7,final
ID_B5534BE796,train
ID_B553DFFE30,train
ID_B5557BFCBC,validation
ID_B555E29BED,final
ID_B555F1426B,final
ID_B559F2160A,train
ID_B55AA2041C,train
ID_B55AB04BC0,final
ID_B55AFA77D5,final
ID_B55DC71ECA,validation
ID_B55F3A14B3,train
ID_B56016F958,final
ID_B5603B1D9A,train
ID_B564BA7BEE,train
ID_B5650F5A7B,train
ID_B5661DEF33,train
ID_B566C43CD5,train
ID_B566E02C78,train
ID_B5673AF6F1,final
ID_B567C48DB4,train
ID_B56A1C4F0E,train
ID_B56AB22B10,train
ID_B56B15984B,final
ID_B5728EBF9F,validation
ID_B5745F026B,final
ID_B57C380204,train
ID_B57C6B55F8,final
ID_B580248279,train
ID_B5843E2FE8,train
ID_B5854AF8D1,train
ID_B58647EFF6,validation
ID_B586BD3ABC,final
ID_B58876B750,train
ID_B58ACA7CE0,final
ID_B58ED4D8EB,train
ID_B58F4DDF0F,train
ID_B591380B3E,final
ID_B5917D77BC,train
ID_B5920CAF82,train
ID_B59BF21E85,final
ID_B59D65CA35,train
ID_B59EA12ED6,train
ID_B5A05C2521,train
ID_B5A4035A01,train
ID_B5A6A0229D,final
ID_B5A98A8E47,train
ID_B5AD66DB0B,train
ID_B5B0286DB3,validation
ID_B5B13FB91E,train
ID_B5B24E1268,validation
ID_B5B2854601,train
ID_B5B304C44E,train
ID_B5B3A2AEC4,train
ID_B5B535DD85,final
ID_B5B648993C,train
ID_B5B6BB2258,train
ID_B5B952942F,train
ID_B5BADCA113,train
ID_B5BB588CFA,train
ID_B5BCAB032E,train
ID_B5BCF84D53,validation
ID_B5BED11748,train
ID_B5C2D85997,train
ID_B5C39BE008,train
ID_B5C3E8ABF2,validation
ID_B5C460CA67,train
ID_B5C4CE6EBB,train
ID_B5C5ED37FC,final
ID_B5CA12B292,final
ID_B5CA63919B,validation
ID_B5CC13F065,final
ID_B5CC4C7E95,train
ID_B5CC87338E,train
ID_B5CDE83903,train
ID_B5CE70EC7F,train
ID_B5CEFF7630,train
ID_B5D0D4A02B,final
ID_B5D3032873,train
ID_B5D74733A9,final
ID_B5D856FF41,train
ID_B5D86FC80C,final
ID_B5DB4AA468,train
ID_B5DBB8CBF6,validation
ID_B5DBFF4971,validation
ID_B5DC6A9CC3,validation
ID_B5DD3BDD70,train
ID_B5DE3FE4D3,final
ID_B5DF481D85,train
ID_B5E0283A7E,final
ID_B5E05DD68B,final
ID_B5E6E9370F,train
ID_B5EB39C0D3,train
ID_B5ED7B3363,validation
ID_B5EE81AC11,final
ID_B5F30FEF53,train
ID_B5F87A8711,final
ID_B5FABEDACB,train
ID_B5FCEF5153,train
ID_B600AA572E,final
ID_B60318BFF4,final
ID_B603B27280,final
ID_B6053B3261,train
ID_B607DF3831,validation
ID_B60A83AD2B,train
ID_B60B8CD60E,train
ID_B60CB37A65,validation
ID_B60CD58912,train
ID_B60EDD9D94,train
ID_B60F25112C,train
ID_B60FB52A6F,train
ID_B610AFD7D3,final
ID_B6131715DB,validation
ID_B615061D84,final
ID_B617370EE3,validation
ID_B61C218574,validation
ID_B61E7B969C,train
ID_B6203B386D,train
ID_B6212CBD00,validation
ID_B621CEC0F1,validation
ID_B627AF9AD2,train
ID_B628915C5D,train
ID_B628A8D4EE,final
ID_B62952FB3D,train
ID_B62A46426A,train
ID_B62AB80BD5,train
ID_B62B3A5834,final
ID_B62CCDF46B,train
ID_B62CEB5906,train
ID_B62EEE258E,validation
ID_B62FA77BAA,validation
ID_B633B1B972,validation
ID_B635D319D7,validation
ID_B6364ED643,train
ID_B638E7F26B,train
ID_B639D4761D,train
ID_B63A12BF4D,final
ID_B648BBB4E4,train
ID_B64A487847,validation
ID_B64C46C146,train
ID_B64F781C1C,validation
ID_B6507A36A7,train
ID_B651A1F6E6,train
ID_B651EBD341,train
ID_B653D41F51,train
ID_B6544EEA56,final
ID_B65494B619,validation
ID_B659BB49A3,train
ID_B65B0220F4,final
ID_B65E3A96F5,train
ID_B65F5D91AC,train
ID_B65F9CC888,train
ID_B65FC9C4C8,train
ID_B66194E00B,validation
ID_B662EDA56E,validation
ID_B66404A8C2,validation
ID_B6643C4AC2,train
ID_B664AE802A,train
ID_B6689F1B59,final
ID_B66B95B352,train
ID_B66BB3EAE3,train
ID_B66BD8E247,validation
ID_B66E15AA5C,train
ID_B66F9A1426,train
ID_B67020B193,train
ID_B67175F6D4,final
ID_B673DB95B8,train
ID_B674C8077C,final
ID_B677ABA3DA,validation
ID_B677BB3775,train
ID_B678105255,validation
ID_B679177391,train
ID_B679B39639,train
ID_B67C635A92,validation
ID_B67DE92211,validation
ID_B67E65F37B,train
ID_B67F2DEFF3,train
ID_B67FACDB67,final
ID_B67FF8BBDA,validation
ID_B680AF408D,train
ID_B680EACC40,train
ID_B68200700D,validation
ID_B682E26454,train
ID_B685D2A585,train
ID_B6868D4267,final
ID_B68714F90F,train
ID_B6881BA038,train
ID_B68AB68BE2,train
ID_B68AC97E30,validation
ID_B68BA77785,train
ID_B68D472012,train
ID_B68DEF37C9,validation
ID_B68E5B6E22,train
ID_B68E8B1235,validation
ID_B68F719999,train
ID_B691A13502,validation
ID_B692BE983F,train
ID_B695315B8D,train
ID_B696FE7F5F,train
ID_B6A21D26F2,validation
ID_B6A30CA399,final
ID_B6A3BE1BDB,train
ID_B6A62449F0,final
ID_B6A62EFD68,validation
ID_B6AA972689,final
ID_B6AC9B0D0C,final
ID_B6AED4AA43,final
ID_B6B5631111,train
ID_B6B592CD80,final
ID_B6B5DF0A21,train
ID_B6B5DFCB3F,final
ID_B6B6EEC3B7,final
ID_B6B904F117,train
ID_B6BC1574A2,validation
ID_B6BDF1ABD3,train
ID_B6BEA882E7,validation
ID_B6BFD97CD2,train
ID_B6C054A3F6,train
ID_B6C249DE2B,train
ID_B6C3FD03CF,train
ID_B6C49EDDDE,validation
ID_B6C4D5D987,final
ID_B6C83526FB,train
ID_B6CC3E6006,train
ID_B6CCDBDCF5,train
ID_B6CD292758,final
ID_B6CD882C3E,train
ID_B6CE3EF5E2,train
ID_B6CE4BE290,train
ID_B6CF04EBF0,train
ID_B6D02B0549,train
ID_B6D2B96F2A,validation
ID_B6D4B95762,final
ID_B6D50B1AE9,validation
ID_B6D621E04B,train
ID_B6D7160018,train
ID_B6DA75615D,validation
ID_B6DC218F5D,train
ID_B6DC829617,final
ID_B6DD659193,train
ID_B6E006B80B,train
ID_B6E099046E,validation
ID_B6E12A0BBE,train
ID_B6E22CDCC2,train
ID_B6E4402E01,train
ID_B6E4C2F41D,final
ID_B6E548CC40,train
ID_B6E8421AB7,final
ID_B6EE5D4797,validation
ID_B6EE896718,final
ID_B6F3D25CA7,train
ID_B6F6A47AEB,validation
ID_B6F6D0CC3A,final
ID_B6F86A83AC,train
ID_B6F8D8ECAA,validation
ID_B6FAE10EBC,train
ID_B6FF7FC950,validation
ID_B701591CF6,train
ID_B7026305A0,validation
ID_B703E752AD,train
ID_B7052ADC57,train
ID_B70533F51B,train
ID_B706D56330,train
ID_B7080D3EBC,validation
ID_B709830D75,final
ID_B709881FDD,train
ID_B70B2FF093,train
ID_B70C5294EB,final
ID_B70DA23C2D,train
ID_B70E393F7E,train
ID_B70F6CF4E7,final
ID_B7106E48E6,train
ID_B710EE8A5E,validation
ID_B711345173,final
ID_B712B161F4,validation
ID_B712F912FC,train
ID_B7147EFF5A,train
ID_B714EBA4A2,final
ID_B715E5B1F8,final
ID_B716E5A790,train
ID_B717BC7B02,validation
ID_B718DE783C,train
ID_B71C5C815B,validation
ID_B71E23977B,train
ID_B71EBD18ED,final
ID_B71EC635CB,final
ID_B7203B34E6,train
ID_B72394DBCC,train
ID_B72537732F,final
ID_B7273A7AAD,train
ID_B727B4968A,final
ID_B7286342CE,train
ID_B729BB6943,train
ID_B729D144E5,train
ID_B72AE26166,train
ID_B72CB27FB7,final
ID_B72D6660D5,train
ID_B72EC2F67D,validation
ID_B72F2EF75B,train
ID_B72FCB0DA1,train
ID_B734852E04,validation
ID_B735986460,final
ID_B737E99F6F,validation
ID_B7382418F7,validation
ID_B73A14C409,train
ID_B73A81284D,validation
ID_B73A913C76,train
ID_B73B4B4209,train
ID_B73C9355C0,train
ID_B73DA176E9,final
ID_B73DF41BE4,final
ID_B73F3D9B3D,final
ID_B7407A7DA5,train
ID_B742FFBFEA,train
ID_B7442044B0,final
ID_B7456003CD,final
ID_B74642CB3F,validation
ID_B749B2A769,train
ID_B74E1CC9C9,train
ID_B74F8EA1DC,train
ID_B751AD153C,final
ID_B753202E92,train
ID_B7542FA982,final
ID_B7561147DE,final
ID_B75791C994,final
ID_B758468BC1,train
ID_B759DA0EBE,train
ID_B75A9D6D70,train
ID_B75D1A70EF,validation
ID_B764764873,train
ID_B768F43CCA,validation
ID_B76A7B91F2,train
ID_B76DC474EA,train
ID_B76DC6F0B0,final
ID_B76EE56271,validation
ID_B76EF0A0F8,train
ID_B770601FA4,train
ID_B77396BFE5,train
ID_B774DDF3BE,validation
ID_B7773A0B86,train
ID_B77DEFB37E,train
ID_B77E8B169E,final
ID_B78155C54F,train
ID_B783EB4442,train
ID_B784694DAB,train
ID_B78833797F,validation
ID_B7883766D9,final
ID_B788D3C67B,train
ID_B78903B1C5,final
ID_B7895C06FB,train
ID_B78AC09584,train
ID_B78AD8D3EA,final
ID_B78B826E8F,validation
ID_B793BB1454,train
ID_B7952AAB82,train
ID_B7962771A1,final
ID_B796DB032D,validation
ID_B7972FB070,validation
ID_B797C8FD0A,validation
ID_B79A0878B2,train
ID_B79A6C1DBC,train
ID_B79A8435C3,validation
ID_B79B424737,validation
ID_B79C435309,final
ID_B79C937C9C,final
ID_B79CD4C59C,validation
ID_B79CFD7C33,validation
ID_B79E76CC66,train
ID_B7A0533226,train
ID_B7A4424C97,train
ID_B7A5B0F16C,train
ID_B7A723C67F,train
ID_B7AD323CB5,train
ID_B7AD693C35,train
ID_B7AE1BE283,final
ID_B7AEA7BD1C,validation
ID_B7AEBF2DD1,final
ID_B7B00C624B,validation
ID_B7B2A62390,train
ID_B7B6F7556D,train
ID_B7B7660196,train
ID_B7B779940E,validation
ID_B7B8F6B02C,train
ID_B7B8FE2053,train
ID_B7B932BADE,train
ID_B7B95A7F45,train
ID_B7B98B6E63,train
ID_B7BA1115B7,final
ID_B7BD164F1D,train
ID_B7BE6828AF,train
ID_B7BEDDE724,final
ID_B7C1072DB9,train
ID_B7C11F2874,train
ID_B7C204DE65,train
ID_B7C40D4943,train
ID_B7C5AA5E5D,train
ID_B7C7995E75,validation
ID_B7C858FEFD,train
ID_B7C8EFE2B4,final
ID_B7C9E268A4,final
ID_B7CA0EBE8C,train
ID_B7CC5FEF63,train
ID_B7CCA1CF44,train
ID_B7D23CEFD5,final
ID_B7D31FF349,train
ID_B7D3A649CD,train
ID_B7D6A40165,train
ID_B7D86F1A28,validation
ID_B7D96A8CD0,train
ID_B7DBC7404D,train
ID_B7DCA2C8DD,train
ID_B7DD3C22B8,train
ID_B7DD43EBC3,train
ID_B7DEF496F2,validation
ID_B7E0365C62,train
ID_B7E2F33AF9,validation
ID_B7E4254D59,train
ID_B7E8BBE170,final
ID_B7E8EFF572,train
ID_B7ECAEE198,final
ID_B7ED4BBB90,final
ID_B7EE2B2140,train
ID_B7EE4429E7,train
ID_B7EE59A713,train
ID_B7F150D38F,train
ID_B7F574656F,train
ID_B7F7D3BF14,train
ID_B7F84CE18C,train
ID_B7FCC1BB0D,train
ID_B7FD951D68,train
ID_B7FDB69242,train
ID_B800231FE5,final
ID_B8024429AD,validation
ID_B803C65C5C,train
ID_B80498AE71,validation
ID_B805F23FE4,train
ID_B8084C84EC,train
ID_B8089B55C6,final
ID_B808FF748C,train
ID_B80C24D0A1,train
ID_B80CFC935D,final
ID_B80D2B2CF0,validation
ID_B80D501081,validation
ID_B80D54631A,final
ID_B80DDCBB1B,validation
ID_B80E45C0EA,validation
ID_B8135C31D7,train
ID_B81395DEA7,validation
ID_B81513F04D,train
ID_B816627CCC,train
ID_B816CCDA11,final
ID_B817EDC43A,train
ID_B81BA08504,train
ID_B81D9140DC,train
ID_B81DE63053,train
ID_B81F125853,final
ID_B821AA8CA3,train
ID_B823DDFD02,train
ID_B824A60461,train
ID_B82D652344,validation
ID_B82D87B803,train
ID_B82EC63682,train
ID_B82FBF10FD,train
ID_B8309D4BFA,final
ID_B8323F845D,train
ID_B83487889B,train
ID_B8349E699D,train
ID_B8355E0B38,validation
ID_B837F1485D,train
ID_B837FAB564,validation
ID_B8392193D2,train
ID_B83A01F582,validation
ID_B83DDD300F,validation
ID_B83EBE9850,train
ID_B8415817CF,train
ID_B843DAF80D,final
ID_B843DC0281,final
ID_B845442AA2,train
ID_B8456ACF90,train
ID_B846C8BC42,train
ID_B847522800,train
ID_B848F75C51,train
ID_B84A12B7F6,train
ID_B84ADEBFEF,train
ID_B84BD04194,train
ID_B84C4D79C8,validation
ID_B84D5A3245,final
ID_B8535630E0,train
ID_B856147200,train
ID_B8563EBB91,train
ID_B8566E6AE4,final
ID_B8574CEB31,train
ID_B8596119C5,train
ID_B85A354D97,validation
ID_B85AF8EE9B,train
ID_B85F3ADEC7,train
ID_B862C2C158,final
ID_B86465A5A6,final
ID_B865085F23,train
ID_B86BBFE1D5,train
ID_B86BD2F030,train
ID_B86CE58B9B,train
ID_B86D6049FE,final
ID_B86E30CE60,final
ID_B86E4B5F8D,train
ID_B86FC6E90E,train
ID_B870461E52,train
ID_B8705AC22A,train
ID_B8709EEBB0,train
ID_B871A75CD3,train
ID_B87226F2A8,validation
ID_B8724B400F,validation
ID_B872A69BB6,train
ID_B8776DC0F8,train
ID_B87A23F2DE,train
ID_B87A964DCB,validation
ID_B87AD6B89F,train
ID_B87B6AF135,train
ID_B87DB2F809,validation
ID_B880848E3E,train
ID_B880A6EEC2,train
ID_B883BBFA30,final
ID_B884BBC06A,final
ID_B8851281CB,train
ID_B8867E62E7,final
ID_B887CD811F,train
ID_B889A5973B,validation
ID_B88AE81488,train
ID_B88D7A0FB7,train
ID_B88D7D9F0B,validation
ID_B88FA62729,train
ID_B891CEBAFC,final
ID_B89281B599,final
ID_B89396FE7F,final
ID_B896E523A5,train
ID_B89A89E48B,train
ID_B89C1F23AB,train
ID_B89DCCD221,train
ID_B8A0F2D4A5,final
ID_B8A2D5E8A4,train
ID_B8A7C970AA,validation
ID_B8A970DDA9,train
ID_B8A9D5FCB8,validation
ID_B8A9DBB2EB,train
ID_B8ABBCF15A,train
ID_B8AC774F91,validation
ID_B8AD0C9497,train
ID_B8B0188F86,train
ID_B8B2FE1148,validation
ID_B8B2FFC065,train
ID_B8B58E249E,final
ID_B8B5DB298B,train
ID_B8BA972E6D,validation
ID_B8BD56435A,train
ID_B8C04B6312,train
ID_B8C0A3FB58,validation
ID_B8C350F253,train
ID_B8C55F127D,train
ID_B8C6BEA88A,train
ID_B8C93047A2,validation
ID_B8C9C4422B,train
ID_B8CA392208,train
ID_B8CAFA6142,final
ID_B8CD6801CE,train
ID_B8CDAC4646,validation
ID_B8CDB7922C,train
ID_B8CE9D991A,train
ID_B8CED1646D,train
ID_B8D0E164AF,train
ID_B8D45CAD94,train
ID_B8D47DB49B,train
ID_B8D7672923,final
ID_B8D9EDA0B3,train
ID_B8D9F64B35,train
ID_B8DACA9B5D,validation
ID_B8DE118794,train
ID_B8E0E4E18F,train
ID_B8E0F438C9,train
ID_B8E193AFE7,train
ID_B8E28D17C6,train
ID_B8E373CD35,train
ID_B8EA0E8CD8,train
ID_B8EA9207EC,train
ID_B8EAB5D717,final
ID_B8EAF4F095,train
ID_B8EE07658D,validation
ID_B8EE389456,validation
ID_B8F1868C34,train
ID_B8F74372D5,final
ID_B8FA63B8B8,train
ID_B8FC0DEC21,train
ID_B8FCC965E5,validation
ID_B8FDC5CAD0,validation
ID_B900C95AD8,train
ID_B902D1732D,final
ID_B9079A7799,train
ID_B90DD375CC,train
ID_B90EBD9C3A,train
ID_B90ED2733E,train
ID_B90F48E181,train
ID_B9104E72D0,final
ID_B910A92254,train
ID_B910B22FB9,validation
ID_B910CEDBDB,train
ID_B9121FF51F,train
ID_B912DA6661,validation
ID_B914240F77,train
ID_B9182A1088,train
ID_B91F82D43B,validation
ID_B920BDE462,final
ID_B920D44E05,validation
ID_B92135E97E,train
ID_B9259F3540,train
ID_B926260076,train
ID_B927E50117,final
ID_B929AEF215,train
ID_B92A388258,validation
ID_B92B534A8E,train
ID_B92FBD5C6A,train
ID_B933C5D479,train
ID_B934C962B7,train
ID_B936F1FAFF,validation
ID_B938379F58,validation
ID_B938D80AAE,final
ID_B9396864E2,train
ID_B93ACFA087,final
ID_B93BC3783C,validation
ID_B93E52DF9F,train
ID_B93FC6AA95,final
ID_B943FAC90F,validation
ID_B944FE8623,validation
ID_B946720A70,validation
ID_B946BD7E57,train
ID_B94A259327,train
ID_B94AFDBA09,train
ID_B94C2ADEAC,train
ID_B94C5D606F,validation
ID_B94F86A446,final
ID_B94FAF191F,train
ID_B9505EFAE1,train
ID_B951F01ADE,final
ID_B9531D016C,train
ID_B954ADBD93,train
ID_B9566E6277,train
ID_B959415312,train
ID_B95ABDF249,train
ID_B95C2E6707,train
ID_B9619856F2,train
ID_B9629CE9D9,train
ID_B96390B6FF,train
ID_B964AE0879,validation
ID_B9651B689E,validation
ID_B967747D33,final
ID_B9681C1814,validation
ID_B9687198B3,validation
ID_B96A20E0D2,train
ID_B96AA0A51C,final
ID_B96AB0C2A0,final
ID_B96E1EFA2B,train
ID_B97666A471,train
ID_B97825FA74,train
ID_B979DD0D83,validation
ID_B97AB5C712,train
ID_B97B9761D4,train
ID_B97B9CC586,train
ID_B97CD96F70,train
ID_B97F7EBD18,train
ID_B9805A7E7A,validation
ID_B98070AEC1,validation
ID_B981EA24EB,train
ID_B98226B9CC,train
ID_B98281D69C,train
ID_B984DEE314,train
ID_B98555F3CA,train
ID_B986FC4C65,validation
ID_B98B00CBB4,train
ID_B98E4D8353,validation
ID_B99076E2F9,train
ID_B99247EDFE,train
ID_B999038DAC,train
ID_B99940D359,validation
ID_B999F9EEE2,validation
ID_B99A717CF4,train
ID_B99AD0EF3F,validation
ID_B99F6722E4,train
ID_B9A019AA49,final
ID_B9A0C17EE6,train
ID_B9A138E946,validation
ID_B9A9EA9521,final
ID_B9ADA9F9AF,train
ID_B9AEFFBA00,validation
ID_B9B1C70CB3,validation
ID_B9B3815B2E,validation
ID_B9B3A77821,train
ID_B9B3F5CBB8,validation
ID_B9B4FCC0FA,validation
ID_B9B56EED48,train
ID_B9B56F5E35,final
ID_B9B90C17D6,train
ID_B9BE0E4418,train
ID_B9BF8A0A48,final
ID_B9BFD09FB0,train
ID_B9C38A0B3A,train
ID_B9C4B7C445,train
ID_B9C508D4F1,train
ID_B9C673131D,validation
ID_B9C69092CC,train
ID_B9C6B1F319,final
ID_B9C8262018,final
ID_B9C85A283C,final
ID_B9C9180019,train
ID_B9CB7EA9E4,train
ID_B9CC0A0326,validation
ID_B9CC102FBC,train
ID_B9CF071A13,train
ID_B9D10FFC3B,train
ID_B9D3EDE2E5,final
ID_B9D4AB2B8F,train
ID_B9D68FED02,train
ID_B9D9799FE6,final
ID_B9E07CB169,train
ID_B9E136EB24,final
ID_B9E1E9A381,train
ID_B9E2E1E06C,train
ID_B9E635AAC8,train
ID_B9E7195224,train
ID_B9E8BA6241,train
ID_B9E8CE8B77,validation
ID_B9E8E46471,final
ID_B9E99B025D,train
ID_B9EB1D8404,train
ID_B9EC6615A3,validation
ID_B9EFBAA6D3,train
ID_B9F0E7D205,validation
ID_B9F2CEF0CB,train
ID_B9F58F4399,train
ID_B9F63DE2D8,validation
ID_B9F6491135,validation
ID_B9F6BB9B6C,train
ID_B9F709A9D3,validation
ID_B9F718F024,train
ID_B9F8027DBE,train
ID_B9F87BF6A8,final
ID_B9F96016F6,train
ID_B9FA10F9E9,train
ID_B9FA2D7E31,train
ID_B9FA63799A,validation
ID_B9FABA5392,final
ID_B9FFA0226E,train
ID_B9FFEC2679,train
ID_BA0058A939,train
ID_BA022FDAFC,train
ID_BA026181C8,final
ID_BA045AB738,train
ID_BA0959F0B4,train
ID_BA0BA2C09E,train
ID_BA0C69E8B1,final
ID_BA0EC45607,final
ID_BA0FD270A0,final
ID_BA13CBFBBA,validation
ID_BA155B92DD,train
ID_BA162EB2AB,final
ID_BA1838AB61,train
ID_BA18C0ECBB,final
ID_BA1E369D51,validation
ID_BA1FF59439,train
ID_BA25229462,train
ID_BA2596C5FB,train
ID_BA267A3D04,train
ID_BA26DD30AB,validation
ID_BA2A25D105,train
ID_BA2A399ED9,validation
ID_BA2B3CB715,train
ID_BA2E4A4306,train
ID_BA313BB4BE,train
ID_BA33BB4239,train
ID_BA362E3A23,train
ID_BA3639A15B,train
ID_BA3878A48F,validation
ID_BA3C94BC8D,train
ID_BA3DD4539E,train
ID_BA3E98C5F0,validation
ID_BA3F5DB179,train
ID_BA400973F3,validation
ID_BA401A47BA,train
ID_BA4034451E,train
ID_BA4067DC2C,train
ID_BA41BD70E7,final
ID_BA424B9C4F,validation
ID_BA425C5BEB,train
ID_BA42D4D95E,validation
ID_BA42DE0660,train
ID_BA449FAD28,train
ID_BA46A90038,final
ID_BA488DB9C8,train
ID_BA48BB46EF,train
ID_BA4C2C79FC,final
ID_BA4D9B30B6,train
ID_BA4E20C659,train
ID_BA4ED24F9E,train
ID_BA502FA7AE,train
ID_BA50E8AA1C,validation
ID_BA50F5F6E2,validation
ID_BA51B97CB7,train
ID_BA52C6492B,train
ID_BA5558CBBF,final
ID_BA56FB2B6A,train
ID_BA570F85E3,train
ID_BA58A90473,validation
ID_BA58C32AC6,train
ID_BA5B369C1E,train
ID_BA5BC09FA5,train
ID_BA5C2B8783,final
ID_BA5D883A80,final
ID_BA60DE3AA0,validation
ID_BA620E4DA1,train
ID_BA63C40A18,train
ID_BA65586169,final
ID_BA65E632EB,train
ID_BA65FC2141,final
ID_BA663EE1C5,validation
ID_BA66555987,validation
ID_BA6AD72D9B,final
ID_BA6CD5E3B2,train
ID_BA6D9B14E9,validation
ID_BA6E7A83A9,final
ID_BA70FA9C12,train
ID_BA71D13B1B,train
ID_BA75BCE6BA,validation
ID_BA7612A2FA,train
ID_BA76392AE5,final
ID_BA76D69C98,validation
ID_BA7731D9A4,validation
ID_BA7A3CE126,train
ID_BA7AC55987,final
ID_BA7BEBC67B,final
ID_BA7C0E6544,train
ID_BA7CCF5C62,final
ID_BA7CD64667,final
ID_BA7F5CE593,train
ID_BA80B7B605,final
ID_BA81649B44,train
ID_BA87F55C08,train
ID_BA886E4524,validation
ID_BA8AA0437B,validation
ID_BA8D96E517,final
ID_BA90EE3333,validation
ID_BA916E398A,train
ID_BA955A47C9,train
ID_BA959D1726,final
ID_BA983F117A,train
ID_BA9A1F17E5,train
ID_BA9C56039F,train
ID_BA9C5871C1,train
ID_BA9CB55FEF,final
ID_BA9D60C0DB,train
ID_BAA0D83ACB,train
ID_BAA134BCDF,validation
ID_BAA2D55C46,train
ID_BAA3EDDEE2,validation
ID_BAA4526743,train
ID_BAA4969E72,train
ID_BAA63AC0EB,validation
ID_BAA6BDB021,train
ID_BAA975D896,train
ID_BAAA77296E,train
ID_BAABB754EB,train
ID_BAAC1FD9DC,final
ID_BAAC30D633,train
ID_BAAEB5F88A,final
ID_BAAF3F536E,train
ID_BAB23442D9,train
ID_BAB25634C4,final
ID_BAB8657180,train
ID_BAB8F6C34B,train
ID_BABB0BBC84,final
ID_BABBBD9197,train
ID_BABD5312F0,train
ID_BABFA0127F,validation
ID_BABFDE504F,train
ID_BAC205024E,train
ID_BAC51BDC03,validation
ID_BAC921417F,train
ID_BACB0208B6,train
ID_BACBA66F61,train
ID_BACE7928CE,validation
ID_BACE91CCE1,train
ID_BACF43BDEF,train
ID_BACF864B48,validation
ID_BACFC7224A,validation
ID_BAD10DB25E,validation
ID_BAD23120C7,train
ID_BAD3489882,train
ID_BAD46CFA7A,final
ID_BAD4DBE551,validation
ID_BAD4E2AC61,train
ID_BAD6D841B1,train
ID_BAD742CC0A,train
ID_BAD99B7AF8,train
ID_BAD99FF6F9,train
ID_BADC1966C5,final
ID_BADE965FA3,train
ID_BAE15C8A68,final
ID_BAE1BF42D5,train
ID_BAE62D60C5,final
ID_BAE66646C6,train
ID_BAE7979161,train
ID_BAEB7EE27C,validation
ID_BAEF02D4DC,train
ID_BAEF666C31,train
ID_BAF0396627,train
ID_BAF0BAF6D7,validation
ID_BAF3005063,train
ID_BAF4A449BF,train
ID_BAF7C1BC90,final
ID_BAF987930E,validation
ID_BAFC471096,validation
ID_BAFD417116,train
ID_BAFECDCCDD,train
ID_BAFFEB28DA,validation
ID_BB019DE98E,train
ID_BB046AAC18,train
ID_BB067BCEB6,final
ID_BB075B61A6,train
ID_BB08FD2522,train
ID_BB0A7C0630,train
ID_BB0C258FA6,validation
ID_BB0CAC23DB,validation
ID_BB11F5D0A9,train
ID_BB15F94990,validation
ID_BB16D7222C,train
ID_BB1A71FD3D,validation
ID_BB1B60196B,final
ID_BB1B63C545,train
ID_BB1C79DF1E,validation
ID_BB1CC75E47,train
ID_BB1CEF93E8,final
ID_BB1D25B478,validation
ID_BB1D43C092,train
ID_BB1E16B3F5,validation
ID_BB1F137CBB,validation
ID_BB1F5E51A3,validation
ID_BB2115F721,final
ID_BB212031C9,train
ID_BB2187D8E4,train
ID_BB22EF468E,train
ID_BB2490AEA5,train
ID_BB2646524C,validation
ID_BB28AC3DF7,train
ID_BB2CD1F741,train
ID_BB2EC69FDB,validation
ID_BB3025C46D,train
ID_BB30F2986C,validation
ID_BB31E259EF,validation
ID_BB33F8626C,train
ID_BB35802B5C,train
ID_BB37039C81,train
ID_BB39D3B66F,train
ID_BB3BCEBB8D,train
ID_BB3DDE366E,validation
ID_BB4381E005,train
ID_BB476EB889,final
ID_BB48E93F92,train
ID_BB4ECF49A3,final
ID_BB4ED9CE29,validation
ID_BB4F15AE4B,train
ID_BB4F2B1251,validation
ID_BB53A81A12,train
ID_BB53F171E7,train
ID_BB56B0FFBE,final
ID_BB56CA1F53,final
ID_BB572D908D,final
ID_BB58A07988,final
ID_BB5AA752B9,validation
ID_BB6015248E,validation
ID_BB60A00502,final
ID_BB62D45FBC,validation
ID_BB647A1845,validation
ID_BB64E59EA9,train
ID_BB66905607,train
ID_BB6891210B,train
ID_BB6912F56B,train
ID_BB69C39A6A,train
ID_BB6B810B3E,train
ID_BB6CC7FDED,train
ID_BB6EBCE13F,validation
ID_BB6EE2F2CC,train
ID_BB70A26B69,final
ID_BB70BE7735,train
ID_BB71A2ED9C,validation
ID_BB73E39A81,train
ID_BB753D47DD,train
ID_BB7879B375,train
ID_BB789C1E65,train
ID_BB79DE1D7D,train
ID_BB80BF0C3D,train
ID_BB82871B52,final
ID_BB84D02494,train
ID_BB8716F15C,validation
ID_BB87CE82FB,validation
ID_BB88F65A2A,train
ID_BB89DE36DF,validation
ID_BB8BD37FF3,final
ID_BB8DFF887C,train
ID_BB8EFDED8F,train
ID_BB8F481FDE,validation
ID_BB8F8F3919,validation
ID_BB8FEF9AA5,validation
ID_BB90610522,train
ID_BB909223D3,train
ID_BB91097F77,train
ID_BB911695D0,final
ID_BB9217F2A8,train
ID_BB924B99A7,train
ID_BB92763036,train
ID_BB94A98E68,final
ID_BB97F0C5C2,final
ID_BB98E38F01,train
ID_BB9A5302DB,train
ID_BB9AC1040C,train
ID_BB9B34CFDC,train
ID_BB9EE5964E,train
ID_BBA1B471D6,validation
ID_BBA2A2FF7E,train
ID_BBA36D8CE6,train
ID_BBA6AE2461,train
ID_BBA7857A14,validation
ID_BBAB8279D1,train
ID_BBADCCD5A8,train
ID_BBAE3F50F6,validation
ID_BBB13182B5,final
ID_BBB31A4B8A,final
ID_BBB42FEEAC,train
ID_BBB5F952CD,validation
ID_BBB9BC0C7C,final
ID_BBBE9C024A,final
ID_BBBF5B4C33,train
ID_BBC01863C7,validation
ID_BBC29F7A26,validation
ID_BBC6A8C53F,final
ID_BBC957C0B6,final
ID_BBC9DF8F8D,train
ID_BBCB3FBE7C,final
ID_BBCC4235E2,final
ID_BBCDE80DE6,final
ID_BBD03873E6,validation
ID_BBD074DB72,train
ID_BBD19CE348,train
ID_BBD3055858,train
ID_BBD5688D7F,train
ID_BBD835F078,final
ID_BBD984E1B3,train
ID_BBDA3290A2,train
ID_BBDB3B12A6,train
ID_BBDD1C1FA6,final
ID_BBE057572B,final
ID_BBE3010604,train
ID_BBE6399442,validation
ID_BBE71292FA,final
ID_BBE9443C59,train
ID_BBEBC76DA0,validation
ID_BBECE65F56,train
ID_BBEDBF8DAA,train
ID_BBF05429D7,train
ID_BBF16F3899,final
ID_BBF5392264,train
ID_BBF5580306,train
ID_BBF90F5FB7,train
ID_BBFA6CA186,final
ID_BBFB530CFE,train
ID_BBFE8D8832,validation
ID_BC02F21234,train
ID_BC02F39822,final
ID_BC069BE414,train
ID_BC07BCFD00,final
ID_BC09563161,validation
ID_BC0BB5E241,train
ID_BC10D90D03,train
ID_BC1509E777,train
ID_BC15B1BA96,train
ID_BC165A7047,final
ID_BC1915E2CB,train
ID_BC199A8BB3,train
ID_BC1B8BB33C,validation
ID_BC1D0CFBEC,train
ID_BC1D3EA030,train
ID_BC1E043E0B,train
ID_BC1E88D459,train
ID_BC1EA10BEF,train
ID_BC1F4126A3,final
ID_BC203ECBE8,train
ID_BC20CC8086,train
ID_BC21F61263,train
ID_BC2286A6B6,validation
ID_BC23BD1FAA,final
ID_BC24FC3D4B,validation
ID_BC2715F26C,train
ID_BC279BF989,train
ID_BC285F1264,train
ID_BC29ADB0F5,train
ID_BC2B01D2C0,final
ID_BC2B8ADA85,validation
ID_BC2CEEF741,final
ID_BC3114BC42,validation
ID_BC314C4906,train
ID_BC390DC1D5,final
ID_BC39B70E80,train
ID_BC3BAD8764,validation
ID_BC3C9DE0BA,final
ID_BC3DDC0EC1,train
ID_BC41350AF5,train
ID_BC4166C2D7,train
ID_BC435CD54A,train
ID_BC44A755A7,train
ID_BC46881D68,train
ID_BC4760072E,validation
ID_BC49DCA260,train
ID_BC4CC40D38,final
ID_BC4E35A998,final
ID_BC50081762,final
ID_BC53A93420,train
ID_BC53DA80C9,train
ID_BC55434CF3,train
ID_BC57D4F249,train
ID_BC598136F2,train
ID_BC59821E04,train
ID_BC5E160228,validation
ID_BC5E3E0370,train
ID_BC5E87785C,validation
ID_BC617F9DEA,final
ID_BC61ADFE64,train
ID_BC620ED863,validation
ID_BC62F1B5D2,train
ID_BC63249949,train
ID_BC638BB024,train
ID_BC6919CBD3,train
ID_BC697E1915,train
ID_BC69AFC19C,final
ID_BC6AB596B9,train
ID_BC6C458AAB,train
ID_BC6EE370C7,train
ID_BC7242E028,train
ID_BC747A92A2,validation
ID_BC77782CDD,final
ID_BC780BA86D,train
ID_BC786B66BD,train
ID_BC7B0CCA79,final
ID_BC7C5A650D,train
ID_BC809A149F,final
ID_BC8403D811,train
ID_BC840ADBE5,train
ID_BC87BFB7CB,train
ID_BC8BD88218,train
ID_BC8C3DBA91,train
ID_BC8D471BF5,validation
ID_BC912D0EAE,final
ID_BC948E5BDA,train
ID_BC95484EE5,final
ID_BC95EE0C28,validation
ID_BC973208D6,validation
ID_BC9772F340,train
ID_BC983D35A5,train
ID_BC9A713139,validation
ID_BC9AD394CB,validation
ID_BC9DBD8142,train
ID_BC9EAB036C,validation
ID_BC9F4E3DB4,train
ID_BCA0281188,final
ID_BCA0A48668,final
ID_BCA2960D78,train
ID_BCA39A1675,train
ID_BCA56426D9,final
ID_BCA969441C,validation
ID_BCAA7E31CF,train
ID_BCAA862CDC,train
ID_BCAAB5F2B2,train
ID_BCAD0E51FA,train
ID_BCAECF90E7,train
ID_BCB7AF21EC,final
ID_BCB9AAF5FC,validation
ID_BCBD0DEB15,final
ID_BCBEDA8313,train
ID_BCCD16776C,train
ID_BCD0B2CF3C,train
ID_BCD2A6C916,validation
ID_BCD2E2FAF8,train
ID_BCD61C6EC7,train
ID_BCD8CCFB67,train
ID_BCDA514C44,train
ID_BCDAF8513E,train
ID_BCDC648374,final
ID_BCDC9C07AA,train
ID_BCDCE36AC6,train
ID_BCDE5B9C6F,train
ID_BCDF6E6D0A,final
ID_BCDF6F205D,validation
ID_BCE1AAA1CE,train
ID_BCE1BFD7D3,final
ID_BCE202B224,train
ID_BCE286D054,final
ID_BCE3A7B526,train
ID_BCE9878AEF,train
ID_BCEB1757EC,train
ID_BCEBF534CA,final
ID_BCEFED361B,final
ID_BCF0CD1388,validation
ID_BCF34D4006,train
ID_BCF38E5407,train
ID_BCF3BF9692,train
ID_BCF882C251,train
ID_BCFA6D1DE6,final
ID_BCFBC79506,train
ID_BCFCCD9D01,train
ID_BD052E802B,final
ID_BD086611E6,train
ID_BD0B58C6C6,train
ID_BD0D5A53D5,train
ID_BD0E876DE8,train
ID_BD0E8896F5,train
ID_BD15307257,train
ID_BD1954E930,train
ID_BD1B2D6BF2,validation
ID_BD20999540,final
ID_BD21731D8C,train
ID_BD238CA153,train
ID_BD23DE4499,train
ID_BD25202916,validation
ID_BD25D4DEB0,validation
ID_BD27548BA0,train
ID_BD27ED6002,train
ID_BD29DFFF71,train
ID_BD2A9AC0D7,train
ID_BD2C4E3EE1,train
ID_BD305446A4,train
ID_BD316D240D,train
ID_BD31A0EAFD,train
ID_BD32A4C01F,train
ID_BD3308A867,final
ID_BD34A2F1B0,train
ID_BD35267C61,validation
ID_BD372C0DC6,train
ID_BD3868697D,train
ID_BD3C0EB229,train
ID_BD3C6A8FC0,final
ID_BD4077ADB9,validation
ID_BD41A98F04,train
ID_BD4320EF9A,train
ID_BD4661D7AD,train
ID_BD46B92524,validation
ID_BD4828495D,train
ID_BD48906E0C,validation
ID_BD48BAFC64,train
ID_BD4A3980B2,train
ID_BD4B1567D7,validation
ID_BD4CE783DB,final
ID_BD4D903ADF,train
ID_BD4DA6363B,train
ID_BD4FD1AD65,train
ID_BD518B61D1,validation
ID_BD52752620,validation
ID_BD536BBEED,train
ID_BD5735DD3A,final
ID_BD578F33F3,train
ID_BD58503EB6,validation
ID_BD5B7ABF64,train
ID_BD5D8D539A,validation
ID_BD5E7DC4E8,train
ID_BD5EB81A8A,train
ID_BD61F0453E,train
ID_BD672CAF21,train
ID_BD67FF2FD4,final
ID_BD6D480995,final
ID_BD6F0989F8,validation
ID_BD6F234DA9,train
ID_BD7BFB3A26,final
ID_BD7C3BFE37,train
ID_BD7DA2AD86,train
ID_BD7E68C7D4,train
ID_BD7EF527AA,train
ID_BD814EA242,final
ID_BD81943683,train
ID_BD82DAFB28,final
ID_BD8579D129,final
ID_BD8642079D,final
ID_BD86FA872C,final
ID_BD8A039E09,final
ID_BD8AA62411,train
ID_BD8C190710,train
ID_BD8E6973AB,train
ID_BD8FDF84C3,train
ID_BD9070EA55,train
ID_BD9370C6B8,validation
ID_BD98DB432C,final
ID_BD992B8F55,final
ID_BD99ED646F,train
ID_BD9BB7DB26,validation
ID_BD9CE0ECD5,train
ID_BD9E25BBA5,final
ID_BD9EFE26B7,train
ID_BDA15B116E,final
ID_BDA1655F0E,train
ID_BDA3DA8985,train
ID_BDA7A39F55,validation
ID_BDA874B840,validation
ID_BDA896481A,train
ID_BDA9AE0C4B,final
ID_BDAB544AE3,train
ID_BDB0984B44,validation
ID_BDB3569BFE,validation
ID_BDB4685D7E,train
ID_BDB57DCD74,train
ID_BDB5D075CF,train
ID_BDB987D77A,train
ID_BDBD56E9EC,train
ID_BDC05CA58C,final
ID_BDC0D0A1B7,train
ID_BDC469FCDC,validation
ID_BDC6E496CF,train
ID_BDC741154D,train
ID_BDC77E0724,final
ID_BDC7CFCFDC,final
ID_BDCA2F6F55,final
ID_BDCCC26885,final
ID_BDCE3F7672,validation
ID_BDD17563C3,validation
ID_BDD1F49F4D,validation
ID_BDD23A231B,final
ID_BDD28043F2,validation
ID_BDD4AEE383,train
ID_BDD7F22BB9,final
ID_BDD9B1F03B,train
ID_BDD9B6E11C,train
ID_BDDB13AA07,final
ID_BDDB650060,train
ID_BDDB77A145,train
ID_BDDC0A2EBA,validation
ID_BDE047FF68,train
ID_BDE0ECC08B,train
ID_BDE145AB17,validation
ID_BDE5F6F87D,final
ID_BDE738AD6D,train
ID_BDEAC19E9F,train
ID_BDEAEA5352,train
ID_BDEE841FA0,train
ID_BDF25069D8,train
ID_BDF6DB783B,train
ID_BDF9427B66,train
ID_BDFAF452A4,train
ID_BE028769DF,final
ID_BE03D98754,train
ID_BE0588C89B,train
ID_BE08DC6175,train
ID_BE09DAABCC,train
ID_BE0E8F2810,validation
ID_BE0FB056E1,train
ID_BE10213992,train
ID_BE126FB79A,train
ID_BE129DAA02,train
ID_BE1414E059,train
ID_BE1626E20B,validation
ID_BE163D51FD,train
ID_BE1650B710,train
ID_BE1B13A554,train
ID_BE1CB3F3E9,train
ID_BE1DC24F66,final
ID_BE1F1CB072,train
ID_BE203A815D,final
ID_BE20893873,validation
ID_BE255A62BA,train
ID_BE2780DBF9,final
ID_BE2EF89579,final
ID_BE32C48048,train
ID_BE32C91627,train
ID_BE34E64F80,train
ID_BE3D33643C,train
ID_BE3FB21905,train
ID_BE3FD0F471,train
ID_BE42616199,train
ID_BE42952DAF,train
ID_BE4486D179,train
ID_BE474EE45D,validation
ID_BE4842F548,train
ID_BE4C1EF425,validation
ID_BE4CA957B1,validation
ID_BE4F920788,train
ID_BE4FF82341,final
ID_BE513D82B0,train
ID_BE53CAC7C2,train
ID_BE5430DADC,final
ID_BE587FD6FE,validation
ID_BE5C9C9751,train
ID_BE6053E754,train
ID_BE614D0B48,validation
ID_BE641C6003,train
ID_BE67AFC7DC,train
ID_BE67E2BC66,train
ID_BE6B38B6EA,train
ID_BE6BF6228A,train
ID_BE6E2817ED,train
ID_BE6EBB5297,train
ID_BE7224419F,train
ID_BE7882E7E6,validation
ID_BE78B76C61,train
ID_BE7E532EEF,train
ID_BE81F69E25,validation
ID_BE82C94131,train
ID_BE838BBE1A,train
ID_BE83F0F12C,train
ID_BE85A6573F,train
ID_BE88591656,final
ID_BE8B2F1498,validation
ID_BE8DFD0F1B,validation
ID_BE9050BD36,final
ID_BE92EA7ED5,final
ID_BE930865EF,validation
ID_BE93360E44,train
ID_BE947E0337,validation
ID_BE94806E29,validation
ID_BE98DD44DE,validation
ID_BE9C3905D4,validation
ID_BE9CD8789D,validation
ID_BE9D437CE6,train
ID_BEA10561FE,train
ID_BEA46E378F,final
ID_BEA475FA38,validation
ID_BEA98C3E1B,train
ID_BEAAEBB142,train
ID_BEABAC0136,final
ID_BEAD182903,train
ID_BEB14AF388,train
ID_BEB4D631A6,train
ID_BEB580C9AD,validation
ID_BEB9CAD449,train
ID_BEC2783837,final
ID_BEC2FFFCD7,train
ID_BEC6E6BAB3,final
ID_BEC85C6A05,final
ID_BEC92BE937,final
ID_BEC9E4893F,train
ID_BECA6D5C91,train
ID_BECB865A3A,train
ID_BECBAD8759,train
ID_BECD7F5801,final
ID_BED11F7A33,train
ID_BED144FAA2,train
ID_BED3258238,validation
ID_BEDCD2D9D4,final
ID_BEDCFA4E4C,final
ID_BEDEB98457,validation
ID_BEE0ACC586,train
ID_BEE5F12875,train
ID_BEE9D89E39,final
ID_BEEA26B105,train
ID_BEEC9A12A6,validation
ID_BEED696628,train
ID_BEEF3772E5,train
ID_BEEFCD1526,train
ID_BEF20883A2,final
ID_BEF4CE3AEA,train
ID_BEF5775381,validation
ID_BEF59001C0,train
ID_BEF9895C84,train
ID_BEFB993ED0,train
ID_BEFC2919A8,train
ID_BEFFF5D6FE,validation
ID_BF00100E8C,final
ID_BF03BAD670,train
ID_BF051547EF,final
ID_BF0618DD80,validation
ID_BF0C18C4D8,train
ID_BF0C28215F,train
ID_BF0E3935F3,final
ID_BF0EDBCED2,final
ID_BF0EE2ABC0,final
ID_BF0F3F1F05,train
ID_BF0F971560,final
ID_BF112B7318,final
ID_BF13D82EC0,train
ID_BF144FE624,train
ID_BF1A4789AF,train
ID_BF1AB63ABD,train
ID_BF1BD83DD6,train
ID_BF1E00A4EA,validation
ID_BF1E1713C6,train
ID_BF1E1F25EA,train
ID_BF20D62FF8,train
ID_BF26CDA865,final
ID_BF296C89B5,train
ID_BF2A2FD25B,train
ID_BF2B805D57,train
ID_BF2E1AEE73,train
ID_BF2F6E76E1,validation
ID_BF317218F5,final
ID_BF32437E46,final
ID_BF327DEA72,train
ID_BF34DEC844,train
ID_BF3540A5F5,train
ID_BF35D67C88,train
ID_BF35EF5A4C,train
ID_BF36B42C53,validation
ID_BF37E6CC09,final
ID_BF38C95D89,validation
ID_BF391238F8,train
ID_BF395DB576,train
ID_BF39D0128B,train
ID_BF3AE131AB,train
ID_BF3D160351,train
ID_BF3E14DCC3,train
ID_BF3ECBA10A,validation
ID_BF3F8B5059,train
ID_BF401B8BAA,validation
ID_BF402745DE,final
ID_BF436A4EA5,final
ID_BF440D9ED0,train
ID_BF4778E0A9,validation
ID_BF4A22D92F,train
ID_BF4D01A607,final
ID_BF4D6633EA,train
ID_BF50278C6D,validation
ID_BF522DB6E1,train
ID_BF5EB72425,final
ID_BF5F40A24E,validation
ID_BF61CC19F5,final
ID_BF63684FD2,validation
ID_BF63DC0C08,train
ID_BF66856AB1,validation
ID_BF68AD3F5D,train
ID_BF68FCB896,final
ID_BF6CA6302E,train
ID_BF6D9CBFC5,final
ID_BF6F36E50F,final
ID_BF6FEBE7C8,final
ID_BF710EA224,train
ID_BF734FBC0C,validation
ID_BF74202D6C,train
ID_BF7BE1CC4C,train
ID_BF7C48DE2A,validation
ID_BF7E8442A7,train
ID_BF7EECFE8D,train
ID_BF7F5A9C06,final
ID_BF7F71641E,final
ID_BF811CFBDF,train
ID_BF81975DED,train
ID_BF830D1D97,final
ID_BF86C9F8AD,train
ID_BF8753090D,train
ID_BF8A3DD0C7,train
ID_BF8CCBB6CD,train
ID_BF8D5F938F,validation
ID_BF8D6413E2,train
ID_BF8E0E3A93,validation
ID_BF8EC8139E,train
ID_BF8F521B89,final
ID_BF904E1B41,train
ID_BF923DEBF7,train
ID_BF9291B295,train
ID_BF969DDB83,validation
ID_BF96EADE02,train
ID_BF98946722,train
ID_BF99704994,final
ID_BF9B536965,train
ID_BFA1CFAA1C,train
ID_BFA463EA8B,train
ID_BFA51E47B9,train
ID_BFA5727D73,final
ID_BFA5FA894A,train
ID_BFA7A37FAE,train
ID_BFA9A6771C,final
ID_BFA9E10469,train
ID_BFAA33CF0C,validation
ID_BFAA61B155,train
ID_BFAADF476B,train
ID_BFAB0D47BB,train
ID_BFABFB527E,final
ID_BFACEB0756,validation
ID_BFAE4DEC33,train
ID_BFAF7DBC4A,validation
ID_BFB16CF8E4,validation
ID_BFB639AE62,train
ID_BFB8094FE3,train
ID_BFBAFEB3F1,validation
ID_BFBC91F2B4,train
ID_BFBD1110DE,train
ID_BFBD78D484,train
ID_BFBD7BA569,final
ID_BFBEFB340C,final
ID_BFC08A8732,validation
ID_BFC7A3D7A5,train
ID_BFCACE9C76,train
ID_BFCB502891,final
ID_BFCB7543DD,train
ID_BFCC171BC7,train
ID_BFCD8922DC,validation
ID_BFCE65FC5F,train
ID_BFCFCF9E8F,train
ID_BFD12C993E,validation
ID_BFD248E8A2,train
ID_BFD2DA96EB,final
ID_BFD343A5AF,train
ID_BFD49927D7,train
ID_BFD80A8D6F,final
ID_BFD95DE5C8,train
ID_BFD9633458,validation
ID_BFDB485C1F,final
ID_BFDB8A413B,final
ID_BFDC192F9B,validation
ID_BFDDD8F6D2,validation
ID_BFDFACE45B,train
ID_BFE060203C,train
ID_BFE303692B,train
ID_BFE4C25D94,train
ID_BFE58FA417,final
ID_BFE7C76FD8,train
ID_BFEAD8052E,validation
ID_BFEB5D37AA,train
ID_BFEBA68FA6,train
ID_BFEBC16BD6,train
ID_BFF0A11A7B,validation
ID_BFF152BAC2,validation
ID_BFF18B4C3C,train
ID_BFF47C6020,validation
ID_BFF494CE97,train
ID_BFF6FFD165,validation
ID_BFF7B73672,train
ID_BFF902002A,train
ID_BFF93BE111,final
ID_BFF971E0A0,final
ID_BFF9E0F141,train
ID_BFFAF95E68,final
ID_BFFD31165A,train
ID_BFFFA202D3,validation
ID_C004CAD042,train
ID_C006423BDB,train
ID_C0086F4C11,train
ID_C009A23614,train
ID_C00A67F330,train
ID_C00C8F1048,train
ID_C00FFD9939,train
ID_C0133C0C2B,train
ID_C0139118F7,train
ID_C01654D8F3,final
ID_C0166659D9,train
ID_C0199779AD,validation
ID_C01CF05635,train
ID_C01CF5263E,final
ID_C01DFCDB03,validation
ID_C01EF38A0B,validation
ID_C025A40604,train
ID_C0288574CD,train
ID_C028E911CD,train
ID_C029F873AB,train
ID_C02DDDAF7D,train
ID_C02DFF4BF7,validation
ID_C030638743,final
ID_C0321A23B0,train
ID_C0322C6785,train
ID_C0361B6B08,validation
ID_C03842D161,train
ID_C03A4EC4D9,final
ID_C03EDE0AC3,train
ID_C03F6ABBBD,train
ID_C040BBB9AC,train
ID_C0412D37C1,train
ID_C0416B4F5A,train
ID_C0432C878E,train
ID_C043643103,train
ID_C045FC3C2C,train
ID_C0469F687D,validation
ID_C0472145C0,final
ID_C0476B2809,train
ID_C0478B9D43,validation
ID_C0485FD737,validation
ID_C04A01ABF0,train
ID_C04A5CD4DD,train
ID_C04C197513,validation
ID_C04D680E14,final
ID_C04F711C55,final
ID_C04F84C723,train
ID_C04FF9537A,train
ID_C0537C33CB,final
ID_C059181C4E,validation
ID_C059D0D271,train
ID_C05A5B5719,train
ID_C05A6CC14C,final
ID_C05BE949FE,train
ID_C05CD83442,validation
ID_C05F00C63B,validation
ID_C05FD68CF3,train
ID_C061257725,validation
ID_C061907FCD,train
ID_C06B1A9821,train
ID_C06D3175D8,train
ID_C06DC3A25E,train
ID_C0721BEB17,validation
ID_C074A150AB,final
ID_C0788BF51F,validation
ID_C07AEDCCB7,train
ID_C07F019046,train
ID_C07F63B882,train
ID_C080917CFF,train
ID_C081691B5A,train
ID_C083487A0A,train
ID_C0842295D7,train
ID_C08D757B2A,final
ID_C08F16FFBD,final
ID_C0907064D9,train
ID_C093F8972D,train
ID_C09636A8BD,train
ID_C098B784C2,validation
ID_C099E27435,train
ID_C09E2977E5,train
ID_C0A104F202,final
ID_C0A30EAA5B,final
ID_C0A9838575,final
ID_C0AB1CBBAE,train
ID_C0ABD66571,train
ID_C0ABF42E4B,train
ID_C0AD5B0465,validation
ID_C0AE124937,train
ID_C0B04489DA,train
ID_C0B08611E5,train
ID_C0B08D3C4E,final
ID_C0B132CE48,train
ID_C0B158C8EC,final
ID_C0B4F90B5D,validation
ID_C0B4FCC8A0,train
ID_C0B61B7EA2,final
ID_C0B68F63FD,train
ID_C0B727925F,final
ID_C0B7B51442,final
ID_C0BB78FB79,train
ID_C0BD4415A8,validation
ID_C0BD71C8D4,final
ID_C0BF54564F,train
ID_C0BF9069E7,validation
ID_C0C107A0E4,train
ID_C0C2612D72,train
ID_C0C4404349,train
ID_C0C5E5FFC8,train
ID_C0C86C207B,train
ID_C0C995C1C2,train
ID_C0D13C3659,final
ID_C0D1DEC710,validation
ID_C0D238AD47,train
ID_C0D2866FDB,train
ID_C0D618C823,train
ID_C0D6C40EEE,final
ID_C0D717371A,final
ID_C0D75DA62E,train
ID_C0D7788989,validation
ID_C0D9AE7288,final
ID_C0DC6F85D7,train
ID_C0DC98C7F6,final
ID_C0DCA685AD,final
ID_C0DDDBCCAB,train
ID_C0DEAA89A0,final
ID_C0DF5F97C2,train
ID_C0DF6A6A1C,train
ID_C0E03D9990,validation
ID_C0E0BAE1C2,train
ID_C0E3BA2AF3,validation
ID_C0E43848FA,validation
ID_C0E4F0D1CF,validation
ID_C0E52B24D9,train
ID_C0E533611B,train
ID_C0E6E8F2C1,train
ID_C0E7CDA431,train
ID_C0E9EB3CFE,train
ID_C0EC7C3ED4,train
ID_C0F36309DF,validation
ID_C0F44BFA2C,validation
ID_C0F50CB0D4,train
ID_C0F5AB10EF,train
ID_C0F60F6C00,train
ID_C0F7033AFE,final
ID_C0F7826F56,train
ID_C0F8480344,train
ID_C0FA3D0BE1,final
ID_C0FB30F480,train
ID_C0FBC4F9E7,train
ID_C0FED762E5,final
ID_C1063037B6,validation
ID_C106424CDE,train
ID_C1069E1210,validation
ID_C1070622FE,validation
ID_C109B34C64,final
ID_C10A030BF6,final
ID_C10DD25C08,train
ID_C10F45808F,train
ID_C10FCBC7CC,train
ID_C111A267B8,validation
ID_C115B4F13C,train
ID_C11662F16A,train
ID_C119B4B380,validation
ID_C11DADDD27,validation
ID_C11E8773FD,train
ID_C11F282678,final
ID_C1214AC1F4,final
ID_C122083EAD,final
ID_C12275A48C,train
ID_C122A4814F,train
ID_C125DB33F9,train
ID_C1263E8F0F,validation
ID_C1266838E0,final
ID_C12A58039A,train
ID_C12B55F7BC,final
ID_C12E373802,train
ID_C13134B1C4,train
ID_C132C2D552,final
ID_C13480A9DA,train
ID_C138CCD0A8,final
ID_C13B8E4B66,final
ID_C13B92FE6B,final
ID_C13FA28044,train
ID_C141496F06,train
ID_C1446086C2,train
ID_C145A47ED8,train
ID_C14737A36D,train
ID_C14786C9D2,final
ID_C148247ED9,train
ID_C149DBAAD2,train
ID_C14A358392,train
ID_C14A39EBFA,validation
ID_C14A6513AA,train
ID_C14ABC7A72,validation
ID_C150B0EA1D,validation
ID_C1512115C0,train
ID_C1516ADB7D,final
ID_C151F0591E,train
ID_C153C2AD8A,train
ID_C156D054A4,final
ID_C15753E9BB,train
ID_C15A4A5715,final
ID_C15AF7A0F3,train
ID_C15BDB1E12,train
ID_C15C3078D3,final
ID_C15E785EDA,validation
ID_C15ECEB37B,train
ID_C15ED1314A,train
ID_C15F37A0B0,final
ID_C15F737055,validation
ID_C15FAC3CA6,final
ID_C1605F2550,train
ID_C1639C7C40,validation
ID_C165A603BB,final
ID_C1661B7127,validation
ID_C166866B23,validation
ID_C1670186CA,train
ID_C16729BB44,validation
ID_C1674C04D0,train
ID_C168651686,train
ID_C16975D95F,final
ID_C169EE7853,train
ID_C16A3FD6DA,train
ID_C16B0A67BE,train
ID_C16FD223BE,validation
ID_C1702DB95E,train
ID_C172EC1986,final
ID_C1738A8413,final
ID_C17681758F,train
ID_C176A328A2,train
ID_C1779632C4,train
ID_C1788A6993,validation
ID_C17A4849D1,train
ID_C180310139,final
ID_C181BB3FB2,train
ID_C1827B4CFE,train
ID_C18331E3FE,train
ID_C183744F20,validation
ID_C1838167E8,validation
ID_C1867C43D8,train
ID_C18727EDF2,train
ID_C187AC9FC7,train
ID_C188207932,train
ID_C18B8F8E28,validation
ID_C18E23A9A5,train
ID_C18E3A4FE6,validation
ID_C18E518E32,validation
ID_C18ECB0188,train
ID_C18EF7B85E,train
ID_C18F0B69C4,final
ID_C1919D7EAD,train
ID_C19251005E,train
ID_C192AEF175,validation
ID_C193D840B0,train
ID_C19476B250,train
ID_C19478E627,final
ID_C1959C0524,train
ID_C1962F1D9D,train
ID_C1964328EB,train
ID_C1976B7CC0,train
ID_C19A4B264D,final
ID_C19A72EB63,final
ID_C19A94AAD3,validation
ID_C19C0714D2,train
ID_C19C2EDEA6,final
ID_C19D85A924,train
ID_C19E97F57E,train
ID_C1A1D09DC3,train
ID_C1A3BB8703,validation
ID_C1A453702E,final
ID_C1A72590A3,train
ID_C1A7862C75,train
ID_C1A85FF2D0,train
ID_C1A884AE7D,final
ID_C1A9057DF3,train
ID_C1AB8F4D47,final
ID_C1ABC9D79A,train
ID_C1AD4A8D90,train
ID_C1AD768E9D,validation
ID_C1ADB58147,final
ID_C1AEC9C397,validation
ID_C1B21B7879,train
ID_C1B3C94471,final
ID_C1B58F9162,train
ID_C1B655EC7A,train
ID_C1B8858BCD,train
ID_C1BAAFB452,final
ID_C1BC35CDFF,train
ID_C1BCC4F930,train
ID_C1C056F495,train
ID_C1C05E1AE8,final
ID_C1C09A84B1,train
ID_C1C46A8D88,train
ID_C1C8415A82,train
ID_C1CDC38C00,train
ID_C1CED4CFCC,train
ID_C1CEF118C5,train
ID_C1D0B1D6C1,train
ID_C1D17F006E,train
ID_C1D1889AD0,train
ID_C1D1F9A84F,final
ID_C1D4CD64D8,train
ID_C1D6B28288,final
ID_C1D8015217,final
ID_C1D8D87909,validation
ID_C1DC737923,train
ID_C1DCDDD259,train
ID_C1DEA2B380,train
ID_C1DF71C594,train
ID_C1DF84C4D2,validation
ID_C1E0101293,train
ID_C1E15D317D,train
ID_C1E443165E,final
ID_C1E4E877B0,final
ID_C1E63A9359,train
ID_C1E7E80232,train
ID_C1E95BEB7C,train
ID_C1E9FFEEB8,final
ID_C1EB8E94B3,validation
ID_C1ED7C4F14,train
ID_C1EDC57BF9,final
ID_C1EE9749B5,train
ID_C1F09A61D5,train
ID_C1F16DBD47,train
ID_C1F25D6BD6,train
ID_C1F267880C,train
ID_C1F268DE28,train
ID_C1F4E47AA3,train
ID_C1F5711C2A,train
ID_C1F601D90C,final
ID_C1F74CA0F3,validation
ID_C1F805FAA8,final
ID_C1F8C33287,train
ID_C1F9BA75C4,final
ID_C1FAA4B583,validation
ID_C1FE21BAB7,validation
ID_C1FF2C4087,train
ID_C1FF8A9CA5,validation
ID_C2000458D5,train
ID_C2000FB61B,validation
ID_C20167793B,final
ID_C205E35DA7,train
ID_C206657603,validation
ID_C2068EFC7B,validation
ID_C208516121,train
ID_C208DC3C1A,train
ID_C208E57A44,train
ID_C20CCCD510,validation
ID_C20CE242B8,validation
ID_C20D52695E,train
ID_C20E973238,final
ID_C2103BFE58,validation
ID_C210861951,final
ID_C210D7B7A0,train
ID_C213643714,train
ID_C2140BFA7A,validation
ID_C214F4D355,train
ID_C2170C64AD,validation
ID_C217141DA3,train
ID_C217EFE3DC,train
ID_C2182E915B,final
ID_C21B14093B,validation
ID_C21F52A6B6,validation
ID_C22163E444,train
ID_C2255863C0,train
ID_C22599BBCF,train
ID_C225B93C4B,train
ID_C225DE46EC,train
ID_C2270DD043,final
ID_C22933EC98,final
ID_C22B014D8C,train
ID_C22B3A6340,train
ID_C22B4942D2,validation
ID_C22D37BC5D,validation
ID_C22E858B4E,train
ID_C23055F603,validation
ID_C2312DA93C,train
ID_C23280614C,final
ID_C233936C9D,train
ID_C235BB7CD4,validation
ID_C241CA255A,validation
ID_C242435EDF,train
ID_C24696D080,validation
ID_C2484A8318,train
ID_C2487C2B1B,train
ID_C248F58700,train
ID_C24960C0BF,validation
ID_C249B3DEDB,final
ID_C24EBEDFF0,validation
ID_C2500CA158,validation
ID_C253894106,train
ID_C2551E0983,final
ID_C2565263B2,train
ID_C2576A62CD,train
ID_C25B893CF4,train
ID_C25BC1DD60,train
ID_C25CD452F6,validation
ID_C25D99D810,train
ID_C25DA3A9D8,train
ID_C25DFAD8F9,train
ID_C25E056AA1,final
ID_C260B8FA1E,train
ID_C261BF7AAD,train
ID_C262631C64,train
ID_C267A905DA,validation
ID_C269591D44,train
ID_C26A576EE7,train
ID_C26BDED088,train
ID_C26D51C3E8,train
ID_C26DB8CB82,validation
ID_C26E1E3251,train
ID_C26EF7ECA3,final
ID_C26F45EFC1,validation
ID_C2709FE4DC,train
ID_C2711F8A60,train
ID_C2712D5010,train
ID_C27187053E,train
ID_C276192D5D,final
ID_C277E32966,train
ID_C278E32624,train
ID_C2794F454C,train
ID_C27AA68931,train
ID_C27C92DFD4,train
ID_C27C9BB736,final
ID_C27CC03F41,final
ID_C27CCF57C4,validation
ID_C27E3DC455,final
ID_C2825172BA,final
ID_C286C6419C,final
ID_C286F8689F,final
ID_C28773D7DF,train
ID_C28B10DE81,train
ID_C28B76D882,train
ID_C2900F0CFF,train
ID_C291D2DED7,validation
ID_C293F9871B,train
ID_C296CFA561,train
ID_C297B752FE,train
ID_C298FDD13C,final
ID_C299D59C52,final
ID_C29C1F069D,train
ID_C29F3B5B83,train
ID_C29F629435,validation
ID_C2A0ACACA4,train
ID_C2A17D5C71,validation
ID_C2A1C96083,train
ID_C2A52B3C61,final
ID_C2A66482D7,train
ID_C2AA83FC9E,final
ID_C2AC18B9D1,final
ID_C2AD7549B3,train
ID_C2AE844167,final
ID_C2AF0BCE62,final
ID_C2B4AD690A,train
ID_C2B8433A17,final
ID_C2B91509CE,train
ID_C2BBF3FC3F,final
ID_C2BD2C435B,train
ID_C2BD68F5AC,train
ID_C2BE9F4AC5,validation
ID_C2BF06043C,final
ID_C2C9AECCAE,train
ID_C2CA52889F,train
ID_C2CC8A998E,train
ID_C2CEBCF220,train
ID_C2D3555CF2,train
ID_C2D3BFA92E,train
ID_C2D932E413,train
ID_C2DC109853,train
ID_C2DCD3CEB8,train
ID_C2DEA71DD2,final
ID_C2DF66D657,validation
ID_C2E05DB186,train
ID_C2E078C4DC,validation
ID_C2E2182076,train
ID_C2E4638280,train
ID_C2E4C9A5BA,train
ID_C2E53EB7AA,final
ID_C2E565F7A6,train
ID_C2E792725C,validation
ID_C2E8C1D4C0,final
ID_C2EA34C578,validation
ID_C2EDA4DA2C,train
ID_C2F0774F0E,train
ID_C2F0E08A02,validation
ID_C2F3D03B6D,final
ID_C2F49A11F7,train
ID_C2F783F306,train
ID_C2F9B5D260,final
ID_C2F9E4D934,train
ID_C2FA07A109,train
ID_C2FD2E66FF,final
ID_C2FDF80467,train
ID_C2FEEBD142,train
ID_C304357FF0,train
ID_C306B038E7,train
ID_C307CA4A55,validation
ID_C3099153E5,train
ID_C309FCC66A,final
ID_C30B43E75E,final
ID_C30BA37CD7,train
ID_C30BFCA4F7,final
ID_C30C1C1AC2,train
ID_C30D88B980,train
ID_C30E536FFD,train
ID_C313E3FA19,validation
ID_C3147C0392,final
ID_C31506B3DD,final
ID_C31961BC3B,final
ID_C319ADEC39,train
ID_C319CC13E8,train
ID_C319CE6B9E,train
ID_C31CB502A6,train
ID_C31DFBB9CC,train
ID_C31EAA0C30,train
ID_C3205E0655,train
ID_C320BDDC9D,validation
ID_C32185048F,train
ID_C3228513CD,validation
ID_C3274A5183,train
ID_C327BCCD03,validation
ID_C3287C65CE,train
ID_C328EBE65E,train
ID_C32B69C142,validation
ID_C32C0C255E,train
ID_C32DCF4876,validation
ID_C330C77168,train
ID_C33234446E,validation
ID_C332DB1191,train
ID_C33405F241,train
ID_C3343D4071,train
ID_C33452AB26,train
ID_C334D56DD8,train
ID_C3369C3CB8,final
ID_C33BDE794D,train
ID_C33CD38A85,train
ID_C3421760EA,train
ID_C343B9F8FF,final
ID_C3453696CC,validation
ID_C346D8BECC,train
ID_C347D8025B,train
ID_C348C794FE,validation
ID_C3493D215D,train
ID_C349A19F40,train
ID_C349CA60E0,final
ID_C34BE500C6,train
ID_C34D3916E5,final
ID_C34DFE83FB,final
ID_C35084E6E2,train
ID_C3523DF555,train
ID_C352AD087C,train
ID_C352E79694,train
ID_C353073445,train
ID_C35512DF2D,validation
ID_C355E6E304,final
ID_C356893584,train
ID_C3572890B8,final
ID_C357CE27FA,final
ID_C35848A2D8,validation
ID_C35AB42524,validation
ID_C35B214AAE,final
ID_C35C3CEA70,train
ID_C3605945E3,train
ID_C3609EFFDF,train
ID_C363503026,validation
ID_C36365112A,train
ID_C36977BB7A,final
ID_C36C8BA589,final
ID_C36DEF9339,train
ID_C36E971B69,train
ID_C37099913F,train
ID_C37103DA15,validation
ID_C371B70D4B,final
ID_C37435DE40,train
ID_C374FD033C,train
ID_C3795D525A,train
ID_C379CF8032,train
ID_C37D6E8D8B,train
ID_C37F86ADA9,final
ID_C38036D18B,train
ID_C382720BBC,train
ID_C382E5757F,validation
ID_C385B1C3C7,validation
ID_C386723F2C,train
ID_C3871FB596,train
ID_C387E03310,train
ID_C38863135C,final
ID_C3891980AF,train
ID_C38A2E995A,train
ID_C38C346AC1,validation
ID_C38E175A34,train
ID_C38F678B9B,train
ID_C38FB6C593,train
ID_C391DB46E4,final
ID_C394CD14DB,train
ID_C3951D3304,train
ID_C395B4FFE3,train
ID_C396BEE45F,train
ID_C397385282,train
ID_C398BF7651,train
ID_C3996B1944,final
ID_C39B061F04,train
ID_C39E5C8880,train
ID_C39F95276D,train
ID_C3A31084CE,train
ID_C3A3751720,train
ID_C3A39DB424,validation
ID_C3A3B6E316,validation
ID_C3A427C6DB,train
ID_C3A431C44C,final
ID_C3A685954E,final
ID_C3ABFEC6E2,validation
ID_C3AD2ECAAB,final
ID_C3AE08BF69,validation
ID_C3AEABFA4D,final
ID_C3AFECE45B,final
ID_C3B095C177,train
ID_C3B2EECADE,train
ID_C3B3573355,train
ID_C3BB550EE1,validation
ID_C3BC0C4F6F,train
ID_C3BC9F68A6,train
ID_C3BEE8C5AA,validation
ID_C3C2E60532,train
ID_C3C2F51463,validation
ID_C3C3EC62BF,train
ID_C3C401BBD8,train
ID_C3C7341B6E,train
ID_C3C7E4F364,train
ID_C3C95C77FF,train
ID_C3CA4C2193,train
ID_C3CC5707BA,validation
ID_C3CC6D9DE5,validation
ID_C3CE0512DA,validation
ID_C3CE7F3F57,train
ID_C3CEC9E2D8,validation
ID_C3D188B497,train
ID_C3D1C196EA,final
ID_C3D309619F,train
ID_C3D374D14B,validation
ID_C3D4604D11,train
ID_C3D4C96D7A,train
ID_C3D4E71617,train
ID_C3D6C6910E,validation
ID_C3D71B969C,train
ID_C3DB11862D,train
ID_C3DD8990F7,train
ID_C3DECADBE5,train
ID_C3DFEF612F,final
ID_C3E027D42E,validation
ID_C3E1F999B6,train
ID_C3E4D65343,train
ID_C3E5707B6E,validation
ID_C3E8BA4010,validation
ID_C3E9DB7B2A,train
ID_C3EA3989CD,train
ID_C3EB1156A5,train
ID_C3ECDA99FB,validation
ID_C3ED0F0FCA,train
ID_C3F0C20514,final
ID_C3F24678A2,train
ID_C3F7195BB2,validation
ID_C3F94AB737,final
ID_C3FC38402E,final
ID_C40099EA92,train
ID_C401AEE93E,validation
ID_C402DFE59B,final
ID_C40311E5EE,train
ID_C4052110C0,final
ID_C4059C7B38,train
ID_C4066CB330,train
ID_C4095B3076,train
ID_C40C119487,validation
ID_C40CFF7218,final
ID_C40F56BC48,final
ID_C4115206E9,train
ID_C411A991E9,validation
ID_C411B50BFB,final
ID_C41257C543,train
ID_C412888FE6,train
ID_C41437C3BF,train
ID_C414B27FEE,validation
ID_C41580A54F,final
ID_C417248518,validation
ID_C417A1C0BF,train
ID_C41A1A34AC,train
ID_C41A2EFF00,final
ID_C41B645B9A,train
ID_C41BA2FA90,train
ID_C41CC9D13A,train
ID_C420AAF9AA,train
ID_C420C3A2DC,train
ID_C42159A2FE,validation
ID_C421F7709F,train
ID_C422098604,final
ID_C42657D016,train
ID_C429C21273,train
ID_C42A8859D2,train
ID_C42B224D5E,train
ID_C42C3B946C,train
ID_C4331CFE1C,train
ID_C434F1A367,train
ID_C43A35814B,train
ID_C43D757613,validation
ID_C444CE8D41,train
ID_C446C0DFED,final
ID_C4481F8D74,train
ID_C448A9E7E3,train
ID_C4494C7EE3,train
ID_C44B4FD7FB,final
ID_C44BC2925E,validation
ID_C44C0B5AB9,final
ID_C44D2ABBD7,train
ID_C45156F087,train
ID_C4517B42E7,validation
ID_C4519566C6,train
ID_C45286E080,final
ID_C4560BF891,validation
ID_C4563AACE2,train
ID_C456DAFA93,validation
ID_C4578A8CF6,validation
ID_C458D1136B,final
ID_C45A45F0C1,validation
ID_C45A5EFD7E,train
ID_C45EFDC41C,final
ID_C46585589F,train
ID_C46695B5FC,validation
ID_C4689F3EC5,validation
ID_C468A71763,validation
ID_C46A0C6478,train
ID_C46BB170E4,train
ID_C46CB5BE22,train
ID_C46F089912,final
ID_C47233E886,train
ID_C472B6FE56,validation
ID_C473C42684,final
ID_C474662340,train
ID_C4756E44A7,validation
ID_C4756E6568,validation
ID_C477FBFAAB,train
ID_C47985F097,validation
ID_C47A36D59C,final
ID_C47A5C946B,train
ID_C47B5E858D,train
ID_C47D1527DD,train
ID_C480B0EAE9,train
ID_C4811ED2A1,final
ID_C4814C8495,final
ID_C4819049D0,train
ID_C4832F25C3,train
ID_C4835FEE1C,train
ID_C483BFFCCB,train
ID_C48AD5CC33,final
ID_C48E62A765,train
ID_C48EB8172E,train
ID_C48F0DD7F1,final
ID_C48F10F911,train
ID_C48F8AE9DA,train
ID_C48F8B4655,train
ID_C491F85EA7,train
ID_C492881252,train
ID_C493064046,train
ID_C4996D6086,validation
ID_C499E6536F,train
ID_C49A7371D8,train
ID_C49AAFB6B8,validation
ID_C49B736D46,train
ID_C49BD54FA4,train
ID_C49BE4A737,train
ID_C4A12006C5,final
ID_C4A1D9B4F7,final
ID_C4A1F73B77,train
ID_C4A5B05692,validation
ID_C4A6354C4D,final
ID_C4A6B98B18,train
ID_C4A6FF6011,final
ID_C4AC15ED6A,train
ID_C4B2B09548,train
ID_C4B4D7FA91,final
ID_C4B9E2F79D,final
ID_C4BA74DE41,train
ID_C4BDD6270C,final
ID_C4BFAABC4B,train
ID_C4C17A689F,validation
ID_C4C246BA22,validation
ID_C4C3A3E9D3,validation
ID_C4C5914166,train
ID_C4C86E4107,train
ID_C4CC3F0F21,train
ID_C4CC47D44A,final
ID_C4D1763E1A,final
ID_C4D5355773,final
ID_C4D5DA8874,train
ID_C4D8392C5D,final
ID_C4D898A1FD,train
ID_C4D8CB4E6E,train
ID_C4DA503E2A,train
ID_C4DB17F309,train
ID_C4DB4AF26D,train
ID_C4DBD54590,train
ID_C4DCF99B13,validation
ID_C4DDE0FAC1,final
ID_C4DEE17DD0,train
ID_C4DF0D52EA,train
ID_C4E12888B3,final
ID_C4E2797799,final
ID_C4E67FCFBA,final
ID_C4E7D5E68A,train
ID_C4E9D2A1EE,train
ID_C4EA5B1D82,validation
ID_C4EB6CB7A2,train
ID_C4ED879FE2,final
ID_C4EE1B67E0,validation
ID_C4EED769D5,train
ID_C4EFE3611B,final
ID_C4F0234180,train
ID_C4F16B77BE,train
ID_C4F380CE99,validation
ID_C4F4114075,train
ID_C4F79B4526,train
ID_C4F81328BA,train
ID_C4FAAFC180,train
ID_C4FE114B80,train
ID_C504C264B9,validation
ID_C5059325AB,final
ID_C5072630EC,validation
ID_C5079D5B81,train
ID_C5083B07A3,final
ID_C508ABCF84,train
ID_C5095B069A,final
ID_C50C2392FB,train
ID_C50D4D00B0,train
ID_C50E75D09D,final
ID_C5100CA599,final
ID_C5108F6C0E,train
ID_C513AD8739,validation
ID_C513D0C2C5,validation
ID_C513E9DC82,train
ID_C515638767,train
ID_C5185F09EC,validation
ID_C51B7AF104,train
ID_C51D1D273E,train
ID_C51E427228,train
ID_C52372307B,train
ID_C523F041FD,train
ID_C523FB56C9,train
ID_C52759FEAC,final
ID_C528C8304D,validation
ID_C529D66CEA,train
ID_C52A543CC4,final
ID_C52B748764,validation
ID_C52EC6D73D,final
ID_C52F1F6CAA,train
ID_C530BCE397,validation
ID_C530D5B8F3,train
ID_C531305B3A,validation
ID_C53179C8EF,train
ID_C53284F43E,train
ID_C532EA3407,train
ID_C5358471BC,train
ID_C535CEAAF2,validation
ID_C5381A9560,train
ID_C53856DD5F,validation
ID_C539F4FA12,train
ID_C53A10B6E2,train
ID_C53BDB7629,final
ID_C53F0D0029,final
ID_C53FD78422,validation
ID_C5405329D0,final
ID_C54367016D,train
ID_C543D3AC1C,train
ID_C5446C2F00,train
ID_C544AB81BA,final
ID_C544C0937C,final
ID_C546911C58,final
ID_C547F36855,train
ID_C548EC4932,train
ID_C548EE3E6D,validation
ID_C54D38D643,final
ID_C54DCBAFD1,train
ID_C54E39E0EA,final
ID_C54F76954A,train
ID_C5544B74FC,train
ID_C555572DFF,validation
ID_C5575FEFC7,final
ID_C55967313B,final
ID_C559E7954F,validation
ID_C55BF435AF,validation
ID_C55C6319E8,validation
ID_C55C637C88,train
ID_C55CEC5717,validation
ID_C55FCD076D,train
ID_C560BDF8C4,train
ID_C5628B4DF2,train
ID_C5633C464F,train
ID_C56ACE00D7,train
ID_C56C346739,train
ID_C56C69C5B2,train
ID_C56D604FCF,final
ID_C56E2A67A5,final
ID_C56EFC90E1,train
ID_C56F6E0906,train
ID_C571826F30,train
ID_C571CCEF38,final
ID_C576C44D36,train
ID_C57718673C,train
ID_C57993E005,final
ID_C57A2B6897,train
ID_C57AED5BAC,train
ID_C57B4A8B8C,final
ID_C57C960E12,train
ID_C57F772846,train
ID_C57FE7961E,train
ID_C583E7A0D8,final
ID_C586148AAD,validation
ID_C58753DC02,train
ID_C587A9256A,validation
ID_C587D7BB94,validation
ID_C589341888,validation
ID_C58B417872,validation
ID_C58FE30ACB,train
ID_C594D2ABF7,train
ID_C595C548A2,train
ID_C595CD9060,validation
ID_C59827BD37,final
ID_C598C2F856,train
ID_C598CE4446,validation
ID_C59A247661,train
ID_C59B041BC6,validation
ID_C59C8E6E6E,train
ID_C59D00BABD,train
ID_C5A0BD0E1D,validation
ID_C5A0E634D8,train
ID_C5A10F9F51,train
ID_C5A1E8E6F9,validation
ID_C5A357D228,train
ID_C5A39D891D,train
ID_C5A82F6DBB,train
ID_C5A8BFB3B1,train
ID_C5AB8750EB,validation
ID_C5AC57229A,train
ID_C5AF9E49FC,train
ID_C5AFBD8708,train
ID_C5B2DBCFAF,train
ID_C5B3684C99,final
ID_C5B3E3F65D,validation
ID_C5B663DBBD,final
ID_C5B89B5668,validation
ID_C5B94187FB,validation
ID_C5BB8A6DDE,train
ID_C5C0A41B37,train
ID_C5C0D1CAA0,validation
ID_C5C442CC51,final
ID_C5C66EB9AF,train
ID_C5C7BFBD42,train
ID_C5C8F53FE8,train
ID_C5C986D28D,final
ID_C5CA808329,train
ID_C5CC2AC060,train
ID_C5CC67A230,train
ID_C5CFBFB4AD,train
ID_C5D3A4D4FD,train
ID_C5D43108AB,validation
ID_C5D4CDA97C,final
ID_C5D5CCA44D,train
ID_C5D6D72B57,train
ID_C5D706802A,validation
ID_C5D72C083F,train
ID_C5D7D195C2,validation
ID_C5DB703627,final
ID_C5DFEF1F0C,train
ID_C5E049A457,train
ID_C5E5AA3285,validation
ID_C5E66BBD6E,train
ID_C5E6DEFCDB,train
ID_C5E8FB4179,train
ID_C5EBEDD89B,final
ID_C5EC1D78AB,train
ID_C5EC3E39EB,train
ID_C5EF973F63,train
ID_C5F239BC14,train
ID_C5F300C4CB,train
ID_C5F3BB2BA9,validation
ID_C5FA56657C,train
ID_C5FCA748AD,train
ID_C5FE507C0E,train
ID_C6027F3F2C,train
ID_C603483510,train
ID_C6044C7CA1,train
ID_C605743C51,validation
ID_C606A7F530,validation
ID_C609F4C3F1,final
ID_C60A4DEF4D,final
ID_C6107BEFFD,train
ID_C6116D69CA,validation
ID_C611B706F2,train
ID_C613236650,validation
ID_C6136FDE6B,train
ID_C619C6AC19,train
ID_C61CA7A11D,train
ID_C62143020E,final
ID_C623FCE1B8,validation
ID_C6243247F3,train
ID_C6259DE57B,validation
ID_C62737D627,validation
ID_C6298E001C,train
ID_C62B969CC9,train
ID_C62C5EA3BB,train
ID_C62D8490D9,train
ID_C62DCFD621,train
ID_C631C2AF33,train
ID_C636A213FF,train
ID_C637DC9889,train
ID_C637F40084,train
ID_C6380BB0C3,validation
ID_C6385CEC40,train
ID_C63A22F130,train
ID_C63CA3DE28,train
ID_C63D53643D,validation
ID_C63F8993B0,train
ID_C64256815E,train
ID_C64596F4B2,final
ID_C646DDCC5F,final
ID_C647CA73E4,train
ID_C64A125EC8,train
ID_C64E2D0873,final
ID_C64E3557D7,train
ID_C6506CD4B6,validation
ID_C650E2B301,train
ID_C65122B43D,train
ID_C6533EC9C8,train
ID_C654AB570F,train
ID_C657CEF7E5,train
ID_C65D1BD9C1,final
ID_C65E1377E1,train
ID_C660BB8CB8,train
ID_C661227D48,train
ID_C661689131,final
ID_C6629BF9EF,validation
ID_C662A5232D,validation
ID_C662F2D455,final
ID_C664516A4D,train
ID_C6656979F6,train
ID_C6685A4868,validation
ID_C66B682BA0,train
ID_C66D2070E9,final
ID_C672CCE927,final
ID_C67798BD06,validation
ID_C67A141A15,train
ID_C67ADC9CA6,validation
ID_C67BC036F0,train
ID_C67FF41014,validation
ID_C681F1A123,train
ID_C6821FF871,final
ID_C68295100E,train
ID_C6846F88CE,validation
ID_C689FD10AF,train
ID_C68A22F0E5,train
ID_C68D5A00FF,validation
ID_C68E2FAC89,train
ID_C69370EA62,train
ID_C69573F8D5,train
ID_C697AC207B,train
ID_C699282102,validation
ID_C69B6B6E82,train
ID_C69BB0F9B7,final
ID_C69C6F5BC0,train
ID_C69D1812A6,train
ID_C69D830DFB,train
ID_C69EA3B316,train
ID_C69EDD9FFE,train
ID_C6A0C7CEDC,train
ID_C6A8A07C15,final
ID_C6AAEF27F3,train
ID_C6AF1732FB,final
ID_C6B0B54578,validation
ID_C6B12A343F,train
ID_C6B141D9F2,train
ID_C6B2D5CF59,train
ID_C6B432B73C,final
ID_C6B5A04D5E,validation
ID_C6B8CB2C64,train
ID_C6BA061A93,train
ID_C6BACB2E08,train
ID_C6BADC77B1,validation
ID_C6BC20A291,train
ID_C6C1F3C518,train
ID_C6C8626D08,train
ID_C6CCAFD33F,final
ID_C6CD5D4681,validation
ID_C6D1FB59EA,train
ID_C6D6758EDE,train
ID_C6D75CB6D0,final
ID_C6D7742B17,train
ID_C6DABC1109,validation
ID_C6DB483472,validation
ID_C6DD9CFF66,final
ID_C6DDAA119B,train
ID_C6E1D0BD91,validation
ID_C6E2102320,train
ID_C6E35270AE,train
ID_C6E4BA86AE,train
ID_C6E4BD0CC9,train
ID_C6E5E73D7A,train
ID_C6E5F8064D,validation
ID_C6E7EABEFB,final
ID_C6E81EF76D,train
ID_C6E9C7CDD4,train
ID_C6EBBB7E9A,validation
ID_C6EDACFF11,final
ID_C6F0062D9A,validation
ID_C6F16C445C,validation
ID_C6F206C4BB,validation
ID_C6F2382ECD,train
ID_C6F4ECD67A,validation
ID_C6F6509A7F,train
ID_C6F7CEDDCD,train
ID_C6F7F54DA6,final
ID_C6F7F7EE5A,train
ID_C6F9AEFD8C,validation
ID_C6FA3D5D52,final
ID_C6FB6B4082,train
ID_C6FC475E78,final
ID_C6FD6706EB,final
ID_C6FE534D45,train
ID_C7010191F1,train
ID_C701DD56F8,train
ID_C705F54789,train
ID_C70D2DB7F2,train
ID_C70D78D10E,final
ID_C710F66736,train
ID_C7115B091B,train
ID_C7119DA1F3,final
ID_C711C26300,validation
ID_C714245BE7,train
ID_C717AD13D6,train
ID_C718BA546E,final
ID_C71C986C68,validation
ID_C71DB7D890,validation
ID_C71DD09CBA,train
ID_C71F3952DD,train
ID_C71FD39322,train
ID_C720374830,train
ID_C7221C2760,validation
ID_C722998F05,final
ID_C7231B06E5,final
ID_C7235EED30,train
ID_C724E6A212,final
ID_C726EA60DF,train
ID_C72983096E,validation
ID_C72B0B72A4,validation
ID_C72B9BB30F,train
ID_C72C0E8B87,train
ID_C72E58840B,train
ID_C7327E2F75,train
ID_C735D21EC9,train
ID_C73709D472,train
ID_C73AB0ADDF,train
ID_C743358353,train
ID_C743365136,validation
ID_C745AF34E2,final
ID_C747FA4523,train
ID_C749455037,train
ID_C74DAC7B68,validation
ID_C74E3A5795,train
ID_C74EB27D5C,train
ID_C74F34ED37,validation
ID_C7508A7D54,final
ID_C751621769,train
ID_C751FC472B,train
ID_C7537BBC60,final
ID_C754B5FE7A,train
ID_C754E7B381,validation
ID_C7564A7752,train
ID_C75730F833,validation
ID_C75772EE6E,final
ID_C757749EE3,train
ID_C7578484AC,validation
ID_C7585847B7,train
ID_C758BF528B,train
ID_C759218258,train
ID_C75BA2EF06,validation
ID_C75CBF0832,final
ID_C75D2523A1,train
ID_C75E9FB283,train
ID_C76036F66B,train
ID_C7604CFD29,final
ID_C760D9ECD7,train
ID_C764DF1942,train
ID_C7653E8499,train
ID_C7674EFA30,train
ID_C768671C5B,final
ID_C76A144998,train
ID_C76B125CCF,final
ID_C76C1A82D9,validation
ID_C76C632222,final
ID_C76C9AB18C,final
ID_C76DDB3F12,validation
ID_C76EC44440,train
ID_C76EE54A5F,train
ID_C7705F3A03,train
ID_C770CB9E5D,train
ID_C7718B8BDA,train
ID_C7725CDE37,final
ID_C7728E8BB0,train
ID_C774B98776,train
ID_C7751C4CB2,train
ID_C776A69993,train
ID_C778896549,train
ID_C77EB1FC77,final
ID_C77F9D3CC1,train
ID_C77FFAA3B1,train
ID_C782E552A8,validation
ID_C7850152FC,train
ID_C78509882C,train
ID_C785214065,final
ID_C7855A0358,final
ID_C787E11DC4,train
ID_C78818A391,validation
ID_C7895C4120,train
ID_C78B542D48,validation
ID_C78C59B21C,train
ID_C79255D6DD,train
ID_C793737652,train
ID_C794468E01,validation
ID_C795991B48,final
ID_C79722E7EF,train
ID_C79785200E,validation
ID_C797ECE913,train
ID_C7990F712A,train
ID_C79992712C,train
ID_C79BD17278,validation
ID_C79C936E92,validation
ID_C79E2AE83E,train
ID_C7A1CE537D,final
ID_C7A3B0AAB8,validation
ID_C7A435B97A,train
ID_C7A4597132,train
ID_C7A7F12741,train
ID_C7AA20F98A,train
ID_C7AA28789E,validation
ID_C7AC710577,final
ID_C7ACF1D3FC,validation
ID_C7AE073E4C,train
ID_C7AEC7A5EA,validation
ID_C7B328DF8F,validation
ID_C7B50647F5,train
ID_C7B5FC866F,train
ID_C7B7F9C740,train
ID_C7BB002FC7,train
ID_C7BC93F1F5,train
ID_C7BDF80C01,train
ID_C7C03081B4,train
ID_C7C15BE8EB,train
ID_C7C323E412,train
ID_C7C446B9D4,train
ID_C7C62B3F29,train
ID_C7C68C538E,train
ID_C7C7F1A154,final
ID_C7D12A7A2C,validation
ID_C7D22A28E5,validation
ID_C7D2AD66B6,train
ID_C7D3DDED20,train
ID_C7D594CF28,train
ID_C7D6348A31,train
ID_C7D7577D09,train
ID_C7D8180FBF,train
ID_C7D8ECEBF3,final
ID_C7D9486557,validation
ID_C7DA462CF7,train
ID_C7DE49BEFE,validation
ID_C7DE6EDCD8,validation
ID_C7DFB7197B,train
ID_C7DFB7713B,train
ID_C7E095E4D3,validation
ID_C7E3E2F369,train
ID_C7E877EA8B,train
ID_C7E88BCE6D,final
ID_C7EB3F3D52,train
ID_C7ECE2591C,train
ID_C7ED8D0050,validation
ID_C7EEC4C744,train
ID_C7F0E1CA7E,train
ID_C7F1D69915,validation
ID_C7F1FA7218,validation
ID_C7F3C50F98,train
ID_C7F4049304,train
ID_C7F5158362,train
ID_C7F82959DF,validation
ID_C7F88FC1FA,train
ID_C7F9B00739,train
ID_C7F9F4E38D,validation
ID_C7FA5E9281,validation
ID_C7FC2DDC08,validation
ID_C7FCD2EA3B,train
ID_C7FDF37C5B,train
ID_C7FFC021A1,train
ID_C8016507A1,train
ID_C804C0F0F1,train
ID_C805281856,train
ID_C806114933,train
ID_C8074960F3,train
ID_C80885EC99,train
ID_C80AB864DA,train
ID_C80AC51495,final
ID_C80C49FFCB,train
ID_C80E1D2AF8,train
ID_C8115E05BA,validation
ID_C811E1AAF4,train
ID_C81238CDD2,train
ID_C813627AC2,final
ID_C813774FF6,train
ID_C814CB6283,final
ID_C81522C3E0,validation
ID_C81523B10A,final
ID_C817078D27,validation
ID_C817224E91,final
ID_C8199F8CD7,train
ID_C81C86FECE,validation
ID_C81F4A61FE,train
ID_C821BCC93B,train
ID_C825E3FE49,train
ID_C8261133F9,train
ID_C8269D33F7,final
ID_C8280C135C,train
ID_C829264902,train
ID_C829DA111E,train
ID_C82BCB2804,train
ID_C82C342C96,train
ID_C82D7EDBA3,train
ID_C82E53A7B0,train
ID_C82EDDD919,train
ID_C82FCFAB2B,validation
ID_C83178DB51,train
ID_C8327CE275,final
ID_C8341D59E4,train
ID_C834315FCD,train
ID_C8348A9985,validation
ID_C8356741DC,train
ID_C837E0C449,train
ID_C83D260CE7,validation
ID_C83DDCECE1,train
ID_C83DDFBEA6,final
ID_C83ECCB59E,train
ID_C83F08B0DD,train
ID_C83F846438,train
ID_C84143DBCA,validation
ID_C841874205,final
ID_C8423622BE,train
ID_C842F43EDC,train
ID_C843836405,train
ID_C844821C10,validation
ID_C847A25BE7,final
ID_C84B450F8C,train
ID_C84D3AA410,train
ID_C850BC6D91,final
ID_C85319A430,train
ID_C8555889ED,final
ID_C856961051,train
ID_C85857EAF5,train
ID_C858FAB4F9,validation
ID_C85C30B147,train
ID_C85D0C01B4,train
ID_C85E3E0F00,train
ID_C85F042F2E,validation
ID_C85F152834,final
ID_C85F9ABF86,train
ID_C860AE1C39,validation
ID_C86176BD33,validation
ID_C865BCAAE5,train
ID_C866FCB998,train
ID_C867A8A03E,train
ID_C86AA8AC38,validation
ID_C86BA5662E,final
ID_C86D2E2AC3,train
ID_C8707B286D,validation
ID_C871D83821,train
ID_C87270A2AC,train
ID_C874806D1F,train
ID_C874ADADF2,train
ID_C876343B1A,final
ID_C876877110,train
ID_C87E3E01CF,validation
ID_C88429CC49,train
ID_C8844707AA,final
ID_C887F9C669,train
ID_C888E9FAF6,train
ID_C88937E481,train
ID_C88D10FCAD,train
ID_C88E79E874,train
ID_C890812A9D,final
ID_C893254849,validation
ID_C89345BFE5,train
ID_C895BB6A4E,train
ID_C89628EC53,train
ID_C8977B9E76,train
ID_C89819BD03,train
ID_C898ACA135,train
ID_C898D2DEC8,train
ID_C89AC08989,train
ID_C89EBE3F36,final
ID_C8A1B7C3C4,validation
ID_C8A254289E,train
ID_C8A37EF7FC,train
ID_C8A592A1AE,validation
ID_C8A688BDA2,train
ID_C8AA41CBC9,train
ID_C8AC299692,final
ID_C8AC59BE22,train
ID_C8B48B0D8C,train
ID_C8B73C0DCB,validation
ID_C8B75DE7E8,train
ID_C8B883A20B,train
ID_C8B8F8BF6D,validation
ID_C8BBA54220,validation
ID_C8BBFB0B3B,final
ID_C8BC84ADDF,train
ID_C8BDF2B151,validation
ID_C8BEFF233E,train
ID_C8C03BB79B,train
ID_C8C056919A,final
ID_C8C1491DE1,train
ID_C8C1B53B48,train
ID_C8C4822312,train
ID_C8C488B448,train
ID_C8C77FB0BB,final
ID_C8C79D605D,train
ID_C8C7A013C7,train
ID_C8C7C57286,validation
ID_C8C7DDA1B7,final
ID_C8C899D233,validation
ID_C8CABE4967,train
ID_C8CCA40FD5,train
ID_C8CF1CAE4A,final
ID_C8D512CFC3,train
ID_C8D57E4306,train
ID_C8D6DFE471,final
ID_C8D8AAA9F5,train
ID_C8D91BAA4B,train
ID_C8D962D931,train
ID_C8DC6B8EEE,train
ID_C8DD6D5175,train
ID_C8DE0571A2,train
ID_C8E22917FC,train
ID_C8E29B83DA,validation
ID_C8E456CD68,validation
ID_C8E55F4360,train
ID_C8E706F837,final
ID_C8ECB0FD87,train
ID_C8ECC025E4,validation
ID_C8ED2A5E23,train
ID_C8EE291115,validation
ID_C8EEA5F45A,train
ID_C8F03E2519,train
ID_C8F199FAC5,train
ID_C8F7406D95,train
ID_C8F8A77F69,train
ID_C8F9AB4E7A,train
ID_C8FA513A0D,train
ID_C8FC8E540D,train
ID_C8FD72651E,train
ID_C9005A306F,train
ID_C9007B02A1,train
ID_C900A25CA4,final
ID_C901ECF324,train
ID_C9034DB949,train
ID_C904123FF9,train
ID_C90525166A,train
ID_C90651C7F5,validation
ID_C907DC32B5,final
ID_C90811004C,train
ID_C909C44034,train
ID_C90AEF7DAF,train
ID_C90B01C878,final
ID_C90E27D8A2,final
ID_C910C3A67B,train
ID_C911C67272,train
ID_C9172CCD74,train
ID_C9191A823A,train
ID_C9195CE82A,train
ID_C91AED62A2,train
ID_C91B8A4D4C,train
ID_C91C5B864F,final
ID_C91FC62088,train
ID_C920493058,train
ID_C920E316E7,train
ID_C927932672,validation
ID_C929193F16,train
ID_C929FC1D82,train
ID_C92A4C7FCC,final
ID_C92A8598E4,train
ID_C92B4DC21A,train
ID_C92C9C55D1,train
ID_C92D2A052A,train
ID_C92EF9B0EB,validation
ID_C930474875,train
ID_C930F8769F,final
ID_C930FBD0AD,final
ID_C933AC8367,final
ID_C935F9DFD0,train
ID_C93786B0DF,train
ID_C93794289B,validation
ID_C938266E18,validation
ID_C93B227A14,final
ID_C93CBBD1AA,validation
ID_C93DEBA90D,validation
ID_C93E4C6ADC,final
ID_C93F5FBB3A,final
ID_C94298CDB2,validation
ID_C946A126BA,train
ID_C949A3ABD2,train
ID_C949A5161F,validation
ID_C94AA3667E,train
ID_C94D328B19,validation
ID_C94D977BA7,validation
ID_C94DAAB548,train
ID_C94F540568,final
ID_C951644F58,train
ID_C952184402,final
ID_C953C8D65E,final
ID_C955C25A46,train
ID_C95BE96579,train
ID_C95CFA9B57,train
ID_C95D5FF4D3,final
ID_C960BBC9FD,validation
ID_C96324BEAF,train
ID_C963B6B477,train
ID_C9669C877A,final
ID_C966FD496E,train
ID_C9673C596C,validation
ID_C967AF0892,train
ID_C96ED55067,final
ID_C96FD321A1,validation
ID_C970C73796,train
ID_C971D419BD,final
ID_C9722B3F7B,train
ID_C97405CF53,train
ID_C97482579F,train
ID_C9749970B9,train
ID_C974E8082D,validation
ID_C97545581C,final
ID_C97550FC6A,train
ID_C976931190,train
ID_C97A2B7EF1,final
ID_C97D37632D,validation
ID_C97DDD8B29,train
ID_C97E4607AD,train
ID_C97F270B91,train
ID_C97F67FB44,train
ID_C980B22B80,train
ID_C983E9B467,validation
ID_C984E70922,train
ID_C988449F4D,train
ID_C98B6BCE92,final
ID_C9905BA804,validation
ID_C990D6F967,train
ID_C9929A6CC8,final
ID_C99526CBFD,train
ID_C996751B64,train
ID_C996BAA6E7,train
ID_C996BCF7B9,validation
ID_C998A480E0,final
ID_C99A76E1FD,train
ID_C99B38CA3E,train
ID_C99FDF2345,train
ID_C9A0DB1A28,train
ID_C9A18A11D6,train
ID_C9A563BD61,train
ID_C9A6310CF8,validation
ID_C9A7AB1B71,final
ID_C9A7B39034,train
ID_C9ABFA681A,validation
ID_C9AC9C37EA,train
ID_C9AF31EC3C,train
ID_C9AF5E5140,final
ID_C9AF753C16,train
ID_C9AFE3B026,train
ID_C9B22FC077,train
ID_C9B4013E1B,validation
ID_C9B42620A5,train
ID_C9B4A3DC3E,train
ID_C9B6BBCBB9,train
ID_C9B7F5E4F1,train
ID_C9BA495AA7,train
ID_C9BC66E5B6,train
ID_C9BE40E722,train
ID_C9C427BAE2,train
ID_C9C49B8C04,train
ID_C9C4C37AE8,validation
ID_C9C4D70A1C,final
ID_C9C62E9D5E,train
ID_C9C7919C18,train
ID_C9CBF4F608,validation
ID_C9CC038722,final
ID_C9CC636D95,validation
ID_C9CF817DC8,train
ID_C9D083D635,final
ID_C9D0A7D6C0,train
ID_C9D0F99D1D,train
ID_C9D12571CB,train
ID_C9D30EA1C4,train
ID_C9D3139A91,train
ID_C9D3E5905A,validation
ID_C9D4C46A82,train
ID_C9D52B2815,train
ID_C9D5AD37B4,validation
ID_C9D72F2745,train
ID_C9D7D5E169,train
ID_C9E136A474,train
ID_C9E49F16C5,train
ID_C9E4C746F6,validation
ID_C9E5680BC0,train
ID_C9E86617D1,validation
ID_C9E9A3B1C2,validation
ID_C9ED81B6E9,validation
ID_C9EDCE156C,final
ID_C9F225832C,train
ID_C9F25CF25B,train
ID_C9F3DEE882,train
ID_C9F4C1107C,validation
ID_C9F5CA2863,train
ID_C9F602BB88,train
ID_C9F81558FB,train
ID_C9FAFC82B6,train
ID_C9FC53007C,validation
ID_C9FCE9A352,validation
ID_CA02DF199B,final
ID_CA034C4B1C,validation
ID_CA057640BA,validation
ID_CA05F7D09D,validation
ID_CA061EE974,train
ID_CA06FF63D7,train
ID_CA076CCB5B,train
ID_CA084E2F79,validation
ID_CA086146C7,train
ID_CA0B80B3B4,final
ID_CA0BBD55B3,train
ID_CA0F3796A7,validation
ID_CA0F7271B2,final
ID_CA0FA97515,train
ID_CA11B8EC6D,validation
ID_CA124823BD,train
ID_CA17743370,train
ID_CA19C9C316,train
ID_CA1C841999,train
ID_CA2064262E,train
ID_CA206E99D1,train
ID_CA219E585F,validation
ID_CA231B7FFA,train
ID_CA245B781D,final
ID_CA264D45AE,train
ID_CA2809E765,final
ID_CA28123856,train
ID_CA285B1239,validation
ID_CA28CD57EE,train
ID_CA296EE2AD,final
ID_CA29D0C6EC,train
ID_CA2A2E8980,train
ID_CA2C09C676,final
ID_CA2C2A199F,final
ID_CA2C9BA019,train
ID_CA2CE772B0,final
ID_CA2D6866BB,train
ID_CA2FEB191C,train
ID_CA31A4FCE1,train
ID_CA32B20ED4,train
ID_CA330B9C1D,train
ID_CA344C2B12,train
ID_CA34C77B49,final
ID_CA37876ED3,train
ID_CA37EED4C0,validation
ID_CA38EFD576,final
ID_CA3A936DA3,train
ID_CA3AD8F2C1,train
ID_CA3B21DD13,final
ID_CA3BECB4F9,final
ID_CA40249A17,train
ID_CA40BA7E2C,train
ID_CA41B595E5,train
ID_CA43EC037E,train
ID_CA44264549,final
ID_CA44843A73,validation
ID_CA44F1926E,train
ID_CA46CB4EE6,final
ID_CA47D6A42F,validation
ID_CA48C07815,final
ID_CA49E0BB4D,train
ID_CA4A055A4A,train
ID_CA4C0E90D6,train
ID_CA4CCCEFAD,validation
ID_CA4EFEB09A,train
ID_CA51CF6C24,train
ID_CA5318BB2E,validation
ID_CA5366BB3A,validation
ID_CA54F35DB9,train
ID_CA55362087,train
ID_CA56C6FFB7,final
ID_CA5A83775D,final
ID_CA5A8468C3,train
ID_CA5AEEA683,final
ID_CA5C0B3F29,final
ID_CA5C63382E,train
ID_CA5E3D3A14,final
ID_CA5EEE7616,validation
ID_CA619BFD81,train
ID_CA652EB70A,validation
ID_CA66FC3BCE,train
ID_CA6ACF4FC0,final
ID_CA6B912516,final
ID_CA6C115A1C,train
ID_CA70756A9D,train
ID_CA70CCC57A,train
ID_CA7193D895,train
ID_CA71BBAD21,train
ID_CA71BDA3EB,validation
ID_CA73305CFF,train
ID_CA738CC4AA,train
ID_CA7486E7DF,final
ID_CA756B35F7,train
ID_CA7783D09A,train
ID_CA7A77C2B6,train
ID_CA7B388C05,validation
ID_CA7C2989AB,validation
ID_CA7C4094FE,train
ID_CA804E94C4,final
ID_CA80BDDF3A,final
ID_CA86DDDAD7,train
ID_CA87581B41,train
ID_CA87F814A6,train
ID_CA89798114,train
ID_CA89DB2E67,train
ID_CA8AADA5FA,train
ID_CA8AAEBDEC,train
ID_CA92DE592B,final
ID_CA93CB69DA,train
ID_CA965F0D6B,train
ID_CA976F6A61,final
ID_CA98F9BC08,final
ID_CA996E0CDD,validation
ID_CA9B8CEBA7,train
ID_CA9C15001D,validation
ID_CA9FEE8038,train
ID_CAA12963E3,validation
ID_CAA3ED0F22,train
ID_CAA49B1902,final
ID_CAA54FF55F,train
ID_CAA57C640E,validation
ID_CAAC36ABCF,validation
ID_CAACC7859F,validation
ID_CAB0E0727B,final
ID_CAB154BEDE,train
ID_CAB6C96FCC,train
ID_CAB84FF267,train
ID_CAB9F0E9CF,final
ID_CABDCC4DAE,train
ID_CAC1C8886F,validation
ID_CAC1E757DD,validation
ID_CAC2C8B6AE,train
ID_CAC2DC9B9C,validation
ID_CAC3630352,train
ID_CAC6703107,final
ID_CAC70272D9,train
ID_CAC782F33A,train
ID_CACAF31615,train
ID_CACE81E054,validation
ID_CAD0A70627,validation
ID_CAD196F95A,final
ID_CAD7CF7CAE,train
ID_CAD91A93F9,train
ID_CAD93D09B9,train
ID_CADC067849,train
ID_CADC3FD90F,validation
ID_CADC8BF0AB,validation
ID_CADD29150C,train
ID_CAE1973797,train
ID_CAE4AB8916,validation
ID_CAE4F82E78,train
ID_CAE5BB4BDA,train
ID_CAE91F873E,validation
ID_CAEA1316D5,train
ID_CAEA6FA829,train
ID_CAEC916307,train
ID_CAECA31C7D,train
ID_CAED79E1F6,train
ID_CAEF9C3E28,validation
ID_CAF22A882C,final
ID_CAF4598398,train
ID_CAF47E8EB2,train
ID_CAF4902D11,final
ID_CAF618511E,final
ID_CAF747A162,validation
ID_CAF907B884,final
ID_CAF9174C52,train
ID_CAFA24DF79,validation
ID_CAFAD2ADB6,train
ID_CAFD54AD0F,train
ID_CAFF18E149,validation
ID_CAFF19E622,train
ID_CAFFC465CF,validation
ID_CB00AE2448,train
ID_CB01C2BC2A,train
ID_CB02FDDC87,train
ID_CB042BBE3E,train
ID_CB05077076,final
ID_CB05EA625E,validation
ID_CB0612B528,train
ID_CB06A84F29,final
ID_CB0BDC9B88,train
ID_CB0D901629,train
ID_CB0D96F2A0,train
ID_CB0F7978EC,train
ID_CB10AD4044,final
ID_CB10E0C05A,train
ID_CB12E0763E,train
ID_CB12FC3551,train
ID_CB1675AA10,train
ID_CB175366E1,final
ID_CB1825E6F5,train
ID_CB1826EBFB,final
ID_CB185461D1,train
ID_CB19457FB8,train
ID_CB197E08D2,validation
ID_CB1DD9BA02,validation
ID_CB1F4617E2,train
ID_CB20BC44D8,train
ID_CB23172DE0,final
ID_CB27C724DE,final
ID_CB29DAFB4E,train
ID_CB2F7DE44B,train
ID_CB3006CF95,validation
ID_CB3269DC8F,validation
ID_CB32BEDCEF,train
ID_CB3305C9C4,train
ID_CB341378D8,final
ID_CB34AB162F,train
ID_CB37F0A725,validation
ID_CB39FCDC06,train
ID_CB3A0147EC,train
ID_CB3C7BD1E2,validation
ID_CB3E184E28,train
ID_CB3EB24ECB,train
ID_CB43F9601E,train
ID_CB4403DBC9,final
ID_CB45441ACE,train
ID_CB46AC8FB4,train
ID_CB4771098D,train
ID_CB48A20F72,train
ID_CB4ABF94BD,validation
ID_CB4BD707D7,validation
ID_CB4CCC61AD,final
ID_CB4D883C4B,train
ID_CB4E26D7E1,train
ID_CB4F706482,train
ID_CB50D4BCBB,train
ID_CB5167BEC2,train
ID_CB516C071E,train
ID_CB55C4E245,train
ID_CB55C9F84A,final
ID_CB56F09411,train
ID_CB614B7C17,validation
ID_CB61B6DE43,validation
ID_CB68591A00,final
ID_CB690B36A3,train
ID_CB694D2506,train
ID_CB6A1491F7,final
ID_CB6BAE7FB2,train
ID_CB6CB464FE,train
ID_CB6F619BF6,train
ID_CB6F9DBB61,train
ID_CB709FDD98,final
ID_CB70B6D158,train
ID_CB71549325,train
ID_CB72E08FD1,validation
ID_CB73948F09,validation
ID_CB7442F976,train
ID_CB750F9EBE,validation
ID_CB75C07AB8,train
ID_CB76083CDE,validation
ID_CB772B8EAC,train
ID_CB774A4A76,train
ID_CB774DFA15,final
ID_CB797C86E3,train
ID_CB7B070588,validation
ID_CB8029DB31,train
ID_CB81067488,train
ID_CB813D4FE5,train
ID_CB8143CA2B,train
ID_CB834FB196,validation
ID_CB841BD292,validation
ID_CB86C59609,final
ID_CB89C46289,train
ID_CB8B764D76,validation
ID_CB8FB869E4,validation
ID_CB908EA404,train
ID_CB90CFB2FF,validation
ID_CB91A588C8,train
ID_CB924F8106,train
ID_CB9822C957,train
ID_CB98FB02DC,train
ID_CB991443D9,train
ID_CB9CC8F825,train
ID_CB9EB13730,train
ID_CBA1C1A72A,final
ID_CBA394A344,validation
ID_CBA4D2FDA4,validation
ID_CBA80E1724,validation
ID_CBAB8CEEFE,train
ID_CBABA5E004,train
ID_CBAD400C06,train
ID_CBAD884282,final
ID_CBADC466B4,train
ID_CBAE8EC3E2,train
ID_CBB5462C0C,validation
ID_CBB55731B6,train
ID_CBBA34EDE2,validation
ID_CBBAFC7105,validation
ID_CBBB2D1409,final
ID_CBBB43A9A1,train
ID_CBBB45490B,train
ID_CBBCDB70F0,final
ID_CBBCE6B838,final
ID_CBBDA85269,train
ID_CBBDC2CAE9,train
ID_CBC07F3A0C,validation
ID_CBC0883960,validation
ID_CBC2595B93,train
ID_CBC9819123,train
ID_CBCA5D3CDE,train
ID_CBCD224146,train
ID_CBCECFFFF2,final
ID_CBCF2D1F14,final
ID_CBD2F18A67,validation
ID_CBD2FC3BCA,final
ID_CBD44F0062,final
ID_CBD52EC5A2,validation
ID_CBD68C9CBD,validation
ID_CBE108198D,validation
ID_CBE12BE0C7,train
ID_CBE37B69EC,validation
ID_CBE9684CF3,train
ID_CBEC8F143D,train
ID_CBEF66CA71,validation
ID_CBF15072BE,final
ID_CBF1AFF4F0,train
ID_CBF2C9ACEF,train
ID_CBF48156F0,train
ID_CBF8E8BC59,train
ID_CBF9727611,train
ID_CBF9FF78C6,final
ID_CBFBA69E2A,validation
ID_CBFDA743EA,train
ID_CBFE9B36F3,train
ID_CC01336018,train
ID_CC05ECB254,final
ID_CC062F04BC,validation
ID_CC0687C8C2,train
ID_CC06C4FC1A,final
ID_CC08790128,validation
ID_CC0A92260B,validation
ID_CC0AF270F4,validation
ID_CC0BB6D058,final
ID_CC0D65D5DC,train
ID_CC0DC2D819,train
ID_CC108313F8,final
ID_CC108ECC82,train
ID_CC11B71B5B,train
ID_CC122D853B,train
ID_CC146F33E5,final
ID_CC155EAD0E,train
ID_CC19B833FA,final
ID_CC1D33C90B,train
ID_CC1D706A26,final
ID_CC1E7FE52C,train
ID_CC20DF0097,final
ID_CC233F9A97,train
ID_CC25827D62,final
ID_CC27CCE1CE,validation
ID_CC29F7B7EF,train
ID_CC2B8AABD6,train
ID_CC2CBEE499,validation
ID_CC2D7BD965,train
ID_CC2DBF0491,train
ID_CC3147BAB0,final
ID_CC328CBE1A,train
ID_CC33EA10E5,train
ID_CC341E404A,train
ID_CC35A669CC,train
ID_CC3C144286,train
ID_CC3D25D66C,final
ID_CC3DF9792E,train
ID_CC3E18F785,train
ID_CC3F3C1A6C,train
ID_CC4122A572,train
ID_CC43943580,final
ID_CC456C1F04,validation
ID_CC472982A0,train
ID_CC47522D95,final
ID_CC4791FDF2,train
ID_CC47D18B79,validation
ID_CC49432C3D,train
ID_CC499AEDFF,train
ID_CC4DE61831,train
ID_CC52551A3D,final
ID_CC5362E9F1,final
ID_CC5BF9EC47,train
ID_CC5EE1855E,train
ID_CC6585AE7A,final
ID_CC68DEB8B5,train
ID_CC6BB75298,validation
ID_CC6C8E7137,validation
ID_CC72451D26,train
ID_CC765102DE,train
ID_CC7894EFB1,train
ID_CC79DD72C5,train
ID_CC7A9C8039,validation
ID_CC7AAECDC3,train
ID_CC7B7FE0FD,validation
ID_CC7C55D125,train
ID_CC7CB4FF5B,train
ID_CC7D9DC081,final
ID_CC7DBE59B1,train
ID_CC7E486628,final
ID_CC7FEC4598,final
ID_CC8067007F,train
ID_CC80AF1F4E,final
ID_CC81065FD5,train
ID_CC82724B7F,final
ID_CC84121946,final
ID_CC87889B96,final
ID_CC87DF6E98,train
ID_CC88573CAC,validation
ID_CC8FC1572A,train
ID_CC90653DE5,train
ID_CC91826C91,train
ID_CC93DDC790,train
ID_CC9578BC51,final
ID_CC9600C78D,validation
ID_CC960798DC,train
ID_CC99473CEA,train
ID_CC99CF6543,train
ID_CC9ADA9066,train
ID_CC9BAF7FEA,train
ID_CC9BC75607,final
ID_CC9BC9FDED,train
ID_CC9ECBAB1E,train
ID_CCA07FA3DB,train
ID_CCA1762DD4,validation
ID_CCA2D8D0DC,validation
ID_CCA4B56CC3,train
ID_CCA703260D,train
ID_CCA89C2BF4,train
ID_CCA90A90CF,train
ID_CCADF89EDB,train
ID_CCAE261432,train
ID_CCB29E935D,final
ID_CCB44986BA,train
ID_CCB521EDF4,validation
ID_CCB7188B52,train
ID_CCB7DF328E,validation
ID_CCB86D8740,train
ID_CCB8F427BE,train
ID_CCBAB26580,train
ID_CCBD1D8B93,train
ID_CCC1D3DCC1,train
ID_CCC4560D08,train
ID_CCC9472AAE,validation
ID_CCCAEA6F2C,train
ID_CCCCAF252A,train
ID_CCCFC6EF8C,train
ID_CCD2B539ED,train
ID_CCD7A5F039,validation
ID_CCD8788EFD,train
ID_CCDAC4EB08,train
ID_CCDCB7AA0E,final
ID_CCDCFEB29E,train
ID_CCDD325E2C,final
ID_CCDD6AFBB9,train
ID_CCDD85454F,train
ID_CCE05CCBA5,train
ID_CCE0A204EB,final
ID_CCE0AC0154,final
ID_CCE1A8F54F,train
ID_CCE2BBEF07,train
ID_CCE71A0AA2,validation
ID_CCEBE43EEF,final
ID_CCEC8FE85E,train
ID_CCEE9F69A7,train
ID_CCEF28D144,final
ID_CCF013023C,train
ID_CCF273BA9D,train
ID_CCF2C04B90,train
ID_CCF3CA7E3A,validation
ID_CCF4440988,train
ID_CCF4A4C77E,train
ID_CCF7DCFA3A,final
ID_CCF7E04963,train
ID_CCFA8422CC,final
ID_CCFE53DD24,train
ID_CD081B5E9E,train
ID_CD0B595E21,validation
ID_CD0C7944E1,train
ID_CD0D692EFE,validation
ID_CD0E540154,final
ID_CD1113F719,train
ID_CD1264512C,final
ID_CD13724739,validation
ID_CD15CB42BF,train
ID_CD16E830AB,train
ID_CD198549CD,train
ID_CD1C426C2A,train
ID_CD1C59D8BC,train
ID_CD1C614763,train
ID_CD1CA4EED3,train
ID_CD1F840777,validation
ID_CD23C5AEC6,train
ID_CD264FEB86,final
ID_CD29126D83,train
ID_CD29F7C6D4,train
ID_CD2B119403,validation
ID_CD2B843BE7,final
ID_CD2CF2378D,final
ID_CD2FB2C92E,train
ID_CD302ADB39,final
ID_CD3298D3F7,train
ID_CD35E9030A,train
ID_CD366ECF65,train
ID_CD369F5CF6,train
ID_CD38D1F8A4,train
ID_CD3A57DACD,validation
ID_CD3AA38F6B,train
ID_CD3F1211EF,train
ID_CD3F73D20E,final
ID_CD449B3D89,train
ID_CD45D334E3,final
ID_CD4816B1C7,train
ID_CD4A645037,train
ID_CD51DEBDFB,train
ID_CD51F9096C,train
ID_CD535054ED,train
ID_CD55003836,train
ID_CD56346996,final
ID_CD5715A65F,validation
ID_CD57CEC484,final
ID_CD591633EA,train
ID_CD5B42EE6C,train
ID_CD5B554E99,train
ID_CD5B701F43,train
ID_CD5C53EEB3,final
ID_CD5CBF2488,train
ID_CD5E6FE43F,train
ID_CD5F34A5A3,train
ID_CD5FEE5224,train
ID_CD6167EF52,validation
ID_CD63860818,validation
ID_CD6468F8CC,final
ID_CD65624420,train
ID_CD66345A14,train
ID_CD66A376B6,train
ID_CD671AFFE0,train
ID_CD67555F94,validation
ID_CD67B340C6,validation
ID_CD67E563A4,train
ID_CD69D1DAFC,train
ID_CD69DBC900,validation
ID_CD6B89FB98,train
ID_CD6B98F014,train
ID_CD6BC6EB27,train
ID_CD6F0DA32F,train
ID_CD6FB40966,validation
ID_CD7072F120,final
ID_CD7298BA4B,train
ID_CD7463F2D7,train
ID_CD74C1659E,final
ID_CD751AFFDC,final
ID_CD7559B1E3,validation
ID_CD7742FE45,train
ID_CD778193B3,train
ID_CD77C17E35,train
ID_CD7A443982,final
ID_CD7A9D2806,train
ID_CD7AC76BCB,train
ID_CD7ED842D0,final
ID_CD7F29706E,validation
ID_CD7F3F68B3,validation
ID_CD803DD62C,final
ID_CD80EA817E,validation
ID_CD812645B0,train
ID_CD82FD58C2,validation
ID_CD853C2B03,train
ID_CD86D11684,train
ID_CD87D8F2D7,train
ID_CD8823A07B,train
ID_CD8825FE88,final
ID_CD88F5AAA3,train
ID_CD89205C53,validation
ID_CD893D67ED,final
ID_CD89B0A9B2,train
ID_CD8B398D5F,validation
ID_CD8C0DA337,final
ID_CD8E2FC12F,train
ID_CD8FAFBDA4,train
ID_CD8FD30F00,final
ID_CD90CCBFCD,train
ID_CD920319E5,train
ID_CD9234D069,train
ID_CD93DF3DEC,train
ID_CD94407918,train
ID_CD9593676B,validation
ID_CD97353252,final
ID_CD9993C0A5,train
ID_CD9A817460,final
ID_CD9B145771,validation
ID_CD9C87AE1D,train
ID_CD9DF6D4ED,train
ID_CDA2A22C79,train
ID_CDA2CFEBBD,final
ID_CDA558BD47,train
ID_CDA5C30140,final
ID_CDA653C158,train
ID_CDA8DC045F,train
ID_CDA9E64DE0,train
ID_CDAC4614FC,validation
ID_CDB1141091,validation
ID_CDB2D10C2B,final
ID_CDB30CEF8B,train
ID_CDB5FDD727,final
ID_CDB87F4722,validation
ID_CDB950C32C,final
ID_CDBCDF0EE8,train
ID_CDBD836897,train
ID_CDC119EEA5,train
ID_CDC12762B4,final
ID_CDC1E973EF,train
ID_CDC37420BF,final
ID_CDC426124B,train
ID_CDC4AED29D,final
ID_CDC6456BA1,validation
ID_CDC6F1D6B4,train
ID_CDC7338EC5,train
ID_CDC9729543,final
ID_CDCDA1BD09,final
ID_CDCEBDC05D,final
ID_CDD13518E1,train
ID_CDD1A184E7,train
ID_CDD241DBA7,train
ID_CDD2CAA75A,validation
ID_CDD2D26FE5,validation
ID_CDD37F408A,validation
ID_CDD5E346AA,final
ID_CDD6B9BD6D,validation
ID_CDD7D637BA,train
ID_CDD896A89B,final
ID_CDD89B0E9B,train
ID_CDDA5325C3,final
ID_CDDA7EA6E5,validation
ID_CDDC40C869,train
ID_CDDD698B8A,validation
ID_CDDE30E2B0,final
ID_CDDF37BA5D,train
ID_CDE04F9007,validation
ID_CDE0A1AF42,validation
ID_CDE2F48EF1,train
ID_CDE3CBAA55,validation
ID_CDE400E332,train
ID_CDE57429E5,train
ID_CDE73B0BFD,train
ID_CDE7D55846,train
ID_CDE864FF5A,train
ID_CDEA8139F2,validation
ID_CDEB6B8EF6,validation
ID_CDED616D0E,train
ID_CDED66D85E,train
ID_CDEEA8DE66,validation
ID_CDF026D309,train
ID_CDF29F08DB,train
ID_CDF456ABA1,train
ID_CDF4B53808,final
ID_CDF69A40B8,train
ID_CDF8254390,train
ID_CDF958C6D0,final
ID_CDFAD47E06,train
ID_CDFB05118D,train
ID_CDFB6B339C,train
ID_CDFD5EB4BD,train
ID_CDFD7B1F68,train
ID_CDFFB15E9A,final
ID_CDFFC7D4BE,train
ID_CE01739500,train
ID_CE01EFD112,train
ID_CE023C41C4,final
ID_CE03518A58,train
ID_CE04CA2690,final
ID_CE04E83760,train
ID_CE053AA49D,train
ID_CE062051A8,train
ID_CE062F3D10,train
ID_CE0983CE3E,train
ID_CE09B84656,final
ID_CE0A38F90E,final
ID_CE0BA5B398,train
ID_CE0BE8C4EE,final
ID_CE0E6BE1C9,train
ID_CE1023C2A3,final
ID_CE11029587,validation
ID_CE11F692F4,final
ID_CE122BCBD5,final
ID_CE1290CCDA,train
ID_CE12C1A532,train
ID_CE16086D90,train
ID_CE18B48CA9,final
ID_CE1903CFDC,train
ID_CE1E798C18,final
ID_CE1F2A35E3,validation
ID_CE1F8D5B3C,train
ID_CE222327DC,train
ID_CE223D2977,train
ID_CE23F9D188,validation
ID_CE24C1750B,validation
ID_CE2500BDA7,final
ID_CE2506A305,train
ID_CE255B8989,train
ID_CE27F25523,train
ID_CE288BF52F,train
ID_CE29549C3E,train
ID_CE2959BEAA,train
ID_CE2C9CB982,train
ID_CE2C9EA7B7,final
ID_CE2CB183E4,train
ID_CE2EF3A0B8,final
ID_CE2F969A1D,train
ID_CE32A7ADB9,final
ID_CE36E1C08C,final
ID_CE38E96C4D,train
ID_CE3CDF7246,validation
ID_CE3F4B6B4B,train
ID_CE3F7A61C1,final
ID_CE408A92FD,final
ID_CE41DD098F,train
ID_CE44767899,train
ID_CE453D2997,train
ID_CE4558D52D,train
ID_CE486C07AF,train
ID_CE49B96387,train
ID_CE4D0345AD,train
ID_CE502CE2A7,validation
ID_CE51DFB71F,train
ID_CE5210EBBF,train
ID_CE5221C539,train
ID_CE548FCEB1,validation
ID_CE56A43E18,final
ID_CE57D04A79,final
ID_CE595108C0,train
ID_CE5A42369A,train
ID_CE5A81525D,validation
ID_CE5CFB2347,train
ID_CE5DD646CE,train
ID_CE5E2C2CCC,train
ID_CE6189A9DC,train
ID_CE6382957C,validation
ID_CE6424F9A4,train
ID_CE6A2A492F,final
ID_CE6B019A42,final
ID_CE6DE6E0DF,train
ID_CE6F919B57,final
ID_CE712FA00A,final
ID_CE74309158,validation
ID_CE757DA3DE,train
ID_CE761108FA,train
ID_CE76FB48B5,train
ID_CE77A6D89D,train
ID_CE77E4ECB6,final
ID_CE79FF3BDC,validation
ID_CE7B5E39BF,final
ID_CE7BB81003,final
ID_CE7CAF98A3,train
ID_CE7EC69039,train
ID_CE825F3FA9,final
ID_CE8373A3A8,train
ID_CE84719F07,train
ID_CE848AE58A,train
ID_CE84F56719,train
ID_CE858A0168,train
ID_CE85B5FE35,validation
ID_CE85D991C2,train
ID_CE8615B92F,validation
ID_CE864B12CA,train
ID_CE865EC4D4,validation
ID_CE884A8AE3,train
ID_CE88664021,validation
ID_CE8C61F216,final
ID_CE9153A906,train
ID_CE95D78E17,validation
ID_CE9AB9C498,final
ID_CE9ED411C6,validation
ID_CE9F6792E4,train
ID_CE9FFA20E7,validation
ID_CEA35AA6AD,train
ID_CEA3C50F77,validation
ID_CEA740BF18,train
ID_CEA7A605C3,train
ID_CEA801E04B,final
ID_CEAD380E13,final
ID_CEB3AE3AF3,validation
ID_CEB6FB9156,validation
ID_CEB85198E5,train
ID_CEBD3AADC3,train
ID_CEBDA92E7B,train
ID_CEBE99F130,train
ID_CEBFC23398,final
ID_CEC0502874,train
ID_CEC2539D05,validation
ID_CEC2E10498,train
ID_CEC3F8383F,train
ID_CEC5C41A9A,train
ID_CEC619F472,train
ID_CEC9675D63,train
ID_CEC9EDB809,train
ID_CECDDF7B58,train
ID_CECE83584C,train
ID_CED14B555B,train
ID_CED1AF9755,train
ID_CED57C725B,train
ID_CED5849F2A,train
ID_CED752C93E,validation
ID_CEDA03CD8B,train
ID_CEDA41F385,train
ID_CEDACB6269,train
ID_CEDB492842,train
ID_CEDCDA3A4D,train
ID_CEDD5C1E67,train
ID_CEDE2BA7DA,final
ID_CEDF7C7F5D,final
ID_CEE51067D8,final
ID_CEE719E475,train
ID_CEE9683FAC,validation
ID_CEE96BC32C,train
ID_CEEA7C3899,train
ID_CEEDB8BE3C,validation
ID_CEF009FFD3,train
ID_CEF0785B34,train
ID_CEF2256B50,validation
ID_CEF26EDDC0,train
ID_CEF50A6B6A,validation
ID_CEF51AB079,train
ID_CEF6986683,validation
ID_CEF8B4DBFD,train
ID_CEFCB55D09,train
ID_CEFDACD791,train
ID_CF0791879C,train
ID_CF0B54B0E9,train
ID_CF0BEC0F31,train
ID_CF0C50CD31,validation
ID_CF0DAC18D6,validation
ID_CF0EF8219F,train
ID_CF10372BC6,train
ID_CF10550360,validation
ID_CF10EADAFC,train
ID_CF125A18FF,train
ID_CF12EE6547,train
ID_CF1422C078,train
ID_CF1425CF89,train
ID_CF14D71F93,validation
ID_CF1564CB8D,train
ID_CF15B5ADDD,final
ID_CF162082AA,final
ID_CF1797707F,train
ID_CF194E8D7E,train
ID_CF1AC48B2D,train
ID_CF1B18A40B,validation
ID_CF1DADCF4E,train
ID_CF1F03C1EE,train
ID_CF1FFD3EF1,final
ID_CF2334097A,validation
ID_CF23F9B964,validation
ID_CF26D9449B,train
ID_CF27A6E7E6,train
ID_CF27BB4A2B,train
ID_CF2AEDBEB2,train
ID_CF2C693A57,final
ID_CF33FA0BB0,train
ID_CF3411E7FF,final
ID_CF34AACE46,train
ID_CF3567903E,train
ID_CF36E7EA63,validation
ID_CF375F45B0,train
ID_CF37D09ED4,train
ID_CF37FBA866,final
ID_CF39CA93CF,final
ID_CF3E1135C5,train
ID_CF3E6FB174,validation
ID_CF3FA7489D,train
ID_CF4024DF3E,train
ID_CF43F3A7A4,validation
ID_CF447EB2A9,validation
ID_CF48758D6E,train
ID_CF4C6E9FD2,train
ID_CF4D634578,validation
ID_CF4E9AE02F,train
ID_CF4F94A340,train
ID_CF5461A68D,validation
ID_CF55A1BDF0,train
ID_CF569A5397,validation
ID_CF583B352B,final
ID_CF5994E1C9,train
ID_CF5B8C686C,train
ID_CF5BCD029D,train
ID_CF6073BE81,train
ID_CF60F9826A,train
ID_CF6256D6D6,train
ID_CF62F1D6BA,train
ID_CF6834EECE,train
ID_CF6C77BA01,final
ID_CF6C940DFD,train
ID_CF6D91DF11,final
ID_CF6E2F8739,train
ID_CF702CAA83,train
ID_CF720E2192,train
ID_CF72E1E1CE,validation
ID_CF735AF3F7,validation
ID_CF7998F3E9,final
ID_CF7B7CDCBF,train
ID_CF7CA0003B,train
ID_CF7F7FE7AE,train
ID_CF805095AB,final
ID_CF82815DE0,train
ID_CF8866BE24,train
ID_CF8AB020B1,train
ID_CF8D29D04F,train
ID_CF8EB9B0B8,train
ID_CF907DB62F,train
ID_CF91165DB7,train
ID_CF91862C59,train
ID_CF91FB5110,train
ID_CF93747FFF,train
ID_CF9433E2F6,train
ID_CF94A8455C,validation
ID_CF9585D557,validation
ID_CFA27ECD77,train
ID_CFA33F35E1,train
ID_CFA472CCA0,train
ID_CFA5B4A2EB,train
ID_CFA5EC0CF9,train
ID_CFA6C16352,validation
ID_CFA7A55681,final
ID_CFA95794B7,train
ID_CFAA8185B5,train
ID_CFAAAF454A,train
ID_CFAB21C7E3,validation
ID_CFABFC57B9,final
ID_CFACF6269D,final
ID_CFAE24424D,final
ID_CFAF747BFD,train
ID_CFAF88AB27,final
ID_CFB1BCB147,train
ID_CFB2EC29B1,train
ID_CFB3BF4E83,train
ID_CFB5C27918,train
ID_CFB5E1E16A,final
ID_CFB77C7548,final
ID_CFBB428104,validation
ID_CFBC1631FE,validation
ID_CFBD61478D,validation
ID_CFBDCEDD14,train
ID_CFBEC603D6,final
ID_CFC23628B0,train
ID_CFC23F48C2,validation
ID_CFC3978C4E,train
ID_CFC3AE5B95,train
ID_CFC429F990,train
ID_CFC43ADA8F,final
ID_CFC47D1F26,train
ID_CFC4B6AA0E,train
ID_CFC82C2B38,train
ID_CFC873C00A,train
ID_CFCC911387,final
ID_CFCE154634,final
ID_CFCF508BEA,train
ID_CFCFAC7E04,validation
ID_CFD0454B27,final
ID_CFD20873D0,train
ID_CFD46A7109,train
ID_CFD53E3C75,train
ID_CFD8F26581,train
ID_CFD982E72B,train
ID_CFDC122095,train
ID_CFDDE30268,train
ID_CFDDE3697A,final
ID_CFDEA57B57,train
ID_CFE3EE125B,train
ID_CFE5CBDC9E,train
ID_CFE63B337E,train
ID_CFE6A840A4,validation
ID_CFE756727C,train
ID_CFE7B9FD0F,train
ID_CFE8C1B70F,final
ID_CFEA7C06CE,validation
ID_CFEBBE8505,validation
ID_CFEEAE1EF1,validation
ID_CFF0F5E6DD,train
ID_CFF177DFA8,train
ID_CFF3B51899,final
ID_CFF4B9CBE4,train
ID_CFF64A26BC,train
ID_CFFA5163D1,train
ID_CFFBC4A14C,train
ID_CFFCC94B3D,final
ID_CFFCCF32E3,validation
ID_CFFCFBCC34,train
ID_CFFD4F666B,train
ID_CFFDB5F1EE,train
ID_CFFDC2E495,validation
ID_CFFDED8800,final
ID_D000B94FB2,final
ID_D003A6999C,train
ID_D003C0274C,validation
ID_D00BEC9146,final
ID_D00C30E20B,train
ID_D00CA0594E,train
ID_D00CC57765,validation
ID_D00D7BA518,train
ID_D00DDE74F0,train
ID_D00E1D5E57,train
ID_D00E91847A,train
ID_D00E97AD99,train
ID_D00EFB473C,train
ID_D00F7949EB,final
ID_D011FC0CFF,validation
ID_D012C86BB1,train
ID_D013060E62,final
ID_D015ED9F36,validation
ID_D01796EBC5,validation
ID_D0194F8A82,train
ID_D01C154D36,final
ID_D01D830098,train
ID_D0201BDD77,train
ID_D0204871A5,train
ID_D021542E45,final
ID_D0222B85DA,train
ID_D02245D10C,final
ID_D0245DE908,validation
ID_D024DADCF5,train
ID_D027265026,train
ID_D02A0102A4,validation
ID_D02C3305F9,train
ID_D02CAD3FA2,train
ID_D02E426CE1,train
ID_D031057190,train
ID_D0352BBA7A,train
ID_D0353E4BD3,train
ID_D035E605D5,train
ID_D038034E29,train
ID_D03867B865,validation
ID_D03A83309B,final
ID_D03B7F5AEF,train
ID_D03F0F8BB0,final
ID_D03F6A4F41,train
ID_D0414BF350,final
ID_D0418973AF,validation
ID_D04862E609,final
ID_D04A1BDA74,train
ID_D04A8C634A,final
ID_D04A907982,train
ID_D04AE10B08,train
ID_D0501F359C,train
ID_D05185881D,train
ID_D05223A894,train
ID_D053B6F3E6,final
ID_D05540EB85,train
ID_D055B23300,final
ID_D057A4697B,train
ID_D058C8B766,train
ID_D05B6A73AD,train
ID_D05C52BDFA,validation
ID_D05E5A1410,train
ID_D0614ECF0E,validation
ID_D061980832,train
ID_D06647339D,final
ID_D068DE2CFF,validation
ID_D06D881A3C,validation
ID_D06EE5975F,final
ID_D07180DA99,validation
ID_D0758BA495,train
ID_D07735E00D,train
ID_D07C4CBCF2,final
ID_D07D01CF94,final
ID_D07D499396,train
ID_D07DCCA5F5,final
ID_D07F3B4630,final
ID_D0816961D8,validation
ID_D084827A4B,final
ID_D08D40D400,train
ID_D08FF30329,validation
ID_D091196B67,train
ID_D0916D02C7,final
ID_D0936D8DA7,train
ID_D093E66B9D,train
ID_D09523FFEB,final
ID_D09624B0D3,train
ID_D0999B0496,validation
ID_D099BBC3FB,train
ID_D09A6B6DFB,train
ID_D09C76D086,train
ID_D0A2F2913D,train
ID_D0A3276F11,train
ID_D0A7161E47,train
ID_D0A81EC5C2,train
ID_D0AEF708C5,train
ID_D0AF91802E,train
ID_D0B43B2F94,train
ID_D0B63885E5,validation
ID_D0B7C1D120,train
ID_D0B9D8C76D,train
ID_D0BC06C3CF,train
ID_D0BDF176F4,final
ID_D0BE14929D,validation
ID_D0C0E9928F,validation
ID_D0C37A385D,validation
ID_D0C435AE08,train
ID_D0C6448167,validation
ID_D0C7D8B671,train
ID_D0C83C64BB,validation
ID_D0C9677EFB,final
ID_D0C96D581A,validation
ID_D0CA7CFD79,train
ID_D0CAA4F9C8,validation
ID_D0CC6959A1,train
ID_D0CD731A7D,train
ID_D0CE281EF3,validation
ID_D0CEC51D2A,train
ID_D0D30685D6,validation
ID_D0D4603D97,train
ID_D0D74C8B2B,final
ID_D0D7A434AC,train
ID_D0D7EF8B75,final
ID_D0D89B326A,final
ID_D0D9F51BBE,train
ID_D0DBA3B204,validation
ID_D0DCE7AD66,validation
ID_D0DD1120D8,train
ID_D0DE126EA0,train
ID_D0DE7B5610,train
ID_D0DEA117E8,train
ID_D0DF1B2D2C,train
ID_D0E02E5D16,final
ID_D0E0940564,train
ID_D0E12BE75B,train
ID_D0E158971C,validation
ID_D0E24F8D0C,final
ID_D0E2D8EF9C,train
ID_D0E394642E,train
ID_D0E6CCB896,train
ID_D0E738BF07,final
ID_D0E83A1ACB,train
ID_D0EA6502C6,train
ID_D0ED5E2392,train
ID_D0ED8CF3AC,train
ID_D0EE69F28B,train
ID_D0EEB23771,train
ID_D0F0F72981,train
ID_D0F1D6380C,validation
ID_D0F23B790C,train
ID_D0F2DC0973,validation
ID_D0F37A2D91,train
ID_D0F4392C64,train
ID_D0F480B845,validation
ID_D0F5F79ACA,validation
ID_D0F82DF974,train
ID_D0F88656CC,train
ID_D0F8E4B693,final
ID_D0F990B87B,train
ID_D0FAE0A94E,train
ID_D0FBC9AB3E,train
ID_D0FBE0D165,train
ID_D100601FC3,train
ID_D103C08E2A,final
ID_D104F7C27E,final
ID_D105A681D3,train
ID_D10623E909,validation
ID_D106DE078A,train
ID_D10A027585,train
ID_D10B234B0C,train
ID_D10B99319F,train
ID_D10D13072B,validation
ID_D10DBD9CD8,validation
ID_D10E650529,final
ID_D10F520721,train
ID_D1116C0469,train
ID_D112CD26D9,train
ID_D1159401D1,train
ID_D1175205F1,train
ID_D11823A317,train
ID_D11A2D11F3,validation
ID_D11CF3F992,train
ID_D11FC25663,train
ID_D122E361C7,train
ID_D1251542AC,train
ID_D125D60421,validation
ID_D1267FF516,train
ID_D12950AA64,train
ID_D12BAC210B,train
ID_D12BB5751A,train
ID_D12DDD58A2,final
ID_D12EEA0C4E,train
ID_D131CB3A4B,final
ID_D131DF96A1,train
ID_D136BFEE99,validation
ID_D13789135C,train
ID_D13797E9E7,train
ID_D13EA1559D,train
ID_D1415CE417,final
ID_D141DFA88F,final
ID_D1421C40CB,train
ID_D1424EEDA2,train
ID_D14408DDC4,validation
ID_D144A10A59,validation
ID_D14633F6A4,train
ID_D1467159EF,train
ID_D14730FEBD,train
ID_D1487A9254,train
ID_D1487E0AC5,train
ID_D14AA441F1,final
ID_D14AE9D621,train
ID_D14BE632D0,train
ID_D14CCD2EF0,validation
ID_D14D8F0A47,validation
ID_D14E83AA7F,final
ID_D14FCD52F1,train
ID_D14FDCD53B,final
ID_D1524563FA,train
ID_D15333B4DE,validation
ID_D156FB553A,train
ID_D15748A67B,train
ID_D159355122,train
ID_D15B703699,train
ID_D15C0CB9B4,final
ID_D15C166C11,validation
ID_D15E0875CC,train
ID_D15EE9B9D7,validation
ID_D15F91D1E4,validation
ID_D161D9BBC7,validation
ID_D162E7521F,validation
ID_D164115CCD,train
ID_D1642D19B0,final
ID_D168F47174,train
ID_D16F110E49,validation
ID_D16F1E4948,validation
ID_D1703DB64B,train
ID_D172163F4F,final
ID_D172CADA31,validation
ID_D1764302C1,train
ID_D176EF8328,validation
ID_D1772BC389,final
ID_D1773793AA,final
ID_D17A9040C6,final
ID_D17D7607E3,final
ID_D1801DDF56,train
ID_D180DBF326,validation
ID_D181320653,train
ID_D181E312E8,train
ID_D183EDE2A5,validation
ID_D186F93490,train
ID_D1882CC019,validation
ID_D1897BD30B,validation
ID_D18BAF300B,validation
ID_D18D3DFA70,train
ID_D18D46FFBF,train
ID_D1909DD507,train
ID_D190A3DE3E,validation
ID_D190A6FE90,train
ID_D1921A1561,final
ID_D1926533DF,validation
ID_D192E1B52E,validation
ID_D193037089,final
ID_D195500494,train
ID_D198C4E4EA,train
ID_D1993AE848,train
ID_D199C84E75,final
ID_D19A5EF71B,validation
ID_D19C3F68BA,train
ID_D19D5B7FEF,train
ID_D19E3A2D60,final
ID_D19F1C8DC2,train
ID_D1A0A52404,train
ID_D1A3E67B11,train
ID_D1A815A577,final
ID_D1A83A07BF,validation
ID_D1ABF89CC7,train
ID_D1AEC4992C,validation
ID_D1B3AFB42D,train
ID_D1B4B21A67,train
ID_D1B75CD943,validation
ID_D1B7C53258,train
ID_D1B8D4E132,train
ID_D1B98231A2,train
ID_D1BA0468C4,final
ID_D1BACE3F7E,final
ID_D1BAFC0639,train
ID_D1BC34AF5D,train
ID_D1BC4425CA,train
ID_D1C161695C,final
ID_D1C2BA759D,train
ID_D1C388ABA5,final
ID_D1C46EE28D,train
ID_D1C948BE3B,final
ID_D1C9EA64A6,train
ID_D1CA011CD5,final
ID_D1CA235091,validation
ID_D1CB2F96F8,train
ID_D1CCD38A29,train
ID_D1CD1D6DCC,train
ID_D1CD9E3146,train
ID_D1CEE7BC76,train
ID_D1CF7AF218,validation
ID_D1D03ED849,train
ID_D1D10200F0,train
ID_D1D12070C2,train
ID_D1D28160DE,train
ID_D1D6D362A1,train
ID_D1D8548B83,train
ID_D1DAC9FEE9,train
ID_D1DD7719AA,train
ID_D1DD8D3E77,train
ID_D1DDC3B3C4,validation
ID_D1DFD2C43C,validation
ID_D1E0A2F192,final
ID_D1E2EB2855,train
ID_D1E3098B78,train
ID_D1E3DF0AE3,train
ID_D1E4665862,train
ID_D1E5E60178,validation
ID_D1E840580E,train
ID_D1EA33E4EC,train
ID_D1EB83D368,train
ID_D1EC5AE288,train
ID_D1EE6D2686,final
ID_D1EE7EB9B2,train
ID_D1F0A5CB64,train
ID_D1F2AB55AF,final
ID_D1F720AEE9,validation
ID_D1FD185194,train
ID_D1FD2C2449,validation
ID_D1FE353881,train
ID_D1FF1400D6,final
ID_D1FF742B19,train
ID_D1FFE329C9,final
ID_D200FE9010,train
ID_D201D50DD6,validation
ID_D2034C3731,train
ID_D20397E4F7,train
ID_D2040B072C,train
ID_D2054706AD,train
ID_D20640B5EC,train
ID_D2068B7106,validation
ID_D206FDD0E3,train
ID_D20763D6D2,final
ID_D207C40D29,validation
ID_D207C4941E,validation
ID_D208BA2790,final
ID_D20B9EF24A,validation
ID_D20DAFBC46,validation
ID_D20DB81CEA,validation
ID_D2110757D7,train
ID_D2121FAA2D,validation
ID_D212F789BE,final
ID_D21659B1E6,train
ID_D21987A38A,train
ID_D219D6271D,train
ID_D21CBEB64B,validation
ID_D21EC81127,train
ID_D21EDAF24E,train
ID_D2210C05C4,train
ID_D222681A09,train
ID_D2246910D0,train
ID_D224F258E3,train
ID_D2260725BB,validation
ID_D227667E41,train
ID_D22900FFA0,final
ID_D22B5A6A4F,train
ID_D22CFDE5FA,final
ID_D22E0707D2,train
ID_D2305B35E3,train
ID_D2362B0060,train
ID_D238417CDB,train
ID_D238A69A7E,train
ID_D238FB2DCE,train
ID_D23988ADB9,train
ID_D23A89FE54,train
ID_D23C15A90F,train
ID_D23C6D40ED,train
ID_D23CCDDF6A,validation
ID_D241EADD06,train
ID_D24227F4CA,train
ID_D242FC0424,train
ID_D244A986FB,train
ID_D244DA2718,train
ID_D2467A2EF2,validation
ID_D247A9C74A,train
ID_D24A7D337B,final
ID_D24AC46821,final
ID_D24D6F2815,train
ID_D24E4F3AC3,train
ID_D250D3748E,train
ID_D2515F092C,train
ID_D25164A5C6,train
ID_D2516A2FA3,train
ID_D252A2C543,validation
ID_D254038D9C,train
ID_D259984EB8,validation
ID_D25A2E3CAF,train
ID_D25C4CAD0F,validation
ID_D25E85CE9C,validation
ID_D261337972,train
ID_D264BCE4D7,train
ID_D265FE43FF,final
ID_D266176BEF,train
ID_D266BB5B40,train
ID_D2683A600F,train
ID_D26E1EB40C,train
ID_D26F3F7E46,validation
ID_D2709B6C69,final
ID_D274F8D85B,final
ID_D27802A518,train
ID_D27ADB6F3B,train
ID_D27B011955,train
ID_D27B7AE72D,final
ID_D27C637DD1,final
ID_D27CF46760,train
ID_D27FF45D35,final
ID_D2842A49F3,final
ID_D284B6F992,final
ID_D285C746C6,final
ID_D286BDE603,final
ID_D2892E21EC,train
ID_D28B4F2715,validation
ID_D28C84893B,validation
ID_D28CD5B1F8,train
ID_D28F2C5733,final
ID_D28F8B98E5,train
ID_D290572FA6,train
ID_D2905C95A8,train
ID_D293B8CA67,final
ID_D294FD6000,train
ID_D2979BF5EB,final
ID_D299A2B613,final
ID_D29A019B83,final
ID_D29B57FF1D,train
ID_D29CC4C868,final
ID_D29EF17E59,validation
ID_D2A04DA84F,final
ID_D2A0F4340E,validation
ID_D2A79FF0C9,train
ID_D2A84FE31F,train
ID_D2AA82EA15,final
ID_D2ABE92223,train
ID_D2ACCAE7FB,train
ID_D2AE4B3B06,train
ID_D2B0617025,validation
ID_D2B1877BA5,final
ID_D2B3C40AA1,final
ID_D2B3D812F7,train
ID_D2B446BC43,train
ID_D2B4EC5420,final
ID_D2B6D8E44F,final
ID_D2B82720D2,final
ID_D2B8F73CA4,train
ID_D2BA4EE5BB,train
ID_D2BC0D4692,final
ID_D2BDD90EBB,validation
ID_D2C1449A59,train
ID_D2C1CEA6D8,final
ID_D2C21B4EA6,validation
ID_D2C7D18764,train
ID_D2C9EF97EF,train
ID_D2CB818D3C,train
ID_D2CE46E785,train
ID_D2D0130EBA,train
ID_D2D1202A9B,validation
ID_D2D66809AC,train
ID_D2D7430A8D,final
ID_D2D89E21A3,train
ID_D2DAC502AD,train
ID_D2DDA4D6D0,validation
ID_D2DEC907CF,final
ID_D2E03F4D05,final
ID_D2E3315E9C,train
ID_D2E3C9839F,train
ID_D2E4DE96D3,final
ID_D2E508E904,train
ID_D2E9C07BA2,final
ID_D2EC27F3EC,validation
ID_D2ED2DD0B4,train
ID_D2ED75D7D5,train
ID_D2F34213FA,train
ID_D2F43906DC,validation
ID_D2F86EBFF7,final
ID_D2F87DF74E,train
ID_D2FA167464,train
ID_D2FB9AE7F2,train
ID_D2FC2DBA3A,train
ID_D2FD5469E3,train
ID_D2FDCD8C79,train
ID_D30121098E,final
ID_D301C2C9D2,train
ID_D3020D151F,validation
ID_D303448550,final
ID_D3039952E8,train
ID_D30516C350,validation
ID_D3066E0D49,train
ID_D30EA3AAB9,final
ID_D30F19AFFF,train
ID_D3181AB7B7,validation
ID_D3188501CE,train
ID_D319FA7987,final
ID_D31A6C3D64,final
ID_D31AF48520,train
ID_D31B81FA4C,final
ID_D31BBF5684,train
ID_D31F22773A,train
ID_D32003D1DF,train
ID_D3202C4AD0,train
ID_D323A71CAC,train
ID_D32426EA2B,train
ID_D3243B6A45,train
ID_D3246980E9,train
ID_D326075D55,train
ID_D32AE197D8,train
ID_D32C56B6F7,train
ID_D32E328596,train
ID_D32F62367E,final
ID_D32F64CE41,final
ID_D331B798D0,train
ID_D3328E6F75,validation
ID_D3360CCC25,validation
ID_D3362B8562,train
ID_D33752434B,train
ID_D33AB5B376,train
ID_D33B27E71B,train
ID_D33C9D4D97,train
ID_D33D5995DE,train
ID_D33D87EE7D,final
ID_D33E920F03,train
ID_D33FAC7C2D,train
ID_D3416CDEA5,train
ID_D341E4222E,final
ID_D342EE06F6,train
ID_D3430D6842,final
ID_D3435EC2A9,final
ID_D346728FA0,train
ID_D346FD7BD1,train
ID_D348A06CD5,train
ID_D34B0F2082,train
ID_D34BA12F59,validation
ID_D34BFAF690,validation
ID_D34C25FCB2,final
ID_D34C54DDEA,train
ID_D34E55FBAF,validation
ID_D34E685713,train
ID_D34EB0842E,train
ID_D34EDDC7E7,final
ID_D3513EA0B2,validation
ID_D3547CEB85,final
ID_D356BB7B42,validation
ID_D357F5E17D,train
ID_D35A382C04,final
ID_D35D5D82CD,train
ID_D3617DB1DD,train
ID_D36551AE43,final
ID_D367D365D4,validation
ID_D36F92199F,train
ID_D36FB2BD61,train
ID_D3762331FB,train
ID_D377D79870,train
ID_D3788C31C2,final
ID_D37B1449FD,train
ID_D37BCF5B6D,train
ID_D37BF96617,validation
ID_D37E54F642,train
ID_D37FCD3F20,final
ID_D381BA7EC1,train
ID_D383B5B732,train
ID_D384DFE7E4,train
ID_D387A8C1DF,train
ID_D388B9D5F6,train
ID_D38AE36209,train
ID_D3953227E4,train
ID_D396C864AF,final
ID_D39711FC57,train
ID_D397280519,validation
ID_D397D20CD3,final
ID_D397F7B844,train
ID_D39CA57567,final
ID_D3A11F762D,train
ID_D3A17AA8BB,train
ID_D3A472028A,train
ID_D3A4C64FA9,train
ID_D3A9EDAC03,validation
ID_D3AABBAFD4,validation
ID_D3AB848C55,train
ID_D3AC51A500,train
ID_D3ACB67C8F,validation
ID_D3AD928CDF,train
ID_D3B02A2896,train
ID_D3B31BACB4,train
ID_D3B56A18DF,train
ID_D3B60F43AB,final
ID_D3B987255D,train
ID_D3BC13A733,train
ID_D3BD16BA45,train
ID_D3BD41B20A,train
ID_D3BE516175,train
ID_D3BFC5327D,train
ID_D3BFEA63AA,train
ID_D3C8569AFF,train
ID_D3CC63B4A4,validation
ID_D3D36BC433,final
ID_D3D45DD5AD,validation
ID_D3D5358CAA,final
ID_D3D5F5D3C9,final
ID_D3D7868516,train
ID_D3D83AAA60,train
ID_D3D9C3305D,train
ID_D3DDB8CDE5,train
ID_D3E2B8FD67,validation
ID_D3EA52B88D,train
ID_D3EBBECEA0,train
ID_D3ED496FFA,train
ID_D3EE145C4A,final
ID_D3EFB2B4BD,train
ID_D3F1C0E234,train
ID_D3F236EC13,train
ID_D3F24088E0,final
ID_D3F84C2D4A,train
ID_D3F8A5F1E8,final
ID_D3F9B0D6A8,final
ID_D3FCEAD4E4,train
ID_D3FCEFC185,train
ID_D3FD5641DF,train
ID_D3FF804314,validation
ID_D3FF883AAE,train
ID_D400ADEC76,train
ID_D4024964C7,validation
ID_D4044DC593,train
ID_D405722192,final
ID_D4059B5115,train
ID_D406D0A4E4,train
ID_D407B9FF6B,validation
ID_D40AD86E40,validation
ID_D40BBC6EA6,train
ID_D40D58FC67,train
ID_D40F085041,train
ID_D40F58563A,train
ID_D4110ACBA1,validation
ID_D412B24F58,train
ID_D4156E73AA,validation
ID_D416669837,train
ID_D41FB92D91,train
ID_D42031B7D1,final
ID_D422B8A4CA,train
ID_D424FD90FC,train
ID_D42504CC7F,final
ID_D425379C39,validation
ID_D4263866D1,train
ID_D4269CC6D1,train
ID_D42B7ED0B1,train
ID_D43069BC0E,train
ID_D4367E329A,validation
ID_D436C1D171,final
ID_D439543BC7,train
ID_D43A5F39D0,train
ID_D43B7FBF8B,validation
ID_D43CEE241E,final
ID_D444BAEAAE,validation
ID_D44737BE61,validation
ID_D447E88FAF,final
ID_D448CCB6FE,train
ID_D4492B53DE,train
ID_D44AED55B8,final
ID_D44AFC92B3,validation
ID_D44B5D86A5,train
ID_D44D661DEF,train
ID_D44D93BF1D,final
ID_D44EADEA82,train
ID_D4508252AD,validation
ID_D451724FA4,train
ID_D4549FF6FB,train
ID_D45770BC74,final
ID_D45815A19B,validation
ID_D4584500B7,final
ID_D4588EEEF2,final
ID_D45EFDD1A5,train
ID_D463579FC3,train
ID_D463DBCE17,train
ID_D466BA5169,train
ID_D46915F757,train
ID_D46C114BE5,train
ID_D47166E6A5,train
ID_D4724CD61E,train
ID_D472D8733C,train
ID_D47325F885,final
ID_D47391EB65,validation
ID_D47531D8D5,train
ID_D476701DAF,train
ID_D4769B0D4B,final
ID_D47BD6C2F4,train
ID_D47E164CCE,train
ID_D47E4DC6D7,train
ID_D47F072668,train
ID_D48093B71D,train
ID_D48237A4DF,train
ID_D482A91ED9,validation
ID_D484440F38,train
ID_D484E74947,train
ID_D4850C119D,train
ID_D487005C51,train
ID_D4873A7AEB,train
ID_D4882A436E,train
ID_D488D8388D,train
ID_D48BDC67C0,train
ID_D48EB6FA3A,validation
ID_D49211F127,train
ID_D49218FA2B,final
ID_D492DD9A25,validation
ID_D495A5C497,train
ID_D496751F8B,train
ID_D498740712,train
ID_D4987BF5E0,train
ID_D4993ABD37,train
ID_D49951FEB5,train
ID_D49CCC6615,train
ID_D49D1D78E4,train
ID_D49D6ED858,train
ID_D49D808A8A,validation
ID_D49E6621A1,validation
ID_D49F2332FA,train
ID_D49F8274BA,validation
ID_D4A09A13EC,train
ID_D4A1279B49,validation
ID_D4A2ECA931,train
ID_D4A4C88E8B,train
ID_D4A9B46765,train
ID_D4AF1F3C2A,final
ID_D4B3061212,train
ID_D4BBAF0CD1,final
ID_D4BE5927FF,final
ID_D4C0A6868F,validation
ID_D4C289FEA1,train
ID_D4C395498A,final
ID_D4C45CAD78,train
ID_D4C538ED5E,train
ID_D4C65754B5,train
ID_D4C6DBAE45,validation
ID_D4C858DCCC,final
ID_D4CCE1F258,validation
ID_D4CD8BB54D,train
ID_D4CF415A18,train
ID_D4CF817C56,train
ID_D4D48E5211,train
ID_D4D603C978,train
ID_D4D65BEF07,final
ID_D4D6E88092,validation
ID_D4D97D893E,train
ID_D4DDF1AA5C,train
ID_D4E0F233DA,train
ID_D4E3067EBF,train
ID_D4E7D393E2,validation
ID_D4EC4A772B,train
ID_D4F11D7E6E,train
ID_D4F464B916,train
ID_D4F4D15D7A,train
ID_D4F5CAA475,train
ID_D4F61CB39D,final
ID_D4F8267C94,final
ID_D4FB60A11D,train
ID_D4FDDF8749,train
ID_D4FF709E83,train
ID_D5012E4BAD,train
ID_D505E5C7B8,validation
ID_D506B32C88,train
ID_D506CA9C8E,train
ID_D5080C2876,train
ID_D5096AB461,train
ID_D50973EEF3,train
ID_D50CDA1CF6,validation
ID_D50EDA942A,train
ID_D50FA26333,validation
ID_D510633E58,final
ID_D510A87A4F,train
ID_D5118CE008,train
ID_D51248C11F,train
ID_D514ED1E23,train
ID_D5157A6C2C,validation
ID_D51D0B6763,train
ID_D51D45A40E,final
ID_D51F6670A8,train
ID_D51FBD8FE6,train
ID_D5200A36FD,validation
ID_D520A2DEC2,train
ID_D520B3485C,train
ID_D520EAA7D7,train
ID_D521C02A5E,train
ID_D522A1C996,train
ID_D5230E6A95,train
ID_D523362FB8,validation
ID_D5234A01D0,train
ID_D524AA3E5D,train
ID_D52604C1CF,train
ID_D527461E36,train
ID_D529853606,final
ID_D52B6AA63E,train
ID_D52DA50410,train
ID_D52DCD4D27,train
ID_D53016EE31,train
ID_D530880E8A,train
ID_D53498EEC1,final
ID_D53CCDD7B8,train
ID_D53CF0BB2B,train
ID_D53D13DCA2,final
ID_D53DD7932D,final
ID_D53E71DCC1,train
ID_D53E818A6D,train
ID_D53EBF5EC3,train
ID_D53F3A18A0,train
ID_D5424F3F6F,validation
ID_D5434BABEF,train
ID_D543B70B3F,train
ID_D5442805DD,train
ID_D544EA0BC5,final
ID_D5453D2891,train
ID_D5459AE8F6,train
ID_D5468DB2ED,train
ID_D5478F7EA9,train
ID_D547FD881D,validation
ID_D54D0AAFD3,train
ID_D54FC14EAF,final
ID_D54FF20FDB,train
ID_D55088B0BD,train
ID_D553F2CD75,train
ID_D555D0E2E6,train
ID_D556461ECB,train
ID_D5592AFE70,final
ID_D5593E47AE,train
ID_D55946C364,validation
ID_D55A0FC9B1,train
ID_D55AA34C1C,final
ID_D55B6368CE,train
ID_D55E8AAE28,train
ID_D55F036792,train
ID_D560C676FB,train
ID_D562590F52,train
ID_D56288E280,train
ID_D568A8049D,train
ID_D568F940C6,train
ID_D5691AF791,final
ID_D56A1F0704,validation
ID_D56C0F5FBF,train
ID_D56D4391FB,train
ID_D57162A44A,final
ID_D571DD97BD,train
ID_D577B8D561,train
ID_D577DC5902,validation
ID_D57939C073,validation
ID_D57A557120,train
ID_D57B30E022,train
ID_D57CE4012C,train
ID_D57F0C4D57,final
ID_D5807D5A69,final
ID_D580943939,validation
ID_D581B7CDC8,train
ID_D586B1E329,final
ID_D586D9EA69,train
ID_D5883FDA9E,validation
ID_D58A5BF8E5,validation
ID_D58B3DA49F,validation
ID_D58BFC2DB0,final
ID_D58C1A10BB,train
ID_D58CCF6F0D,train
ID_D58D55DFE1,train
ID_D58D963896,validation
ID_D58EB44BFC,validation
ID_D5914C81DB,train
ID_D593F5078F,train
ID_D595594D12,train
ID_D598B558E2,validation
ID_D59BB8D073,train
ID_D59BF19D8F,train
ID_D59E02103B,train
ID_D59EED6769,validation
ID_D59F273844,validation
ID_D59F8DCDB3,final
ID_D5A08E4D50,validation
ID_D5A1BF82FF,train
ID_D5A1E66346,train
ID_D5A2B4301F,train
ID_D5A2E8A6E4,validation
ID_D5A3500E41,validation
ID_D5A3AB7BEC,train
ID_D5A4DCFFEF,final
ID_D5A6D7EFB8,train
ID_D5A744A720,train
ID_D5A9F9D583,train
ID_D5AAA8C39B,train
ID_D5AAC24FA7,validation
ID_D5AB4912C7,validation
ID_D5AE90AC66,train
ID_D5AF37625D,validation
ID_D5B2285DAD,final
ID_D5B25415C4,train
ID_D5B3DBF788,validation
ID_D5B53DC994,final
ID_D5B581C9A6,train
ID_D5B5930E9B,validation
ID_D5B9515A5D,train
ID_D5B967C9BC,final
ID_D5BBE8FC91,validation
ID_D5BC2A3DCC,train
ID_D5BDC06441,train
ID_D5BE9A9CA5,final
ID_D5BEDC0092,final
ID_D5BF01C12B,validation
ID_D5BF0B187E,train
ID_D5BF0DEBD7,train
ID_D5C03A76B0,train
ID_D5C2E6E33C,train
ID_D5C359D216,train
ID_D5C36FF46C,validation
ID_D5C3F5562B,train
ID_D5C46DCB66,final
ID_D5CA8C2D19,final
ID_D5CBBA0A92,train
ID_D5CE13B64F,validation
ID_D5D0565A7C,train
ID_D5D05C6E59,train
ID_D5D2CB8045,validation
ID_D5D2F65516,validation
ID_D5D654EB25,train
ID_D5D681F95B,train
ID_D5DC21CA17,train
ID_D5DE875913,train
ID_D5E0036FAF,train
ID_D5E3C97E37,train
ID_D5E5777C55,train
ID_D5E6C96AF3,final
ID_D5E8E39FF9,final
ID_D5E9A70EA1,final
ID_D5E9F0B074,train
ID_D5EB26A1B2,train
ID_D5EF0C0A91,train
ID_D5F0BDED94,final
ID_D5F1AE6019,train
ID_D5F58E3D0A,validation
ID_D5F5D1643E,validation
ID_D5F68F411B,train
ID_D5F7249D43,train
ID_D5F800DD0D,train
ID_D5F8F99A6D,train
ID_D5FB252F4A,validation
ID_D5FC90ED4F,train
ID_D5FED3D714,final
ID_D5FF12837B,final
ID_D6000C6D0E,train
ID_D605A2CE85,validation
ID_D60633DB03,train
ID_D6064C94C2,final
ID_D60ADF5565,train
ID_D60D40DFC6,validation
ID_D60FD8C143,train
ID_D6132D14D9,train
ID_D613E0F3CA,train
ID_D614697241,final
ID_D614E6B3FB,train
ID_D61507175F,validation
ID_D61AF4BA12,final
ID_D61E6BC9D7,validation
ID_D623C6B568,train
ID_D6250B167F,final
ID_D6262F92E5,validation
ID_D628308B42,final
ID_D6289B5139,train
ID_D62AA07D15,train
ID_D62AF985E2,final
ID_D62C4B73A8,final
ID_D62DDABE24,train
ID_D62EAA2F6D,train
ID_D62EB46045,validation
ID_D62F80C981,train
ID_D6301F22BE,train
ID_D635D856E6,train
ID_D6393E75E8,train
ID_D639B0B9CF,train
ID_D63B45C748,train
ID_D63C262157,train
ID_D63DEC2C5A,final
ID_D63E6F8B6D,final
ID_D64022A2A4,train
ID_D641EB225F,final
ID_D64332C5E4,train
ID_D6449A090E,validation
ID_D6451E4AD9,train
ID_D645E38B2C,validation
ID_D64A29D348,validation
ID_D64D602554,train
ID_D64D8585B0,train
ID_D64DACC3BF,final
ID_D64EEE806B,final
ID_D6503D8AA3,train
ID_D650CAA30B,train
ID_D6532420B8,train
ID_D653903B5C,train
ID_D653AF84D0,final
ID_D653E7FEB9,train
ID_D653FCE5D0,train
ID_D654805657,train
ID_D654AD7939,train
ID_D657B6C2C4,validation
ID_D65B643DF0,validation
ID_D65CEF744D,train
ID_D65EDFE8EC,validation
ID_D65EE2B915,final
ID_D65F62573C,final
ID_D6606D6439,train
ID_D66080FF43,train
ID_D661DFC4B8,validation
ID_D66208A5F9,train
ID_D662C2D932,train
ID_D6636921CB,train
ID_D664B05E0F,train
ID_D664E9B937,validation
ID_D66599A336,validation
ID_D666F7576E,train
ID_D66915A0F5,final
ID_D66A4825DF,final
ID_D66C59341D,validation
ID_D66FD5B8EB,final
ID_D6732A05E9,final
ID_D67460F100,train
ID_D67CE79F9E,train
ID_D67F459BDA,train
ID_D67F4BFD5B,validation
ID_D67F6CE450,train
ID_D6825CF3BA,train
ID_D682A23EEE,final
ID_D685B75E37,train
ID_D689DA3532,train
ID_D68D009512,validation
ID_D6907DADC0,final
ID_D6910E7943,train
ID_D692CD7D8D,train
ID_D693F55DA8,train
ID_D69AD98C26,validation
ID_D69ADBC5A4,train
ID_D69AF1ED95,validation
ID_D69D5CD1F0,train
ID_D69D7D9BFF,train
ID_D69E43E69F,train
ID_D6A0BC9220,final
ID_D6A39C91B9,final
ID_D6A6588F34,final
ID_D6A8208F1A,final
ID_D6A873C5B3,validation
ID_D6AD4AF4AB,train
ID_D6B02904E5,validation
ID_D6B8AD194D,final
ID_D6B8CD44EA,train
ID_D6BA8F7DFC,train
ID_D6BAE7616E,train
ID_D6BCADD189,validation
ID_D6BEE8BE3A,train
ID_D6BF5920C5,train
ID_D6C1289C2E,final
ID_D6C135502C,validation
ID_D6C25D87E9,final
ID_D6C39DAE61,train
ID_D6C5194C09,train
ID_D6C57F242F,train
ID_D6C71C0CA6,final
ID_D6D4844560,validation
ID_D6D57B4B00,train
ID_D6D6648FBD,train
ID_D6DD20D78B,final
ID_D6DEAD3327,final
ID_D6DFE6A810,train
ID_D6E05D7CF9,train
ID_D6E18B8CAB,validation
ID_D6E2547A16,train
ID_D6E283261D,validation
ID_D6E3414BFB,train
ID_D6E5F7DA2C,train
ID_D6E620C023,final
ID_D6E70B1FAC,validation
ID_D6E7A21CEF,train
ID_D6E7C77901,train
ID_D6E7D355F7,train
ID_D6E92156BA,train
ID_D6E93214A9,train
ID_D6EAE85362,train
ID_D6EB4C51AD,validation
ID_D6EFD4AD4F,validation
ID_D6F032ADF4,final
ID_D6F037EEED,validation
ID_D6F09A2964,final
ID_D6F17E6504,train
ID_D6F26FB155,final
ID_D6F2F83372,train
ID_D6F86C70AF,train
ID_D6F9C0F356,train
ID_D6FACFDAC8,validation
ID_D6FCCA0A7D,final
ID_D6FF1619EA,train
ID_D7010222F1,validation
ID_D70177F673,final
ID_D701EFB4C8,train
ID_D7035858AE,train
ID_D703F45C53,validation
ID_D703FBAD86,validation
ID_D7061CCCE5,train
ID_D7096334FE,final
ID_D70A42D20F,train
ID_D70AD19D23,final
ID_D70C1A0209,final
ID_D70C881A8D,train
ID_D70C961D69,final
ID_D70DE30D9E,final
ID_D7100C9CE9,final
ID_D710E52BE7,train
ID_D711F3D9C3,train
ID_D711FAFCA4,train
ID_D712578CEE,train
ID_D713DBB92A,validation
ID_D71699087A,train
ID_D717EB5245,train
ID_D718802F85,train
ID_D71A0C1C4E,validation
ID_D71FD6DFF3,train
ID_D72100C62F,validation
ID_D7214039E5,final
ID_D722505DF6,train
ID_D7234A3431,validation
ID_D7263734AB,train
ID_D72BD9D8B9,validation
ID_D72DB32389,validation
ID_D72EA35CC7,final
ID_D733068526,final
ID_D738733361,train
ID_D738F527C1,train
ID_D73A04C158,final
ID_D73AFE5E52,validation
ID_D73B1E31E6,train
ID_D73C6442A4,validation
ID_D741027A3D,final
ID_D7464CE4E4,train
ID_D746FE3E67,train
ID_D7477CACC7,train
ID_D7486254FD,final
ID_D74A3C9ED2,validation
ID_D74A9B5BB7,train
ID_D74B70BC97,train
ID_D74BF52FF9,train
ID_D74CA87028,train
ID_D74EBC7E11,train
ID_D74EE0A561,final
ID_D74F10F677,train
ID_D74F1B9B3D,train
ID_D74F339662,train
ID_D7533E263C,train
ID_D7545DE888,train
ID_D756FB7AFB,final
ID_D75719451C,train
ID_D75831E8D9,validation
ID_D758F36851,train
ID_D75934E20E,final
ID_D75A4C8F80,train
ID_D75A79BE80,train
ID_D75ABC42A1,train
ID_D75B072A9D,train
ID_D75D8AAF6E,train
ID_D761478712,train
ID_D761909F44,train
ID_D762688FD9,final
ID_D76408803B,train
ID_D7640F200D,validation
ID_D765778468,validation
ID_D767D9F625,train
ID_D7692CFC77,train
ID_D769B913CD,train
ID_D76ABCC6CA,train
ID_D76B036051,train
ID_D76C4E37C8,train
ID_D76D8DBB93,validation
ID_D76E99A04A,train
ID_D770714271,train
ID_D7731C6566,final
ID_D773E7EA94,train
ID_D774D92BD8,final
ID_D777A4F14A,validation
ID_D777C7D9F2,validation
ID_D777F81431,validation
ID_D77B7195AA,train
ID_D77CB50EC6,train
ID_D77D513EBC,train
ID_D77D771B2C,final
ID_D77FB582AB,train
ID_D780C4C00B,train
ID_D7812C53F0,train
ID_D783E0CD1E,validation
ID_D7884D7325,train
ID_D78AC2C0C2,train
ID_D78BF12140,train
ID_D78D76F44F,validation
ID_D78E75818D,train
ID_D78FF2834E,validation
ID_D793381FC9,final
ID_D794AD4A41,train
ID_D7959C4FBF,train
ID_D797693B57,final
ID_D797AEE9E6,final
ID_D798D31DD7,train
ID_D79BAAD53D,train
ID_D79EBAED20,validation
ID_D79F17B39A,final
ID_D79F67BB2F,train
ID_D79FBCCFB8,train
ID_D7A0BB9F8F,train
ID_D7A1FF43B3,final
ID_D7A22C8DED,train
ID_D7A2DD6E8C,train
ID_D7AAC895BC,train
ID_D7AE9A06EA,final
ID_D7AFD1DAA1,validation
ID_D7B3D1C130,train
ID_D7BBF56D5A,train
ID_D7BC1CBF7A,train
ID_D7BCBD6B03,train
ID_D7BE24FFA2,train
ID_D7C3151AB3,train
ID_D7C515DD62,train
ID_D7C62673F8,train
ID_D7C674141E,train
ID_D7C7625A59,final
ID_D7CC7C92E0,train
ID_D7CD3C7908,train
ID_D7CE3E2BBC,train
ID_D7CF57F747,train
ID_D7CF95E40D,train
ID_D7CFC2A7DD,final
ID_D7D1658DDE,train
ID_D7D31A5087,train
ID_D7D6813863,final
ID_D7DBE282BF,validation
ID_D7DC6C1B6E,train
ID_D7DD93ED3B,validation
ID_D7DEDB918E,final
ID_D7E130C361,final
ID_D7E5049F51,train
ID_D7E72DC8B2,train
ID_D7E72E74C3,train
ID_D7E8372AB7,validation
ID_D7EC23B1D1,final
ID_D7ED9FB7E0,train
ID_D7F0D1706C,validation
ID_D7F12C7C1A,validation
ID_D7F4020008,train
ID_D7F72067F1,train
ID_D7F819F5B0,final
ID_D7F9E3AB3A,final
ID_D7FB7E0D65,validation
ID_D7FBB416EE,train
ID_D7FBDEAA45,final
ID_D7FCFAA4BA,train
ID_D7FDCE506C,train
ID_D7FE6A9812,validation
ID_D7FF1F41F3,train
ID_D800B2F774,train
ID_D806B38290,validation
ID_D807705D8F,train
ID_D8083FF28A,train
ID_D80CD7B41C,train
ID_D80F54B32B,train
ID_D810D864CC,validation
ID_D811BCE0BF,validation
ID_D8168FA5B0,validation
ID_D817B862D5,train
ID_D8182C598D,train
ID_D819641F2B,train
ID_D81B3DF0D5,train
ID_D81EBF23F9,validation
ID_D81F876C6D,validation
ID_D82338FD13,final
ID_D82346BF73,final
ID_D82384F070,validation
ID_D8250C9446,validation
ID_D82520E10A,train
ID_D827A29C17,final
ID_D828E6C5C6,final
ID_D82A26C5CF,validation
ID_D82D1C15B9,train
ID_D8302AA814,train
ID_D833EA4484,train
ID_D834CE74F3,train
ID_D836197680,train
ID_D8366C4D7F,train
ID_D837EC81FE,train
ID_D83854AF45,validation
ID_D838747B32,final
ID_D8396CBD9B,train
ID_D83A99E448,train
ID_D83C61F0BF,final
ID_D83EE98A79,train
ID_D8406EE11B,train
ID_D8407341B4,train
ID_D8421F006A,train
ID_D849121A31,validation
ID_D84B442C04,train
ID_D84BFDF020,train
ID_D84C639D3D,validation
ID_D84C69908F,train
ID_D85123576E,validation
ID_D8518A9EF9,train
ID_D852FD6054,train
ID_D85626FA5C,final
ID_D85A5DED79,train
ID_D85B1B0456,train
ID_D85BF29097,final
ID_D85D8FAE12,train
ID_D85DB41008,train
ID_D85EE939E7,train
ID_D85F3E6395,validation
ID_D85F4D441F,train
ID_D860137228,validation
ID_D8615F3FAD,validation
ID_D861AD9608,validation
ID_D861DF3CAE,train
ID_D8632811C7,final
ID_D864B2EB61,train
ID_D864DB266F,final
ID_D865DB7865,final
ID_D866784A72,validation
ID_D866E7C890,train
ID_D867376CBB,final
ID_D868674607,validation
ID_D868D83C7F,final
ID_D86CE5B145,train
ID_D872FFF25D,validation
ID_D874A616B4,validation
ID_D875EF4A99,train
ID_D877B4CDF4,train
ID_D878653F4D,train
ID_D87872EEE3,validation
ID_D87A88F4A4,final
ID_D87AABCD7C,final
ID_D87D0F1156,final
ID_D87FADE161,train
ID_D8805AA777,train
ID_D88308457C,train
ID_D883DD28E9,train
ID_D8862FBF78,validation
ID_D888A26291,train
ID_D8897FB153,final
ID_D8899998DB,validation
ID_D88E98DBAE,train
ID_D891ECD4D1,final
ID_D8964B844B,train
ID_D8966F115A,train
ID_D898AC3515,validation
ID_D89AA402D2,train
ID_D89BCF0B11,validation
ID_D89FF8966F,train
ID_D8A04656F5,final
ID_D8A3A9B36A,train
ID_D8A5507CD6,train
ID_D8A765EA60,train
ID_D8A7DE004A,train
ID_D8A9222E25,train
ID_D8ABC81CE2,final
ID_D8B0C3E965,final
ID_D8B270D6AF,final
ID_D8B27E4C80,train
ID_D8B2CB51CD,validation
ID_D8B8150F80,train
ID_D8BC1DAA68,final
ID_D8BF490D99,validation
ID_D8BFFEA889,train
ID_D8C24090ED,train
ID_D8CA42A242,train
ID_D8CC17A74E,train
ID_D8CD55E1A1,validation
ID_D8CDCE6765,validation
ID_D8D01F11A7,train
ID_D8D1DADEC8,validation
ID_D8D287963B,validation
ID_D8D50CC055,validation
ID_D8D54184FF,train
ID_D8D558B607,train
ID_D8D5FDE5DD,final
ID_D8D70AE09A,train
ID_D8D7D3485E,train
ID_D8D876E469,train
ID_D8DA70FFD7,validation
ID_D8DD5C0ADF,validation
ID_D8DDBE5002,final
ID_D8E09A4996,train
ID_D8E119BF5E,train
ID_D8E3C0A790,train
ID_D8E65B6E99,final
ID_D8E6FF5578,final
ID_D8E7770C26,train
ID_D8E857E16E,final
ID_D8EBB7AD2E,train
ID_D8F09B48A3,train
ID_D8F0A19B11,train
ID_D8F13A4E31,validation
ID_D8F1B71B74,final
ID_D8F2F5FFD8,train
ID_D8F3A01576,train
ID_D8F486D834,train
ID_D8F551580A,final
ID_D8F6B91D47,validation
ID_D8F6E791C6,validation
ID_D8F71DB25B,train
ID_D8F986F334,train
ID_D8F9CD900C,validation
ID_D8FA351983,train
ID_D8FB1D4174,train
ID_D8FC62F597,train
ID_D8FC7FCD21,train
ID_D8FDB9C64E,train
ID_D8FDE72B96,train
ID_D8FDE9ED2D,train
ID_D90281A4C7,train
ID_D903B24FF8,train
ID_D90410E839,validation
ID_D904743FD5,train
ID_D905DC1B19,validation
ID_D90AAB93AA,final
ID_D90C22AAA4,train
ID_D90C511738,train
ID_D90D3BA0B2,train
ID_D90F906C6A,final
ID_D9122DE72E,final
ID_D9143461C5,validation
ID_D9155F488B,train
ID_D91AEEB1B3,train
ID_D91DA65EE6,validation
ID_D91E5105FF,train
ID_D91FCDA0DC,train
ID_D920EFFFF1,validation
ID_D92448F7BF,train
ID_D926950061,final
ID_D927B8E4FD,train
ID_D92C81D092,final
ID_D92D120688,final
ID_D92DA3BE78,train
ID_D92F01389A,train
ID_D93228E9F0,train
ID_D9324FC601,train
ID_D932B53F1B,train
ID_D9398B8E25,final
ID_D93AEC18A1,train
ID_D93BB656A1,train
ID_D942D625CD,validation
ID_D943FD41FB,final
ID_D94494ECD6,train
ID_D944DFD7CA,validation
ID_D94518D84B,validation
ID_D94650A4D9,train
ID_D947D6A26C,train
ID_D94AB03B0A,train
ID_D94AB374F7,train
ID_D94AC355FB,train
ID_D94B38FA8C,train
ID_D94B5B1974,train
ID_D94B9C5241,train
ID_D94F93837A,train
ID_D9511C86C6,final
ID_D951A26379,train
ID_D952642F70,final
ID_D9550B7218,train
ID_D95539340D,validation
ID_D95543ADFB,train
ID_D957CD6B6F,train
ID_D95999EFDD,validation
ID_D95A548690,train
ID_D95D18A965,train
ID_D961070734,train
ID_D96159ADC2,train
ID_D9620CD765,train
ID_D9622DE578,validation
ID_D962DF2686,train
ID_D9669B5CCF,train
ID_D9693C4257,train
ID_D96EFB1080,train
ID_D96F5F1132,train
ID_D970E3866C,train
ID_D971692AE7,validation
ID_D972E3A667,final
ID_D9750592B1,train
ID_D975495317,train
ID_D97634C964,train
ID_D97BA04EFA,train
ID_D97CBD2443,train
ID_D97D8E4BF0,train
ID_D97FF715D4,train
ID_D9804CADC9,train
ID_D9807E6732,train
ID_D980B08B70,train
ID_D983EF6067,validation
ID_D984AFFAB9,train
ID_D984D32FE7,final
ID_D98657C426,train
ID_D988567A78,train
ID_D988E28C42,train
ID_D9890B65EB,validation
ID_D98AE8823E,train
ID_D9914FA472,train
ID_D999BE8DA7,final
ID_D99B430973,final
ID_D99B8A17B4,validation
ID_D99C4EA1F1,final
ID_D99D1AE7E4,train
ID_D99D28266E,validation
ID_D99E03C3CB,final
ID_D99E354F97,train
ID_D9A075BDCC,validation
ID_D9A0DB5140,final
ID_D9A18DFB04,train
ID_D9A3DAC193,train
ID_D9A49D070C,train
ID_D9A64CE0DB,final
ID_D9A6D67F2A,final
ID_D9A7AE7147,train
ID_D9AB0E9521,train
ID_D9AFA16BDD,train
ID_D9B0E9B1F7,train
ID_D9B2356609,train
ID_D9B358BA40,train
ID_D9B3FAE1AE,train
ID_D9B4DBE844,validation
ID_D9B7AEBAE4,train
ID_D9BAE0B767,train
ID_D9BC2A7955,train
ID_D9BCB126BF,train
ID_D9BDA943C0,train
ID_D9BF87B754,train
ID_D9C1744493,final
ID_D9C21AB097,final
ID_D9C403DA1A,final
ID_D9C46FFC9A,train
ID_D9C50237E4,validation
ID_D9C8972172,validation
ID_D9CD940C4B,train
ID_D9CDDC0B13,final
ID_D9CFAA64C5,train
ID_D9CFE7A9DC,train
ID_D9D033D792,final
ID_D9D0E6FCB2,validation
ID_D9D1A44905,train
ID_D9D264CEA4,train
ID_D9D73B00B1,train
ID_D9D7A60B50,train
ID_D9D8E5F6BC,final
ID_D9DBD19277,train
ID_D9DBD6294F,final
ID_D9DE59DFFD,train
ID_D9DEC88F99,train
ID_D9E28ACB3B,train
ID_D9E2C94CE4,train
ID_D9E3893BF2,train
ID_D9E6B86AF5,train
ID_D9E78EA500,train
ID_D9E7B6C7C8,train
ID_D9EA361592,train
ID_D9EB99A7D4,final
ID_D9ECF1993C,final
ID_D9ED580B9D,train
ID_D9F043CFB1,final
ID_D9F0D48DB7,final
ID_D9F1978FA8,validation
ID_D9F25984C2,train
ID_D9F349F74F,train
ID_D9F791D4C0,train
ID_D9F8432BC4,train
ID_D9F9144106,train
ID_D9FAC68D92,train
ID_D9FACEA714,validation
ID_D9FB5E9619,train
ID_D9FD6F9E51,train
ID_D9FE50EFA3,validation
ID_D9FF956655,final
ID_DA015EAB03,validation
ID_DA01E78829,validation
ID_DA032CEC48,train
ID_DA06DBBEDD,train
ID_DA0905A001,train
ID_DA0996C156,train
ID_DA0997FD74,train
ID_DA09F92EE8,final
ID_DA0A805792,validation
ID_DA0B23BDD9,train
ID_DA0D5A8ACD,train
ID_DA0EFC65C1,train
ID_DA1189B484,train
ID_DA126DA2B4,train
ID_DA13D69AC2,final
ID_DA14CB0359,validation
ID_DA16B7DC6A,validation
ID_DA16CC6C8A,train
ID_DA1719B610,train
ID_DA175A6A55,train
ID_DA17D38AAE,train
ID_DA1990152E,validation
ID_DA1DEE8A00,train
ID_DA1E878293,validation
ID_DA1F2D045B,validation
ID_DA1F8D3537,train
ID_DA242CD43D,validation
ID_DA26EDD760,train
ID_DA28B3884E,train
ID_DA296CDA73,train
ID_DA2AAF93B8,train
ID_DA2BCFFE72,validation
ID_DA2C4B71A1,final
ID_DA2D020B33,train
ID_DA2D98FDF4,final
ID_DA2E0938BC,final
ID_DA3156E824,train
ID_DA32B0AD43,train
ID_DA3369DE33,train
ID_DA33D6FBF5,validation
ID_DA33F7C742,final
ID_DA348A8A3B,train
ID_DA366E7E44,train
ID_DA37EC61F9,final
ID_DA381141E4,train
ID_DA38BFCF3A,train
ID_DA3B35895E,train
ID_DA3DEC1CC5,train
ID_DA40B6B5CB,validation
ID_DA43ED978E,train
ID_DA4450D6C0,final
ID_DA449A8E52,train
ID_DA456BC74B,train
ID_DA45C0C9D6,train
ID_DA464EA286,train
ID_DA476D0F67,final
ID_DA481E63ED,final
ID_DA497FB815,train
ID_DA4B8164F4,final
ID_DA4B838859,validation
ID_DA4C3081FC,final
ID_DA4E2D13B1,train
ID_DA530E36C0,train
ID_DA5343642F,train
ID_DA5681665A,train
ID_DA579EC4F9,validation
ID_DA5A9648E9,final
ID_DA5B09CC2C,validation
ID_DA5C4BA35B,final
ID_DA5FB7AB89,validation
ID_DA60ACE324,final
ID_DA6121409C,train
ID_DA64FCE0E7,validation
ID_DA65B6CE0C,train
ID_DA65DCEB05,train
ID_DA66B4E4CA,train
ID_DA6E2261BB,train
ID_DA6F7B21AA,final
ID_DA708727AD,train
ID_DA7349C52A,train
ID_DA73C403BF,final
ID_DA748D26B2,train
ID_DA75DB3353,validation
ID_DA75E715AB,train
ID_DA761D7F16,validation
ID_DA7B422B69,train
ID_DA7C967B1F,train
ID_DA80FF38E4,final
ID_DA828CF855,train
ID_DA847C4829,train
ID_DA863824B0,train
ID_DA8901AD41,validation
ID_DA89E9BF3D,validation
ID_DA8AA61332,validation
ID_DA8DC94E8C,final
ID_DA8EAEB656,validation
ID_DA8F87B35E,train
ID_DA90A03D05,validation
ID_DA91248D70,train
ID_DA912FA659,final
ID_DA913A717E,train
ID_DA9437A02D,final
ID_DA94E06EFB,train
ID_DA976198D6,final
ID_DA97D20BDD,train
ID_DA9A17978F,train
ID_DA9B61A7B5,train
ID_DA9C7CFAA9,train
ID_DA9E1DF8E2,validation
ID_DA9ED32BD8,train
ID_DAA2EBFC8E,train
ID_DAAA8EBB4B,train
ID_DAB2CCA726,final
ID_DAB4B10395,train
ID_DAB507709A,final
ID_DAB754789D,final
ID_DAB7F9909F,final
ID_DAB910225B,train
ID_DABA3F24FD,validation
ID_DABBC6FDA9,train
ID_DABD8744E7,validation
ID_DABEE12E78,final
ID_DABF033C98,final
ID_DAC15884A0,train
ID_DAC5F084ED,validation
ID_DAC673A38A,train
ID_DAC758F0F2,train
ID_DAC9F78D07,validation
ID_DACA3D1D56,train
ID_DACD3C978C,train
ID_DACD9F68EF,train
ID_DACDE6719B,train
ID_DACE3A1010,final
ID_DACF544B4C,validation
ID_DACF6B2CF4,train
ID_DACFC458C0,validation
ID_DAD08C1683,train
ID_DAD12C0B06,train
ID_DAD1D7EFED,train
ID_DAD287A577,final
ID_DAD81D39A6,train
ID_DAD87783B6,train
ID_DAD97F206F,validation
ID_DADA5AA2CB,train
ID_DADA7786EB,train
ID_DADB60D7FE,final
ID_DADDEEBDE5,train
ID_DADEDD02A8,train
ID_DAE157C705,train
ID_DAE23FA7C6,train
ID_DAE24C3BB7,train
ID_DAE6902AA4,train
ID_DAE8F33934,train
ID_DAE9B076C2,final
ID_DAE9F93063,train
ID_DAEABFA06F,final
ID_DAEC532917,train
ID_DAEE16951F,train
ID_DAEEFE46F6,train
ID_DAFC65760A,validation
ID_DAFCA064AF,final
ID_DAFD884C1B,train
ID_DAFD8BE1F7,validation
ID_DAFFDE7D8E,train
ID_DB0353E5AA,train
ID_DB044A68D3,validation
ID_DB063A5580,final
ID_DB06EE95DE,validation
ID_DB07A66731,validation
ID_DB09EFE7E7,train
ID_DB0B05E74C,train
ID_DB0C267BD3,train
ID_DB12FCF4FF,train
ID_DB15B990C5,train
ID_DB16D6C343,train
ID_DB1C203A29,train
ID_DB1C6F089B,train
ID_DB1C7D7B1B,final
ID_DB1C8AC960,train
ID_DB22F444E9,validation
ID_DB2801686D,train
ID_DB28F3812B,train
ID_DB293046BE,train
ID_DB297C9771,train
ID_DB2AE6600C,train
ID_DB2BA6D2C0,train
ID_DB2C5B69B6,train
ID_DB3115D621,train
ID_DB3273BBEB,train
ID_DB352B77FC,train
ID_DB3724B706,train
ID_DB38217803,validation
ID_DB3A038F0D,final
ID_DB3AF8E589,validation
ID_DB3CBC0FFA,train
ID_DB3D75516B,validation
ID_DB3EB0C248,train
ID_DB4084E767,validation
ID_DB4132A281,validation
ID_DB4269D7CA,final
ID_DB4396EDB6,validation
ID_DB45565FB7,final
ID_DB45F37271,final
ID_DB47FD5668,final
ID_DB48D89480,train
ID_DB499B5059,train
ID_DB4C49F7FE,final
ID_DB4DE0DFBA,train
ID_DB50C86941,train
ID_DB5168F61D,train
ID_DB52077291,validation
ID_DB52F21075,train
ID_DB5314DFF1,final
ID_DB555EE90D,train
ID_DB576D71F7,train
ID_DB58721104,validation
ID_DB59B86511,train
ID_DB5A35F92B,train
ID_DB5ACB3ED9,train
ID_DB5D311734,train
ID_DB5DABF7B8,final
ID_DB5DE82AB4,final
ID_DB5E6C7C3E,final
ID_DB600393F0,final
ID_DB60D29541,final
ID_DB62D6CA8E,train
ID_DB63CED392,train
ID_DB63FB3EA8,train
ID_DB64BDD270,final
ID_DB65DD4D19,final
ID_DB68AD3C1B,final
ID_DB68DA5555,final
ID_DB6B02C2CF,train
ID_DB6B107167,final
ID_DB6C864470,train
ID_DB6CFB2CA4,train
ID_DB73190050,train
ID_DB7389D01A,train
ID_DB740CEACB,train
ID_DB75D3B144,train
ID_DB774DF8D3,validation
ID_DB791D34E3,train
ID_DB79BEEA92,final
ID_DB79CBD9BE,train
ID_DB7C80EC6C,validation
ID_DB7DCE8039,train
ID_DB7F9958C1,train
ID_DB814C63C8,train
ID_DB867D2E90,validation
ID_DB87CC75ED,final
ID_DB88BC6F82,final
ID_DB8AD368AA,train
ID_DB8BD3EE10,train
ID_DB8CF1A9BD,train
ID_DB8F7BD4D0,train
ID_DB8FAB56A3,final
ID_DB913E4D72,train
ID_DB91E60724,train
ID_DB91EF09B9,final
ID_DB962C4183,train
ID_DB96D611BB,train
ID_DB97ACE474,train
ID_DB98733A1E,train
ID_DB9CE7BEC5,train
ID_DB9E5A9613,train
ID_DB9FA4D9C7,train
ID_DBA002352E,validation
ID_DBA155BBA7,train
ID_DBA8230D9D,validation
ID_DBA95246F0,train
ID_DBAD376478,train
ID_DBAFA2F4DB,train
ID_DBB290C457,train
ID_DBB46F4FC0,validation
ID_DBB473F414,train
ID_DBB52B1EB6,train
ID_DBB6C7DE5A,train
ID_DBB9750CC0,validation
ID_DBBA0F71C9,final
ID_DBBB7BAABF,train
ID_DBBBDA2B02,train
ID_DBBCD999B3,final
ID_DBBD27A72F,final
ID_DBBD53584A,train
ID_DBC3931F81,validation
ID_DBC45BBD7E,train
ID_DBC4C93317,validation
ID_DBC5B85C0F,train
ID_DBCB1F3702,train
ID_DBCB9657B8,train
ID_DBCD5397ED,validation
ID_DBD2A4F575,final
ID_DBD36E3C46,validation
ID_DBD45FD03C,train
ID_DBD47D24E5,validation
ID_DBD75E841B,train
ID_DBD75FE20F,final
ID_DBD78F86E7,train
ID_DBDCC496B9,final
ID_DBDE0F3FA4,train
ID_DBDFCCA6F0,train
ID_DBE11E954C,train
ID_DBE1E6C29F,final
ID_DBE210A402,final
ID_DBE883418E,final
ID_DBEAADB3EE,final
ID_DBEC96C269,train
ID_DBED3B2DA9,train
ID_DBED8E563A,final
ID_DBEDA56DBE,train
ID_DBEE13A2F1,final
ID_DBF1A8539C,validation
ID_DBF3734D36,train
ID_DBFC4839F4,final
ID_DBFFDE724A,train
ID_DC02C9C45F,train
ID_DC05B08DCB,final
ID_DC08DB9B42,validation
ID_DC0AC0AFE1,train
ID_DC0AC2B912,train
ID_DC0BF99AD4,validation
ID_DC0C04F4AD,train
ID_DC0E19E2E3,train
ID_DC104EA30D,train
ID_DC121D95CF,final
ID_DC162E1621,train
ID_DC18401C3E,train
ID_DC187278E5,train
ID_DC1A1DA883,train
ID_DC1B1AD11A,train
ID_DC1B83CFB2,final
ID_DC1B9370C7,train
ID_DC1BAB99B7,train
ID_DC1C676F36,train
ID_DC1D28C555,train
ID_DC1D7C561F,train
ID_DC1E94A494,train
ID_DC222B8B2A,train
ID_DC22D7D73B,final
ID_DC27036F94,train
ID_DC28180CE9,final
ID_DC281A19FB,final
ID_DC28801D4E,validation
ID_DC2B7DCCAE,train
ID_DC2C7AC3AC,train
ID_DC2EFD0D79,train
ID_DC31366CAB,train
ID_DC31BE53F4,train
ID_DC343B7BCB,train
ID_DC3510641B,validation
ID_DC38FC29F1,train
ID_DC392F870D,train
ID_DC39831BC5,train
ID_DC39916B59,validation
ID_DC3CD3346E,train
ID_DC3D09BB3C,final
ID_DC3FAB8377,train
ID_DC3FE431E1,final
ID_DC412C6BA9,train
ID_DC435E8360,train
ID_DC45864BC3,train
ID_DC479E0F2C,train
ID_DC49B4E0A4,final
ID_DC4E49ABB3,validation
ID_DC4F624E36,validation
ID_DC4FC48C9E,train
ID_DC50847496,final
ID_DC50CCDD41,final
ID_DC52EE6C57,validation
ID_DC562E5CB6,train
ID_DC568E7B5E,train
ID_DC57D88B17,train
ID_DC5A5DCB9C,train
ID_DC5CAB410F,train
ID_DC5F8F28AF,train
ID_DC62FD3C9C,train
ID_DC634F0487,train
ID_DC65AB67FF,validation
ID_DC65C1F90B,validation
ID_DC677B5412,final
ID_DC6A007404,train
ID_DC6A030000,train
ID_DC6C600DF3,train
ID_DC6D8F6FEB,final
ID_DC6DD8E68A,train
ID_DC6E167486,final
ID_DC72D03CCB,final
ID_DC732B5960,validation
ID_DC73917586,validation
ID_DC74589B83,final
ID_DC75C3AB26,train
ID_DC7759C2F0,train
ID_DC7A7F9AAF,train
ID_DC7B1F9639,train
ID_DC7D6B10AA,train
ID_DC7EE7542B,train
ID_DC7F07C880,final
ID_DC7FECC5AF,train
ID_DC80B75DFB,train
ID_DC8520BB31,train
ID_DC853D7F88,train
ID_DC8651BA4F,train
ID_DC87E25DD1,train
ID_DC8924BD3A,train
ID_DC89399E72,validation
ID_DC8A8566C6,train
ID_DC8B2A4BA1,train
ID_DC8BCAAE01,final
ID_DC8BFE7C48,final
ID_DC8C5E0983,train
ID_DC8DF951D6,validation
ID_DC8EEF343A,final
ID_DC8F7DB5AF,final
ID_DC90B06586,train
ID_DC9341A778,validation
ID_DC936706A9,train
ID_DC943D2868,validation
ID_DC96A9211A,validation
ID_DC9B64835B,train
ID_DC9C571881,train
ID_DC9C77DA58,train
ID_DC9E352B45,train
ID_DC9E880F4A,final
ID_DC9E9688D9,train
ID_DC9EDE6A64,validation
ID_DC9FFAA68F,validation
ID_DCA0DBF619,final
ID_DCA1294329,validation
ID_DCA2A1B664,train
ID_DCA36D5227,validation
ID_DCA52DF63A,train
ID_DCA5377A04,train
ID_DCA5771B86,train
ID_DCA85A7667,train
ID_DCA8615FB5,train
ID_DCA98FB62C,final
ID_DCAB58FD13,validation
ID_DCAC11CD3D,train
ID_DCAD23E65C,train
ID_DCAFA4E0DA,train
ID_DCAFBC9AE2,train
ID_DCAFC581D5,train
ID_DCB0D70723,final
ID_DCB2D95923,train
ID_DCB3AB3FB7,train
ID_DCB4AE908A,final
ID_DCB5E3B54F,final
ID_DCB67F920A,validation
ID_DCB77035F0,train
ID_DCB9A275E7,validation
ID_DCBE583783,train
ID_DCC0C2DA27,final
ID_DCC87150BA,final
ID_DCC8B83D9E,train
ID_DCC8C35E08,validation
ID_DCCCD7DF6F,final
ID_DCCD74879B,final
ID_DCCFD6C355,train
ID_DCD03F3F01,train
ID_DCD1711C3E,validation
ID_DCD34DA2C9,final
ID_DCD38CABE4,validation
ID_DCD3E3890F,train
ID_DCD5AD1B2C,train
ID_DCD64468C2,validation
ID_DCD7BCE17C,train
ID_DCD932CABD,validation
ID_DCDB171223,final
ID_DCDB7846D4,train
ID_DCDD8D3BD2,train
ID_DCDE84BEDD,validation
ID_DCE2BA9748,train
ID_DCE883F54E,train
ID_DCE8B2CB67,train
ID_DCEBCB3DAA,train
ID_DCECE5480E,train
ID_DCEDD6E0B9,train
ID_DCEDDD8917,train
ID_DCF049C835,final
ID_DCF17E4CD0,train
ID_DCF26FB169,train
ID_DCF3AB5767,final
ID_DCF5DAB892,train
ID_DCF5E37E79,train
ID_DCF7FAA336,train
ID_DCF8207F62,train
ID_DCF920E692,train
ID_DCF943AAE2,train
ID_DCFA4114C7,validation
ID_DCFD21D4FE,final
ID_DCFF2CA89E,final
ID_DCFFD59404,validation
ID_DD00437B42,train
ID_DD023B3160,train
ID_DD030AD06F,final
ID_DD03E93863,train
ID_DD03F86C7C,train
ID_DD04E73C65,final
ID_DD0504BABD,train
ID_DD063B8EFB,final
ID_DD07C11FD1,validation
ID_DD0886E2D4,final
ID_DD0CD8A465,validation
ID_DD0E10DB4D,validation
ID_DD11148CE6,train
ID_DD1251BA6A,final
ID_DD14D35395,validation
ID_DD15DF0F13,final
ID_DD175E4C4A,train
ID_DD18344547,final
ID_DD186BAA17,train
ID_DD1AC2DC3F,train
ID_DD1AE32D89,validation
ID_DD1B9E1849,validation
ID_DD1C947A3F,final
ID_DD1D0B848D,train
ID_DD1D3EB0BF,validation
ID_DD1DE9BEA5,train
ID_DD1F04F858,validation
ID_DD212FBE2A,train
ID_DD23B105C9,train
ID_DD23DA901A,train
ID_DD24BB43E3,validation
ID_DD27A6ECB9,validation
ID_DD29813B5B,train
ID_DD2B7A2415,final
ID_DD2C9EDF37,validation
ID_DD2F906792,train
ID_DD307C61B2,final
ID_DD3128DA41,train
ID_DD324997DA,validation
ID_DD357907F1,train
ID_DD35B79538,train
ID_DD3AA14463,validation
ID_DD3E5406FD,train
ID_DD3FC65DEA,train
ID_DD41A98C72,train
ID_DD449DEAA8,train
ID_DD456774CD,final
ID_DD4599E13B,validation
ID_DD45B84F7C,train
ID_DD48FB75E3,train
ID_DD4AF4F3C8,train
ID_DD4C8DC384,final
ID_DD4D6E513D,final
ID_DD4E6BD786,final
ID_DD4E7A1983,validation
ID_DD53F43517,train
ID_DD54C423BA,validation
ID_DD572185AD,train
ID_DD5881E6ED,train
ID_DD5B811CD5,final
ID_DD5D7642D9,validation
ID_DD616BF90E,train
ID_DD624DEC5F,validation
ID_DD634D25D5,train
ID_DD6632860E,train
ID_DD671C305D,validation
ID_DD68867B0F,validation
ID_DD6AE3AB14,train
ID_DD6C1679E1,validation
ID_DD6CE49E84,validation
ID_DD6FDE577F,final
ID_DD7157A21E,validation
ID_DD7236636B,train
ID_DD736A3CC4,validation
ID_DD75C4E204,train
ID_DD77C1BBA3,final
ID_DD78A0C23D,validation
ID_DD7C7E117F,train
ID_DD7FB02FA4,final
ID_DD80BCA189,train
ID_DD80D783F1,train
ID_DD8100CE47,final
ID_DD82829A0E,train
ID_DD84C33BCD,train
ID_DD863AAD72,validation
ID_DD88331331,validation
ID_DD8B990A28,train
ID_DD8D264026,validation
ID_DD8DC11C27,train
ID_DD90816647,validation
ID_DD90EADC4D,train
ID_DD917FF400,train
ID_DD95C6AAA5,validation
ID_DD96EB3ED1,train
ID_DD970D8F42,validation
ID_DD9B2E3B5B,train
ID_DDA033288D,final
ID_DDA332F4B3,train
ID_DDA8C0F9D8,train
ID_DDAA1C2E7F,train
ID_DDAA55CAF9,train
ID_DDAE1723D6,train
ID_DDB1C4CAF4,train
ID_DDB296B0C8,train
ID_DDB8ECD1FD,validation
ID_DDBA344FD1,train
ID_DDBB82AF25,train
ID_DDBDCAE9C2,validation
ID_DDBE50C309,train
ID_DDBF55026C,train
ID_DDC07D5487,train
ID_DDC2C0E795,validation
ID_DDC36AD131,final
ID_DDC741D47E,train
ID_DDC9913BCA,train
ID_DDCE380044,train
ID_DDCE9952B0,train
ID_DDCEBFD47A,train
ID_DDD021D26C,train
ID_DDD1DC101F,train
ID_DDD2327CC1,validation
ID_DDD5AB0F75,validation
ID_DDD5FB44DE,train
ID_DDD669C1F7,validation
ID_DDD6A9D95C,final
ID_DDD70583F6,train
ID_DDD7490A33,train
ID_DDD879C8B7,train
ID_DDDC26FBC4,train
ID_DDE17C027B,final
ID_DDE5617B9B,train
ID_DDE613ED36,train
ID_DDE645EE48,train
ID_DDE7DD0B36,train
ID_DDF4F37D67,validation
ID_DDF572EB01,train
ID_DDF6454C86,train
ID_DDF6C216F2,validation
ID_DDF75F3B25,final
ID_DDF77ECB48,train
ID_DDFB0F7DD9,train
ID_DDFD22231F,train
ID_DDFD3E465D,train
ID_DDFF9AEB22,train
ID_DE014CC454,train
ID_DE03B37430,final
ID_DE041D8AEA,validation
ID_DE063C457D,train
ID_DE06792D01,validation
ID_DE08DC01F8,final
ID_DE0BDF4591,train
ID_DE0C40C96B,train
ID_DE0E1786B3,train
ID_DE11739F6C,final
ID_DE17324DE8,train
ID_DE1782660E,train
ID_DE1AC0BB88,validation
ID_DE1D2BAEC3,final
ID_DE20DB9C1A,train
ID_DE2217828D,train
ID_DE2293CFE9,train
ID_DE2476D7DF,train
ID_DE2498E113,final
ID_DE24AAA284,final
ID_DE24D0C7D1,final
ID_DE286EEBCF,final
ID_DE28ABD150,validation
ID_DE2AD1EF3C,train
ID_DE2B839522,train
ID_DE3044D886,final
ID_DE30715507,validation
ID_DE3251CE3C,validation
ID_DE325CE363,train
ID_DE32DDDFD8,train
ID_DE39673F13,train
ID_DE3B45AFDF,final
ID_DE3BD159D7,train
ID_DE3C20BBFB,validation
ID_DE3F2D614B,train
ID_DE3F66F6DB,train
ID_DE40358910,final
ID_DE40AE4CE5,final
ID_DE418253E9,final
ID_DE42B7CDC0,validation
ID_DE43BDFBB0,final
ID_DE43D7C9E6,train
ID_DE44E3D0B6,validation
ID_DE45F95B3B,train
ID_DE461BF85E,validation
ID_DE482E1A79,final
ID_DE48A50B65,train
ID_DE4A7A0894,train
ID_DE4BA044C3,train
ID_DE5272321C,final
ID_DE529249C1,final
ID_DE53D324DE,train
ID_DE57AF6A67,final
ID_DE5AD9C3DD,final
ID_DE5CF932AE,train
ID_DE5D22B92A,train
ID_DE60329E74,train
ID_DE607A0F43,train
ID_DE61F4D5D9,train
ID_DE62027694,train
ID_DE628CA3D0,train
ID_DE63E899C6,train
ID_DE6454D521,train
ID_DE6612ECF3,train
ID_DE6762859D,train
ID_DE676827DB,validation
ID_DE68190AB4,train
ID_DE6FBF8D16,train
ID_DE708CAE31,validation
ID_DE70975EFC,train
ID_DE74447C43,train
ID_DE764DE688,validation
ID_DE7662FAFB,train
ID_DE77B3D081,train
ID_DE7A46DF44,train
ID_DE7B3F3CD9,train
ID_DE7B4B36FF,final
ID_DE7BF64252,final
ID_DE7D669E99,train
ID_DE7E198ACC,train
ID_DE7FA1BB51,final
ID_DE8402780F,train
ID_DE856F3DEB,train
ID_DE8F5D5EA6,train
ID_DE8FA73CCD,train
ID_DE9496B941,validation
ID_DE971C389E,train
ID_DE99005B28,train
ID_DE9F303CC8,train
ID_DEA0076AAD,train
ID_DEA0B68A6C,validation
ID_DEA1E402A3,train
ID_DEA273C3B7,validation
ID_DEA2F4D8A4,validation
ID_DEA6C9ED2E,validation
ID_DEA9312639,final
ID_DEA9926F45,train
ID_DEAA0097C8,final
ID_DEABA0914E,train
ID_DEAC271CB0,validation
ID_DEAC8B96E0,final
ID_DEACD1404B,validation
ID_DEAE169DF7,train
ID_DEB26C139A,train
ID_DEB293A415,validation
ID_DEB654645D,train
ID_DEB72F5E3C,train
ID_DEB852E2D6,train
ID_DEBE184933,train
ID_DEBFEFFE3F,validation
ID_DEC1B80472,train
ID_DEC1D54752,validation
ID_DEC275362D,train
ID_DEC3A49C28,train
ID_DEC5C5ABE0,train
ID_DECD8F0FD4,train
ID_DED01D3776,train
ID_DED0AA351B,train
ID_DED3A992BF,train
ID_DED77B627E,final
ID_DED9FB0D0B,train
ID_DEDADD4910,train
ID_DEDBFF1377,train
ID_DEDC60D8D6,validation
ID_DEDD1D8C5B,train
ID_DEDD28F8FF,validation
ID_DEDE390010,train
ID_DEE1495DEE,train
ID_DEE7CE1A12,train
ID_DEE967C346,train
ID_DEEAF00225,validation
ID_DEEB861EE3,train
ID_DEEC19FD58,train
ID_DEED794C11,train
ID_DEF2705834,validation
ID_DEF4C87DD1,train
ID_DEF7123688,train
ID_DEF84F41A3,train
ID_DEF8F6A7D8,train
ID_DEFA9BE1A5,validation
ID_DEFB11F017,final
ID_DEFFE80BFF,train
ID_DF02533CBF,validation
ID_DF025F92FE,train
ID_DF05A4E33E,train
ID_DF08A31C6D,final
ID_DF08E034A5,train
ID_DF0E60B65F,train
ID_DF109EFFBA,final
ID_DF12551FEF,train
ID_DF14AC0C6F,validation
ID_DF19112A99,train
ID_DF19E04658,train
ID_DF1BAF89B7,train
ID_DF1D26F96C,train
ID_DF229628DD,validation
ID_DF27C8D75A,validation
ID_DF29333B73,final
ID_DF2B0886CD,train
ID_DF2C8B666E,train
ID_DF338A907C,final
ID_DF33ACA92F,train
ID_DF341EC2B8,train
ID_DF35F13B11,train
ID_DF361225B0,validation
ID_DF37A57DB7,train
ID_DF3ABF8437,train
ID_DF3DDC7B7E,final
ID_DF4371FFD7,validation
ID_DF45CC33F4,final
ID_DF4841AE72,train
ID_DF4A50E723,train
ID_DF4AE397AF,train
ID_DF4B5827E9,train
ID_DF4C07C881,train
ID_DF502C6682,train
ID_DF5B85144E,train
ID_DF5CF3EBEA,train
ID_DF5D4EC00E,train
ID_DF66F80586,train
ID_DF69ECED0E,train
ID_DF6B0E5DEF,train
ID_DF6B69CAFA,train
ID_DF6C8E6C82,train
ID_DF6E390595,final
ID_DF6E6A8276,final
ID_DF706A81D2,train
ID_DF775D055C,final
ID_DF788AE07B,train
ID_DF78C7C94A,validation
ID_DF7B67D683,final
ID_DF7B9D11B4,train
ID_DF7E748D6E,train
ID_DF7FF93E8D,train
ID_DF804764AB,validation
ID_DF8171443E,train
ID_DF82661049,train
ID_DF82787F9D,train
ID_DF864FD2C0,validation
ID_DF8B61F411,train
ID_DF8CCAEC26,final
ID_DF8D67C59D,final
ID_DF90A9E271,validation
ID_DF90C53201,validation
ID_DF91963350,train
ID_DF92AC1F3B,final
ID_DF94162AB8,train
ID_DF949EA834,train
ID_DF99C3AF4A,train
ID_DF9CF23131,final
ID_DF9D7860A2,final
ID_DF9F152A1A,final
ID_DF9F30D1D3,final
ID_DF9FA019D7,validation
ID_DFA04C904B,validation
ID_DFA166C67C,final
ID_DFA1A0BC83,final
ID_DFA2C519B1,validation
ID_DFA3F959CD,train
ID_DFA7A87A15,validation
ID_DFA7DAC8A8,validation
ID_DFA83F815D,train
ID_DFA92A8A3F,train
ID_DFA953BFE8,train
ID_DFAF7EB031,train
ID_DFB11656A0,final
ID_DFB21001A8,train
ID_DFB39B595C,train
ID_DFB4464D4F,train
ID_DFB6BFDE47,train
ID_DFB84949D2,train
ID_DFBB7A2633,train
ID_DFBB9BEE25,train
ID_DFBC225B42,train
ID_DFBDE0F62B,train
ID_DFBF7A5858,train
ID_DFBFE91742,final
ID_DFC1A0A787,train
ID_DFC37AF9E2,validation
ID_DFC50BE30D,train
ID_DFC637E4D3,train
ID_DFCAF9C6CE,train
ID_DFCC05CB52,final
ID_DFD876A32E,validation
ID_DFD87E5316,final
ID_DFD8B5BED1,train
ID_DFDD6845D8,train
ID_DFDE08E601,final
ID_DFE1C1977B,validation
ID_DFE1C6EC82,validation
ID_DFE1D7EECB,validation
ID_DFE21B6B75,train
ID_DFE27134B8,train
ID_DFE7AEE897,final
ID_DFE80E4F5F,validation
ID_DFE860DAD8,train
ID_DFEBB3DA18,train
ID_DFEDEA047B,train
ID_DFEE3DA041,final
ID_DFEE75D272,train
ID_DFEE9C7C2D,train
ID_DFF512742A,train
ID_DFF51AED45,train
ID_DFF5E507D9,validation
ID_DFF9603D73,train
ID_E000D3E6F6,validation
ID_E002B3F2D7,validation
ID_E0038A5E51,train
ID_E003A8D32D,validation
ID_E00582EBBF,train
ID_E007646C60,train
ID_E007A9A951,final
ID_E008D7F80E,train
ID_E00934D9AF,validation
ID_E00987FB20,train
ID_E00AAF92A5,final
ID_E00B080F68,final
ID_E00B571DFE,final
ID_E00C7B85C8,train
ID_E00DEE6F39,train
ID_E0103CC4A8,train
ID_E0127E4C4C,train
ID_E01819A224,validation
ID_E01D09CA51,train
ID_E01D8BAE16,train
ID_E01F10EF60,train
ID_E020307D7D,train
ID_E02075A96B,final
ID_E022EB4CB1,train
ID_E0239589B1,train
ID_E02400EDF2,train
ID_E0245692DA,validation
ID_E024877564,final
ID_E02637141E,train
ID_E02862752B,train
ID_E029351D46,train
ID_E02AD5034E,train
ID_E02B8766F9,validation
ID_E02B8E44EE,train
ID_E02D7933B9,train
ID_E030A89D1A,train
ID_E031B8B3A9,train
ID_E0335283D1,train
ID_E033C0987A,train
ID_E0343F1936,train
ID_E0349E3E51,train
ID_E035560DBF,train
ID_E03D3F313F,train
ID_E03FD83FB9,validation
ID_E03FD8F4AC,validation
ID_E0418A5146,final
ID_E045D9EA81,validation
ID_E046212B4B,train
ID_E04771AE36,validation
ID_E047DA111C,final
ID_E04867090F,train
ID_E0494F1E53,final
ID_E049A6AEF4,final
ID_E04BBDCF2F,train
ID_E04BDEC44E,train
ID_E04D25124F,train
ID_E04DDFD507,validation
ID_E0545E982B,train
ID_E05478EA20,train
ID_E05513E131,final
ID_E0554B43FF,validation
ID_E0596AAE28,train
ID_E0599C857C,train
ID_E05A30C096,validation
ID_E063E17CDF,final
ID_E064238C48,train
ID_E066719670,final
ID_E066D84B96,train
ID_E06762DDD2,train
ID_E06786A647,validation
ID_E0681B3E54,validation
ID_E06A51DDF7,train
ID_E06AA01CFB,train
ID_E06EE2D35A,train
ID_E070E39109,train
ID_E07253D466,train
ID_E07556418D,train
ID_E07A73940D,validation
ID_E07B1D7618,train
ID_E07B4BBC00,final
ID_E07B5FE4A5,train
ID_E07E2CDFA2,train
ID_E07E2D60A5,train
ID_E083B27C5B,train
ID_E085287F91,train
ID_E085A35329,validation
ID_E0873A4018,train
ID_E088437821,train
ID_E0887211DA,train
ID_E08CE0CD65,train
ID_E08DC60767,train
ID_E0913B63D9,train
ID_E092074F80,train
ID_E0921290EC,validation
ID_E09400BD37,train
ID_E0940395CE,train
ID_E094242D1F,final
ID_E09484D9B0,validation
ID_E094BDC5DB,final
ID_E094E710B8,train
ID_E09A20BA1F,validation
ID_E09B4CA630,train
ID_E09B4FACD1,train
ID_E09F21B078,train
ID_E0A10780B6,validation
ID_E0A44A0ECA,final
ID_E0A45A18D0,train
ID_E0A5CD4AF0,validation
ID_E0A80F414B,train
ID_E0A8D652D1,final
ID_E0A8FDEC32,train
ID_E0A9153B95,train
ID_E0A9BB3891,final
ID_E0A9E1F797,train
ID_E0AB4A53E2,validation
ID_E0AB50ABB9,train
ID_E0ABB49144,train
ID_E0B0C3D1E7,final
ID_E0B0CD106C,train
ID_E0B1228C4A,final
ID_E0B149154F,final
ID_E0B27F4174,train
ID_E0B2B6038C,validation
ID_E0B6BCD2EA,train
ID_E0B818149C,train
ID_E0BAAC2563,train
ID_E0BCB174A3,train
ID_E0BF53238D,train
ID_E0C038AA1D,validation
ID_E0C0419A38,train
ID_E0C0436D4D,validation
ID_E0C0F34B95,train
ID_E0C169CCAE,final
ID_E0C423A817,train
ID_E0C8CACD0B,final
ID_E0C9272F51,train
ID_E0CB878F03,final
ID_E0CBD53E27,final
ID_E0CCDE3A43,train
ID_E0CE6A2B00,final
ID_E0CEB8CF87,final
ID_E0CFE7404E,train
ID_E0D037E568,final
ID_E0D0A82A02,validation
ID_E0D1F1182B,validation
ID_E0D45A8C41,validation
ID_E0D5F930D7,train
ID_E0D7B7311A,final
ID_E0D7EA704F,train
ID_E0DAB4FCB9,train
ID_E0DB9EC2A3,train
ID_E0DC6AE8E4,train
ID_E0DD161B94,validation
ID_E0DD2AC61A,train
ID_E0DD832B0A,train
ID_E0DED808C2,train
ID_E0DFDDAE3C,train
ID_E0E140FD67,final
ID_E0E16A6D60,validation
ID_E0E21B8315,final
ID_E0E259DCCF,train
ID_E0E3B9E53C,validation
ID_E0E4D1108E,train
ID_E0E4F18D1D,final
ID_E0E60F9448,train
ID_E0E7177DFF,train
ID_E0E87FB070,validation
ID_E0E8B05D59,train
ID_E0EA49E7AA,final
ID_E0EF01F283,final
ID_E0EF28F16F,train
ID_E0EFFD12D0,train
ID_E0F67E8E65,train
ID_E0F9093DBB,train
ID_E0F934BE4E,train
ID_E0FB216BE2,train
ID_E0FBEB072C,final
ID_E101910265,final
ID_E10585DC55,train
ID_E1062A2EB5,validation
ID_E106FDDECA,train
ID_E10911C300,train
ID_E1096AD331,train
ID_E10A77772C,train
ID_E10AE11158,train
ID_E10B8F3C72,validation
ID_E10BF5E192,train
ID_E10D79B4E4,train
ID_E113A6BD0A,train
ID_E11497B7F5,train
ID_E1165D8E8E,validation
ID_E11709C827,train
ID_E117120993,train
ID_E11A3ECCE0,validation
ID_E11CCF107A,train
ID_E11D06ED08,validation
ID_E11D4197EB,final
ID_E1203BE9A0,train
ID_E1205EA940,validation
ID_E124E64B66,train
ID_E12729B232,train
ID_E12876636E,train
ID_E12A611489,train
ID_E12A6557B9,train
ID_E12A671CD7,train
ID_E12AF60436,validation
ID_E132046032,final
ID_E133563CD0,train
ID_E1365754BA,train
ID_E139908710,train
ID_E13CB89147,final
ID_E13E109E5A,train
ID_E141831A98,train
ID_E141B2BCDB,validation
ID_E1433A4C6F,final
ID_E14382715B,train
ID_E1444B1D94,train
ID_E146844050,train
ID_E148B17979,train
ID_E14B669267,train
ID_E14C2CB12A,train
ID_E14EA97DF0,train
ID_E14EB90EFA,train
ID_E14F39D20E,train
ID_E14F3E5EFB,train
ID_E14FBD23F9,train
ID_E152938D53,validation
ID_E153553DF3,final
ID_E159267399,train
ID_E15B104D67,train
ID_E15C07D83D,train
ID_E15CAC890E,validation
ID_E15E798EE2,train
ID_E160030752,final
ID_E162D6366B,train
ID_E164BF4806,validation
ID_E16644B3D5,validation
ID_E167894930,train
ID_E168ED1438,train
ID_E169AE1FDC,train
ID_E16AEE7CC9,validation
ID_E16C40EA86,train
ID_E16D223578,train
ID_E16E880DA7,train
ID_E16F92C293,train
ID_E170629F5B,train
ID_E172792197,train
ID_E17AFAB520,train
ID_E17B00D65B,validation
ID_E17C172B70,train
ID_E17DB41FFE,final
ID_E17ECB4CC7,train
ID_E17F96004F,train
ID_E17FAF0E2F,train
ID_E180EE1E97,train
ID_E1823EFEA6,train
ID_E18556CCB3,train
ID_E1868CC1FB,train
ID_E186AE1A9D,final
ID_E1883446D7,train
ID_E1883FCBC1,train
ID_E18E6D2BDC,train
ID_E18F2DF87E,validation
ID_E18F304AB5,final
ID_E18F97A4DE,final
ID_E1900185A8,train
ID_E193A02D8E,final
ID_E1948C4C4A,train
ID_E194E94745,train
ID_E19691ABC1,train
ID_E197A6FBA6,validation
ID_E199B97AF0,validation
ID_E19AF52E49,final
ID_E19D0C5823,train
ID_E19E0F6894,train
ID_E19EEE34D8,final
ID_E1A064FECB,final
ID_E1A3281551,train
ID_E1A3B517DC,final
ID_E1A6D09187,train
ID_E1A7208D2C,validation
ID_E1A84AE07A,validation
ID_E1AA94E292,final
ID_E1AB56ABDC,train
ID_E1AE2F4C72,train
ID_E1AEB49FC6,train
ID_E1B041EEB6,final
ID_E1B14A4849,train
ID_E1B370214F,validation
ID_E1B381D51B,train
ID_E1B461770D,train
ID_E1B5BF1F16,train
ID_E1B9878390,train
ID_E1B98A8749,train
ID_E1BA967A98,train
ID_E1BB180992,train
ID_E1BB1E5669,train
ID_E1BC9FCC8F,final
ID_E1BCEC0DFB,final
ID_E1BFF13A80,train
ID_E1C2211D2C,train
ID_E1C546D8A7,validation
ID_E1C8CF6DBF,validation
ID_E1C90D42E5,validation
ID_E1C956FEA1,final
ID_E1CA3230D1,train
ID_E1CBA8195E,train
ID_E1CC93B057,final
ID_E1CE904A29,train
ID_E1CF035A78,train
ID_E1D02714DA,validation
ID_E1D17C8B14,validation
ID_E1D413531B,validation
ID_E1D8B0818D,validation
ID_E1D9F44052,train
ID_E1DA6963ED,train
ID_E1DD626304,train
ID_E1DF527CAA,train
ID_E1E0BCAB57,train
ID_E1E270FEA7,validation
ID_E1E2E21B66,train
ID_E1E7A9F0B3,train
ID_E1EDD93BC0,final
ID_E1F0650B6D,train
ID_E1F25966D5,train
ID_E1F2980B41,train
ID_E1F658033A,train
ID_E1F72D0B70,train
ID_E1F87EA0E5,final
ID_E1FC78FE4C,final
ID_E202A49A28,train
ID_E2055889B3,final
ID_E20A7741FB,train
ID_E20AAD13FB,final
ID_E20AF1A066,train
ID_E20B88B3C9,train
ID_E20BF15DEA,validation
ID_E20D5F6D69,validation
ID_E20EA5F8EB,train
ID_E2108D4D5B,train
ID_E210FB8612,final
ID_E212EEBD33,validation
ID_E2138059B4,train
ID_E2157FC4C7,validation
ID_E215F72186,final
ID_E217074C8F,final
ID_E21A41EA24,final
ID_E21B2CE598,final
ID_E21D7C2026,train
ID_E21E653D8F,train
ID_E21F7391B9,train
ID_E225224C58,validation
ID_E2253B8B8D,final
ID_E225B87D26,train
ID_E226848A4B,train
ID_E226E3F14C,train
ID_E22C369185,train
ID_E22D4D4252,train
ID_E22F22267C,final
ID_E22FB586FE,train
ID_E22FD2967C,train
ID_E23308FA65,train
ID_E233FF9D59,train
ID_E235EA8864,validation
ID_E237487991,train
ID_E237966DD5,train
ID_E23BA07CED,train
ID_E23ED8CF43,final
ID_E23EF97F0B,train
ID_E242332BBC,train
ID_E242ABDED2,final
ID_E2454B8CBC,final
ID_E2474F4EB9,train
ID_E2487EEBDE,validation
ID_E249608A9A,validation
ID_E249F9A4AF,train
ID_E24CE52B7F,train
ID_E24E53D8D7,train
ID_E24FFE7E40,train
ID_E25085B044,train
ID_E2523559E7,train
ID_E2559070E1,final
ID_E25A36D89B,train
ID_E25A950CF3,final
ID_E25C748362,train
ID_E260ED686B,train
ID_E261C2F433,train
ID_E2640BD38E,validation
ID_E2658C7035,train
ID_E266C98B5B,train
ID_E267EA1C93,validation
ID_E26C9BCDB0,train
ID_E26FF1EEA0,validation
ID_E270050683,validation
ID_E270467284,train
ID_E272628AD4,train
ID_E27280B34B,final
ID_E2740AD803,train
ID_E2795FE06B,train
ID_E27DB5D7E4,validation
ID_E27E4C072D,train
ID_E280068DEB,train
ID_E280AB0014,validation
ID_E280BC4892,train
ID_E281614217,train
ID_E2821E127B,validation
ID_E2824CC99B,train
ID_E284877089,final
ID_E285747921,train
ID_E2862D5679,train
ID_E28B76D5FF,validation
ID_E28C34FC8F,train
ID_E28D2FFF9D,train
ID_E28E2E9E29,final
ID_E28F92545A,train
ID_E29000FBB2,train
ID_E290678014,validation
ID_E2932329CB,train
ID_E293F38CC6,train
ID_E2950BCB03,train
ID_E2972385E3,final
ID_E298438816,train
ID_E29A5466AC,train
ID_E29C55F894,final
ID_E29D93B157,train
ID_E2A1A9696E,train
ID_E2A1E2CC83,validation
ID_E2A4848173,train
ID_E2A53495C3,validation
ID_E2A5BBFAD0,validation
ID_E2A60AB653,train
ID_E2A716B16A,train
ID_E2A8BD655B,train
ID_E2A9C1C402,train
ID_E2ACF7EF78,final
ID_E2AD45BC98,train
ID_E2AE0B75E8,train
ID_E2AFA0C68C,train
ID_E2B04B1F98,train
ID_E2B089FC33,train
ID_E2B1F9BB93,train
ID_E2B2CD65E1,validation
ID_E2B468A4E4,validation
ID_E2B69A1813,train
ID_E2B756C6AE,validation
ID_E2B78B98E3,validation
ID_E2B852D279,validation
ID_E2B871CE41,train
ID_E2BA99939D,train
ID_E2BC5E228A,train
ID_E2C085E32A,final
ID_E2C1D7D9AC,validation
ID_E2C23DA7F9,final
ID_E2C2BC0600,train
ID_E2C2ECB72C,validation
ID_E2C626AEB5,train
ID_E2C6EACE27,train
ID_E2C7444C7B,train
ID_E2C7732CA1,final
ID_E2C851000D,final
ID_E2C911CD2A,train
ID_E2C9C5D6D9,validation
ID_E2CBE785CE,train
ID_E2CFE061B7,train
ID_E2D1D758CA,final
ID_E2D2804DA1,validation
ID_E2D4725F3E,final
ID_E2D66BC940,validation
ID_E2D7F13A13,train
ID_E2D9532679,validation
ID_E2D973D97C,validation
ID_E2DA8BA337,train
ID_E2DCA9EDAD,validation
ID_E2DCB633A9,train
ID_E2DD8E4321,final
ID_E2DD9B75DB,train
ID_E2DE2A5C33,train
ID_E2DE5A9C70,validation
ID_E2DEE5B5BE,train
ID_E2E1AFF618,validation
ID_E2E40BE799,train
ID_E2E44FDCC3,validation
ID_E2E45D06CB,final
ID_E2E96DC4E3,train
ID_E2EE2222F7,final
ID_E2EEA651F1,final
ID_E2EEFC7821,validation
ID_E2F030D840,train
ID_E2F2AE8A50,train
ID_E2F2EFDB14,validation
ID_E2F68F862F,train
ID_E2F7242C3D,validation
ID_E2F760C90A,train
ID_E2F7632343,train
ID_E2F78D1395,final
ID_E2F8DF74ED,train
ID_E2FBAA48CB,validation
ID_E2FEE63207,train
ID_E301A3C2D9,final
ID_E30382CB68,train
ID_E30638C527,train
ID_E3095A879D,train
ID_E30BCA465D,train
ID_E30C0AF110,train
ID_E30E3CFE43,train
ID_E30F5A6F40,validation
ID_E30FE7C428,final
ID_E3113BDD6C,train
ID_E311BD0931,train
ID_E312E1DFF3,final
ID_E31364FC12,validation
ID_E31507B61B,train
ID_E31736743A,final
ID_E3191E8F66,train
ID_E319E076E5,train
ID_E31A279E0B,train
ID_E31ADD9A48,final
ID_E31D7A09D2,final
ID_E31E1A3319,train
ID_E31E4BA797,train
ID_E31E5A7141,final
ID_E3205CFD36,final
ID_E321798347,validation
ID_E3263B8B51,final
ID_E326AA3E83,final
ID_E32D394B1F,validation
ID_E32DD72AFB,train
ID_E32E906EC4,train
ID_E33575F057,validation
ID_E336409C8B,train
ID_E339745D8D,validation
ID_E339C6194B,final
ID_E33BB000F5,train
ID_E33BC89E3F,train
ID_E340C44D15,train
ID_E34147D035,train
ID_E34377E7EA,validation
ID_E3466CC334,final
ID_E346F0CD26,train
ID_E346F7D7B5,train
ID_E347C4D3AA,train
ID_E349651AEE,final
ID_E34985F428,validation
ID_E34C7BE97B,train
ID_E34CFB7F7A,validation
ID_E34D8581C8,validation
ID_E34DC13AAD,train
ID_E34F9CCF09,train
ID_E34FBBBD13,train
ID_E352DA8F85,validation
ID_E3530A30A0,train
ID_E353108BBC,train
ID_E353BAF9D3,final
ID_E354589A85,validation
ID_E355232E4C,train
ID_E3563300FF,train
ID_E3570C918A,train
ID_E35891F794,final
ID_E3598811ED,train
ID_E35BA8F0D5,train
ID_E35E968299,train
ID_E3600C9AE4,train
ID_E361785AA3,train
ID_E361A9BEED,train
ID_E361E78263,train
ID_E362DD0244,train
ID_E3642F2728,train
ID_E364454B0C,final
ID_E3654B7E5E,validation
ID_E365A2BF8B,validation
ID_E367D4C9A8,train
ID_E36BBF798B,train
ID_E36C7964D2,train
ID_E37247F934,train
ID_E374BAA670,final
ID_E37514A388,train
ID_E37548EC24,final
ID_E3755AB8E3,validation
ID_E378728754,train
ID_E378F97E09,train
ID_E3793D9B98,train
ID_E37ACA90D9,final
ID_E37B70F5F9,train
ID_E37D1DE0A9,train
ID_E37DEB6903,validation
ID_E37F40BCCF,train
ID_E37FF9D780,train
ID_E381CCD7F7,final
ID_E382A19010,validation
ID_E384E9A918,validation
ID_E3863ED65C,train
ID_E386C7305B,final
ID_E3888B274F,train
ID_E38C6413D7,train
ID_E38DD8DA1C,train
ID_E39A794176,final
ID_E39D362E0E,final
ID_E39DED713E,final
ID_E3A00E77D3,train
ID_E3A6139828,train
ID_E3A856E0F7,train
ID_E3AAB37BA6,validation
ID_E3AE26E4DA,validation
ID_E3AEE2936F,train
ID_E3AF9E18C9,train
ID_E3B19B0537,final
ID_E3B2D75EC9,train
ID_E3B93F0442,train
ID_E3BBB3B346,train
ID_E3BCC05070,train
ID_E3C084AA91,validation
ID_E3C1273F73,validation
ID_E3C41906BD,train
ID_E3C892BBC7,train
ID_E3C9622B36,final
ID_E3CB0BD92C,final
ID_E3CB3ACA85,validation
ID_E3CB6AEBA1,train
ID_E3CBCA6B06,train
ID_E3CD4297ED,train
ID_E3CE0FCAD1,train
ID_E3CEBF2C0C,train
ID_E3CF181575,validation
ID_E3D0AB806F,validation
ID_E3DA64CA16,final
ID_E3DE46C457,train
ID_E3DF6C108C,train
ID_E3DFD5E8D0,train
ID_E3E627F1EC,validation
ID_E3E6AAD311,train
ID_E3E6E6EF8F,final
ID_E3E74F9FFF,train
ID_E3E973F6E9,train
ID_E3ED8E6597,train
ID_E3EFA7D0F4,train
ID_E3F2CF50EF,train
ID_E3F35D7896,train
ID_E3F5A6B2F6,validation
ID_E3FB2E9698,train
ID_E3FFDCC774,train
ID_E400967681,train
ID_E400A15B8A,train
ID_E400E15559,train
ID_E4029AED8F,train
ID_E4033F89DB,train
ID_E404B7C316,train
ID_E407209FD2,train
ID_E409E7F9CE,train
ID_E40AA7B111,train
ID_E40AFCB005,train
ID_E40D240DC4,train
ID_E40D370F8A,train
ID_E40DD8965B,validation
ID_E40E0E67FD,train
ID_E40E63969A,train
ID_E4101DE728,validation
ID_E417C1229A,validation
ID_E418A58561,train
ID_E41ADCFA4E,train
ID_E41E886CAE,train
ID_E41F3CEA7E,train
ID_E4239C014A,validation
ID_E424132600,train
ID_E4256810FB,train
ID_E42B729530,train
ID_E42C1E9285,train
ID_E42D2E8C01,final
ID_E4300A26B6,train
ID_E434107EFA,train
ID_E43411F45E,validation
ID_E438539618,validation
ID_E43857E616,train
ID_E43900199F,final
ID_E43A06A58A,train
ID_E43BE9CAB8,final
ID_E43CBD2DED,train
ID_E43D0D7B7B,train
ID_E43FB59DBD,train
ID_E4409FE6B3,train
ID_E4475CA48A,train
ID_E447678510,validation
ID_E449D65BAD,final
ID_E44B3F2B70,train
ID_E44C9A12F3,train
ID_E44DC56367,validation
ID_E44FDA8828,validation
ID_E45172B3CF,final
ID_E4550079AF,validation
ID_E455223402,final
ID_E45604DB0F,train
ID_E45A4EA615,train
ID_E45CEACBBE,train
ID_E45D2F17F7,train
ID_E45DB3EDCA,train
ID_E4607B65EF,validation
ID_E4607DEEC6,validation
ID_E4617CB211,train
ID_E4620F1526,validation
ID_E465B7E4A7,train
ID_E4664DE842,train
ID_E466E65295,train
ID_E46903E2C3,train
ID_E46A23B4A9,validation
ID_E46B360339,final
ID_E46C79F9BE,validation
ID_E46EA14FD7,train
ID_E46ED37DC7,train
ID_E4731EF579,final
ID_E4733BA1D6,train
ID_E47A9EBC55,train
ID_E47AD38A05,train
ID_E47B8C1660,train
ID_E47E759D09,train
ID_E4819FD0F0,final
ID_E481C1D2CE,train
ID_E483601BF6,train
ID_E483C18E11,validation
ID_E486220423,train
ID_E486482098,validation
ID_E4865AB5D1,train
ID_E48A55D33F,validation
ID_E48BEB36D5,final
ID_E48CB00219,train
ID_E48D7775A0,train
ID_E48F25A689,train
ID_E48FB06662,train
ID_E491ED24BE,final
ID_E4961A8DE5,validation
ID_E4961BD8AE,validation
ID_E496DD9E92,final
ID_E49739A61E,train
ID_E49D76499E,train
ID_E49F83B16F,train
ID_E49FDD4605,final
ID_E4A40478EE,validation
ID_E4A51F1596,train
ID_E4A6391E11,train
ID_E4A670A0E4,validation
ID_E4A6A7CADF,train
ID_E4AC4F0B6B,train
ID_E4ACD7FF72,final
ID_E4AED9E729,train
ID_E4AEDCF5A8,train
ID_E4B2A5DC69,final
ID_E4B38887CE,train
ID_E4B4A1B68C,validation
ID_E4B6F28E97,train
ID_E4B93586BD,train
ID_E4B96EA5F6,final
ID_E4BBC843CA,train
ID_E4BC5F941B,final
ID_E4BD16A100,train
ID_E4BF7A213C,train
ID_E4C015428B,validation
ID_E4C0663ACD,validation
ID_E4C0E397FC,final
ID_E4C4AB2B81,validation
ID_E4C5F495C4,validation
ID_E4C72AA0E9,validation
ID_E4C857691B,train
ID_E4CC607CBB,train
ID_E4CDF1CA95,train
ID_E4D0E8E0D7,final
ID_E4D285FA9E,train
ID_E4D4A43A17,train
ID_E4D7E62DCC,validation
ID_E4D8D73D69,final
ID_E4D9DF3682,final
ID_E4DB2C1CD3,validation
ID_E4DB3BB4B6,train
ID_E4DF3C020F,final
ID_E4E044FE67,train
ID_E4E20C668A,train
ID_E4E264D1F4,final
ID_E4E33BC921,train
ID_E4E362B7A0,train
ID_E4E3A43946,train
ID_E4E3BB5772,final
ID_E4E4918F90,train
ID_E4E60C3B21,final
ID_E4E6355450,train
ID_E4E658B36D,validation
ID_E4E74420F1,train
ID_E4E9A42A77,train
ID_E4EA71021C,train
ID_E4ED01B285,train
ID_E4ED287405,final
ID_E4EDAB1643,train
ID_E4F3D0ED77,train
ID_E4F62484F4,final
ID_E4F74145D6,validation
ID_E4F8524FFD,train
ID_E4F952CCD2,train
ID_E4FA03D191,train
ID_E4FA2C7A0E,train
ID_E4FBC29C9B,train
ID_E4FBE8F80A,final
ID_E4FC2A9DBD,train
ID_E4FCFFCC22,train
ID_E4FFE6EC22,train
ID_E500996551,train
ID_E5021E6468,train
ID_E5024FF206,final
ID_E5048A4E1C,train
ID_E505E3B752,train
ID_E50931D2B7,train
ID_E50A4DC948,train
ID_E50C0B2D89,final
ID_E50E321CE1,validation
ID_E5102AAD58,train
ID_E510BB93B2,final
ID_E512ACC7C3,final
ID_E512C0E6F2,final
ID_E513D8D665,train
ID_E5183575B4,train
ID_E51837C38A,validation
ID_E5195E58A2,final
ID_E519851847,validation
ID_E51A426AB7,train
ID_E51D3E0D2A,train
ID_E5263A4E18,train
ID_E526FCB42C,train
ID_E5285D5599,final
ID_E529290B55,final
ID_E52B422BDB,final
ID_E52DBBA45B,train
ID_E52DEFAE60,final
ID_E531A739A5,train
ID_E531B010A0,train
ID_E531D16885,train
ID_E53731CB17,validation
ID_E537694D06,train
ID_E53AF2FB67,train
ID_E53C0FE70D,train
ID_E53FC16E40,train
ID_E540845CC2,train
ID_E542366D84,final
ID_E543899D3C,train
ID_E54987175B,train
ID_E549D378B7,train
ID_E54D865CE4,train
ID_E54DA2642C,train
ID_E553C6A34D,train
ID_E5551BCAAF,final
ID_E55DB95BCC,validation
ID_E55E0AD1E9,validation
ID_E55E4F0568,train
ID_E55E95DFBC,train
ID_E55FB60F00,validation
ID_E56459BA94,validation
ID_E5645F18E2,validation
ID_E565CF4924,train
ID_E5681C2CBF,validation
ID_E568DE923F,validation
ID_E56B672483,final
ID_E56C2FEA2B,train
ID_E56C561905,final
ID_E56D96539F,final
ID_E5701F04E4,train
ID_E574B6E30F,train
ID_E57553097C,validation
ID_E5765C6576,validation
ID_E577B20DFC,final
ID_E57A7E1D7E,train
ID_E57ADEC1DF,train
ID_E57B4029EA,train
ID_E57C0F6F54,final
ID_E57EC88F44,validation
ID_E57ED41A20,train
ID_E5800CF5B1,final
ID_E580432462,final
ID_E583408E6A,train
ID_E584F63F9C,train
ID_E586947562,validation
ID_E5877C9E24,train
ID_E587EF71C1,train
ID_E588CD83E7,train
ID_E58918876B,train
ID_E58A97159C,final
ID_E58B14535A,train
ID_E590CDB589,train
ID_E591334CF6,validation
ID_E591AEF357,validation
ID_E59215BF77,validation
ID_E593CC2F03,validation
ID_E596198A5D,validation
ID_E596F5F7F6,final
ID_E59AAE8271,train
ID_E59E85FDEE,validation
ID_E59FF29764,train
ID_E5A1134753,train
ID_E5A2484142,validation
ID_E5A2A43CAF,train
ID_E5A407656E,final
ID_E5A6F3E30B,train
ID_E5AC1FAAFA,final
ID_E5AD0BED68,final
ID_E5B09A7F7C,train
ID_E5B1F1B97B,final
ID_E5B21978D1,validation
ID_E5B6D91FD6,train
ID_E5B95E4CF2,train
ID_E5B98C720A,train
ID_E5BA497944,final
ID_E5BBF34800,train
ID_E5BD96D6DC,train
ID_E5BF35BA7F,train
ID_E5C2991C4E,train
ID_E5C3AC03F0,train
ID_E5C56ADEB0,train
ID_E5C7040904,final
ID_E5C731303B,train
ID_E5CA1204F7,final
ID_E5CDCB02A0,train
ID_E5CE37D402,train
ID_E5CF64DCE6,final
ID_E5D0A3A355,train
ID_E5D0D69137,train
ID_E5D1CD3DCB,validation
ID_E5D522765A,train
ID_E5D7C36F1A,train
ID_E5D7FE1622,final
ID_E5D89442BC,final
ID_E5D9D9DA8F,train
ID_E5DBC990CF,train
ID_E5DCB5EB21,train
ID_E5DE02914F,train
ID_E5DE59DA70,final
ID_E5DECDFD45,validation
ID_E5E1459F2E,train
ID_E5E1C17DE5,train
ID_E5E2750953,train
ID_E5E4243839,validation
ID_E5E5F979ED,final
ID_E5E866332D,validation
ID_E5E88FE059,train
ID_E5E9DBE386,train
ID_E5EC6DE012,final
ID_E5ECE3EB2F,validation
ID_E5ED990D00,train
ID_E5F1A99B8C,validation
ID_E5F497D8ED,train
ID_E5F727D5A7,train
ID_E5FB0B2DB8,train
ID_E5FD56EE38,final
ID_E5FF684C72,final
ID_E60134D5F1,final
ID_E6040AB756,train
ID_E6050A8ADB,train
ID_E606E7D663,validation
ID_E6072789E2,train
ID_E608D282A8,final
ID_E60AA42594,validation
ID_E60B936275,train
ID_E60DE5701A,final
ID_E60E8A4305,validation
ID_E610BB7F3A,train
ID_E6114F3265,final
ID_E6129E595E,validation
ID_E6147543D1,train
ID_E6170BDAF4,validation
ID_E618CD6C74,train
ID_E619AE889A,train
ID_E61ADCA3E5,final
ID_E61B8FAAAF,train
ID_E61BF51282,train
ID_E61F9E7093,validation
ID_E620AE85B8,final
ID_E622E5ED1A,train
ID_E62353F2C2,final
ID_E6250E780A,train
ID_E6261557AD,validation
ID_E6282F7A12,train
ID_E6295BD932,train
ID_E62B729B7E,validation
ID_E62CBE2F91,train
ID_E62E95C0B1,train
ID_E633D4F5E3,validation
ID_E637740869,train
ID_E63B9FC26C,validation
ID_E63BD2AD42,validation
ID_E63C676299,train
ID_E63CBFB1B3,train
ID_E63CD76B96,train
ID_E6402140A2,train
ID_E6408B9793,train
ID_E640B2392D,train
ID_E64248A97B,train
ID_E6427AEE5C,final
ID_E643F54DA0,final
ID_E646587A82,train
ID_E64768E6C9,validation
ID_E64815024F,validation
ID_E649638E76,train
ID_E64A1DF611,validation
ID_E64A8E9C23,train
ID_E64B0F0FC0,validation
ID_E64B76D086,final
ID_E64DCC25DC,train
ID_E64E01413F,final
ID_E64F10A773,validation
ID_E64F730FD3,validation
ID_E65309DD74,train
ID_E653480B04,train
ID_E65936B8CE,validation
ID_E65D323642,train
ID_E65D8FFD47,train
ID_E65F218FDF,final
ID_E65F227E7F,train
ID_E66014FCB0,validation
ID_E661C28FA5,train
ID_E66381214C,final
ID_E6650E5E65,final
ID_E66605FC5C,train
ID_E66687297F,validation
ID_E6680DCD10,train
ID_E66844E7A0,train
ID_E669375C54,train
ID_E669E43E4B,final
ID_E66B1F5670,train
ID_E66CB5FB30,train
ID_E66E3C9B34,train
ID_E66E531412,train
ID_E66E56881E,validation
ID_E674B40418,final
ID_E675AB5E51,train
ID_E677B36352,final
ID_E677E85A28,train
ID_E679815534,train
ID_E67B76E6E3,train
ID_E67BAA9A0A,final
ID_E67C238D49,train
ID_E67D682898,final
ID_E67DE6CF2A,train
ID_E68017379B,train
ID_E6801C0264,final
ID_E680B03CCA,train
ID_E681F3E73E,train
ID_E681FE7A37,validation
ID_E6823EA6A3,train
ID_E682CEB203,final
ID_E6849D2A30,final
ID_E684E5E12E,train
ID_E685C14C76,validation
ID_E6876FC165,validation
ID_E688DCA498,validation
ID_E689DF273F,validation
ID_E68BC9AEFF,train
ID_E68C2CA2A2,train
ID_E68EFF5841,train
ID_E68FF6C934,train
ID_E690CDA869,train
ID_E6917A4FF2,train
ID_E691D35818,train
ID_E6933CC8CB,final
ID_E6964352BE,train
ID_E6966DD191,train
ID_E697B33FC7,train
ID_E69ACFFEFD,final
ID_E69FCC86C9,train
ID_E69FE39AAD,train
ID_E6A263D0BA,final
ID_E6A296189E,validation
ID_E6A2EFC808,train
ID_E6A584D64A,train
ID_E6A6872752,train
ID_E6A6B20D4A,train
ID_E6A91D31EC,validation
ID_E6AA092D26,validation
ID_E6AAF9FDE5,final
ID_E6AB72F3F4,train
ID_E6ACF59824,final
ID_E6AEA52FB0,final
ID_E6B0EC952E,train
ID_E6B1635674,train
ID_E6B3D0075D,final
ID_E6B517B2FB,final
ID_E6B5990D9B,train
ID_E6BB9F6570,final
ID_E6BDA1CC21,validation
ID_E6BFC85537,train
ID_E6C3FBADDE,validation
ID_E6C400C091,train
ID_E6C647AE9D,train
ID_E6CAF1AD0E,train
ID_E6CF2FCD9F,final
ID_E6CF58ABE0,train
ID_E6D5B51086,validation
ID_E6D5F20C19,train
ID_E6D840CF8A,train
ID_E6DB922E38,train
ID_E6DE94AE28,train
ID_E6DF1D9872,final
ID_E6E00BFBBF,train
ID_E6E0500E22,train
ID_E6E163EB12,train
ID_E6E1C22215,train
ID_E6E4D4E6A7,final
ID_E6E6D6120A,final
ID_E6E7F7B12F,train
ID_E6E8843F6F,train
ID_E6EAC3B5F4,final
ID_E6EBD41D48,train
ID_E6ED6D7C38,train
ID_E6EE395E28,train
ID_E6F0E5D2AE,train
ID_E6F18DC3C6,train
ID_E6F1E7B1C1,final
ID_E6F40A5C7D,train
ID_E6F4BA551C,train
ID_E6F4FF0DC5,train
ID_E6F6580C6F,train
ID_E6FC12E34C,train
ID_E6FD91D8E4,train
ID_E7001FAE51,final
ID_E700467E2A,validation
ID_E7060799BA,train
ID_E70A1B3683,final
ID_E70BAEA9EB,final
ID_E70BD72F82,final
ID_E70BD9E7A0,final
ID_E70CE573A4,final
ID_E70FF94607,train
ID_E713165B3D,train
ID_E713E2D8EE,train
ID_E7151C5185,train
ID_E7184BC45B,train
ID_E71CBEF529,train
ID_E71D76C59C,final
ID_E72049F776,validation
ID_E7213D6322,train
ID_E724729BFB,train
ID_E727BBC33A,validation
ID_E729342BCB,train
ID_E72A926931,validation
ID_E72E82F007,train
ID_E72ED0F9F4,train
ID_E72F0CA15D,train
ID_E72FCBAF4F,final
ID_E7305E39BD,validation
ID_E73074456A,train
ID_E731F11D4F,validation
ID_E731F1EA34,train
ID_E7335F2947,final
ID_E734CCDA16,train
ID_E735027623,final
ID_E737DE4F11,validation
ID_E739DB0482,validation
ID_E73C03E58D,train
ID_E73FAA1086,train
ID_E74058364A,train
ID_E741C8E92A,train
ID_E7433FB081,final
ID_E7451EB5E3,validation
ID_E7467948AE,validation
ID_E746CE37A8,train
ID_E7471F9764,final
ID_E749E4C92A,validation
ID_E74A43C40A,final
ID_E74A7DD0F6,train
ID_E74AD256E3,validation
ID_E74C8462D0,validation
ID_E74D82416B,train
ID_E75179AE91,train
ID_E751FDF739,validation
ID_E752961B96,final
ID_E75313C52B,train
ID_E75414A301,train
ID_E75658AD4A,final
ID_E756E32DD9,train
ID_E75D0DCB6E,train
ID_E75F81CD6D,train
ID_E75F888E56,train
ID_E75F954333,validation
ID_E7600A9699,train
ID_E7602015BC,validation
ID_E76484EDBF,train
ID_E7676A861C,final
ID_E7692C33AC,validation
ID_E76998B135,train
ID_E7749762E6,final
ID_E7764CCEEB,final
ID_E776A9105F,train
ID_E776DEDE39,train
ID_E779BD0882,train
ID_E77B594685,train
ID_E77F39B140,train
ID_E77FD67685,train
ID_E7848DF4F1,train
ID_E787B220E3,validation
ID_E78B054605,final
ID_E78C1DE54A,final
ID_E78C462FE0,validation
ID_E78CD69040,train
ID_E78CDEFD41,final
ID_E78DE9D2BB,final
ID_E78DEF6E82,final
ID_E78F7E3318,train
ID_E79294D8A4,train
ID_E7966F2263,train
ID_E797AC34AD,train
ID_E79BF4BEA6,train
ID_E79C289984,train
ID_E79F367013,train
ID_E7A08F762C,train
ID_E7A1F6C197,validation
ID_E7A42BE17A,train
ID_E7A487C28D,train
ID_E7A5B2C4C9,train
ID_E7A6865E2C,train
ID_E7A7D90F77,train
ID_E7AD1254BF,train
ID_E7AE1BD874,train
ID_E7AE3CA551,final
ID_E7AEE914FD,train
ID_E7B0E21F48,final
ID_E7B726FC1F,train
ID_E7B93C661E,train
ID_E7B975D15D,train
ID_E7B9DE0D82,validation
ID_E7BA63C836,train
ID_E7BBD1599E,train
ID_E7BD7961D2,validation
ID_E7BFE93DA5,train
ID_E7C0F3770E,train
ID_E7C33BBA11,train
ID_E7CAC55BE8,validation
ID_E7CBEBA8F5,validation
ID_E7CF754C8B,train
ID_E7D1ABB923,final
ID_E7D2154734,validation
ID_E7D482DDEA,validation
ID_E7D87E1D46,validation
ID_E7DABDBC5A,train
ID_E7DEF6372C,train
ID_E7DF6E3817,train
ID_E7E17751C4,validation
ID_E7E1AAB24E,train
ID_E7E44D33AD,train
ID_E7E4C91B62,validation
ID_E7E9A77B21,train
ID_E7EA4207DA,final
ID_E7EB6CD11D,train
ID_E7F114428F,train
ID_E7F211D7DD,train
ID_E7F2352423,validation
ID_E7F2F0590C,train
ID_E7F6448F6D,train
ID_E7F7F1C991,train
ID_E7FA452432,train
ID_E7FAF0EC3C,train
ID_E7FB8BD297,train
ID_E7FC11DE87,validation
ID_E7FCCE2C95,validation
ID_E7FE5340C8,train
ID_E801065E72,train
ID_E80243D45F,final
ID_E8029E2150,final
ID_E80A0F224D,train
ID_E80A15B735,train
ID_E80A4A10D7,validation
ID_E80C10046D,validation
ID_E80C877E81,train
ID_E80F4F52DD,validation
ID_E80F89CD9C,train
ID_E811A2499D,final
ID_E81525A339,train
ID_E817700B71,train
ID_E8190673EC,validation
ID_E8192A34D7,train
ID_E81A2C11B3,validation
ID_E81AEF5AD7,final
ID_E81B26B6FC,final
ID_E81BF0200A,train
ID_E81CE4F61C,train
ID_E81E0C664B,train
ID_E820D0BB62,train
ID_E82261D0EE,final
ID_E8238C9072,validation
ID_E825B9174C,train
ID_E8291584F0,train
ID_E829A67A93,train
ID_E82A242C02,validation
ID_E82AA4BE90,train
ID_E82ACA0C5E,validation
ID_E82B7420E0,train
ID_E82B7AC8E2,train
ID_E82E0A8996,train
ID_E82F0F8668,train
ID_E82FC7C9CA,final
ID_E831D26973,train
ID_E8320A5810,final
ID_E83581248D,train
ID_E837400723,train
ID_E83A2EF39A,validation
ID_E83A65393B,train
ID_E83BC3AC40,train
ID_E83C89C9E4,train
ID_E83DB8B4DF,validation
ID_E841807EC5,train
ID_E841F0C71F,train
ID_E845DE934C,train
ID_E8476EA2E2,validation
ID_E84A864F8C,train
ID_E84AE45284,final
ID_E84D88B651,validation
ID_E84E32F40A,train
ID_E84EEE5D6C,final
ID_E8502B4743,train
ID_E852062BD6,train
ID_E85209FF8A,train
ID_E853FD2E8E,train
ID_E8553E82F2,train
ID_E857F872C0,train
ID_E858FED719,final
ID_E859508280,train
ID_E85E480158,final
ID_E85E7C7766,final
ID_E8634ABA3D,train
ID_E86408CD31,train
ID_E865762496,train
ID_E867B7E964,final
ID_E86881FCE6,train
ID_E86ABB1E6A,train
ID_E86B898428,validation
ID_E86C0064FC,train
ID_E86C16FDFE,validation
ID_E871F3B1ED,train
ID_E872E1D2A4,train
ID_E87480B23F,train
ID_E87593C1B5,validation
ID_E8778DB8A7,train
ID_E87A67B177,final
ID_E87AA316DB,train
ID_E87E24C19B,validation
ID_E87EBE1E37,train
ID_E87F12B9C1,validation
ID_E87F86E02F,train
ID_E87FAC6CBA,train
ID_E880B2782A,train
ID_E8833CE267,train
ID_E8835C465D,train
ID_E883EB0618,train
ID_E884CFE2BC,train
ID_E8855A9B0A,train
ID_E885C15CF8,validation
ID_E886C7CFBE,final
ID_E8874D0004,train
ID_E88C51E541,train
ID_E88CEA8B29,train
ID_E88D8632F7,train
ID_E88DA36467,train
ID_E8906EF474,final
ID_E89294F6B8,final
ID_E896F00489,train
ID_E8970C483E,final
ID_E897F77775,final
ID_E89C17E3CB,final
ID_E89CC8F07B,train
ID_E89DA0244E,final
ID_E89FA601CC,validation
ID_E8A0E1704F,validation
ID_E8A10D3438,train
ID_E8A1EB265D,final
ID_E8A5D95C23,train
ID_E8A5DAD3E3,train
ID_E8AA0DD186,train
ID_E8ADBEB640,train
ID_E8AE8819CB,final
ID_E8AF167A17,train
ID_E8AF926324,train
ID_E8B08DE985,final
ID_E8B0BE1B48,train
ID_E8BDACC85E,train
ID_E8BDC7EC66,train
ID_E8BE0D586A,train
ID_E8C135B240,validation
ID_E8C41D9980,train
ID_E8C4D17873,train
ID_E8C8911694,train
ID_E8CBE1E2F8,train
ID_E8D237CF45,final
ID_E8D6FEF1EE,train
ID_E8D9C9021D,validation
ID_E8DE8A0FC4,final
ID_E8DEC6B02B,train
ID_E8E20406DB,validation
ID_E8E4C734A1,validation
ID_E8E5691DA0,validation
ID_E8E7B1AB17,train
ID_E8E8BF72BA,validation
ID_E8EA32AA77,train
ID_E8EC4AF666,final
ID_E8ED62DE06,train
ID_E8EE5E4BA8,train
ID_E8EE8036DB,train
ID_E8EEA9CFBD,train
ID_E8F03CD8F6,train
ID_E8F1A38DD2,train
ID_E8F3723B32,train
ID_E8F43519D7,train
ID_E8F4E98600,train
ID_E8F5604517,train
ID_E8F6536677,validation
ID_E8F77398C2,train
ID_E8F8DB0E5B,final
ID_E8F943DDF7,train
ID_E8FA56D721,train
ID_E8FB3099EF,train
ID_E8FF61C714,train
ID_E8FF86E24C,train
ID_E90191F51B,final
ID_E90253B49A,train
ID_E902CCAE33,train
ID_E9082F59FE,final
ID_E909E7643E,train
ID_E90A7B5560,train
ID_E91001AC0C,validation
ID_E910AB78C9,train
ID_E911AD1457,train
ID_E911DDD19A,train
ID_E911F75A8C,train
ID_E914B74A5B,train
ID_E915549BA9,validation
ID_E91691DB78,train
ID_E918C9F071,final
ID_E91A688CCB,validation
ID_E91C1BB419,train
ID_E922521DD2,validation
ID_E9225F001D,train
ID_E922FA8394,train
ID_E923958120,final
ID_E923B383C4,train
ID_E924AFBEE4,train
ID_E926B7BC44,validation
ID_E927706C5A,train
ID_E927C4C824,train
ID_E92AE8DF29,train
ID_E92B568481,train
ID_E92B57B14E,train
ID_E92DEBF2D1,train
ID_E92EBCE016,train
ID_E932B9168D,train
ID_E9343E385C,train
ID_E935CA2AAF,final
ID_E938F70D6A,final
ID_E93A01E409,train
ID_E93B7A922C,train
ID_E93CF9A6AB,train
ID_E942C6081B,train
ID_E94377964B,final
ID_E9459EAFDE,validation
ID_E94E7F5146,final
ID_E94F4695BE,train
ID_E95391067B,train
ID_E9544C841E,train
ID_E955EB414C,train
ID_E956F2B1C0,validation
ID_E957A9D9FB,train
ID_E957CA1EC3,validation
ID_E95BBFCF11,final
ID_E95C5A4CB5,validation
ID_E95F5E1EA2,validation
ID_E960E8C275,final
ID_E961A66E56,final
ID_E9625A6DD3,final
ID_E9674D4EC6,train
ID_E969757FFD,train
ID_E96B924B36,train
ID_E96C2934FE,train
ID_E96DA984F7,validation
ID_E96DBEEBBF,train
ID_E96E01631E,train
ID_E971FE7EBE,train
ID_E977F3AB52,train
ID_E9783327DC,validation
ID_E9787F62D7,train
ID_E978DFCD0F,final
ID_E979DFD85B,train
ID_E97A89A1C3,final
ID_E97BE9D27A,train
ID_E97D88B8D9,train
ID_E97EC6C35F,train
ID_E982DDF8BA,train
ID_E984779E6A,validation
ID_E984DBF77F,train
ID_E9850BB840,train
ID_E9891EF600,validation
ID_E98D05DA09,final
ID_E98E6724B6,train
ID_E9905C1340,final
ID_E991E13A9C,validation
ID_E991F507EE,train
ID_E995069B62,train
ID_E997164CEB,final
ID_E999EF4116,final
ID_E99C7CB066,validation
ID_E9A0289983,final
ID_E9A0B26A25,validation
ID_E9A179A565,validation
ID_E9A5E688F0,train
ID_E9A96F2D8C,train
ID_E9ABA21777,train
ID_E9ABA2EF88,train
ID_E9ACBDDDFE,final
ID_E9ADDFDC42,train
ID_E9B0ADA90C,final
ID_E9B0C6C4C4,train
ID_E9B49F25D8,train
ID_E9B70D7770,train
ID_E9B9443FF5,train
ID_E9B9FB33B4,train
ID_E9BF953082,final
ID_E9C131512C,validation
ID_E9C27562E1,final
ID_E9C3D8CC1D,final
ID_E9C419B74D,train
ID_E9C4580F69,train
ID_E9C57B71CA,train
ID_E9C617E544,final
ID_E9C73AFCB7,train
ID_E9C7BD4889,train
ID_E9CB41148F,final
ID_E9D0001143,train
ID_E9D2D47685,final
ID_E9D34C0402,final
ID_E9D38E9E66,validation
ID_E9D458DEC5,final
ID_E9D49CF3A2,train
ID_E9D6ED7238,train
ID_E9D7DF4D1B,validation
ID_E9D886D648,validation
ID_E9DA6531CC,train
ID_E9DB83115D,train
ID_E9DDA5045B,final
ID_E9DE20F66C,train
ID_E9DFF65525,validation
ID_E9E11B60DF,validation
ID_E9E35129EA,train
ID_E9E375F2DE,validation
ID_E9E46C1EC6,validation
ID_E9E4DF1140,train
ID_E9E8FCF322,train
ID_E9E9D08963,train
ID_E9EA6917C4,final
ID_E9EEA531A1,train
ID_E9EF9250A9,final
ID_E9EFA393A7,train
ID_E9F00400F6,final
ID_E9F1F5862E,final
ID_E9F3390B96,train
ID_E9F3FB8985,validation
ID_E9F5337D58,final
ID_E9F6562566,train
ID_E9FA7D423B,validation
ID_E9FE056D6A,final
ID_E9FF9D866E,final
ID_EA02370B9C,validation
ID_EA036687F7,validation
ID_EA036B3BE0,train
ID_EA0485D898,final
ID_EA060A651D,validation
ID_EA06B76A26,validation
ID_EA09DE81A4,train
ID_EA0C14464B,train
ID_EA0CFCBF3E,train
ID_EA0EB90AFB,train
ID_EA105DF29F,train
ID_EA10A0DF94,train
ID_EA11CA6882,train
ID_EA12A3C9D6,train
ID_EA1410D5BA,train
ID_EA1A281E78,train
ID_EA1F03B276,train
ID_EA2422696A,final
ID_EA24B32952,final
ID_EA26642B63,train
ID_EA2678B0F2,train
ID_EA2AE5856B,final
ID_EA2CBE8CB3,train
ID_EA2E6F0D52,final
ID_EA2EB46EEA,train
ID_EA2FD1B953,train
ID_EA31377843,final
ID_EA3149141C,train
ID_EA328D5EE2,final
ID_EA37839152,validation
ID_EA37D3BF0D,final
ID_EA396DF6E4,train
ID_EA39DB1F56,train
ID_EA3B918116,final
ID_EA3D35EF18,train
ID_EA3DE72CE8,train
ID_EA412779F9,validation
ID_EA4231B9D1,train
ID_EA426F8889,validation
ID_EA433EDF78,train
ID_EA449C32A7,validation
ID_EA46B5CECE,train
ID_EA48B33DC4,train
ID_EA4944F473,train
ID_EA4B6AE350,train
ID_EA4BCC0C4B,train
ID_EA4D785C55,train
ID_EA4E16AF0B,validation
ID_EA51255509,train
ID_EA51377ED6,train
ID_EA54A0ADB1,train
ID_EA558CBB8D,train
ID_EA55F26B5F,train
ID_EA56384665,train
ID_EA57931DFF,train
ID_EA585B4ACF,validation
ID_EA586089E1,train
ID_EA6019D5A7,train
ID_EA635FE166,train
ID_EA65997359,train
ID_EA6614DEA8,validation
ID_EA6915B10E,final
ID_EA69832884,train
ID_EA69D56164,train
ID_EA6CE81411,train
ID_EA6DA8ACD6,train
ID_EA6F424549,validation
ID_EA701D9793,train
ID_EA70C806B1,validation
ID_EA71337BF9,train
ID_EA730FD2FB,train
ID_EA74EF6791,train
ID_EA7C4BEAB9,validation
ID_EA80B705CD,train
ID_EA80D559B8,validation
ID_EA8169596B,train
ID_EA81A0A6CD,train
ID_EA82349F65,validation
ID_EA834E8358,train
ID_EA8426FB7E,final
ID_EA845A4294,final
ID_EA87AC465A,validation
ID_EA885011DD,validation
ID_EA89E4B44D,train
ID_EA8A6ED372,train
ID_EA8AC3D796,final
ID_EA9198BEBE,train
ID_EA91F2DEC9,final
ID_EA91FE166D,train
ID_EA9314C51D,final
ID_EA94657642,final
ID_EA978731EF,train
ID_EA99F182CF,final
ID_EA9A158A2A,final
ID_EA9AB6935B,train
ID_EA9C7751C0,train
ID_EA9DB1752D,train
ID_EA9DEBAA60,train
ID_EA9E047537,train
ID_EAA0192D2E,train
ID_EAA1E1BDE5,train
ID_EAA23474DC,train
ID_EAA25772C1,validation
ID_EAA277747F,train
ID_EAA2F49428,train
ID_EAA40C0244,train
ID_EAA4CFF6C0,final
ID_EAA77CF715,validation
ID_EAAA6D6040,final
ID_EAAC647666,train
ID_EAAD6527D8,train
ID_EAAE1B40DB,final
ID_EAAE212254,train
ID_EAAEBAABBF,final
ID_EAAED5EF90,train
ID_EAB0745249,final
ID_EAB3E32DF2,train
ID_EAB47922A5,validation
ID_EAB5262C39,final
ID_EAB58C4D92,train
ID_EAB6648B35,train
ID_EAB6D5DC33,train
ID_EAB8B37F02,train
ID_EABA2F68E3,validation
ID_EABCB5A21B,train
ID_EABD148783,validation
ID_EABD557E8B,train
ID_EABD84347B,train
ID_EABDD87014,train
ID_EABF62F401,train
ID_EAC07D695E,validation
ID_EAC0A60DD1,validation
ID_EAC19A588B,validation
ID_EAC1BF029B,train
ID_EAC3389053,validation
ID_EAC379B71E,train
ID_EAC680AE39,train
ID_EAC8745E6C,train
ID_EACADC18FC,validation
ID_EACB6788DA,final
ID_EACBD7E0E5,train
ID_EACBFE6CED,train
ID_EACF886531,train
ID_EAD11ACE7D,train
ID_EAD1C54735,train
ID_EAD1D3D82D,train
ID_EAD30974ED,train
ID_EAD35B0AB4,validation
ID_EAD36B1565,train
ID_EAD4FE216D,validation
ID_EAD54AC972,final
ID_EAD8367E08,train
ID_EAD8C9DCEE,validation
ID_EAD99F8648,final
ID_EAD9B110EE,train
ID_EADA9167D6,train
ID_EADB74983F,train
ID_EADCA80C60,train
ID_EADD4E9AFD,train
ID_EADDE844DA,train
ID_EAE0CDD0B7,train
ID_EAE1630E40,final
ID_EAE197BE36,train
ID_EAE233CBF6,train
ID_EAE38E9D4D,train
ID_EAE72E6B2E,final
ID_EAEA9879FD,train
ID_EAEAFED17A,final
ID_EAEB89E824,train
ID_EAED2D28C7,train
ID_EAEDC7ABEB,train
ID_EAEE07491F,train
ID_EAF0FE58BB,final
ID_EAF18B8FA2,train
ID_EAF4F21528,train
ID_EAF5A66911,validation
ID_EAF9318905,train
ID_EAFB4BE371,train
ID_EAFCD58497,train
ID_EAFF57C88A,train
ID_EAFF6288B7,train
ID_EB0043C42C,train
ID_EB010503D6,train
ID_EB02D23FDE,train
ID_EB03A45ED1,train
ID_EB047FA174,final
ID_EB062E44E3,validation
ID_EB073C1D65,train
ID_EB086FD30C,train
ID_EB0C95DAF1,train
ID_EB0D65098C,train
ID_EB0D6DE030,final
ID_EB106D9A95,final
ID_EB129CABC4,train
ID_EB12CE32C1,train
ID_EB147ACA9F,train
ID_EB14A63D1C,train
ID_EB1521B3FC,train
ID_EB197853AA,final
ID_EB1AA4408B,validation
ID_EB1FF36800,train
ID_EB2082A95B,final
ID_EB22A4FE39,train
ID_EB25B5D668,validation
ID_EB2896BF88,train
ID_EB2B68D397,validation
ID_EB2C8ABA6C,final
ID_EB2F5C1675,train
ID_EB2FADF2C2,train
ID_EB306BBB5B,train
ID_EB3415CFA1,validation
ID_EB36B0732F,train
ID_EB370BDAA7,final
ID_EB3DE85C83,validation
ID_EB3F31BDC7,train
ID_EB40080748,train
ID_EB429BE573,validation
ID_EB42B93E45,validation
ID_EB4519304A,validation
ID_EB45F21763,train
ID_EB46BC9A3D,train
ID_EB471C928A,final
ID_EB4935044A,train
ID_EB49AA13C2,train
ID_EB4AF898AF,train
ID_EB4CB7A5DB,train
ID_EB4CDA7B75,train
ID_EB5050478D,train
ID_EB5366B3A6,train
ID_EB54BA33BA,validation
ID_EB5515554B,train
ID_EB555589A1,validation
ID_EB57C60305,validation
ID_EB58A8D661,train
ID_EB58E19CFE,train
ID_EB5E2B13CA,train
ID_EB5F0B3F1B,train
ID_EB626BB6F6,train
ID_EB62B1E980,final
ID_EB6335F1DE,final
ID_EB690CB1DC,validation
ID_EB69751311,validation
ID_EB6D32861E,train
ID_EB6D4D6109,validation
ID_EB70E53659,train
ID_EB71F76726,final
ID_EB73D5B544,validation
ID_EB7572A02F,train
ID_EB767961A4,train
ID_EB7953BA12,train
ID_EB799C6980,train
ID_EB7A07C5F7,validation
ID_EB7A758FA4,train
ID_EB7BB34BC5,final
ID_EB7DFD6B74,train
ID_EB7F852C8E,final
ID_EB83196D30,train
ID_EB8358BFD0,final
ID_EB840EDCEA,train
ID_EB89D21485,train
ID_EB8CD714DA,train
ID_EB8D9DCD9F,train
ID_EB8DDB0158,train
ID_EB8F093072,validation
ID_EB8F54C20E,train
ID_EB919A4ABF,train
ID_EB921D3A57,validation
ID_EB926006B4,train
ID_EB9523888B,train
ID_EB95B12638,validation
ID_EB95CEE3AC,final
ID_EB97B41E9C,train
ID_EB97BF3337,train
ID_EB97FED5C7,train
ID_EB99A8191D,train
ID_EB99C13B76,validation
ID_EB9E01062E,validation
ID_EB9F8720A3,validation
ID_EBA0BB3343,final
ID_EBA1B944C1,train
ID_EBA3067588,final
ID_EBA4303CCE,validation
ID_EBA5D5A743,validation
ID_EBA6C2F1D7,train
ID_EBA7EF193D,train
ID_EBA8C2EFAE,train
ID_EBAA68055B,train
ID_EBAAF9F8E0,train
ID_EBAB182ABE,train
ID_EBACDD4CF2,validation
ID_EBAF9E7219,final
ID_EBB0D8F4EA,final
ID_EBB3D875FD,final
ID_EBB48AA1AF,train
ID_EBB7B99B64,validation
ID_EBB99027E5,train
ID_EBBB1D9468,train
ID_EBBC688220,train
ID_EBBCF764FF,train
ID_EBBE39F237,train
ID_EBBEBFAC5A,final
ID_EBC230CA9B,validation
ID_EBC3CBE8C8,validation
ID_EBC616D59F,train
ID_EBC658BD1F,train
ID_EBC6970320,train
ID_EBC8E9C180,validation
ID_EBC940B480,final
ID_EBCD21D7B7,train
ID_EBCD88E03E,final
ID_EBCF91F226,train
ID_EBD0A2E500,train
ID_EBD15720F0,train
ID_EBD15B127F,final
ID_EBD58A6316,validation
ID_EBD5EB7C91,final
ID_EBD6ADED97,train
ID_EBDA480831,final
ID_EBDA4B4E85,validation
ID_EBDBBBCE1A,train
ID_EBDBEA4A9F,validation
ID_EBE024B1DE,validation
ID_EBE08857A4,train
ID_EBE18C1955,train
ID_EBE33704F8,train
ID_EBE34B712F,train
ID_EBE8AD4B85,validation
ID_EBEA0F3765,validation
ID_EBEA2D781C,validation
ID_EBECA535EB,train
ID_EBECBB7A3C,final
ID_EBED7C6556,final
ID_EBEDA12700,train
ID_EBEEFDE772,train
ID_EBEF291FBA,train
ID_EBF07F6178,train
ID_EBF8860C84,train
ID_EBFCE2E05C,train
ID_EBFE6A3CAC,final
ID_EBFFC840D4,train
ID_EC020506B5,validation
ID_EC024CC97B,validation
ID_EC03E1F0CA,train
ID_EC05A54BA8,train
ID_EC07D61BD9,validation
ID_EC08C5FEDD,final
ID_EC0915B4B1,final
ID_EC0BD400B9,train
ID_EC0CDF171B,final
ID_EC0E38D0B0,final
ID_EC10CE9E21,train
ID_EC12BE1ADA,train
ID_EC151B5571,validation
ID_EC165658DE,validation
ID_EC18A75244,validation
ID_EC1F176763,train
ID_EC213694EE,validation
ID_EC21600795,train
ID_EC23A4EBB6,train
ID_EC2418EE37,final
ID_EC251A0156,train
ID_EC26E4F0C1,train
ID_EC272DB107,validation
ID_EC27DF6DD6,validation
ID_EC2A34A1F1,train
ID_EC2BE3A034,train
ID_EC2C2F0D10,train
ID_EC2C403F9F,train
ID_EC2CDE6D77,final
ID_EC2EC861EC,validation
ID_EC2F0FD063,train
ID_EC3046D9BF,train
ID_EC3395EAD4,train
ID_EC33B84087,final
ID_EC35919321,train
ID_EC384402BF,train
ID_EC387C73E8,final
ID_EC3E4E2C13,final
ID_EC3E74A972,train
ID_EC3F1CCFA2,train
ID_EC3FFA455D,train
ID_EC403DB25A,train
ID_EC4070A991,validation
ID_EC40C0EA4A,train
ID_EC436BB79A,final
ID_EC44B10FFE,train
ID_EC45137A3E,validation
ID_EC47A46895,validation
ID_EC4CD2B332,train
ID_EC4D302E55,train
ID_EC4DA83D99,final
ID_EC4F6C9D83,validation
ID_EC507853F4,train
ID_EC5473F422,train
ID_EC54C22CB3,final
ID_EC58123CDE,validation
ID_EC58A97D55,train
ID_EC58D76120,validation
ID_EC591C0775,final
ID_EC59DB8969,validation
ID_EC5ACD33D5,final
ID_EC5B4721A1,final
ID_EC5B64EC30,train
ID_EC60569C6B,train
ID_EC61AE23D6,final
ID_EC62E586AC,train
ID_EC65B5727E,train
ID_EC65C4104F,train
ID_EC666F0A83,train
ID_EC66ECB471,train
ID_EC6910B198,train
ID_EC6C28290D,final
ID_EC6C8405AC,train
ID_EC6D8FB32F,validation
ID_EC6EA68FB0,validation
ID_EC721A3674,train
ID_EC72706D38,final
ID_EC7337DCEA,train
ID_EC749DA56A,train
ID_EC74F1C374,train
ID_EC7659F85D,train
ID_EC7CCA6BB3,validation
ID_EC7E54EAD6,final
ID_EC7E7E3395,validation
ID_EC7F94774F,train
ID_EC80C11DA1,validation
ID_EC81A989FC,validation
ID_EC828D3750,final
ID_EC837BCA25,train
ID_EC8678A47C,train
ID_EC874998A4,train
ID_EC883EB1E6,train
ID_EC8878E911,train
ID_EC88D52D39,train
ID_EC8AF1457C,final
ID_EC8D09A662,final
ID_EC8F3D1D5C,final
ID_EC8F856851,train
ID_EC93212ADC,train
ID_EC9781ECF1,final
ID_EC97CF8D96,train
ID_EC99936EE8,train
ID_EC99A47F35,final
ID_EC9BDD5FE4,final
ID_EC9C33D451,train
ID_ECA1AEC6AC,train
ID_ECA3A711D7,train
ID_ECA49AB14A,final
ID_ECA535F0B8,train
ID_ECA6E75DDD,train
ID_ECA7CF9DC9,validation
ID_ECAC12BB2C,validation
ID_ECAE28FDEA,train
ID_ECAFABC99F,train
ID_ECAFDFDD76,train
ID_ECB27289CF,train
ID_ECB2D1C1D7,train
ID_ECB55B0A9E,train
ID_ECB59F7413,train
ID_ECB66AA7C9,final
ID_ECB6AF827F,final
ID_ECB877A843,train
ID_ECBDB44F1F,final
ID_ECC00441F6,train
ID_ECC0EB365A,final
ID_ECC2909E7E,validation
ID_ECC2C4815D,final
ID_ECC775B1AE,train
ID_ECC8732B4C,train
ID_ECCB32A169,validation
ID_ECD101014C,train
ID_ECD171F55C,train
ID_ECD1761DD9,train
ID_ECD3DC103E,train
ID_ECD5E521E7,validation
ID_ECD797A44C,train
ID_ECDBB25DA5,train
ID_ECDC18DDCF,final
ID_ECDDEF190A,train
ID_ECDF47A26A,train
ID_ECE355B512,train
ID_ECE720D60E,final
ID_ECE7F30503,validation
ID_ECE981C7E7,train
ID_ECE9DE57CD,train
ID_ECEA03D464,train
ID_ECEB9AEC9E,validation
ID_ECECBDE9A2,final
ID_ECEFFBA496,train
ID_ECF137C2C8,train
ID_ECF3A35EDF,train
ID_ECF489C833,validation
ID_ECF66936AC,train
ID_ECF6D442FF,train
ID_ECF91F575F,final
ID_ECFD0D2863,train
ID_ECFD6FB3F1,train
ID_ECFDAB8498,final
ID_ED005F1A91,train
ID_ED01279DFE,train
ID_ED08C231FC,final
ID_ED09C45765,validation
ID_ED0AE66837,validation
ID_ED0E2099EA,final
ID_ED12EF7B2D,final
ID_ED161F3F98,train
ID_ED16248DFE,train
ID_ED166B0246,train
ID_ED168FB071,validation
ID_ED19AB65E5,validation
ID_ED1A779EB3,train
ID_ED1B789831,train
ID_ED1E3F9F2A,train
ID_ED1EB43797,train
ID_ED20E27B36,train
ID_ED22BBCA0C,train
ID_ED271B64BB,train
ID_ED27E6E8C4,final
ID_ED2A26DC18,train
ID_ED2B4FB76E,train
ID_ED31218571,train
ID_ED34DB2745,final
ID_ED364841AA,train
ID_ED36508E8B,train
ID_ED371295DD,final
ID_ED3779BD15,validation
ID_ED39B4059E,validation
ID_ED3C09C3C7,train
ID_ED3C14DBDC,train
ID_ED3DA0F116,final
ID_ED3F19C8A7,train
ID_ED41CF828B,train
ID_ED42625657,final
ID_ED42F30053,train
ID_ED430644F0,train
ID_ED45CD8934,train
ID_ED480AECC4,train
ID_ED49EDFB25,final
ID_ED4ACC875A,final
ID_ED4AFCF4AC,train
ID_ED4B2706BE,final
ID_ED4E10BFF5,train
ID_ED503CCA91,validation
ID_ED535D53B9,train
ID_ED538725EA,validation
ID_ED53A0A911,validation
ID_ED55C9FB57,final
ID_ED55EE0E8D,validation
ID_ED56AC71AB,train
ID_ED590BA5EC,train
ID_ED5948C27F,train
ID_ED5CD05609,train
ID_ED60AA647B,train
ID_ED6204423F,train
ID_ED6715BEB7,train
ID_ED67C3D2FA,train
ID_ED68BC6BCB,train
ID_ED69E61310,train
ID_ED6A36AD07,train
ID_ED6AD448FF,validation
ID_ED6B1CCCEB,train
ID_ED6C7346EC,validation
ID_ED6DC68F23,train
ID_ED6E473E3F,train
ID_ED7044969F,train
ID_ED70A03877,train
ID_ED72CCDEB9,train
ID_ED768ECCDB,validation
ID_ED77D041A6,train
ID_ED797FFC24,train
ID_ED7ADBCF82,train
ID_ED7C237447,validation
ID_ED7C75ECA3,train
ID_ED7D85172A,train
ID_ED7F0CB040,train
ID_ED7F6D58BC,validation
ID_ED8649FFA6,train
ID_ED8AAAE055,train
ID_ED8FE713D3,validation
ID_ED9071D104,train
ID_ED93079252,train
ID_ED9392178D,train
ID_ED96135A25,final
ID_ED96DA9E90,train
ID_ED9935073A,validation
ID_ED9997AB36,train
ID_ED9BE4419C,train
ID_EDA0F49428,train
ID_EDA5BA2CAC,train
ID_EDA608109D,validation
ID_EDA813525E,train
ID_EDAA05B8DF,train
ID_EDAC2C2180,train
ID_EDADA8F408,train
ID_EDAEA0C612,final
ID_EDB25159A3,validation
ID_EDB39D22CB,final
ID_EDB5A1FC4D,final
ID_EDB8C937FF,validation
ID_EDBEB21137,train
ID_EDBF9D12E6,train
ID_EDC08DB9C2,train
ID_EDC2143A33,train
ID_EDC6B39CB7,train
ID_EDC6E8FE84,train
ID_EDC7FDE8BF,train
ID_EDC83ECA56,train
ID_EDC8D8F9EB,train
ID_EDCA812962,validation
ID_EDCAA67E0A,validation
ID_EDCD143F3D,train
ID_EDCD46E9E8,final
ID_EDCDCA8B42,validation
ID_EDCE425452,train
ID_EDCF00CE9A,final
ID_EDCF9B80FC,train
ID_EDD018B2FB,train
ID_EDD4768B40,final
ID_EDD6347348,train
ID_EDD6727079,train
ID_EDD9D5F613,validation
ID_EDDA45874D,train
ID_EDDA4A9F47,train
ID_EDDD603304,validation
ID_EDDD6677C5,train
ID_EDE2B075AE,train
ID_EDE314FEDF,validation
ID_EDE8E92134,train
ID_EDE9D6A9DE,final
ID_EDEAA9DE9D,train
ID_EDEBEB8520,train
ID_EDF096A60D,validation
ID_EDF5A86460,final
ID_EDF61DE40B,train
ID_EDF67AD159,train
ID_EDF78345BB,train
ID_EDF817CA89,final
ID_EDF94D0923,final
ID_EDFDB87751,validation
ID_EDFF16A602,train
ID_EE005EDDE1,train
ID_EE00A02A5F,train
ID_EE014871A3,train
ID_EE0223C051,train
ID_EE025BF2BA,final
ID_EE0411509D,train
ID_EE044DA19D,train
ID_EE06408987,final
ID_EE0721A188,train
ID_EE075BD491,validation
ID_EE081CE785,train
ID_EE0870F1C4,validation
ID_EE0A3846BB,train
ID_EE0B3E9094,train
ID_EE0BF3AAE9,train
ID_EE0C333EA2,final
ID_EE0C517CC8,final
ID_EE0DD8D77C,final
ID_EE0E8BB358,train
ID_EE0E9CA89A,train
ID_EE1131A8E3,validation
ID_EE1B413F72,train
ID_EE1BCCA673,validation
ID_EE1DAFA62D,final
ID_EE1FD6B720,validation
ID_EE2145A7DE,train
ID_EE23D2182F,train
ID_EE263EE341,final
ID_EE2B2C8A03,train
ID_EE2C085A5A,train
ID_EE2CFF2C6C,train
ID_EE2D3E9E5F,train
ID_EE3376FC19,train
ID_EE348CAA25,train
ID_EE3588EB7F,final
ID_EE3BF2A9CF,train
ID_EE3C98B5B7,train
ID_EE3CA68663,train
ID_EE3D945231,train
ID_EE42543894,final
ID_EE43DECE2E,train
ID_EE446D622D,train
ID_EE4476F1E2,train
ID_EE44912B36,train
ID_EE450D54A3,final
ID_EE455517DE,final
ID_EE4610040D,train
ID_EE493F4592,train
ID_EE4DC458F4,train
ID_EE4E183F8F,validation
ID_EE4EF4CBB4,train
ID_EE4F2C8024,train
ID_EE4FA114A7,train
ID_EE51B18D2C,train
ID_EE56FB9377,train
ID_EE574053CC,validation
ID_EE58D4510D,train
ID_EE5BA7EB06,train
ID_EE5C01DE33,validation
ID_EE5F3413E0,train
ID_EE5FCA0753,train
ID_EE61F25880,train
ID_EE61F4E3F9,train
ID_EE642C95A2,final
ID_EE698A9DC6,train
ID_EE6D3225FC,final
ID_EE7061B07B,train
ID_EE70814943,final
ID_EE7117F037,train
ID_EE7356B869,validation
ID_EE73978E13,validation
ID_EE763B86F9,final
ID_EE77F3590E,validation
ID_EE7A9E4C58,train
ID_EE7D2108EE,train
ID_EE7DF57BBF,train
ID_EE7E23B04A,train
ID_EE7E257D27,train
ID_EE7F446F0C,validation
ID_EE7F5B7525,train
ID_EE821834FE,final
ID_EE821DFDF0,final
ID_EE84522E07,train
ID_EE845C5F21,final
ID_EE85A91D15,train
ID_EE86BABD88,train
ID_EE88CBF7DF,validation
ID_EE8986114E,validation
ID_EE8A16D74F,final
ID_EE8DB1A564,train
ID_EE8F900661,final
ID_EE90D2BC34,train
ID_EE9114C047,train
ID_EE920EA296,train
ID_EE921628D4,train
ID_EE936C70C3,validation
ID_EE955291FF,train
ID_EE9694ECA2,final
ID_EE98EEF1B7,final
ID_EE9900A5C3,validation
ID_EE99C1B0BD,validation
ID_EE9B3A8B23,train
ID_EE9C058AE0,train
ID_EE9FFC8621,train
ID_EEA05914AF,train
ID_EEA139674E,validation
ID_EEA2764D33,train
ID_EEA365F4D6,train
ID_EEA3D9B8FC,train
ID_EEA62EE434,train
ID_EEAA2CE3CB,train
ID_EEAB744F1D,final
ID_EEAE10867E,train
ID_EEAE710E58,train
ID_EEB034789F,validation
ID_EEB181041F,train
ID_EEB34CA4EB,train
ID_EEB4001573,train
ID_EEB4271313,train
ID_EEB4E6CD2C,train
ID_EEB8748CC0,train
ID_EEB961ED01,train
ID_EEB99E7C7F,train
ID_EEBB6C0FFC,train
ID_EEBC3A8DAA,final
ID_EEBD24E881,train
ID_EEBE242408,validation
ID_EEC10C7F1D,train
ID_EEC33F02CB,train
ID_EEC3D28A2E,train
ID_EEC758F308,final
ID_EEC7BBCC88,train
ID_EECCDA49FC,train
ID_EECDBF67C7,validation
ID_EED3B50492,train
ID_EED3CF80D8,final
ID_EED4F19191,train
ID_EED5DE8AC4,train
ID_EED6CA32D2,train
ID_EED728E3BB,final
ID_EED7C1AD88,train
ID_EED8707279,train
ID_EED924D086,validation
ID_EED9A3C894,train
ID_EEDB459BC6,train
ID_EEDB9B82AC,validation
ID_EEDBB97293,final
ID_EEDC6E3839,validation
ID_EEDC7BA86E,train
ID_EEDD552409,train
ID_EEDE9F40DA,validation
ID_EEDFC63731,train
ID_EEE3C4148C,final
ID_EEE4CDF739,train
ID_EEE7960D39,train
ID_EEE7DE3A07,final
ID_EEEB0BF99D,validation
ID_EEECC1CDE2,validation
ID_EEF05F421E,train
ID_EEF0A9D9EC,train
ID_EEF0DB17FC,train
ID_EEF2DD1FFA,final
ID_EEF3A68724,train
ID_EEF58C6B80,train
ID_EEF61349F4,validation
ID_EEF644EA36,train
ID_EEF96DAEBD,validation
ID_EEFDC37AA0,final
ID_EF0064114F,validation
ID_EF0080343F,final
ID_EF02C700C5,final
ID_EF0415019C,final
ID_EF0505B9AA,train
ID_EF0625DA0F,train
ID_EF07F0ECE3,train
ID_EF08E6DDE7,train
ID_EF0B53C7C1,train
ID_EF0C08650B,validation
ID_EF0D28B90E,train
ID_EF0FD91386,train
ID_EF1267F639,train
ID_EF12EFD850,final
ID_EF149D6E74,final
ID_EF14D7F2CD,train
ID_EF1559535A,train
ID_EF1664CB2F,train
ID_EF16D04358,train
ID_EF2050C8C3,final
ID_EF22CF0512,final
ID_EF23D2FD61,train
ID_EF24D63351,train
ID_EF2A3F19EA,train
ID_EF2AB5E8EA,train
ID_EF2CBEE54C,train
ID_EF2DC4CB5C,final
ID_EF30408F51,train
ID_EF31B211B4,train
ID_EF31D73CD6,train
ID_EF3AA2F9C3,train
ID_EF3B371885,final
ID_EF3E15B7CA,train
ID_EF3F7F174D,train
ID_EF41FFE82C,train
ID_EF42432C5C,final
ID_EF42CF9323,final
ID_EF48ED7833,train
ID_EF4A12C7B6,final
ID_EF4A47F2EF,train
ID_EF4A4B1094,final
ID_EF4C4F5EA7,train
ID_EF4D84D264,final
ID_EF4FF68015,train
ID_EF501420BE,train
ID_EF512B76D7,train
ID_EF5153BE0C,final
ID_EF525FE6C5,validation
ID_EF53C48A4D,final
ID_EF550C5B64,train
ID_EF5755037F,final
ID_EF585F688D,train
ID_EF5B6D237D,final
ID_EF5E26AD35,train
ID_EF600B5D28,final
ID_EF6204DFE7,validation
ID_EF6456508A,validation
ID_EF64741026,validation
ID_EF66104035,train
ID_EF68C23C96,train
ID_EF69CB1827,validation
ID_EF6E5F025E,final
ID_EF6EEB1826,train
ID_EF6F93E2DF,train
ID_EF706E08AB,final
ID_EF72AC8A6A,validation
ID_EF75FE0E72,train
ID_EF76DDE08F,train
ID_EF7816A3B2,validation
ID_EF7896E5F4,train
ID_EF79CDEA3E,validation
ID_EF7A94BDDD,train
ID_EF7B0478A3,validation
ID_EF7BB17C7E,train
ID_EF7C571C54,validation
ID_EF7C58ED47,train
ID_EF7DF7EE44,validation
ID_EF7ED99FCC,train
ID_EF7FEA5F5E,validation
ID_EF81D7D9EC,train
ID_EF86A38B13,train
ID_EF86D44610,train
ID_EF889C9F80,train
ID_EF88DD30AE,validation
ID_EF89382378,train
ID_EF8994EF09,train
ID_EF89B5E033,final
ID_EF89DC409B,final
ID_EF8FB7B99D,train
ID_EF906F3730,train
ID_EF91CB199A,train
ID_EF9475C72A,train
ID_EF96E67543,train
ID_EF99D12A0F,train
ID_EF99D7E0E6,validation
ID_EF9A2EEF9E,final
ID_EF9ACE47E9,train
ID_EF9D921B6F,validation
ID_EF9F3F53CA,train
ID_EF9FB8B36F,train
ID_EFA000855E,validation
ID_EFA10D8A07,train
ID_EFA1590C5A,train
ID_EFA193E66B,train
ID_EFA7394C5D,validation
ID_EFA8D0DAA8,train
ID_EFAA8468CB,final
ID_EFAB79EAEA,train
ID_EFABC84051,train
ID_EFADF68F0C,final
ID_EFB095B576,train
ID_EFB3EC526D,train
ID_EFB499565F,train
ID_EFB509C848,final
ID_EFB607D57A,validation
ID_EFB79BBE3E,validation
ID_EFB7A84459,train
ID_EFBA15A9CC,train
ID_EFBB9725EC,validation
ID_EFBBEA95FB,train
ID_EFBFD9D195,train
ID_EFC14D0E7A,train
ID_EFC20487F1,train
ID_EFC443737C,train
ID_EFC91A9F30,validation
ID_EFC91BF70B,train
ID_EFCE05759D,train
ID_EFCFB8CF23,validation
ID_EFD01D6D8C,train
ID_EFD06B7EEB,train
ID_EFD137F687,train
ID_EFD1FA2A24,validation
ID_EFD24A4ED7,validation
ID_EFD2779D68,validation
ID_EFD2C7A062,train
ID_EFD63D056D,train
ID_EFD7A7C0F1,train
ID_EFD863DEBB,train
ID_EFD99C9441,train
ID_EFE0F6FFA4,train
ID_EFE1EC68FF,train
ID_EFE27F9B88,train
ID_EFE36266BD,final
ID_EFE441F2BE,train
ID_EFE4441A04,train
ID_EFE783A8FA,train
ID_EFEA7659CD,train
ID_EFEB12391E,train
ID_EFED608FF0,validation
ID_EFF045CE18,train
ID_EFF3308E3B,validation
ID_EFF75AE729,validation
ID_EFF8F8C519,train
ID_EFFABFD820,validation
ID_EFFE4C5310,train
ID_EFFE72E6F2,train
ID_EFFEDCA811,final
ID_F001D2F081,train
ID_F001EDADAE,train
ID_F003457703,validation
ID_F005BD5C9A,train
ID_F006BCED6A,final
ID_F00BC35A13,train
ID_F00DD4F849,train
ID_F00E1ECE09,train
ID_F01549FE22,validation
ID_F017EB03A7,train
ID_F019C5A925,train
ID_F01B282380,final
ID_F01C35DD5D,final
ID_F023137A0A,final
ID_F0244F9539,train
ID_F02570318C,train
ID_F025EAF0B8,train
ID_F0278E1EEC,train
ID_F0280C5A8B,validation
ID_F02C047305,final
ID_F02CFC397A,train
ID_F02D489FD1,validation
ID_F02EB61F63,validation
ID_F02F77FB92,train
ID_F0317A0D94,final
ID_F0326474D6,train
ID_F034572BCD,train
ID_F0350528CD,validation
ID_F0385EE71D,train
ID_F03A2D3A81,train
ID_F03AE62587,validation
ID_F03DE4D759,validation
ID_F03E257E5F,train
ID_F03F6C700B,train
ID_F044EA170F,final
ID_F048BA26D3,final
ID_F0498056D8,final
ID_F04984EF3B,train
ID_F04C8F9EEC,train
ID_F04DE90394,train
ID_F04F169970,train
ID_F04FAD21D9,train
ID_F051295921,final
ID_F051D96C7E,train
ID_F0529E7540,train
ID_F055EEBBAE,train
ID_F05762F028,train
ID_F0586A3E33,validation
ID_F061A9D545,train
ID_F061DEC57A,train
ID_F066507D62,final
ID_F066D75EFF,final
ID_F06965EEAD,final
ID_F069AD7E5B,train
ID_F06ADB22F9,train
ID_F07022DF60,train
ID_F0738A2D3F,final
ID_F0742359A0,train
ID_F0748CE062,final
ID_F074CB2385,train
ID_F0761CCBA2,final
ID_F07650A919,final
ID_F07685ACEB,train
ID_F07A0D94E0,train
ID_F07AA1F540,final
ID_F07AAEAD5A,validation
ID_F07BD445ED,validation
ID_F07F797497,train
ID_F080E2184B,train
ID_F08172C5C0,train
ID_F082EA35EB,final
ID_F0830FC428,train
ID_F083A7ECA4,train
ID_F086E1EADA,train
ID_F08BA58D4A,train
ID_F08D9B797D,train
ID_F090409706,train
ID_F090F3CEC6,train
ID_F091CE8912,train
ID_F091FDC40A,train
ID_F0921054DF,final
ID_F0936F93A4,train
ID_F096299764,final
ID_F09669E3EA,train
ID_F097D25681,final
ID_F099A5D0A3,train
ID_F09E71C06B,final
ID_F0A152AA22,train
ID_F0A20A8590,final
ID_F0A27899B3,train
ID_F0A3C3529A,train
ID_F0A8945467,train
ID_F0A9B4F7F2,final
ID_F0AB5FD67B,final
ID_F0AEC1B378,train
ID_F0AF240D07,train
ID_F0B07D42C5,train
ID_F0B21D673E,train
ID_F0B492AAB3,train
ID_F0B51A59F5,final
ID_F0B51A90D5,train
ID_F0B53D7EDE,train
ID_F0B7751FCB,validation
ID_F0B7FBC39B,final
ID_F0BF924D37,train
ID_F0BF9970BA,train
ID_F0BFA17BB4,train
ID_F0C04D268C,train
ID_F0C0A88013,validation
ID_F0C1AA3881,validation
ID_F0C3C14AB6,train
ID_F0C4FCB301,validation
ID_F0C5486B00,train
ID_F0C6819187,train
ID_F0C80C7B3B,train
ID_F0C83C7DDA,validation
ID_F0C937EA50,train
ID_F0CB283625,train
ID_F0CBB918CD,train
ID_F0CF03D17C,train
ID_F0D165DBB4,validation
ID_F0D3C6FC50,train
ID_F0D57FC5B8,train
ID_F0D700C2D2,train
ID_F0D734FB76,train
ID_F0D910E063,train
ID_F0DB552B55,final
ID_F0DBBF2527,validation
ID_F0DCF50B65,train
ID_F0E33512BC,train
ID_F0E443B886,final
ID_F0E701BC35,train
ID_F0E828E8FA,final
ID_F0E9E60783,train
ID_F0EBE0A67C,train
ID_F0EC25FF46,final
ID_F0ED65C992,final
ID_F0EDFFBF8B,train
ID_F0EECDE7E3,train
ID_F0EF1AE86B,train
ID_F0F0F6F0CC,final
ID_F0F53E6285,train
ID_F0F7EAE874,train
ID_F0F8345FF0,train
ID_F0FA6E4CA7,validation
ID_F0FB3AA9BD,final
ID_F0FDC08047,train
ID_F1033D4442,train
ID_F1039F1609,train
ID_F10479FC62,validation
ID_F10539F69E,train
ID_F10659185B,train
ID_F1074BE618,final
ID_F108946E61,validation
ID_F10C67EA63,train
ID_F10E65C6BD,validation
ID_F10E8011B8,train
ID_F1114B9743,train
ID_F1148FBF7C,final
ID_F1176E0EE8,train
ID_F118FA08DB,train
ID_F11981E21A,train
ID_F11B1B8427,train
ID_F11BB92DF1,final
ID_F11BFA57CB,final
ID_F11C0597D2,final
ID_F11C440D2E,validation
ID_F11FE5ABC1,train
ID_F120833302,validation
ID_F1228DC6CB,final
ID_F1235E43E4,train
ID_F123C40AD0,train
ID_F12565E172,train
ID_F125F3B63C,train
ID_F12601B522,final
ID_F12639E696,validation
ID_F12B1B0927,validation
ID_F12E557900,final
ID_F12F9FAB93,train
ID_F13025E901,validation
ID_F1304733A9,train
ID_F130AD3EC5,final
ID_F13111E2A8,final
ID_F131CE0787,train
ID_F1329D99FC,train
ID_F133C5E3BA,validation
ID_F136865191,train
ID_F139E58793,validation
ID_F13C380868,final
ID_F13CCF75E7,train
ID_F13DD4F55F,validation
ID_F13FA6971E,train
ID_F140906EFD,train
ID_F140916542,validation
ID_F1425C784A,final
ID_F14A3EC883,train
ID_F14DD6639B,validation
ID_F14F1664C0,validation
ID_F151E7CA46,train
ID_F152A96238,train
ID_F1530E727D,train
ID_F15443EF38,train
ID_F1562B6B3B,final
ID_F158EE5DE1,validation
ID_F158F58816,train
ID_F159EA4CC2,train
ID_F15D84A73B,train
ID_F161B186BD,train
ID_F162549B04,train
ID_F1625E2AEC,final
ID_F16444A531,final
ID_F164D987B2,validation
ID_F164F19B5E,final
ID_F16A74422A,final
ID_F16CE0F208,validation
ID_F16E487467,train
ID_F16EAA17E4,train
ID_F170734C68,train
ID_F17108CACF,final
ID_F17162DA87,final
ID_F172CCCD0B,validation
ID_F172E16B92,validation
ID_F17327C602,final
ID_F174D09A9F,train
ID_F175113223,final
ID_F17653FFDB,train
ID_F17984218C,train
ID_F17CCB92F4,final
ID_F17CFD83A4,train
ID_F17FED76F0,final
ID_F181E3BEDC,train
ID_F18207411B,train
ID_F18262988D,train
ID_F1834049EB,train
ID_F184D81705,validation
ID_F186B597B5,train
ID_F18733645D,final
ID_F18756EC54,train
ID_F189EA557D,train
ID_F18C9C2B40,train
ID_F18DBEDA44,train
ID_F18E3555FC,train
ID_F1900A2D8F,validation
ID_F1906D22AA,train
ID_F1911C01B6,train
ID_F191F02F1B,train
ID_F1922D690E,final
ID_F193E8D318,train
ID_F195CD0921,validation
ID_F195E4634F,final
ID_F196BC5AFC,train
ID_F198F576A0,train
ID_F19B5C724F,validation
ID_F19BFCEAF0,train
ID_F19E646726,train
ID_F19EB56997,train
ID_F1A1133A10,train
ID_F1A144FA2C,final
ID_F1A2EE2CD3,train
ID_F1A32CCA7C,final
ID_F1A3717E62,train
ID_F1A39D2748,train
ID_F1A3BAE93B,train
ID_F1A3BE1EB1,train
ID_F1A46E5208,train
ID_F1A574A3BC,final
ID_F1AA50A70D,train
ID_F1AB363DF3,train
ID_F1AD50EB24,train
ID_F1ADAE542F,final
ID_F1AF45B0F1,validation
ID_F1AFEAC02F,train
ID_F1B1AAF14B,train
ID_F1B2ACD623,train
ID_F1B33A40FD,train
ID_F1B352B98F,train
ID_F1B9406358,validation
ID_F1BA939774,final
ID_F1BD18C553,validation
ID_F1C1C64A05,train
ID_F1C1DBDAF8,validation
ID_F1C3CD7456,train
ID_F1C43AF46E,train
ID_F1C5566F81,final
ID_F1C98662AA,train
ID_F1CAFA9B82,train
ID_F1CC07B276,train
ID_F1CFAF29BE,train
ID_F1D0259540,validation
ID_F1D1A03750,final
ID_F1D2469B00,final
ID_F1D2BEF0D1,train
ID_F1D3EDA8D4,final
ID_F1D516511F,train
ID_F1D60474C4,train
ID_F1D69FB51B,train
ID_F1DA2AB785,validation
ID_F1DC0556D7,train
ID_F1DE8EACD7,train
ID_F1DEA10E9B,final
ID_F1DF7CD5D9,validation
ID_F1DFDB64AE,train
ID_F1E39D3613,final
ID_F1E9494188,train
ID_F1EA583464,final
ID_F1EBF90016,final
ID_F1EF20CC02,final
ID_F1F240EDB6,train
ID_F1F46D9A65,train
ID_F1F57D29DC,train
ID_F1F61277B3,final
ID_F1F9BD1B26,final
ID_F1F9F52FED,final
ID_F1FD449456,train
ID_F1FECB5B66,validation
ID_F20137D637,validation
ID_F20494452E,train
ID_F205A10119,train
ID_F209DC5AB3,train
ID_F20E403888,train
ID_F20F8667C3,validation
ID_F20F8F4C12,train
ID_F20FA0F365,final
ID_F2105EB9DD,train
ID_F21060A39D,train
ID_F210FA18FD,train
ID_F211114FAB,train
ID_F21171813C,train
ID_F211D6EC88,validation
ID_F2128521FD,validation
ID_F2142FE987,train
ID_F2174919BD,validation
ID_F2185D2858,validation
ID_F218CAC0E9,train
ID_F21A55E0A2,train
ID_F21B2DCE0F,train
ID_F21DA5CBF5,train
ID_F21E88E8F8,train
ID_F21F02C26C,final
ID_F2202D4837,validation
ID_F2263850B1,final
ID_F22671A6CE,train
ID_F226BF0576,train
ID_F226E4072F,validation
ID_F2299F9BD6,final
ID_F22A033760,train
ID_F22A777A0A,train
ID_F22B5D267D,train
ID_F22BB03EBD,validation
ID_F22CCFAE9A,final
ID_F22D329FC2,train
ID_F22DCB84A5,train
ID_F22E5EA428,train
ID_F231BD3DA8,train
ID_F232F5D46D,train
ID_F233C8175C,train
ID_F23516DB40,validation
ID_F23604C6EE,train
ID_F236819835,train
ID_F2368FA100,validation
ID_F23B31FA02,train
ID_F23B9768C7,validation
ID_F23C02F421,train
ID_F23C1D63D3,train
ID_F23C66A892,final
ID_F23D0FBD0E,final
ID_F23E101A8D,train
ID_F23F10FD3C,final
ID_F2408C2A47,train
ID_F2427984B3,validation
ID_F242903823,train
ID_F24818AF6D,final
ID_F2487CBFF0,train
ID_F24B8446F7,train
ID_F24DE8B301,train
ID_F257214FD4,train
ID_F257632379,train
ID_F25C63AA6A,train
ID_F25DFC416D,final
ID_F25F2A62C6,train
ID_F2600B2A91,validation
ID_F2611FBB54,final
ID_F2641754FC,train
ID_F267C404FB,final
ID_F26A3EAA4C,validation
ID_F26A9C3CD0,train
ID_F26B6EA992,train
ID_F26E106A1A,train
ID_F26FC5266E,final
ID_F27236694E,validation
ID_F272C54621,train
ID_F276A72BAA,final
ID_F276EFEC9E,train
ID_F276F8D358,validation
ID_F277D58CC9,train
ID_F2781E4EAB,train
ID_F2784743D2,train
ID_F2793D0D9A,validation
ID_F279A61548,train
ID_F27C4482C0,train
ID_F27CBFA1CA,train
ID_F27DDAD343,final
ID_F2800C4B08,final
ID_F280558804,train
ID_F2812F3CBD,train
ID_F282AF0E4C,train
ID_F2846F1DE6,final
ID_F285B5FEDA,train
ID_F287BAD41A,validation
ID_F287EB5271,train
ID_F28AADA05D,validation
ID_F28C1207AB,train
ID_F28DB9D461,train
ID_F29049904D,train
ID_F2905794B7,final
ID_F290BBBE57,train
ID_F293606399,train
ID_F2944BC55C,train
ID_F29477DB7B,train
ID_F297DAB5F0,validation
ID_F29A116A2D,final
ID_F29D0313A6,train
ID_F2A0F016B4,train
ID_F2A234CEF6,validation
ID_F2A24EEEDD,train
ID_F2A306D2E9,final
ID_F2A3EC623B,train
ID_F2A59B91E1,train
ID_F2A67355E4,final
ID_F2A9097093,train
ID_F2AA27ECB2,train
ID_F2AA5C3672,train
ID_F2ABB6FC34,train
ID_F2AF5DBADF,final
ID_F2B07F24BB,validation
ID_F2B0AB4DA2,final
ID_F2B2D555F6,train
ID_F2B38F9903,train
ID_F2B3FCC413,train
ID_F2B6345E67,train
ID_F2BA538BA8,validation
ID_F2BC100E68,validation
ID_F2BC7FA610,train
ID_F2BE512215,train
ID_F2BF788970,validation
ID_F2C038E36B,validation
ID_F2C710E79F,final
ID_F2CA679AA3,train
ID_F2CBA2B342,train
ID_F2CBFD7B2E,train
ID_F2CE58E8CB,final
ID_F2CEEE8071,final
ID_F2CF705D37,train
ID_F2D04548BE,validation
ID_F2D099E6C1,final
ID_F2D0A7ACE8,train
ID_F2D384CC22,final
ID_F2D98369BA,train
ID_F2DDE4C540,validation
ID_F2DE99FB77,validation
ID_F2DEF38775,train
ID_F2E21DA564,final
ID_F2E58E1DA4,validation
ID_F2E747357C,final
ID_F2E9ACBF33,train
ID_F2EEB7E80F,final
ID_F2EF654BBC,final
ID_F2EFFD47A0,train
ID_F2F279AF0E,validation
ID_F2F59E25CC,validation
ID_F2F7DADE33,train
ID_F2F8FBCB9B,validation
ID_F2F9B5D2AA,train
ID_F2FB8E45EE,train
ID_F30161F9CD,train
ID_F30769EA40,validation
ID_F30A3DC98A,final
ID_F30BA79025,train
ID_F30BFFB7CD,train
ID_F30C0C8D3B,train
ID_F31090457B,final
ID_F3109434CB,train
ID_F310D41429,final
ID_F31317F7D4,train
ID_F3169CCD58,train
ID_F3173325FF,validation
ID_F3185C973F,train
ID_F318A7DA24,train
ID_F318EC9CA0,final
ID_F319626299,validation
ID_F31AE500F1,train
ID_F31E20A9E1,validation
ID_F321FB508D,validation
ID_F3226C52D9,train
ID_F32294D453,final
ID_F322ECEDE3,train
ID_F325280BF2,final
ID_F32539FAE2,final
ID_F326F0A2F7,final
ID_F3271233ED,train
ID_F32766CD60,train
ID_F329A9DAA5,train
ID_F32AFAEE54,train
ID_F32F722E7D,validation
ID_F3305C0DC0,validation
ID_F3361B4CBA,train
ID_F336589D03,train
ID_F337886160,train
ID_F3379CA405,train
ID_F338B8F8BA,train
ID_F33BC161E0,train
ID_F33E0A584F,final
ID_F33FCF725A,train
ID_F3415578DB,train
ID_F342F4E44A,train
ID_F3430E4F8D,validation
ID_F34386258B,final
ID_F343A98D6E,train
ID_F344B159F2,final
ID_F344C96F5D,final
ID_F345BC9196,train
ID_F345E4A8FC,train
ID_F348F85408,final
ID_F34A8FCF17,train
ID_F34C0D000D,train
ID_F34C790EB7,train
ID_F34DB1E88D,validation
ID_F350F04222,final
ID_F3518D54C4,final
ID_F3519CF29E,final
ID_F351A20447,train
ID_F351D4EAB8,final
ID_F35239673D,train
ID_F3545F1179,train
ID_F356932DB9,train
ID_F358B55005,train
ID_F3666B3410,train
ID_F36A504C6C,final
ID_F36ADE7590,train
ID_F36C636CFE,final
ID_F36D83058E,final
ID_F36F1452A5,final
ID_F3708E1C96,final
ID_F3713F7CCC,final
ID_F371C10A15,validation
ID_F3727CF84C,train
ID_F3745F5ABF,train
ID_F37612DE28,train
ID_F376DF1986,train
ID_F377219505,train
ID_F3777A5762,final
ID_F37845F788,final
ID_F378B2E6C4,final
ID_F378D4685D,final
ID_F37C39FB27,final
ID_F37F10A8F2,train
ID_F3807A592B,train
ID_F380C0C60B,train
ID_F381C92B39,train
ID_F382392EBD,final
ID_F382A3D96F,train
ID_F387932A75,train
ID_F3880DB95A,final
ID_F38DA29F3F,train
ID_F38FE8D287,validation
ID_F390AC8A43,train
ID_F39357944E,final
ID_F39363492D,train
ID_F39490B7FB,train
ID_F3958C50A2,validation
ID_F39DF06BE4,validation
ID_F39FEAA9AC,train
ID_F3A93735B2,train
ID_F3A99EB803,final
ID_F3AB4522B4,final
ID_F3AE96F6E4,train
ID_F3B0DB5246,train
ID_F3B305407A,train
ID_F3B6FBDA44,train
ID_F3B76B7E22,final
ID_F3B861C9B5,train
ID_F3B8ECAEA4,train
ID_F3BB8C80BC,train
ID_F3BC797F4D,validation
ID_F3BF7802CE,validation
ID_F3C2651800,validation
ID_F3C2D13AF7,final
ID_F3C3AA75C9,train
ID_F3C4DF1E3A,final
ID_F3C5AC1204,validation
ID_F3C5DC76B2,final
ID_F3C5DE2F1C,validation
ID_F3C9AADA88,train
ID_F3CA2307CB,validation
ID_F3CB26F0C5,validation
ID_F3CC524E7C,final
ID_F3CE925BC5,train
ID_F3D23AA221,train
ID_F3D2A80253,final
ID_F3D61E30D8,train
ID_F3D689564B,validation
ID_F3D82C5C44,final
ID_F3D86ABD65,train
ID_F3D905F0BB,train
ID_F3DA243F61,train
ID_F3DB339FF3,train
ID_F3DE3827DC,train
ID_F3DE8D9B22,train
ID_F3DF76F22A,final
ID_F3E0B41CE9,validation
ID_F3E54A8E59,final
ID_F3EA5B2E86,train
ID_F3EC006AD7,train
ID_F3EC26E4AD,final
ID_F3ED1869B7,train
ID_F3ED20B65F,train
ID_F3ED57F96F,validation
ID_F3F16BE09E,train
ID_F3F2F4611B,final
ID_F3F327F535,train
ID_F3F399BE1B,train
ID_F3F555BE60,final
ID_F3FB812C5A,train
ID_F3FCEA2877,validation
ID_F3FE7BC0E6,train
ID_F40014A3F9,validation
ID_F401ED8DA4,validation
ID_F4020C6A5F,train
ID_F4022F40EF,final
ID_F402E460F7,train
ID_F404584D5D,final
ID_F407B3E1A1,validation
ID_F4083375F4,validation
ID_F408EABD45,validation
ID_F40D5EF9C0,train
ID_F4102C9C43,validation
ID_F410FDF0E7,train
ID_F4117F9B54,validation
ID_F41283DB6B,validation
ID_F412C9409B,validation
ID_F416EF0785,train
ID_F418818C8C,train
ID_F418B66241,train
ID_F4196B007C,train
ID_F41976A96A,train
ID_F419CEE3FC,validation
ID_F419E85427,train
ID_F41A069753,train
ID_F41A5F6892,validation
ID_F41BB3DED9,train
ID_F41EBDA115,validation
ID_F426C31A9F,final
ID_F427F2F62C,train
ID_F428CC671D,train
ID_F42918AD77,train
ID_F42956E23D,validation
ID_F4297F9EB8,final
ID_F429DC32D3,train
ID_F429EC1AEE,validation
ID_F4318DA641,final
ID_F431A4350B,train
ID_F4320A1D38,train
ID_F43308BE94,train
ID_F434E86359,validation
ID_F435C42C7A,validation
ID_F4368F5C24,train
ID_F436CF751D,train
ID_F43AE8EB8E,train
ID_F43C941FF2,final
ID_F44044B12F,train
ID_F441E28122,train
ID_F446127EBE,train
ID_F4481EB45D,train
ID_F4485626C9,train
ID_F448B46558,train
ID_F4491D5527,final
ID_F44C1127C9,train
ID_F44CBFC876,final
ID_F44CC7AE2F,train
ID_F44D78325E,final
ID_F44F626742,train
ID_F452D1E69A,train
ID_F45460C8A2,train
ID_F45653FA1B,train
ID_F45995E319,train
ID_F45D4A8777,validation
ID_F45E71521C,validation
ID_F461A907F5,validation
ID_F4636DA1BE,validation
ID_F463CE6957,train
ID_F4652C8E9C,validation
ID_F4668680A0,final
ID_F466B9F97D,final
ID_F466F8FFFE,train
ID_F467E0F262,train
ID_F46947F9E8,train
ID_F4697A55B6,validation
ID_F469B95801,validation
ID_F46B1B3D7C,train
ID_F46C8E59D9,validation
ID_F46CB5BF17,validation
ID_F46CDF4BF9,final
ID_F46E32AFED,train
ID_F470185292,train
ID_F4704A70D0,final
ID_F472384769,train
ID_F472EFF2B9,train
ID_F4744CA7A4,validation
ID_F4746DC276,validation
ID_F476EB7ED6,train
ID_F477CAFABE,final
ID_F479346CD6,train
ID_F47941EC69,train
ID_F47CCE50C7,train
ID_F47D2E62DA,validation
ID_F47DA63CC9,validation
ID_F47E04C7CE,train
ID_F47F42DE05,train
ID_F4817B674D,final
ID_F48283EAAD,train
ID_F4846295BF,final
ID_F486B65E0B,train
ID_F488BC0C2F,train
ID_F48948657F,train
ID_F48950D0F1,train
ID_F48D1DDFC0,validation
ID_F48E3B98FC,train
ID_F48E7323AE,train
ID_F48FA0D423,train
ID_F492DF1B1A,final
ID_F49A48D8E4,train
ID_F49A6A3A20,final
ID_F49F804E39,train
ID_F4A50E9746,train
ID_F4A5E2BE82,train
ID_F4A7A046E7,train
ID_F4AA7DBF38,train
ID_F4AC5BA0B0,final
ID_F4ACD2BD2A,final
ID_F4AFD6C582,validation
ID_F4B0CC5D98,train
ID_F4B2A44B4B,train
ID_F4B398D528,final
ID_F4B5027C66,train
ID_F4B5E7739D,train
ID_F4B84E0909,train
ID_F4B9B7F181,train
ID_F4BEE57130,train
ID_F4C02410C6,train
ID_F4C511386D,train
ID_F4C81197B5,train
ID_F4C901F516,train
ID_F4CA7451C3,train
ID_F4CB4B663A,train
ID_F4CBF8994A,validation
ID_F4CD563052,train
ID_F4D10080ED,train
ID_F4D1B6AF6E,train
ID_F4D2EF7D3D,train
ID_F4D47E8066,final
ID_F4D5928191,train
ID_F4D8CE493E,validation
ID_F4D906E9D0,train
ID_F4DA1C31C0,train
ID_F4DD3FD40F,train
ID_F4DD6A46AE,final
ID_F4DED5225F,train
ID_F4DF09EAF2,train
ID_F4E234E6D5,validation
ID_F4E2BA91C6,train
ID_F4E2DD7B65,train
ID_F4E564F9AA,train
ID_F4E60DC4CA,validation
ID_F4E934B252,final
ID_F4E9F52AA9,validation
ID_F4EACB0308,train
ID_F4ED39ACCF,train
ID_F4F3026D3E,train
ID_F4F806CE39,validation
ID_F4F9E7F704,final
ID_F4FA272F33,train
ID_F4FDEAF8ED,validation
ID_F4FE1FD294,train
ID_F500CE47AD,train
ID_F5026CB762,validation
ID_F5035CB702,final
ID_F503F03B95,train
ID_F50494ED00,train
ID_F50892BD40,train
ID_F50C8B7B13,train
ID_F50F17ACAE,final
ID_F51286F84C,train
ID_F513642AE6,train
ID_F514FDEE2E,train
ID_F5150DC02C,train
ID_F51B31DDB1,train
ID_F51BEAA001,train
ID_F51C5C7277,train
ID_F51D68EFEF,final
ID_F51DEE2BB0,train
ID_F51FC07175,train
ID_F521D8B885,final
ID_F52527C876,train
ID_F5257CED3E,final
ID_F5261768B5,train
ID_F5266C2152,train
ID_F526AB7567,final
ID_F52941CF38,final
ID_F5296CB899,validation
ID_F529F92BB0,validation
ID_F52D57CD2C,train
ID_F52D65B6A7,train
ID_F52DA8CB2A,train
ID_F52E116823,train
ID_F52EC560E6,train
ID_F5307EDB03,validation
ID_F532FCD246,train
ID_F543E3D3A7,train
ID_F5463603FC,train
ID_F548841E0F,train
ID_F54BBB17F4,final
ID_F54EBF2C90,final
ID_F54EE89D98,final
ID_F5509F0AE4,final
ID_F552F73FEB,validation
ID_F55559DE9C,validation
ID_F557F19EFC,train
ID_F5592AD8D6,train
ID_F55ADBE5BA,train
ID_F55B2EF865,validation
ID_F55C6CF4DC,train
ID_F55D927ACB,final
ID_F560B50C96,final
ID_F56179082D,validation
ID_F56424DA3A,train
ID_F564B8F162,final
ID_F564E42307,final
ID_F568689A88,train
ID_F5694F8796,train
ID_F56A3C8458,train
ID_F56E90A5AA,final
ID_F57003CE05,train
ID_F571F557DB,final
ID_F572D27F0B,train
ID_F5732F7957,final
ID_F57416997E,final
ID_F57522EB5B,train
ID_F5753BB5F8,validation
ID_F577C4295A,train
ID_F579A5D641,train
ID_F57BC614D6,final
ID_F57C3EEAFD,validation
ID_F57C9C8B38,validation
ID_F57DB18185,final
ID_F57E1B69B2,train
ID_F57F3D86FF,train
ID_F57FC65070,final
ID_F58603DB7A,final
ID_F5869475F5,validation
ID_F58981CA5E,train
ID_F58B648137,validation
ID_F58BB544D8,train
ID_F58C00578E,validation
ID_F58C440966,final
ID_F58C7FEC99,train
ID_F58D16B1AB,validation
ID_F5907246D7,validation
ID_F591978FB1,validation
ID_F59260A94F,train
ID_F592864C23,train
ID_F5946D40CB,train
ID_F598A50C25,validation
ID_F59B3C154A,final
ID_F59D2F548A,train
ID_F59D971263,final
ID_F5A2CEF877,train
ID_F5A88F6A64,final
ID_F5AA0EDEE6,train
ID_F5AAB06553,train
ID_F5AE9B294A,final
ID_F5AF7DD25E,train
ID_F5B22CF573,final
ID_F5B2810FB5,train
ID_F5B2AD8408,train
ID_F5B2EBCBE2,train
ID_F5B3B05D07,train
ID_F5B4DBE364,train
ID_F5B5C65885,train
ID_F5B671897C,train
ID_F5B6BF4D38,train
ID_F5B8B5136A,train
ID_F5BA030592,train
ID_F5BA7DE1F4,train
ID_F5BAA33BED,train
ID_F5BAC0CACF,validation
ID_F5BEC2BE11,train
ID_F5BF21886C,validation
ID_F5C0DF421E,final
ID_F5CAAACB80,validation
ID_F5D14A28EC,final
ID_F5D2CC086F,train
ID_F5D6879D0E,validation
ID_F5DC951554,final
ID_F5DFB54B16,final
ID_F5E3007A0E,train
ID_F5E7E1332E,validation
ID_F5EA19AFEC,train
ID_F5ECF6017A,train
ID_F5ED727D32,train
ID_F5EDC785F0,train
ID_F5EE1F464B,train
ID_F5EEAFC92B,train
ID_F5F0FD4EDB,train
ID_F5F184E55F,train
ID_F5F1D0BFC1,validation
ID_F5F2B8DC69,validation
ID_F5F4C86E6E,final
ID_F5F59BF724,train
ID_F5F86FF0F9,train
ID_F5F88A82C3,validation
ID_F5F98D310F,final
ID_F5FA0EDD62,train
ID_F5FA211810,train
ID_F5FB1B5382,final
ID_F5FC34298B,train
ID_F5FCD3B125,final
ID_F6006A106D,train
ID_F600FE6E27,train
ID_F601663BCF,train
ID_F602455C70,validation
ID_F60513F4B7,train
ID_F6055CE405,train
ID_F6092CC227,train
ID_F6096519BA,validation
ID_F60D115736,train
ID_F60FFE8510,validation
ID_F6117A7B41,final
ID_F61516B59D,train
ID_F61802A5E9,train
ID_F61841E935,train
ID_F61BAB67B8,train
ID_F61D48AFAD,final
ID_F621AE65D5,train
ID_F622E5EA45,train
ID_F62367133B,train
ID_F624DCA314,train
ID_F625BF6D85,validation
ID_F626C06B31,train
ID_F628B029CA,train
ID_F629031AC9,train
ID_F62B33B801,validation
ID_F62CD85096,validation
ID_F62CFF256C,train
ID_F62F58BF3C,train
ID_F6315E1D3C,train
ID_F633158424,final
ID_F6344D918A,final
ID_F6364D2D67,train
ID_F63733596B,train
ID_F637D5EBCF,train
ID_F638ECCF11,train
ID_F6392EDE9C,validation
ID_F63A9C0548,validation
ID_F6404A9A38,train
ID_F646949E46,train
ID_F64FEB6373,train
ID_F6505E63AF,train
ID_F6558E4BA0,train
ID_F65692D32E,validation
ID_F65B409C57,train
ID_F65B5A0C58,final
ID_F65DEB0CD8,train
ID_F65E2C5BD0,train
ID_F65F5C3869,train
ID_F6600B24AE,final
ID_F6618B0975,train
ID_F6643891EE,train
ID_F664418FE5,train
ID_F666178662,train
ID_F667A945F2,train
ID_F6683E85E6,train
ID_F66A4A50F6,train
ID_F66AF7F04C,train
ID_F66CFA6C8C,train
ID_F6705766E7,train
ID_F67C1DE0AD,final
ID_F67D5DAE01,final
ID_F67FF4F31C,train
ID_F680667689,final
ID_F680CBFBF0,train
ID_F687FE2DFD,train
ID_F6886E5A80,train
ID_F68967F1A0,train
ID_F68CD51319,train
ID_F6941462D1,train
ID_F6951E3A97,validation
ID_F695536861,train
ID_F696CE079C,train
ID_F6977C2D34,validation
ID_F69829083D,final
ID_F69C5A0205,final
ID_F69DBB8FC3,train
ID_F69FB1068A,train
ID_F6A0E7D71D,validation
ID_F6A2E350AF,train
ID_F6A3EBE129,train
ID_F6A5E77070,train
ID_F6A887BB66,train
ID_F6AB712248,validation
ID_F6AB80CCE5,final
ID_F6ABFD42F5,train
ID_F6AF8D1327,validation
ID_F6B0484BD5,train
ID_F6B092CB1B,train
ID_F6B10AE62E,final
ID_F6B17EB4BA,train
ID_F6B2E10777,train
ID_F6B364D518,train
ID_F6B425DD88,validation
ID_F6B7CABAF6,final
ID_F6BA81C404,train
ID_F6C1466279,final
ID_F6C21AA9B5,train
ID_F6C7B4804F,final
ID_F6C99AE39D,train
ID_F6CA404478,final
ID_F6CA57A617,train
ID_F6CF9C6466,train
ID_F6D037843C,final
ID_F6D4A071BC,train
ID_F6D5296E6E,train
ID_F6D5D2421E,train
ID_F6D6F21666,final
ID_F6D769711D,train
ID_F6DA417ED7,train
ID_F6DB1BB342,validation
ID_F6DB25A0CB,validation
ID_F6DB49B39B,train
ID_F6DE7E2442,train
ID_F6DEA47171,train
ID_F6E14657C3,train
ID_F6E9183582,validation
ID_F6EA1F5E5E,train
ID_F6ED960752,train
ID_F6EE2AB917,train
ID_F6EF20175E,train
ID_F6EF802D39,train
ID_F6F04A08FF,train
ID_F6F23DC1F2,train
ID_F6F43DC0CC,final
ID_F6F53150A1,train
ID_F6F70B0F7D,train
ID_F6F842EE4B,validation
ID_F6F9767B9E,train
ID_F6FB1B8A49,train
ID_F6FB8AB685,train
ID_F6FB976127,final
ID_F6FE76FB01,validation
ID_F70274402C,validation
ID_F705C37393,train
ID_F7069C9BC3,final
ID_F7098E245C,final
ID_F70A9AB91B,train
ID_F70B95463E,train
ID_F70BCEE422,train
ID_F70C7242EA,train
ID_F70E91E8FC,train
ID_F70F77E25C,train
ID_F71059B811,train
ID_F71141D1A2,train
ID_F7131040FF,train
ID_F715874191,train
ID_F719E1C253,train
ID_F71A5E767E,train
ID_F71A61097F,train
ID_F71A8E063E,validation
ID_F71ACFE67D,train
ID_F71FAF30A0,train
ID_F720D2C567,validation
ID_F721A2CDF5,train
ID_F7243BD26B,validation
ID_F7271DA3A1,final
ID_F728ACF549,train
ID_F72CA7387E,train
ID_F72D01361E,final
ID_F72E544DA9,train
ID_F7307DFA9D,train
ID_F730A58C88,train
ID_F731E76335,train
ID_F7322B6A72,train
ID_F73708FAF5,train
ID_F7379AB8CE,train
ID_F7380F6056,train
ID_F7397998EF,train
ID_F73BCAA19A,train
ID_F73BE3234C,final
ID_F73C8C2285,validation
ID_F74028AE7E,train
ID_F741443FF9,train
ID_F7415354AF,train
ID_F74323224F,train
ID_F744CC792C,train
ID_F7459770CC,final
ID_F74691B712,validation
ID_F7494D2589,final
ID_F74AED8BDD,validation
ID_F74D6D8D7D,train
ID_F74DAAE017,validation
ID_F74DEBC138,final
ID_F7524D441D,train
ID_F754A5F6F6,train
ID_F755CC2044,train
ID_F756A19E3F,validation
ID_F75705C2B0,train
ID_F758E5E7EC,final
ID_F75B997D43,train
ID_F75BDC22D9,train
ID_F7605C68FB,validation
ID_F7622348B1,train
ID_F7622B95E6,train
ID_F7668D99B2,validation
ID_F76CB83504,train
ID_F76D9063D9,final
ID_F76DA42065,train
ID_F76FFDF476,train
ID_F7700838A1,train
ID_F7709884D3,train
ID_F771955345,train
ID_F77680E61D,final
ID_F7777A01E4,final
ID_F77A5012D9,train
ID_F77EA04734,train
ID_F7814C2AFB,train
ID_F781BD8FDD,train
ID_F7821515ED,train
ID_F783399BF4,validation
ID_F7842B5B81,train
ID_F785129B2F,final
ID_F78653CBD4,validation
ID_F7870BE97A,final
ID_F78DD0F5AB,train
ID_F79139D7AF,train
ID_F791AB074F,train
ID_F7935FD37D,final
ID_F793607E9B,train
ID_F793E8C22D,validation
ID_F7946EA00A,validation
ID_F795F71809,final
ID_F79786CB7A,validation
ID_F79847CA99,final
ID_F79C7308EB,final
ID_F79E41C2EF,final
ID_F79EEC5680,final
ID_F7A1898430,train
ID_F7A2B12E2B,train
ID_F7A408262D,train
ID_F7A59B4E77,train
ID_F7A6295DAE,train
ID_F7A6DDF661,train
ID_F7A704EC88,train
ID_F7AB00DB84,train
ID_F7AB2781C7,final
ID_F7ACC2F5C1,train
ID_F7ACE86C6D,validation
ID_F7AEBF0AFC,train
ID_F7B2D3C45A,final
ID_F7B36ED545,train
ID_F7B3D5494A,train
ID_F7B5163FE8,train
ID_F7B5FBCF9E,final
ID_F7B6AFE3DC,validation
ID_F7B794A950,final
ID_F7B8635817,final
ID_F7B95FCEB3,train
ID_F7B9A99DCD,train
ID_F7B9CB22C6,final
ID_F7BA530895,train
ID_F7BBC68A15,train
ID_F7C22FE174,final
ID_F7C50B8606,final
ID_F7C811A67C,train
ID_F7C874BA6B,validation
ID_F7C99C0B36,final
ID_F7CC2976A5,validation
ID_F7CC479325,train
ID_F7CFA7A22E,validation
ID_F7D32DA997,train
ID_F7D5BCFB65,train
ID_F7D65DD2FA,train
ID_F7D722D599,validation
ID_F7D733EB19,validation
ID_F7D7A56BE8,validation
ID_F7DA56EB44,train
ID_F7DAAF9DEE,train
ID_F7DF812B10,train
ID_F7E02DF971,train
ID_F7E6E2ED2D,train
ID_F7E861C249,train
ID_F7EB8644E6,train
ID_F7EC43E5A6,train
ID_F7EDCD2B3D,train
ID_F7EDCEA9C8,train
ID_F7EDFA083B,train
ID_F7F4BD6111,final
ID_F7F57E59B3,validation
ID_F7F667DD12,train
ID_F7F872A397,train
ID_F7F918A45E,final
ID_F7FD00A88C,train
ID_F7FDFA1EE6,final
ID_F7FE5B8CBB,train
ID_F8022F29F8,validation
ID_F803402FDD,train
ID_F8041316B9,final
ID_F80427E0AB,train
ID_F805E19538,final
ID_F805EDBFA6,train
ID_F808278C8B,train
ID_F80BA451C9,train
ID_F80C3C1973,validation
ID_F80D188259,final
ID_F80FF44509,validation
ID_F813875FE4,validation
ID_F815BB2B2C,final
ID_F817C9B8D1,validation
ID_F81BD52B56,train
ID_F81D28AEE9,train
ID_F81E52BD9C,validation
ID_F8203939FC,train
ID_F8218A5C58,train
ID_F821F7F057,train
ID_F822AE4727,final
ID_F8233AF952,train
ID_F8250ED721,train
ID_F82C9B59BB,validation
ID_F830464A4A,final
ID_F834120B11,train
ID_F834E06938,train
ID_F836DAA1EA,train
ID_F83C921C5A,train
ID_F84495D89A,validation
ID_F845C23546,final
ID_F8484D4CCE,final
ID_F84B14FA3B,train
ID_F84BC70178,train
ID_F8519EB211,final
ID_F854D7182F,train
ID_F85799BF77,validation
ID_F858EAB107,train
ID_F859638B9F,validation
ID_F85D0D0E0F,final
ID_F85DD3E823,train
ID_F85ED46451,train
ID_F85F7574D5,train
ID_F86135BA10,train
ID_F861446E58,final
ID_F861FE9A46,validation
ID_F863D611AC,train
ID_F8648EB6A5,train
ID_F86495B982,validation
ID_F864CE06BB,train
ID_F864DA17E2,validation
ID_F86513BA68,train
ID_F8656DA9FC,train
ID_F865DE0117,train
ID_F8669681B7,train
ID_F866F25CF7,train
ID_F8671339C5,train
ID_F867137F21,train
ID_F869B668F4,train
ID_F86AFA4B35,train
ID_F86B8B1D94,validation
ID_F86E857BBA,validation
ID_F86EB28A04,train
ID_F877914368,train
ID_F879637F87,train
ID_F87A07AB19,final
ID_F87DC77D0D,train
ID_F87EB9E969,validation
ID_F8811BA0F0,train
ID_F8812BC165,validation
ID_F8828161CD,validation
ID_F8833A1306,validation
ID_F883622B73,train
ID_F8857C89FA,validation
ID_F8860A547A,final
ID_F88793F5FA,validation
ID_F8893FC36F,train
ID_F889654EF7,final
ID_F88BA82DAA,validation
ID_F88D880A58,train
ID_F88E94EE53,final
ID_F88EDC861D,train
ID_F89099FA99,train
ID_F8913A5901,validation
ID_F893DA9457,train
ID_F8988AF77B,train
ID_F899EB831E,final
ID_F89B40129D,final
ID_F89BAD6BBA,train
ID_F89CA4D407,train
ID_F89E119039,validation
ID_F89FBCF6E6,train
ID_F8A0D7FDA2,train
ID_F8A2B43556,train
ID_F8A3553FC4,train
ID_F8A55A90CB,train
ID_F8A62DFDDF,train
ID_F8A69F6257,train
ID_F8A73280D4,train
ID_F8A9549A81,train
ID_F8AA30EB7B,train
ID_F8AB81BEE3,train
ID_F8AE71D67F,train
ID_F8AEB4411D,train
ID_F8AF6D1E88,train
ID_F8B0F2CCA1,train
ID_F8B314D1A9,validation
ID_F8B45349E9,validation
ID_F8B81FCE71,train
ID_F8BCD5E1EB,train
ID_F8BDDD5BE5,train
ID_F8C163F43A,validation
ID_F8C2F4B21B,train
ID_F8C4902363,train
ID_F8C5DBD659,validation
ID_F8C5F27042,train
ID_F8C6A535DA,train
ID_F8C8DCACAA,train
ID_F8C9D73369,train
ID_F8CA76BEDD,final
ID_F8CEEF9EE0,final
ID_F8CEF62506,train
ID_F8CFE1FE95,validation
ID_F8CFE41CC9,train
ID_F8D356552A,final
ID_F8D3628F4E,validation
ID_F8D3E83DD8,train
ID_F8D698F12D,train
ID_F8D7AF7591,train
ID_F8D849DECC,train
ID_F8DA6B9A81,train
ID_F8DADEF019,train
ID_F8DC10B68E,final
ID_F8DD28BEDA,validation
ID_F8DD84B5AC,final
ID_F8DDC4399A,train
ID_F8DE28332B,final
ID_F8DE342A65,train
ID_F8E0911522,train
ID_F8E0D16CFB,train
ID_F8E14B25F9,train
ID_F8E2C86082,train
ID_F8E33064A2,final
ID_F8E41D9FD9,final
ID_F8E83E646F,train
ID_F8E8B98CAB,final
ID_F8E9AD88ED,final
ID_F8EB21EA2A,train
ID_F8EC600AFC,train
ID_F8EEE93668,train
ID_F8EF44EB56,validation
ID_F8F1225FF0,train
ID_F8F1939E07,final
ID_F8F1FBE056,final
ID_F8F77FCF6D,final
ID_F8F7DD29EF,final
ID_F8FA5DFF49,validation
ID_F8FD441F82,train
ID_F9006CB797,final
ID_F903B6CF7E,validation
ID_F9084F1E36,final
ID_F90A505E3A,validation
ID_F90A8B0A67,train
ID_F90BE67AF3,train
ID_F90DCC23BC,final
ID_F90E0AC5B3,train
ID_F90E4FD0BA,validation
ID_F90F8A8370,final
ID_F90F8FFF7B,train
ID_F912B293AC,final
ID_F914D9BA52,final
ID_F9170D3864,train
ID_F91859B7D7,train
ID_F91AB48CC4,train
ID_F91BEBD75E,train
ID_F91C5B0F19,validation
ID_F91CCA3E45,train
ID_F91E5752FF,final
ID_F91FA693D3,train
ID_F921F8413C,train
ID_F92265FB2B,final
ID_F92374066D,train
ID_F926176D53,final
ID_F926DDBC78,train
ID_F92AD457FA,final
ID_F92DB614D6,train
ID_F92E719148,train
ID_F9347324FB,validation
ID_F934E93E7D,train
ID_F936A2BCBC,train
ID_F9372872E3,train
ID_F93744DE52,final
ID_F937EE3ECD,train
ID_F93A585E64,train
ID_F93B30E838,final
ID_F93BC8639A,validation
ID_F93C61D90A,train
ID_F93FA604C5,final
ID_F948413189,train
ID_F948432337,train
ID_F9493DDC84,train
ID_F94C8B893D,train
ID_F94D9183D5,final
ID_F94E83627D,train
ID_F9517D6CCA,train
ID_F953BA87CF,final
ID_F95460AFAD,train
ID_F9564AD8DE,train
ID_F959BE27BD,final
ID_F95A4E28FB,final
ID_F95B06ABB6,final
ID_F95B5E1724,train
ID_F95C00D470,final
ID_F95F632300,validation
ID_F9638285C3,train
ID_F965C0CDFD,validation
ID_F967E07C64,train
ID_F9685BC69C,final
ID_F96B208D06,train
ID_F96C4E11E1,validation
ID_F96CF6310B,train
ID_F96D9DC89C,train
ID_F96E36F817,train
ID_F970A9C440,train
ID_F971DF0B23,train
ID_F9730B8796,train
ID_F9738229F2,final
ID_F9743A3001,train
ID_F97593BC5F,train
ID_F976A97477,train
ID_F9770520F4,train
ID_F978F2468E,train
ID_F9793D4BB5,train
ID_F97A48E827,train
ID_F97CC5B630,final
ID_F9810C46A9,train
ID_F98150536A,train
ID_F9831A9544,final
ID_F98335D2AC,train
ID_F9857A945B,train
ID_F9860F77E5,train
ID_F988E3E28A,final
ID_F9893EF158,validation
ID_F989DCEF89,final
ID_F98B13EF89,validation
ID_F98D9C2DFD,train
ID_F98DCD2D34,train
ID_F98ED53E34,train
ID_F99251915C,train
ID_F9937021D0,validation
ID_F99806451F,train
ID_F99A1C3D7A,validation
ID_F99D1FD5F0,train
ID_F99D3D0DED,train
ID_F99E54FF27,train
ID_F99F8796FD,validation
ID_F9A548887F,train
ID_F9A59B819A,train
ID_F9A6FFE23A,final
ID_F9A79A5EA4,final
ID_F9AA7CFFFF,train
ID_F9AB06B0F8,train
ID_F9AC06B77A,train
ID_F9AC150028,final
ID_F9ADC2DF97,train
ID_F9AE595D74,final
ID_F9AF173E83,train
ID_F9AF66DB3C,train
ID_F9B30802CA,train
ID_F9B371C58B,validation
ID_F9B3E43282,final
ID_F9B677C61D,train
ID_F9B819E058,train
ID_F9BA203BDC,final
ID_F9BA26826E,validation
ID_F9BA2DB5A5,final
ID_F9BCAA5060,train
ID_F9BE820F27,train
ID_F9BF2078EB,train
ID_F9C0D7377A,train
ID_F9C1621D87,validation
ID_F9C43C7A1C,validation
ID_F9CB5D8B60,validation
ID_F9CD15E345,train
ID_F9D1ADB701,train
ID_F9D1F9FF5F,train
ID_F9D2107F5A,train
ID_F9D39FCA69,train
ID_F9D7D760B0,validation
ID_F9D820DC33,train
ID_F9DAA98771,validation
ID_F9DB5847F1,train
ID_F9DB74C641,final
ID_F9E1A6A75A,final
ID_F9E233E3AC,train
ID_F9E4A7D9D0,train
ID_F9E73466C9,train
ID_F9E8B5310B,train
ID_F9EB3740AB,train
ID_F9EC87E370,train
ID_F9ECC2BC4C,train
ID_F9EED06FA8,final
ID_F9EF4F6F2A,final
ID_F9F07A328D,final
ID_F9F22D2C4F,validation
ID_F9F3BF5D6E,validation
ID_F9F45BDF2F,final
ID_F9F4CA18FF,train
ID_F9F51EE9D9,final
ID_F9F6581157,train
ID_F9F6794CE9,final
ID_F9F6EAC350,train
ID_F9F71AAC41,validation
ID_F9FB0EF7A3,train
ID_F9FB5F4E4F,train
ID_F9FE3AA5B4,train
ID_FA0112FB68,validation
ID_FA02EFF6F2,validation
ID_FA0525EEFE,train
ID_FA0527BDC1,final
ID_FA0784A4D9,train
ID_FA09216064,train
ID_FA0A8A0021,validation
ID_FA0B59B472,train
ID_FA0CD399A7,final
ID_FA12409370,train
ID_FA130B8042,final
ID_FA13AF2595,validation
ID_FA16D527F1,train
ID_FA16FD19AC,final
ID_FA19E57EDF,validation
ID_FA1BB97AC8,final
ID_FA1D78827D,final
ID_FA1F3AA678,train
ID_FA1F49F833,final
ID_FA219D6222,train
ID_FA235981EB,train
ID_FA23EDF9FF,validation
ID_FA240EC279,final
ID_FA2422D013,final
ID_FA285E4AFC,validation
ID_FA28D11301,final
ID_FA2B3CA5D5,validation
ID_FA2BC82DD9,train
ID_FA2C38A6EC,final
ID_FA2CF235FD,train
ID_FA2EA79831,train
ID_FA2F24DFCF,validation
ID_FA326BCEC7,final
ID_FA335FAF54,train
ID_FA377FE253,train
ID_FA37BEB33E,train
ID_FA38B93D48,validation
ID_FA38ED5D53,train
ID_FA396551B6,train
ID_FA3B406BF2,train
ID_FA3B848A2F,final
ID_FA3B8F177D,train
ID_FA3BF3F62E,train
ID_FA3C8B693D,train
ID_FA3CDF4EBC,validation
ID_FA40984DBD,train
ID_FA40B531B8,final
ID_FA42363489,train
ID_FA42EC8DBF,final
ID_FA46EF34CB,train
ID_FA48F86202,train
ID_FA4983DBFE,final
ID_FA4A5AD15A,final
ID_FA4A8D9DC3,validation
ID_FA4EDE949F,train
ID_FA4FEBBCA2,train
ID_FA5103687C,train
ID_FA5190863F,train
ID_FA5362FACE,validation
ID_FA55633382,train
ID_FA598E0CFD,train
ID_FA5BC15F4B,final
ID_FA5C5A0EFE,train
ID_FA5E16FC19,train
ID_FA5EF3F66E,validation
ID_FA5F258C66,validation
ID_FA5F38388E,train
ID_FA5F81DEA4,final
ID_FA5FF851FD,validation
ID_FA62B8CE9C,train
ID_FA678E9CAF,final
ID_FA6890B67F,train
ID_FA68B75F11,train
ID_FA6966071F,final
ID_FA6BF4D112,validation
ID_FA6D486177,final
ID_FA6DADB622,train
ID_FA70F66CCC,train
ID_FA7225225D,train
ID_FA73B5E382,train
ID_FA7559BA48,validation
ID_FA7641DE2F,train
ID_FA766D8616,train
ID_FA77EF088E,train
ID_FA793EC3FA,validation
ID_FA7C77C687,train
ID_FA7EB30C27,train
ID_FA81F24920,train
ID_FA8A620585,validation
ID_FA8C3E40C3,train
ID_FA90C8CF28,train
ID_FA945E43FC,train
ID_FA950B2C9C,train
ID_FA9613C791,train
ID_FA96CD13A5,train
ID_FA9CAED888,train
ID_FA9F832D12,train
ID_FAA0C116BB,final
ID_FAA3C9762E,train
ID_FAA515662D,final
ID_FAA5435A96,final
ID_FAA6078C70,train
ID_FAA72C5959,train
ID_FAA78AA656,train
ID_FAACE88BD6,train
ID_FAADA9A04B,train
ID_FAAEAA1E8A,train
ID_FAAF5EB231,validation
ID_FAB050FE5E,train
ID_FAB2110223,train
ID_FAB2B985D9,validation
ID_FAB58522D6,train
ID_FAB5E9C8C8,train
ID_FAB619F662,validation
ID_FAB80A22F9,final
ID_FAB914ECCA,train
ID_FABAE265F0,train
ID_FABBE7B9D3,validation
ID_FABD548FB7,train
ID_FABFAB602A,train
ID_FAC225DE51,train
ID_FAC267397F,train
ID_FACA999730,train
ID_FACA9FA2E0,train
ID_FACBCFD659,train
ID_FACC5C0FE3,train
ID_FACD324784,train
ID_FACE74C21C,validation
ID_FAD0E0C563,train
ID_FAD268F88C,final
ID_FAD29C6313,train
ID_FAD3C31DDD,validation
ID_FAD696DFCD,validation
ID_FAD84F4AC9,train
ID_FAD9319F71,train
ID_FADB57101E,validation
ID_FADB81B39A,train
ID_FADBA19304,final
ID_FADBD63AF9,train
ID_FADCA388FC,train
ID_FADD5115D1,final
ID_FAE2DAA720,train
ID_FAE36F4652,train
ID_FAE3C218F5,validation
ID_FAE5434C79,validation
ID_FAE66E106F,train
ID_FAEAB29287,final
ID_FAEC7D6624,train
ID_FAEE6CA293,train
ID_FAEE8D9C6E,train
ID_FAEFEA6743,train
ID_FAF106660D,train
ID_FAF184AD90,train
ID_FAF18A4A1C,final
ID_FAF1EFD5E7,final
ID_FAF3848076,train
ID_FAF650879B,validation
ID_FAFA14C05D,train
ID_FAFA7724F2,train
ID_FAFACAE34C,final
ID_FAFDB5074C,train
ID_FB02AC9AC9,train
ID_FB02DF45C6,final
ID_FB0409685D,final
ID_FB06A68BAE,train
ID_FB06ECF2DC,final
ID_FB0A56B375,train
ID_FB0C37DF25,train
ID_FB0D457393,train
ID_FB0D7DB66A,validation
ID_FB0F3DB20A,train
ID_FB1216E61A,train
ID_FB12661E6E,validation
ID_FB126E87A9,final
ID_FB13391DD4,train
ID_FB1479729F,validation
ID_FB15E5F2BB,train
ID_FB162960DB,train
ID_FB16F8DADB,train
ID_FB18568378,train
ID_FB18CC34B0,train
ID_FB1CA0097F,validation
ID_FB1F41E0A1,train
ID_FB20FDA6A6,train
ID_FB21D1C59C,final
ID_FB27E71052,train
ID_FB2B551A73,train
ID_FB2CCC140E,train
ID_FB2E905F00,train
ID_FB2FF2B552,train
ID_FB31A8F6E8,final
ID_FB32C0E0BD,train
ID_FB343D68F8,final
ID_FB34B4860B,train
ID_FB35FA38BD,validation
ID_FB3709AB1E,final
ID_FB38E85DB1,train
ID_FB3B710525,train
ID_FB3B7547ED,train
ID_FB3BBC7A6E,final
ID_FB3DA02D65,train
ID_FB3EA6F988,train
ID_FB3F63DDCE,train
ID_FB40B8ECE3,train
ID_FB435A3699,validation
ID_FB44035AEB,validation
ID_FB48A1E782,train
ID_FB48D3BF75,final
ID_FB48D85389,train
ID_FB49A0144B,final
ID_FB50A0CA00,train
ID_FB53DF92A4,train
ID_FB556E9CCD,train
ID_FB58F75E9D,train
ID_FB5961394B,train
ID_FB5D6A7BAE,validation
ID_FB5FFB3AC2,final
ID_FB6030C84E,final
ID_FB61FEA87A,validation
ID_FB62342509,train
ID_FB684A9E2E,train
ID_FB68780E9F,validation
ID_FB6A91DC9D,final
ID_FB6B94995C,final
ID_FB700D37C2,train
ID_FB719F0488,train
ID_FB75ADEB85,train
ID_FB77468A5A,validation
ID_FB782CB4DD,final
ID_FB785B12D8,train
ID_FB7A041468,train
ID_FB7A864DC8,train
ID_FB7BC8BA33,train
ID_FB7E43FBEB,train
ID_FB7FBFAF7F,validation
ID_FB81EEE237,validation
ID_FB840C4BA8,train
ID_FB884154E9,final
ID_FB8B136E4E,train
ID_FB8B4C2C45,validation
ID_FB8C958F23,train
ID_FB91ABDCD5,train
ID_FB91D913F5,final
ID_FB926DDB3F,train
ID_FB92C18BFD,final
ID_FB944A2812,train
ID_FB94C2E738,validation
ID_FB98A66DC2,train
ID_FB9AECA5E2,train
ID_FB9B21B965,train
ID_FB9C7B7E3A,final
ID_FBA00BB5AA,train
ID_FBA33CD900,final
ID_FBA39A6A21,final
ID_FBA404B794,final
ID_FBA5949E67,train
ID_FBA71E9D52,final
ID_FBA83BF387,train
ID_FBAC53C876,train
ID_FBAE5C44A6,final
ID_FBAFF66D66,final
ID_FBB03EC42E,final
ID_FBB0440594,validation
ID_FBB37F4405,train
ID_FBB4E27A1C,train
ID_FBB6D8F929,validation
ID_FBB8C2E330,final
ID_FBB937562B,train
ID_FBBA38F723,train
ID_FBBC8E05D2,train
ID_FBBD8AF4CC,final
ID_FBC1630324,final
ID_FBC540D073,final
ID_FBC7588E16,validation
ID_FBC78417C8,final
ID_FBC78BB79C,train
ID_FBC8417D22,train
ID_FBC8C62546,train
ID_FBCB89F53A,train
ID_FBCD0BDF43,train
ID_FBCD3E8437,validation
ID_FBCEB93060,final
ID_FBCF47D764,validation
ID_FBD0833692,train
ID_FBD56F448C,validation
ID_FBD9C81608,validation
ID_FBDC1365A1,train
ID_FBE0995112,train
ID_FBE4EF3EAC,final
ID_FBE734E0A8,train
ID_FBE753A3DF,final
ID_FBE91E9D40,train
ID_FBEA25431B,train
ID_FBECBD1B4D,validation
ID_FBF075CF0D,train
ID_FBF38BC954,train
ID_FBF399CDA1,validation
ID_FBF511EE75,train
ID_FBF552B6E2,train
ID_FBF62B360D,train
ID_FBFC63DEE0,train
ID_FBFD580406,final
ID_FBFF795E31,validation
ID_FC00049BD6,train
ID_FC01FDD83E,train
ID_FC02DB4939,final
ID_FC041AA838,train
ID_FC0DC11ECB,train
ID_FC0E95F37C,train
ID_FC0EA8DE7E,train
ID_FC0F1A2188,train
ID_FC102BAA1A,final
ID_FC124FC22B,final
ID_FC14DCCEEC,train
ID_FC18D22080,validation
ID_FC1958B34A,train
ID_FC1A386C8C,train
ID_FC1CC0283E,train
ID_FC1E472C97,validation
ID_FC1FAA0167,train
ID_FC202DFA24,train
ID_FC203DC1F0,validation
ID_FC22E4A2C9,train
ID_FC22F7F642,train
ID_FC252135F3,train
ID_FC2605B0EA,train
ID_FC261FB0E7,train
ID_FC27A7478A,validation
ID_FC27CB2205,validation
ID_FC28870E1B,final
ID_FC288F469D,final
ID_FC296066DE,train
ID_FC2A8DFB36,train
ID_FC2B5C3D78,validation
ID_FC2C44864E,final
ID_FC2CEC4EF4,train
ID_FC2D3ECFB3,final
ID_FC2D43B280,train
ID_FC2E6D20CA,final
ID_FC31AA2437,train
ID_FC32649AB1,validation
ID_FC373FC3A6,train
ID_FC381A0A18,final
ID_FC3C54FC33,train
ID_FC3D773F13,train
ID_FC3F625387,train
ID_FC4011076B,final
ID_FC40821AA1,train
ID_FC449FA740,train
ID_FC4584D0C4,train
ID_FC4CD2F3D3,train
ID_FC4CDEABA6,train
ID_FC4D14B0C5,validation
ID_FC4D3BB0E3,validation
ID_FC4DC5322C,final
ID_FC505BF30A,train
ID_FC50B2C38A,train
ID_FC50D14227,validation
ID_FC50FE9237,validation
ID_FC540E5D00,validation
ID_FC572990BD,validation
ID_FC58EA115A,train
ID_FC5CE239CE,train
ID_FC5D7A1C94,final
ID_FC5DA32C02,validation
ID_FC5DA93B87,validation
ID_FC5F5DC0DD,train
ID_FC600040C9,validation
ID_FC6230DB5C,train
ID_FC627615D7,train
ID_FC62974DD8,final
ID_FC62BDD461,validation
ID_FC6445B517,final
ID_FC65F683DC,validation
ID_FC68C75A7B,train
ID_FC6C3E02C3,train
ID_FC6F4A578D,train
ID_FC70ED4C61,train
ID_FC7761C9BA,validation
ID_FC77E956FC,train
ID_FC792F91B4,train
ID_FC7DCA72F1,final
ID_FC8443B00B,train
ID_FC847F1AF8,train
ID_FC856C3D0A,final
ID_FC8634E395,train
ID_FC8675DCCB,train
ID_FC889F73F7,final
ID_FC89B81078,train
ID_FC8B8F7E36,train
ID_FC8E48689F,validation
ID_FC8EAC728E,validation
ID_FC8EAF82E0,final
ID_FC8F1DEC56,train
ID_FC8F3BA667,train
ID_FC91AE4409,train
ID_FC96BDE172,final
ID_FC9A40A932,train
ID_FC9A64AAE1,validation
ID_FC9A791877,train
ID_FC9A9F8320,train
ID_FC9C048B05,final
ID_FC9EAB9B9A,final
ID_FCA0A7072A,train
ID_FCA1B65530,train
ID_FCA4052C40,train
ID_FCA5060F49,train
ID_FCA87A785D,train
ID_FCA9A11531,train
ID_FCAC3D8EE3,final
ID_FCAD7238FF,validation
ID_FCAD73AAF7,train
ID_FCAECB7EA2,final
ID_FCAF958210,final
ID_FCAFB2DACB,train
ID_FCAFE7573F,train
ID_FCB016AE81,train
ID_FCBC39E7EB,train
ID_FCBD77151B,train
ID_FCC1EAE13A,final
ID_FCC30231DC,validation
ID_FCC41F0A7D,train
ID_FCC4B0859B,validation
ID_FCC765FB69,train
ID_FCC8FF7FD6,validation
ID_FCCCD5AFCE,train
ID_FCD0AC305B,train
ID_FCD0D86262,final
ID_FCD18BB647,train
ID_FCD248DE4C,final
ID_FCD2916824,train
ID_FCD520712C,train
ID_FCD696A8BA,validation
ID_FCD7087471,train
ID_FCD78CDE1A,train
ID_FCD84C468C,final
ID_FCD90D0891,train
ID_FCD9C46E1C,train
ID_FCDA2407DD,validation
ID_FCDBC42040,train
ID_FCDBF831BD,final
ID_FCE189A58D,final
ID_FCE1E68084,validation
ID_FCE350EA7E,validation
ID_FCE6136591,train
ID_FCE86C2F0A,train
ID_FCEAAEF873,validation
ID_FCEDB15BDF,validation
ID_FCEDE9D674,train
ID_FCEE2BE619,train
ID_FCEE314397,train
ID_FCEFA78C0B,train
ID_FCF57B7C6E,train
ID_FCF81A4D98,train
ID_FCF9C5DC01,train
ID_FCFD888EAE,validation
ID_FCFFBB81DC,train
ID_FCFFBD5ABB,train
ID_FD00B21910,final
ID_FD01026632,validation
ID_FD0142B5D2,validation
ID_FD01CC16FA,train
ID_FD01D93AC6,validation
ID_FD02D661B9,final
ID_FD04636A12,validation
ID_FD0468976D,train
ID_FD049BDEF7,train
ID_FD0A125992,train
ID_FD0AB993FE,final
ID_FD14CF4952,train
ID_FD15F1AECA,train
ID_FD16FE7489,validation
ID_FD1816D799,train
ID_FD19CEE39F,train
ID_FD1A681EF2,validation
ID_FD1AA66021,train
ID_FD1B17CB50,train
ID_FD1CB45F97,final
ID_FD1E0C7722,final
ID_FD1EC2D916,final
ID_FD2041CF4A,train
ID_FD240B0793,validation
ID_FD246CE2F8,train
ID_FD24DF5E65,train
ID_FD29782D10,train
ID_FD2B672897,train
ID_FD2CEE7645,train
ID_FD2FAA08BE,validation
ID_FD31F26041,final
ID_FD339A9E47,train
ID_FD3646B3B6,final
ID_FD391F4C91,train
ID_FD3BA69A7D,train
ID_FD3BFF0298,train
ID_FD3E467A47,train
ID_FD40C987E3,train
ID_FD40DB9F36,train
ID_FD4126578C,train
ID_FD4247BF90,train
ID_FD425BAB51,train
ID_FD43ABC001,validation
ID_FD43F871F7,final
ID_FD45BF4F5F,train
ID_FD46B6631A,train
ID_FD47E17C60,train
ID_FD4CEB2062,final
ID_FD4D0D2120,train
ID_FD4E90676F,train
ID_FD4EE8BE9B,validation
ID_FD4EEECBD2,validation
ID_FD4F229085,validation
ID_FD51AD049C,final
ID_FD5438B075,train
ID_FD55F4268A,train
ID_FD56A8CE06,train
ID_FD56E64E8C,final
ID_FD5C7DC81A,validation
ID_FD5E1C9B7C,final
ID_FD619313F4,train
ID_FD626086AF,train
ID_FD626A52A7,final
ID_FD63029CC6,final
ID_FD638623E3,train
ID_FD683107E9,final
ID_FD69B1971F,validation
ID_FD6ACF8C58,train
ID_FD6D965649,train
ID_FD6DC76F22,final
ID_FD6EE96939,train
ID_FD6F5A82D1,final
ID_FD70218627,train
ID_FD704151BB,train
ID_FD733C7A46,train
ID_FD74AFA2D7,train
ID_FD75E7C8DE,train
ID_FD76258AF6,train
ID_FD77065F45,train
ID_FD789C7F3A,train
ID_FD7974384D,validation
ID_FD7BE19B7D,validation
ID_FD7CFA3464,validation
ID_FD7D0FA48C,validation
ID_FD7DE6306A,train
ID_FD7E845944,train
ID_FD7F5EFE65,train
ID_FD7FCA5C1D,validation
ID_FD8278820A,final
ID_FD82F00E41,train
ID_FD8412FAFC,train
ID_FD843A3F5D,train
ID_FD86488BEA,train
ID_FD86878BDD,train
ID_FD86A73671,train
ID_FD8C5BE8C1,train
ID_FD9046E22E,train
ID_FD95F27150,train
ID_FD9A86F953,train
ID_FDA164DD52,final
ID_FDA266932F,train
ID_FDA58B56C1,train
ID_FDA6863B49,train
ID_FDA790EB69,train
ID_FDAC070FC5,validation
ID_FDB00A4D8D,validation
ID_FDB1E5420B,train
ID_FDB3C55355,train
ID_FDB42D1463,train
ID_FDB4A47AF1,final
ID_FDB7388FAF,train
ID_FDB82B3905,validation
ID_FDBA94ADA0,final
ID_FDBB0CA95F,validation
ID_FDBFD185B3,train
ID_FDC05A24C9,train
ID_FDC198B98B,train
ID_FDC4987A1E,train
ID_FDC5AD8BDD,train
ID_FDC5C487AD,train
ID_FDC636D076,train
ID_FDC810F107,final
ID_FDCE20B0F6,final
ID_FDCE6EABC7,train
ID_FDCF51CCD6,validation
ID_FDCF70B1C1,validation
ID_FDCFA83C8F,train
ID_FDD186590C,train
ID_FDD3D8CCE1,validation
ID_FDD4946DBA,validation
ID_FDD4E502B4,validation
ID_FDD847F0CE,validation
ID_FDD9FBA889,validation
ID_FDDA034470,validation
ID_FDDEE9E79F,validation
ID_FDE3BE5869,train
ID_FDE6B411BD,train
ID_FDE6DDE9CA,validation
ID_FDE75CED62,train
ID_FDE78537D3,train
ID_FDE9546337,train
ID_FDEA198EA1,train
ID_FDEA4A7527,train
ID_FDEAD37748,train
ID_FDED4371B5,train
ID_FDEE494A02,final
ID_FDEECBBD83,train
ID_FDF070CCB1,train
ID_FDF3422535,train
ID_FDF511F0AA,train
ID_FDF5E40937,validation
ID_FDF6094CDF,validation
ID_FDFCF212E9,train
ID_FDFD886618,validation
ID_FE000A10C8,train
ID_FE00D5186B,train
ID_FE024C8D93,validation
ID_FE03D9F82F,final
ID_FE044288B8,train
ID_FE04CF409F,train
ID_FE0553B3A8,train
ID_FE05A1945C,train
ID_FE09F02F56,train
ID_FE0A5580CA,validation
ID_FE0EAA2544,train
ID_FE1276A8D1,train
ID_FE1320FDAB,train
ID_FE133B6CB8,train
ID_FE13DE2AC4,train
ID_FE160D0C0A,train
ID_FE16F8F75C,validation
ID_FE18B8BD5D,train
ID_FE1B67F131,train
ID_FE1D27F82A,train
ID_FE248E697F,validation
ID_FE29459B0B,train
ID_FE2D24CFA3,final
ID_FE2D9FF540,final
ID_FE2EFD1BD3,final
ID_FE2F1E45FF,train
ID_FE2F5522DB,final
ID_FE366A76B0,train
ID_FE36862409,final
ID_FE37D81F20,train
ID_FE3850A8CA,train
ID_FE397D0DC8,validation
ID_FE3AF7C626,final
ID_FE3EFD19E4,train
ID_FE404B7564,train
ID_FE40774A52,train
ID_FE40D1E343,train
ID_FE439A4266,final
ID_FE451A2BF4,train
ID_FE45810072,train
ID_FE45A714A1,validation
ID_FE477A7089,validation
ID_FE49DB61EF,train
ID_FE4A0FDCBD,train
ID_FE51774174,train
ID_FE51E37F52,train
ID_FE54F8455D,final
ID_FE553535DB,train
ID_FE57BBFDF0,train
ID_FE5B6B16F9,final
ID_FE5D0692F5,final
ID_FE5DC6F4E2,train
ID_FE5E02853D,train
ID_FE5E54FF8C,train
ID_FE5EB07C59,final
ID_FE5FA6BD98,final
ID_FE6128EBEF,train
ID_FE63F75CCE,train
ID_FE64ABD7E3,train
ID_FE66AED012,validation
ID_FE66C3D753,train
ID_FE6CA7A0AA,train
ID_FE6D0AD467,final
ID_FE6D821897,train
ID_FE722C5AA8,validation
ID_FE739E14CA,train
ID_FE76C800F3,train
ID_FE7744D8A3,train
ID_FE776AE245,train
ID_FE7818DAFB,train
ID_FE7AD239A3,train
ID_FE7B4340FF,train
ID_FE7E15D66A,validation
ID_FE7F4BF3C8,train
ID_FE820B180C,validation
ID_FE85C59C24,train
ID_FE862B7C24,final
ID_FE87A8AD96,final
ID_FE89D7FBE6,train
ID_FE8B74B0CA,final
ID_FE8D1640A2,validation
ID_FE8E1C9769,final
ID_FE8EF05461,final
ID_FE915A19C1,train
ID_FE9189AEA7,train
ID_FE93AF362F,train
ID_FE94A1E26C,train
ID_FE965BD869,train
ID_FE97FB1F67,train
ID_FE9905988F,train
ID_FE99082E23,final
ID_FE9A0C95B5,final
ID_FE9E81E5E3,train
ID_FE9EE221BA,train
ID_FE9F397DD6,train
ID_FEA2ED801F,train
ID_FEA340CF16,validation
ID_FEA46E4700,train
ID_FEA5D773FD,train
ID_FEA76F2CE7,train
ID_FEAB70FC94,validation
ID_FEAC679768,train
ID_FEB1C7736F,validation
ID_FEB9EDB348,train
ID_FEBAF4336D,train
ID_FEBC9622E5,validation
ID_FEBED0AF6E,final
ID_FEBF56B7B8,train
ID_FEBF6013FF,train
ID_FEC059313B,train
ID_FEC0E57D15,validation
ID_FEC9A4F864,train
ID_FECB2FF7A3,train
ID_FECC96B7D3,train
ID_FECD783E01,train
ID_FECDE0FF43,train
ID_FECEFA637E,final
ID_FED173FBBF,train
ID_FED2659C60,train
ID_FED3A0044D,train
ID_FED7058F40,validation
ID_FED8923BC8,validation
ID_FED8A0B00C,train
ID_FED96398D7,train
ID_FED9CEED4A,validation
ID_FEDB9B67DB,train
ID_FEDD57F949,train
ID_FEDE1A1113,train
ID_FEE02C4D74,final
ID_FEE4E54E51,final
ID_FEE6D61938,final
ID_FEE6EE049E,final
ID_FEE8ED5FBA,final
ID_FEEA26B2CA,train
ID_FEEB0DB382,train
ID_FEED716E5D,train
ID_FEED8BA391,train
ID_FEEDD75DC5,validation
ID_FEEFA3F63E,validation
ID_FEF05C349D,train
ID_FEF169370F,train
ID_FEF2F83469,train
ID_FEF563D6DA,validation
ID_FEF5E88827,train
ID_FEF6D302DB,train
ID_FEF7933138,validation
ID_FEF985D27E,final
ID_FEFABC140F,train
ID_FEFC4867A6,final
ID_FEFF5C7332,train
ID_FF00026CAE,train
ID_FF02556EB9,final
ID_FF038150B9,train
ID_FF041A98B0,train
ID_FF042D6C64,train
ID_FF058C0B17,train
ID_FF078DF5D7,train
ID_FF08DA662C,train
ID_FF0C019746,train
ID_FF0D64A226,train
ID_FF0E91F5BC,train
ID_FF10796659,train
ID_FF1C08F16B,validation
ID_FF1C76CF39,train
ID_FF1D1C5E32,train
ID_FF1D20462B,validation
ID_FF1F0FC347,train
ID_FF1F660908,train
ID_FF2210C9DA,validation
ID_FF25144186,train
ID_FF27392B1B,train
ID_FF27798D0A,final
ID_FF2825AECD,final
ID_FF28D5077F,train
ID_FF2A038A76,train
ID_FF2B2914B7,train
ID_FF2DE2542C,final
ID_FF2F2DFB04,validation
ID_FF346B2A1C,train
ID_FF35B17991,final
ID_FF360A631D,train
ID_FF38932237,validation
ID_FF3918EBE8,final
ID_FF3A41E75B,validation
ID_FF3EA1EED2,train
ID_FF405362D1,final
ID_FF4062BBBA,train
ID_FF409421BD,train
ID_FF41FD5CB1,final
ID_FF4448C399,final
ID_FF445DB511,validation
ID_FF46DAE5F0,train
ID_FF48C11034,train
ID_FF4A59B918,train
ID_FF4BFBEE38,train
ID_FF4D0CE512,train
ID_FF51998724,train
ID_FF53AF38A2,train
ID_FF5908345F,train
ID_FF598444FB,train
ID_FF5B644ABA,validation
ID_FF5C00969D,train
ID_FF5C16F091,train
ID_FF5DE54D26,train
ID_FF5DED7CDE,train
ID_FF5E854CE5,train
ID_FF6013C966,train
ID_FF62F5332D,train
ID_FF643E0F78,train
ID_FF647AC997,train
ID_FF64A78761,train
ID_FF65651164,train
ID_FF656F51A3,train
ID_FF66E52BA0,train
ID_FF675833DF,validation
ID_FF6A2E07A9,train
ID_FF6A5E70A4,train
ID_FF6EDA2554,validation
ID_FF702D984A,validation
ID_FF721FCEDD,final
ID_FF73AFE32A,train
ID_FF75B356E1,final
ID_FF7726D0BF,final
ID_FF787FA673,train
ID_FF79415ECF,final
ID_FF7A33EDDB,validation
ID_FF7AC30C34,final
ID_FF7B74C82E,train
ID_FF7BE161AC,train
ID_FF7D5BF0D6,train
ID_FF7E334BDE,final
ID_FF7F230E2F,final
ID_FF8666E1A5,final
ID_FF88CF51F4,train
ID_FF8A7BA070,train
ID_FF8AD4E345,train
ID_FF8CF7D498,train
ID_FF8D6123A8,train
ID_FF9272B37D,train
ID_FF953C93FB,train
ID_FF95DFB225,train
ID_FF96FC2FE5,train
ID_FF97C91E56,validation
ID_FF983911AD,train
ID_FF98743EFB,validation
ID_FF9B203C19,train
ID_FF9BC10EEE,final
ID_FFA0523707,train
ID_FFA14C1015,train
ID_FFA4CE534C,train
ID_FFA60A48F9,train
ID_FFA6503129,final
ID_FFA9128B3A,train
ID_FFAAA33D2D,final
ID_FFABF69097,final
ID_FFAD768177,train
ID_FFB54F8FA5,final
ID_FFBA0A2714,train
ID_FFBA16588C,final
ID_FFBC0B70C6,train
ID_FFBC9E6FF1,validation
ID_FFBDE89A84,train
ID_FFBF1E98F5,train
ID_FFBFFF3B24,train
ID_FFC10F744C,train
ID_FFC3042AF1,validation
ID_FFC42DF46C,train
ID_FFC9D22FF7,train
ID_FFCF7C5177,train
ID_FFD061619F,validation
ID_FFD0F2F789,validation
ID_FFD4AEA41F,validation
ID_FFD6DC17A5,train
ID_FFD97285C9,train
ID_FFDA8939FB,train
ID_FFDACFFE52,train
ID_FFDBCC4C17,final
ID_FFDFE2C5E8,train
ID_FFE015C8A6,validation
ID_FFE0CAF8BB,validation
ID_FFE0E3E244,train
ID_FFE1A9E88D,final
ID_FFE524E823,train
ID_FFE9543183,train
ID_FFEB915C52,validation
ID_FFEF14D17B,train
ID_FFF0830751,validation
ID_FFF1249AE2,train
ID_FFF3107454,validation
ID_FFF3213278,final
ID_FFF36E8587,final
ID_FFF7A3F9A7,final
ID_FFF84D9F7E,final
ID_FFF87267CC,train
ID_FFF8D5929D,validation
ID_FFF986FD0B,train
ID_FFFA0FA91F,train
